date,code,open,high,low,close,volume,amount,adjustflag,turn,tradestatus,pctChg,peTTM,pbMRQ,psTTM,pcfNcfTTM,isST,ma5,ma10,ma20,ma5_0_signal,ma10_0_signal,ma20_0_signal,ma5_ma10_signal,ma5_ma20_signal,k,d,j,kd_cross_signal,macd,macdsignal,macdhist
2010-02-25,sh.600188,20.2200,20.55,20.15,20.54,6426108,131137075.0000,3,1.785030,1,1.783900,35.757299,3.666546,4.840626,-57.747172,0,20.379999999999995,20.126,20.196500000000004,1,1,1,1,1,62.924073200146836,64.96533339832398,58.84155280379255,-1,-0.8681647691830392,-1.256886590518714,0.3887218213356749
2010-02-26,sh.600188,20.5400,20.54,20.54,20.54,0,0.0000,3,,0,0.000000,35.757299,3.666546,4.840626,-57.747172,0,20.353999999999996,20.240000000000002,20.179500000000004,1,1,1,1,1,73.01744521390694,65.9544749223211,87.14338579707862,1,-0.7817070915625557,-1.1618506907274824,0.3801435991649267
2010-03-01,sh.600188,20.4900,20.88,20.2,20.81,7503208,154403638.0000,3,2.084224,1,1.314500,36.227332,3.714743,4.904257,-58.506263,0,20.407999999999998,20.35,20.175500000000007,1,1,1,1,1,84.56858521940092,73.50336787781823,106.69901990256628,1,-0.6835227903891017,-1.0661851106598061,0.38266232027070446
2010-03-02,sh.600188,20.6500,21.26,20.3,20.39,8344722,172478559.0000,3,2.317978,1,-2.018300,35.496170,3.639770,4.805276,-57.325455,0,20.491999999999997,20.401999999999997,20.193000000000005,-1,-1,1,1,1,73.90470129970304,77.16357724433696,67.38694941043516,-1,-0.6323126080977737,-0.9794106101473996,0.34709800204962593
2010-03-03,sh.600188,20.3000,20.6,20.03,20.53,6602193,134000663.0000,3,1.833943,1,0.686600,35.739890,3.664761,4.838269,-57.719058,0,20.562,20.433999999999997,20.189500000000002,-1,1,1,1,1,67.25095452967719,75.24141368292705,51.27003622317747,-1,-0.5738167375493184,-0.8982918356277834,0.324475098078465
2010-03-04,sh.600188,20.5800,20.64,19.8,19.81,7447392,150982098.0000,3,2.068720,1,-3.507100,34.486470,3.536235,4.668588,-55.694814,0,20.416000000000004,20.397999999999996,20.146500000000003,-1,-1,-1,1,1,40.89147286821704,60.68237623253242,1.3096661395862839,-1,-0.5788833148968351,-0.8344101314815937,0.2555268165847586
2010-03-05,sh.600188,19.8000,20.09,19.64,19.67,5479833,108305744.0000,3,1.522176,1,-0.706700,34.242749,3.511244,4.635595,-55.301211,0,20.242000000000004,20.297999999999995,20.105000000000004,-1,-1,-1,-1,1,26.93798449612406,45.02680396467276,-9.23965444097334,-1,-0.5874239858682877,-0.7850129023589325,0.1975889164906448
2010-03-08,sh.600188,20.0500,20.15,19.7,19.75,4836514,96244999.0000,3,1.343476,1,0.406700,34.382018,3.525525,4.654448,-55.526127,0,20.030000000000005,20.218999999999998,20.137000000000004,-1,-1,-1,-1,-1,11.821705426356615,26.550387596899238,-17.63565891472863,-1,-0.5810393379300436,-0.7442181894731548,0.16317885154311118
2010-03-09,sh.600188,19.7700,20.48,19.56,20.16,10773386,216502680.0000,3,2.992607,1,2.075900,35.095771,3.598713,4.751072,-56.678821,0,19.984,20.237999999999996,20.188000000000006,1,-1,-1,-1,-1,18.353853169174695,19.037847697218453,16.985864113087175,-1,-0.5367090372612751,-0.7027163590307788,0.16600732176950372
2010-03-10,sh.600188,20.1500,20.2,19.63,19.77,7387913,146402289.0000,3,2.052198,1,-1.934500,34.416835,3.529095,4.659162,-55.582356,0,19.832,20.196999999999996,20.142000000000003,-1,-1,-1,-1,-1,19.95212038303695,16.709226326189416,26.437908496732014,1,-0.5269720890192318,-0.6675675050284694,0.14059541600923764
2010-03-11,sh.600188,19.7000,19.89,19.51,19.71,3548276,69793862.0000,3,0.985632,1,-0.303500,34.312384,3.518384,4.645021,-55.413669,0,19.812,20.113999999999997,20.120000000000005,-1,-1,-1,-1,-1,19.69187675070027,19.3326167676373,20.410396716826206,1,-0.518124370721118,-0.6376788781669991,0.11955450744588103
2010-03-12,sh.600188,19.8000,19.8,19.3,19.34,4298687,83983144.0000,3,1.194080,1,-1.877200,33.668265,3.452337,4.557824,-54.373433,0,19.746000000000002,19.994,20.117000000000004,-1,-1,-1,-1,-1,8.607442977190843,16.083813370309347,-6.345297809046166,-1,-0.534803515977913,-0.6171038057291819,0.0823002897512689
2010-03-15,sh.600188,19.3500,19.4,18.8,18.89,4737612,90113450.0000,3,1.316003,1,-2.326800,32.884877,3.372008,4.451773,-53.108280,0,19.574,19.802,20.076000000000004,-1,-1,-1,-1,-1,6.1202307009759975,11.47318347628903,-4.5856748496500686,-1,-0.5776740313104085,-0.6092178508454272,0.031543819535018724
2010-03-16,sh.600188,18.8900,19.0,18.47,18.66,4907183,91912534.0000,3,1.363106,1,-1.217600,32.484479,3.330952,4.397570,-52.461647,0,19.274,19.628999999999998,20.015500000000007,-1,-1,-1,-1,-1,5.229293681006751,6.652322453057857,2.3832361369045376,-1,-0.623026440402132,-0.6119795687567682,-0.011046871645363776
2010-03-17,sh.600188,18.7300,19.25,18.73,19.2,5429724,103561398.0000,3,1.508257,1,2.893900,33.424544,3.427346,4.524831,-53.979830,0,19.160000000000004,19.496,19.965000000000007,1,-1,-1,-1,-1,16.655157558896224,9.334893980292984,31.29568471610271,1,-0.6083820151560211,-0.6112600580366188,0.0028780428805976754
2010-03-18,sh.600188,19.2700,19.71,19.11,19.49,6914080,134062542.0000,3,1.920578,1,1.510400,33.929394,3.479113,4.593174,-54.795150,0,19.116,19.464,19.931000000000004,1,1,-1,-1,-1,31.94014566185965,17.941532300587536,59.93737238440388,1,-0.5668414311010253,-0.6023763326495001,0.03553490154847483
2010-03-19,sh.600188,19.4400,19.93,19.38,19.85,7331271,144416843.0000,3,2.036464,1,1.847100,34.556104,3.543376,4.678015,-55.807272,0,19.218,19.481999999999996,19.890000000000008,1,1,-1,-1,-1,51.90713101160861,33.50081141078815,88.71977021324953,1,-0.49911770933598376,-0.5817246079867968,0.08260689865081305
2010-03-22,sh.600188,19.7800,20.05,19.7,19.94,6251795,124717236.0000,3,1.736610,1,0.453400,34.712782,3.559441,4.699225,-56.060302,0,19.428,19.500999999999998,19.860000000000007,1,1,1,-1,-1,68.12469444684098,50.65732370676974,103.05943592698345,1,-0.4331903750831927,-0.552017761406076,0.11882738632288325
2010-03-23,sh.600188,20.0000,20.24,19.82,19.84,8579347,172198264.0000,3,2.383152,1,-0.501500,34.538696,3.541590,4.675658,-55.779157,0,19.664,19.468999999999998,19.853500000000004,1,1,-1,1,-1,77.00964820910316,65.68049122251757,99.66796218227435,1,-0.38457847075313367,-0.5185299032754875,0.13395143252235386
2010-03-24,sh.600188,19.9000,20.11,19.77,19.82,3793171,75456803.0000,3,1.053659,1,-0.100800,34.503879,3.538020,4.670945,-55.722928,0,19.788,19.473999999999997,19.835500000000003,1,1,-1,1,-1,79.547804883359,74.8940491797677,88.85531629054162,1,-0.34370500188197184,-0.4835649229967844,0.13985992111481255
2010-03-25,sh.600188,19.8300,19.87,19.21,19.3,5110846,98889159.0000,3,1.419679,1,-2.623600,33.598630,3.445196,4.548397,-54.260975,0,19.75,19.432999999999996,19.773500000000006,-1,-1,-1,1,-1,66.85499058380422,74.47081455875546,51.62334263390173,-1,-0.34924624419793204,-0.4567011872370139,0.10745494303908187
2010-03-26,sh.600188,19.3000,19.65,19.12,19.55,5923571,115368918.0000,3,1.645436,1,1.295300,34.033846,3.489823,4.607315,-54.963837,0,19.69,19.453999999999997,19.724000000000004,-1,1,-1,1,-1,61.39359698681742,69.26546415132688,45.64986265779851,-1,-0.3296646392409457,-0.43129387763780025,0.10162923839685456
2010-03-29,sh.600188,19.5400,20.78,19.54,20.65,20578116,421419761.0000,3,5.716143,1,5.626600,35.948794,3.686182,4.866550,-58.056432,0,19.832,19.63,19.716,1,1,1,1,1,67.18938036837999,65.14598931300054,71.27616247913886,1,-0.2228167762206148,-0.38959845735436316,0.16678168113374836
2010-03-30,sh.600188,20.8000,20.96,20.51,20.89,13998025,291117568.0000,3,3.888340,1,1.162200,36.366601,3.729023,4.923110,-58.731179,0,20.041999999999998,19.852999999999998,19.741000000000003,1,1,1,1,1,83.63056731804147,70.73784822441296,109.4160055052985,1,-0.11741954136171984,-0.3351626741558345,0.21774313279411467
2010-03-31,sh.600188,20.8900,21.28,20.71,20.8,12373841,260094942.0000,3,3.437178,1,-0.430800,36.209923,3.712958,4.901900,-58.478149,0,20.237999999999996,20.012999999999998,19.754500000000004,1,1,1,1,1,89.21751019311989,80.01248595984711,107.62755865966545,1,-0.04068473295247799,-0.2762670859151632,0.2355823529626852
2010-04-01,sh.600188,20.8500,21.6,20.85,21.22,10769189,229386544.0000,3,2.991441,1,2.019200,36.941085,3.787931,5.000881,-59.658958,0,20.621999999999996,20.186,19.825000000000006,1,1,1,1,1,86.22380444961085,86.35729398692406,85.95682537498445,-1,0.05340304837045906,-0.21033305905803873,0.2637361074284978
2010-04-02,sh.600188,21.4300,22.21,21.43,21.98,16771133,367659336.0000,3,4.658648,1,3.581500,38.264140,3.923597,5.179988,-61.795659,0,21.107999999999997,20.398999999999997,19.940500000000007,1,1,1,1,1,85.0039438122745,86.81508615166841,81.38165913348669,-1,0.18713674543691639,-0.1308390981590477,0.3179758435959641
2010-04-06,sh.600188,22.2000,23.2,22.2,22.87,25130170,574699104.0000,3,6.980603,1,4.049100,39.813507,4.082468,5.389733,-64.297849,0,21.552,20.692,20.096500000000006,1,1,1,1,1,89.71527278830938,86.98100701673157,95.18380433146498,1,0.3607783970367109,-0.03251559911989599,0.3932939961566069
2010-04-07,sh.600188,22.8800,22.88,22.3,22.56,12533427,282939471.0000,3,3.481508,1,-1.355500,39.273840,4.027131,5.316676,-63.426300,0,21.886,20.964,20.216500000000003,1,1,1,1,1,89.5940415000952,88.10441936689303,92.57328576649954,1,0.4679816466144793,0.06758385002697907,0.4003977965875002
2010-04-08,sh.600188,22.3100,22.6,21.59,21.68,10538421,232970406.0000,3,2.927339,1,-3.900700,37.741881,3.870044,5.109288,-60.952225,0,22.062,21.15,20.312000000000005,-1,1,1,1,1,79.65686274509805,86.32205901116755,66.32647021295904,-1,0.4764402421911953,0.14935512845982232,0.32708511373137295
2010-04-09,sh.600188,21.5100,22.22,21.5,22.21,10162658,222569005.0000,3,2.822961,1,2.444600,38.664538,3.964653,5.234192,-62.442293,0,22.26,21.441,20.437000000000005,-1,1,1,1,1,73.33654773384765,80.86248399301364,58.284675215515676,-1,0.5199170308374406,0.22346750893534595,0.2964495219020946
2010-04-12,sh.600188,22.3600,22.55,21.83,22.09,8339158,185295051.0000,3,2.316433,1,-0.540300,38.455635,3.943233,5.205912,-62.104919,0,22.282000000000004,21.695,20.574500000000008,-1,1,1,1,1,64.8106590636336,72.60135651419311,49.22926416251457,-1,0.5384824119040168,0.2864704895290801,0.2520119223749367
2010-04-13,sh.600188,21.9100,22.7,21.6,22.6,12975600,290044123.0000,3,3.604333,1,2.308700,39.343474,4.034271,5.326103,-63.538758,0,22.228,21.889999999999997,20.76000000000001,1,1,1,1,1,69.19683120317217,69.11467933355114,69.36113494241422,1,0.5875751473618287,0.34669142109562984,0.24088372626619886
2010-04-14,sh.600188,22.8000,22.98,22.4,22.64,8119535,184068780.0000,3,2.255426,1,0.177000,39.413108,4.041412,5.335529,-63.651216,0,22.244000000000003,22.064999999999998,20.959000000000007,1,1,1,1,1,70.26996223444759,68.09248416708446,74.62491836917386,1,0.6225329868531411,0.40185973424713206,0.220673252606009
2010-04-15,sh.600188,22.7000,22.94,22.49,22.74,8732941,198356799.0000,3,2.425817,1,0.441700,39.587195,4.059262,5.359096,-63.932361,0,22.456000000000003,22.258999999999997,21.136000000000006,1,1,1,1,1,75.36170888627237,71.60950077463072,82.86612510955567,1,0.650804422501853,0.4516486718980762,0.19915575060377677
2010-04-16,sh.600188,22.6900,22.69,21.9,21.93,6918991,153085422.0000,3,1.921942,1,-3.562000,38.177097,3.914671,5.168205,-61.655087,0,22.400000000000006,22.33,21.258000000000006,-1,-1,1,1,1,58.49187661601484,68.04118257891162,39.39326469022129,-1,0.6009224484659264,0.48150342721164624,0.11941902125428011
2010-04-19,sh.600188,21.5800,21.58,20.2,20.22,12060058,251116528.0000,3,3.350016,1,-7.797500,35.200223,3.609423,4.765212,-56.847508,0,22.026000000000003,22.154,21.276500000000006,-1,-1,-1,-1,1,33.34161384750623,55.73173311659784,-11.438624690676988,-1,0.41858275429571634,0.46891929262846027,-0.05033653833274393
2010-04-20,sh.600188,20.1600,20.49,19.55,20.03,12403339,246669410.0000,3,3.445372,1,-0.939700,34.869459,3.575507,4.720435,-56.313333,0,21.512000000000008,21.869999999999997,21.281000000000006,-1,-1,-1,-1,1,13.335903734566807,35.056464732695986,-30.105218261691547,-1,0.25579715055215146,0.4262948642131985,-0.17049771366104705
2010-04-21,sh.600188,20.1500,20.9,20.1,20.86,7774354,159610337.0000,3,2.159543,1,4.143800,36.314375,3.723668,4.916040,-58.646836,0,21.156000000000006,21.7,21.332000000000008,-1,-1,-1,-1,-1,17.63533779390482,21.437618458659312,10.030776464395835,-1,0.19155433108865338,0.3793467575882895,-0.18779242649963612
2010-04-22,sh.600188,20.5400,21.5,20.26,21.0,8379156,174546028.0000,3,2.327543,1,0.671100,36.558095,3.748659,4.949034,-59.040439,0,20.808000000000007,21.631999999999998,21.39100000000001,1,-1,-1,-1,-1,31.486880466472304,20.81937399831467,52.82189340278757,1,0.15020677360484314,0.33351876079160026,-0.18331198718675712
2010-04-23,sh.600188,21.0000,21.85,20.85,21.3,9463846,202985893.0000,3,2.628846,1,1.428600,37.080354,3.802212,5.019734,-59.883874,0,20.68200000000001,21.541,21.491000000000007,1,-1,-1,-1,-1,43.82896015549076,30.983726138622654,69.51942818922697,1,0.14003182943827142,0.2948213745209345,-0.15478954508266307
2010-04-26,sh.600188,22.0300,22.6,21.6,21.73,14462257,320289607.0000,3,4.017294,1,2.018800,20.324808,3.493884,4.434617,131.723343,0,20.98400000000001,21.505,21.60000000000001,1,1,1,-1,-1,52.2837706511176,42.53320375769358,71.78490443796564,1,0.16476619706345375,0.26881033902943835,-0.1040441419659846
2010-04-27,sh.600188,21.9400,22.88,21.45,22.85,27632830,614397227.0000,3,7.675786,1,5.154200,21.372382,3.673964,4.663184,138.512581,0,21.54800000000001,21.529999999999998,21.71000000000001,1,1,1,1,-1,70.64079740619384,55.58450940426743,100.75337341004668,1,0.27161202700268916,0.26937067662408853,0.002241350378600626
2010-04-28,sh.600188,22.5800,23.1,22.26,22.89,22282376,506975308.0000,3,6.189549,1,0.175100,21.409795,3.680395,4.671347,138.755054,0,21.954000000000008,21.554999999999996,21.81000000000001,1,1,1,1,1,84.99549703252325,69.30668836327825,116.37311437101323,1,0.35541873676131885,0.2865802886515346,0.06883844810978423
2010-04-29,sh.600188,23.0100,23.15,22.12,22.24,15904485,361027558.0000,3,4.417912,1,-2.839700,20.801828,3.575884,4.538697,134.814871,0,22.202000000000005,21.504999999999995,21.882000000000012,1,1,1,1,1,88.7172873359462,81.45119392488779,103.24947415806301,1,0.36517705652364896,0.3022996422259575,0.06287741429769145
2010-04-30,sh.600188,22.2800,23.76,22.03,23.73,33588665,774690619.0000,3,9.330185,1,6.699600,22.195476,3.815456,4.842773,143.846982,0,22.68800000000001,21.684999999999995,22.00750000000001,1,1,1,1,1,89.36471339694718,87.6924992551389,92.70914168056373,1,0.4875213007075416,0.33934397392227433,0.1481773267852673
2010-05-04,sh.600188,23.0000,23.48,22.89,23.26,28297103,655095666.0000,3,7.860306,1,-1.980600,21.755869,3.739886,4.746856,140.997927,0,22.994000000000007,21.988999999999994,22.071500000000007,1,1,1,1,1,86.78281032093189,88.28827035127512,83.77189026024541,-1,0.5403263774817297,0.3795404546341654,0.16078592284756432
2010-05-05,sh.600188,22.6700,23.1,21.98,23.05,22205397,499185720.0000,3,6.168166,1,-0.902800,21.559449,3.706121,4.704000,139.724945,0,23.034000000000006,22.290999999999993,22.080500000000008,1,1,1,1,1,88.44683148495302,88.19811840094405,88.94425765297098,1,0.5587881740714025,0.41538999852161285,0.14339817554978962
2010-05-06,sh.600188,22.6300,22.63,20.75,20.75,29540677,634950240.0000,3,8.205744,1,-9.978300,19.408181,3.336313,4.234620,125.782760,0,22.606000000000005,22.279999999999994,21.99000000000001,-1,-1,-1,1,1,55.351027842831094,76.86022321623868,12.33263709601593,-1,0.38340880474341077,0.4089937597659724,-0.02558495502256164
2010-05-07,sh.600188,19.7000,20.32,19.4,19.75,14976332,297210940.0000,3,4.160092,1,-4.819300,18.472847,3.175527,4.030542,119.720940,0,22.108000000000008,22.154999999999994,21.89350000000001,-1,-1,-1,-1,1,29.247269550021826,57.68170962593533,-27.621610601805187,-1,0.1618619050734047,0.35956738882745887,-0.19770548375405417
2010-05-10,sh.600188,19.9600,20.75,19.61,20.57,12593643,254289064.0000,3,3.498234,1,4.151900,19.239820,3.307372,4.197886,124.691632,0,21.476000000000006,22.081999999999994,21.81150000000001,-1,-1,-1,-1,-1,11.620795107033642,32.07303083329554,-29.283676345490157,-1,0.05185379957612568,0.2980246709771922,-0.24617087140106653
2010-05-11,sh.600188,21.0200,21.44,20.01,20.17,14237256,296412779.0000,3,3.954793,1,-1.944600,18.865687,3.243057,4.116255,122.266904,0,20.858000000000004,21.925999999999995,21.715500000000013,-1,-1,-1,-1,-1,17.507645259938858,19.458569972331464,13.60579583515365,-1,-0.06683464546676987,0.2250528076883998,-0.2918874531551697
2010-05-12,sh.600188,19.7400,20.6,19.45,20.41,8083887,162375142.0000,3,2.245524,1,1.189900,19.090167,3.281646,4.165234,123.721741,0,20.330000000000005,21.681999999999995,21.606000000000012,1,-1,-1,-1,-1,22.553516819571882,17.227319062181483,33.20591233435268,1,-0.13991722040958976,0.1520588020688019,-0.29197602247839166
2010-05-13,sh.600188,20.4700,21.2,20.36,21.1,12444720,259271562.0000,3,3.456867,1,3.380700,19.735548,3.392588,4.306048,127.904396,0,20.400000000000006,21.502999999999993,21.529000000000014,1,-1,-1,-1,-1,26.605504587155988,22.222222222222268,35.372069317023424,1,-0.1405384147903206,0.09353935869697741,-0.234077773487298
2010-05-14,sh.600188,20.7000,20.94,20.44,20.7,10192985,210931806.0000,3,2.831385,1,-1.895700,19.361414,3.328274,4.224416,125.479669,0,20.590000000000007,21.348999999999993,21.427000000000014,1,-1,-1,-1,-1,31.33956946693051,26.832863624552818,40.35298115168589,1,-0.17133236007675734,0.040565014942230464,-0.2118973750189878
2010-05-17,sh.600188,20.1300,20.35,19.12,19.27,11612701,229562179.0000,3,3.225750,1,-6.908200,18.023886,3.098350,3.932585,116.811266,0,20.330000000000005,20.902999999999995,21.29400000000001,-1,-1,-1,-1,-1,24.87413833573937,27.606404129941982,19.409606747334145,-1,-0.3075802390324931,-0.029064035852714255,-0.2785162031797788
2010-05-18,sh.600188,19.2900,20.1,18.91,19.94,10668264,207777495.0000,3,2.963407,1,3.476900,18.650560,3.206076,4.069317,120.872686,0,20.284000000000002,20.570999999999994,21.28000000000001,-1,-1,-1,-1,-1,21.106587120718487,25.77343164112948,11.7728980798965,-1,-0.35737467138775614,-0.09472616295972264,-0.2626485084280335
2010-05-19,sh.600188,19.7500,20.25,19.5,19.77,10084938,200148356.0000,3,2.801372,1,-0.852600,18.491553,3.178743,4.034624,119.842176,0,20.156000000000002,20.242999999999995,21.267000000000007,-1,-1,-1,-1,-1,21.81637037525876,22.599031943905562,20.25104723796516,-1,-0.40587601102350135,-0.15695613257247837,-0.24891987845102298
2010-05-20,sh.600188,19.6100,20.13,18.96,19.11,12191473,237957519.0000,3,3.386520,1,-3.338400,17.874233,3.072624,3.899932,115.841375,0,19.758000000000003,20.078999999999997,21.179500000000008,-1,-1,-1,-1,-1,23.19513508153057,22.039364192502628,25.506676859586456,1,-0.4918998410968243,-0.22394487427734755,-0.2679549668194767
2010-05-21,sh.600188,18.5500,19.18,18.25,19.15,11243324,211241802.0000,3,3.123146,1,0.209300,17.911646,3.079055,3.908095,116.083848,0,19.448,20.019,21.087000000000007,-1,-1,-1,-1,-1,23.370133115260497,22.79387952401663,24.522640297748225,1,-0.5505008493753891,-0.28925606929695585,-0.26124478007843327
2010-05-24,sh.600188,19.2200,20.33,19.2,20.11,15486552,307556577.0000,3,4.301820,1,5.013100,18.809567,3.233410,4.104010,121.903195,0,19.616000000000003,19.972999999999995,21.027500000000007,1,1,-1,-1,-1,33.05638398058286,26.54055072579133,46.088050490165905,1,-0.5135586097147176,-0.3341165773805082,-0.17944203233420936
2010-05-25,sh.600188,19.8400,19.98,19.26,19.49,10056118,197506774.0000,3,2.793366,1,-3.083000,18.229660,3.133722,3.977482,118.144867,0,19.526000000000003,19.904999999999994,20.915500000000005,-1,-1,-1,-1,-1,44.43263730230412,33.61971813271585,66.05847564148065,1,-0.5282214292430822,-0.372937547753023,-0.15528388149005923
2010-05-26,sh.600188,19.5500,19.78,19.28,19.43,5264407,102666879.0000,3,1.462335,1,-0.307900,18.173540,3.124075,3.965237,117.781158,0,19.458000000000006,19.806999999999995,20.744500000000006,-1,-1,-1,-1,-1,49.65030558880974,42.37977562389893,64.19136551863137,1,-0.5384761006200875,-0.4060452583264359,-0.13243084229365165
2010-05-27,sh.600188,19.5800,20.22,19.2,20.0,12190902,242187416.0000,3,3.386362,1,2.933600,18.706680,3.215723,4.081562,121.236395,0,19.636000000000003,19.696999999999996,20.600000000000005,1,1,-1,-1,-1,56.41113421404513,50.16469236838635,68.90401790536269,1,-0.4949038220622377,-0.4238169710735963,-0.07108685098864143
2010-05-28,sh.600188,20.4000,20.47,19.68,20.04,11164060,224237363.0000,3,3.101128,1,0.200000,18.744093,3.222155,4.089725,121.478868,0,19.814000000000004,19.630999999999997,20.490000000000006,1,1,-1,1,-1,69.27671165589378,58.44605048624957,90.93803399518218,1,-0.45193518419426937,-0.4294406136977309,-0.02249457049653847
2010-05-31,sh.600188,19.7600,20.05,19.4,19.41,7061258,139083759.0000,3,1.961461,1,-3.143700,18.154833,3.120860,3.961156,117.659921,0,19.674000000000003,19.644999999999996,20.274000000000008,-1,-1,-1,1,-1,72.07207207207205,65.919972647337,84.37627092154213,1,-0.46337644872284756,-0.43622778070275425,-0.027148668020093303
2010-06-01,sh.600188,19.2400,19.49,18.5,19.0,7609029,144256734.0000,3,2.113619,1,-2.112300,17.771346,3.054937,3.877484,115.174575,0,19.576000000000004,19.550999999999995,20.061000000000007,-1,-1,-1,1,-1,55.555555555555564,65.63477976117382,35.39710714431905,-1,-0.4997663118295961,-0.44893548692812263,-0.05083082490147345
2010-06-02,sh.600188,18.8000,19.15,18.68,19.11,4846253,91689047.0000,3,1.346181,1,0.578900,17.874233,3.072624,3.899932,115.841375,0,19.512000000000004,19.484999999999996,19.864000000000008,-1,-1,-1,1,-1,41.591591591591595,56.406406406406425,11.961961961961933,-1,-0.513806616977849,-0.46190971293806793,-0.05189690403978109
2010-06-03,sh.600188,19.2100,19.36,18.55,18.66,8784049,165841821.0000,3,2.440014,1,-2.354800,17.453333,3.000270,3.808097,113.113556,0,19.244000000000003,19.439999999999994,19.75950000000001,-1,-1,-1,-1,-1,26.881449977896676,41.342865708347965,-2.0413814830059067,-1,-0.5548489458891233,-0.480497559528279,-0.07435138636084426
2010-06-04,sh.600188,18.5000,18.77,18.41,18.68,3948175,73562398.0000,3,1.096715,1,0.107200,17.472039,3.003486,3.812179,113.234793,0,18.972,19.392999999999994,19.70600000000001,-1,-1,-1,-1,-1,19.989120755470353,29.4873874416529,0.9925873831052598,-1,-0.579086110182697,-0.5002152696591626,-0.07887084052353432
2010-06-07,sh.600188,18.3000,18.35,17.89,18.05,8096837,146700231.0000,3,2.249121,1,-3.372600,16.882779,2.902190,3.683609,109.415846,0,18.700000000000003,19.186999999999994,19.58000000000001,-1,-1,-1,-1,-1,9.143391305089743,18.671320679485614,-9.912467443701999,-1,-0.6417324798123332,-0.5285187116897967,-0.11321376812253647
2010-06-08,sh.600188,18.0000,18.3,17.42,17.77,9328699,166442285.0000,3,2.591305,1,-1.551200,16.620885,2.857170,3.626468,107.718537,0,18.454,19.014999999999993,19.460000000000008,-1,-1,-1,-1,-1,10.261252113389075,13.131254724649748,4.521246890867726,-1,-0.7058373850228747,-0.5639824463564123,-0.14185493866646248
2010-06-09,sh.600188,17.8900,18.47,17.5,18.42,15171274,273394744.0000,3,4.214243,1,3.657848,17.228852,2.961681,3.759118,111.658720,0,18.316000000000003,18.913999999999994,19.36050000000001,1,-1,-1,-1,-1,16.821281823188016,12.075308413888969,26.31322864178611,1,-0.696166443122042,-0.5904192457095382,-0.10574719741250382
2010-06-10,sh.600188,18.2000,18.7,18.0,18.47,13651743,249653070.0000,3,3.792151,1,0.271400,17.275619,2.969721,3.769322,111.961811,0,18.278000000000002,18.760999999999992,19.229000000000006,1,-1,-1,-1,-1,28.062083151530206,18.381539029369122,47.42317139585238,1,-0.6766673696313958,-0.6076688704939097,-0.06899849913748612
2010-06-11,sh.600188,18.6600,18.96,18.49,18.59,11214121,209177397.0000,3,3.115034,1,0.649700,17.387859,2.989015,3.793812,112.689229,0,18.26,18.615999999999993,19.123500000000007,1,-1,-1,-1,-1,43.077526249653296,29.320297074790528,70.59198459937883,1,-0.6441063591229828,-0.6149563682197243,-0.029149990903258427
2010-06-17,sh.600188,18.8400,18.92,18.23,18.27,5736418,106549225.0000,3,1.593449,1,-1.721400,17.088552,2.937563,3.728507,110.749447,0,18.304000000000002,18.501999999999995,19.073500000000006,-1,-1,-1,-1,-1,46.753375497582965,39.29766163292218,61.66480322690454,1,-0.6367824180223955,-0.6193215781802586,-0.017460839842136977
2010-06-18,sh.600188,18.2900,18.46,18.02,18.22,5313360,97066258.0000,3,1.475933,1,-0.273700,17.041786,2.929524,3.718303,110.446356,0,18.394000000000002,18.423999999999996,18.987500000000004,-1,-1,-1,-1,-1,47.19109517406239,45.67399897376624,50.2252875746547,1,-0.6277761118265239,-0.6210124849095117,-0.0067636269170122665
2010-06-21,sh.600188,18.2600,19.03,17.95,18.9,11313525,211132842.0000,3,3.142646,1,3.732200,17.677813,3.038859,3.857076,114.568393,0,18.490000000000002,18.402999999999995,18.944000000000006,1,1,-1,1,-1,58.99233741008718,50.9789360272442,75.01914017577315,1,-0.5593207310539583,-0.608674134138401,0.04935340308444269
2010-06-22,sh.600188,18.7500,18.95,18.6,18.74,6229774,117137526.0000,3,1.730493,1,-0.846600,17.528159,3.013133,3.824423,113.598502,0,18.544000000000004,18.410999999999994,18.925500000000007,1,1,-1,1,-1,71.71671896010743,59.300050514752364,96.55005585081757,1,-0.5120771053084567,-0.5893547283724121,0.07727762306395536
2010-06-23,sh.600188,18.5300,18.58,18.18,18.36,6064787,111348132.0000,3,1.684663,1,-2.027700,17.172732,2.952034,3.746874,111.295010,0,18.498,18.378999999999998,18.886000000000006,-1,-1,-1,1,-1,77.43271221532076,69.38058952850515,93.53695758895199,1,-0.4995406223989214,-0.5713919071777139,0.07185128477879255
2010-06-24,sh.600188,18.4000,18.55,18.01,18.3,2945184,53906581.0000,3,0.818107,1,-0.326800,17.116612,2.942387,3.734629,110.931301,0,18.504,18.403999999999996,18.795500000000008,-1,-1,-1,1,-1,64.22008416893318,71.12317178145383,50.4139089438919,-1,-0.4888121457900354,-0.5548759549001783,0.06606380911014287
2010-06-25,sh.600188,18.3000,18.3,18.3,18.3,0,0.0000,3,,0,0.000000,17.116612,2.942387,3.734629,110.931301,0,18.520000000000003,18.456999999999997,18.736000000000008,-1,-1,-1,1,-1,47.693360758151876,63.11538571413532,16.84931084618499,-1,-0.4748361353894559,-0.5388679909980338,0.06403185560857794
2010-06-28,sh.600188,18.0500,18.36,17.8,17.83,4896097,88027129.0000,3,1.360027,1,-2.568300,16.677005,2.866817,3.638712,108.082246,0,18.306000000000004,18.397999999999996,18.656000000000006,-1,-1,-1,-1,-1,29.044671165665864,46.98603869758369,-6.8380638981697786,-1,-0.49596790917373923,-0.5302879746331749,0.03432006545943567
2010-06-29,sh.600188,17.8500,17.99,16.87,16.89,7412654,127892103.0000,3,2.059071,1,-5.272000,15.797791,2.715678,3.446879,102.384135,0,17.936000000000003,18.24,18.500500000000006,-1,-1,-1,-1,-1,11.924119241192365,29.554050388336748,-23.3357430530964,-1,-0.5818578412363671,-0.5406019479538133,-0.041255893282553746
2010-06-30,sh.600188,16.8300,16.83,16.27,16.42,4161667,68380105.0000,3,1.156153,1,-2.782700,15.358184,2.640109,3.350962,99.535080,0,17.548000000000005,18.022999999999996,18.319500000000005,-1,-1,-1,-1,-1,2.933244308288446,14.634011571715604,-20.46829021856587,-1,-0.680012541955108,-0.5684840667540723,-0.1115284752010357
2010-07-01,sh.600188,16.3800,16.58,15.71,15.8,5295643,85169155.0000,3,1.471183,1,-3.775900,14.778277,2.540422,3.224434,95.776752,0,17.048000000000005,17.775999999999996,18.139000000000003,-1,-1,-1,-1,-1,3.023850636038535,5.960404728506494,-2.8492575488973824,-1,-0.7986236317836912,-0.614511979759996,-0.18411165202369517
2010-07-02,sh.600188,15.6400,15.87,14.93,15.53,8220733,125872554.0000,3,2.283802,1,-1.708900,14.525737,2.497009,3.169333,94.140061,0,16.494000000000007,17.506999999999998,17.965500000000002,-1,-1,-1,-1,-1,7.690333038839351,4.54914266105549,13.972713794407072,1,-0.9039898858455864,-0.6724075609771141,-0.2315823248684723
2010-07-05,sh.600188,15.3100,15.36,14.88,15.24,6631939,100367715.0000,3,1.842419,1,-1.867400,14.254490,2.450381,3.110150,92.382133,0,15.976000000000004,17.141,17.772000000000002,-1,-1,-1,-1,-1,9.121982079184015,6.612055251354012,14.14183573484402,1,-0.9993738183915646,-0.7378008124600042,-0.2615730059315604
2010-07-06,sh.600188,15.1500,15.82,15.11,15.79,9257574,144424242.0000,3,2.571847,1,3.608900,14.768924,2.538814,3.222393,95.716134,0,15.756000000000006,16.845999999999997,17.628500000000003,1,-1,-1,-1,-1,16.483581063677835,11.098632060567112,27.253479069899285,1,-1.0188413003761205,-0.7940089100432275,-0.22483239033289304
2010-07-07,sh.600188,15.7100,16.18,15.61,16.11,7010301,111005859.0000,3,1.947532,1,2.026600,15.068231,2.590265,3.287698,97.655916,0,15.694000000000006,16.621,17.500000000000004,1,-1,-1,-1,-1,23.290065880970676,16.29854300794422,37.27311162702359,1,-0.9969558084793917,-0.8345982897304604,-0.16235751874893134
2010-07-08,sh.600188,16.2500,16.27,15.75,15.9,4764875,76196537.0000,3,1.323730,1,-1.303500,14.871811,2.556500,3.244842,96.382934,0,15.714000000000008,16.380999999999997,17.392500000000002,1,-1,-1,-1,-1,29.816937580256177,23.19686150830161,43.05708972416531,1,-0.9851998725662341,-0.8647186062976151,-0.12048126626861899
2010-07-09,sh.600188,15.9500,17.37,15.7,16.93,10698926,178871038.0000,3,2.972269,1,6.478000,15.835205,2.722110,3.455042,102.626608,0,15.994000000000005,16.243999999999996,17.350500000000004,1,1,-1,-1,-1,43.523857042539824,32.21028683458894,66.1509974584416,1,-0.8825967903258238,-0.8682942431032569,-0.014302547222566964
2010-07-12,sh.600188,17.0000,17.35,16.75,17.15,8440502,144354398.0000,3,2.344856,1,1.299500,16.040978,2.757483,3.499939,103.960209,0,16.376000000000005,16.175999999999995,17.287,1,1,-1,1,-1,62.13046739198355,45.157087338259906,96.07722749943083,1,-0.7746018194499946,-0.8495557583726044,0.07495393892260982
2010-07-13,sh.600188,16.8600,16.98,16.42,16.8,6129459,102673988.0000,3,1.702825,1,-2.040800,15.713611,2.701208,3.428512,101.838572,0,16.578000000000007,16.166999999999994,17.2035,1,1,-1,1,-1,78.06316369443472,61.23916270965275,111.71116566399867,1,-0.7090832317900144,-0.8214612530560864,0.11237802126607199
2010-07-14,sh.600188,16.8000,17.42,16.78,17.0,7888616,134851309.0000,3,2.191537,1,1.190500,15.900678,2.733365,3.469327,103.050936,0,16.756000000000007,16.224999999999994,17.124000000000002,1,1,-1,1,-1,83.9125530995372,74.70206139531855,102.33353650797451,1,-0.63371586844627,-0.7839121761341231,0.15019630768785308
2010-07-15,sh.600188,16.9800,17.16,16.5,16.55,4455723,74797899.0000,3,1.237845,1,-2.647100,15.479778,2.661011,3.377492,100.323117,0,16.886000000000003,16.299999999999994,17.038000000000004,-1,1,-1,1,-1,75.44034405337884,79.13868694911697,68.04365826190255,-1,-0.6033429670408168,-0.7477983343154618,0.14445536727464503
2010-07-16,sh.600188,16.5500,17.05,16.4,17.02,4482434,74896980.0000,3,1.245265,1,2.839887,15.919385,2.736581,3.473409,103.172172,0,16.904000000000003,16.448999999999995,16.978,1,1,1,1,-1,77.29886036972646,78.88391917421423,74.1287427607509,-1,-0.5351779534947667,-0.7052742581513228,0.17009630465655612
2010-07-19,sh.600188,16.7300,18.0,16.68,17.9,15211072,268546868.0000,3,4.225788,1,5.170400,16.742479,2.878072,3.652998,108.506573,0,17.05400000000001,16.714999999999996,16.928000000000004,1,1,1,1,1,81.41597125387851,78.05172522566134,88.14446331031283,1,-0.4054739918447865,-0.6453142048900156,0.23984021304522907
2010-07-20,sh.600188,17.7800,18.23,17.7,18.05,13240631,238708771.0000,3,3.678380,1,2.266300,16.882779,2.902190,3.683609,109.415846,0,17.30400000000001,16.940999999999995,16.893500000000003,1,1,1,1,1,90.4617525865479,83.05886140338436,105.267534952875,1,-0.2872674806734956,-0.5737048600467116,0.286437379373216
2010-07-21,sh.600188,18.0000,18.15,17.61,17.82,11292842,202011284.0000,3,3.137265,1,-1.274200,16.667652,2.865210,3.636671,108.021628,0,17.468000000000007,17.111999999999995,16.866500000000002,1,1,1,1,1,90.83191382627439,87.56987922223367,97.35598303435583,1,-0.2097294165857484,-0.500909771354519,0.2911803547687706
2010-07-22,sh.600188,17.8000,18.14,17.7,18.1,8684586,156352515.0000,3,2.412665,1,1.571300,16.929546,2.910230,3.693813,109.718937,0,17.77800000000001,17.331999999999994,16.856500000000004,1,1,1,1,1,89.85867225354043,90.38411288878763,88.80779098304606,-1,-0.12425395991773414,-0.425578609067162,0.30132464914942786
2010-07-23,sh.600188,18.1900,18.3,17.7,18.01,8784401,158068210.0000,3,2.440395,1,-0.497200,16.845365,2.895759,3.675446,109.173373,0,17.97600000000001,17.43999999999999,16.842000000000002,1,1,1,1,1,87.14249445727113,89.27769351236203,82.8720963470893,-1,-0.06304949717307551,-0.3530727866883447,0.2900232895152692
2010-07-26,sh.600188,18.1800,18.3,17.7,18.17,11291279,203078602.0000,3,3.136831,1,0.888400,16.995019,2.921485,3.708099,110.143265,0,18.03000000000001,17.54199999999999,16.859,1,1,1,1,1,90.2636372351645,89.08826798199208,92.61437574150935,1,-0.0016152372201609921,-0.28278127679470794,0.28116603957454694
2010-07-27,sh.600188,17.9000,18.29,17.8,17.9,8941494,161144126.0000,3,2.484037,1,-1.486000,16.742479,2.878072,3.652998,108.506573,0,18.00000000000001,17.65199999999999,16.9095,-1,1,1,1,1,85.61403508771934,87.67338892671837,81.49532740972128,-1,0.0249969634520113,-0.22122562874536408,0.24622259219737538
2010-07-28,sh.600188,17.8800,18.57,17.72,18.42,17633532,321554737.0000,3,4.898772,1,2.905000,17.228852,2.961681,3.759118,111.658720,0,18.12000000000001,17.79399999999999,17.009500000000003,1,1,1,1,1,88.39760692052717,88.09175974780372,89.00930126597407,1,0.08704359402477024,-0.15957178419133722,0.24661537821610746
2010-07-29,sh.600188,18.4300,18.48,18.01,18.4,15087663,275794412.0000,3,4.191504,1,-0.108600,17.210146,2.958466,3.755037,111.537483,0,18.180000000000014,17.97899999999999,17.1395,1,1,1,1,1,87.68007234334341,87.23057145053002,88.5790741289702,1,0.13306823513990196,-0.10104378032508937,0.23411201546499133
2010-07-30,sh.600188,17.8800,17.95,17.64,17.84,22044457,392085331.0000,3,6.124171,1,-3.043500,16.686359,2.868425,3.640753,108.142864,0,18.14600000000001,18.060999999999986,17.255000000000003,-1,-1,1,1,1,69.35039398077036,81.8093577482137,44.432466445883676,-1,0.12293861510030268,-0.056247301240010955,0.17918591634031364
2010-08-02,sh.600188,17.7700,18.11,17.71,18.1,11891238,213737609.0000,3,3.303505,1,1.457400,16.929546,2.910230,3.693813,109.718937,0,18.132000000000012,18.080999999999985,17.398000000000003,-1,1,1,1,1,55.335097001763735,70.78852110862589,24.42824878803944,-1,0.13434203398551503,-0.018129434194905758,0.1524714681804208
2010-08-03,sh.600188,18.1600,18.7,18.12,18.14,22022873,405816016.0000,3,6.118175,1,0.221000,16.966959,2.916661,3.701976,109.961410,0,18.18000000000001,18.089999999999986,17.5155,-1,1,1,1,1,40.72327044025169,55.13625380759532,11.897303705564426,-1,0.14493625637152974,0.014483703918381344,0.1304525524531484
2010-08-04,sh.600188,18.1300,18.3,17.6,18.13,13372502,239150231.0000,3,3.715015,1,-0.055100,16.957606,2.915053,3.699936,109.900792,0,18.122000000000007,18.120999999999988,17.6165,1,1,1,1,1,48.79776538974659,48.285377610587396,49.82254094806497,1,0.15078715702870227,0.04174439454044553,0.10904276248825673
2010-08-05,sh.600188,18.1400,18.17,17.71,17.84,7160318,128019334.0000,3,1.989208,1,-1.599600,16.686359,2.868425,3.640753,108.142864,0,18.01000000000001,18.094999999999988,17.7135,-1,-1,1,-1,1,39.05660377358488,42.85921320119445,31.451384918365747,-1,0.13051892071134574,0.05949929977462558,0.07101962093672017
2010-08-06,sh.600188,17.8700,18.12,17.66,18.07,7716761,138537570.0000,3,2.143794,1,1.289200,16.901485,2.905406,3.687691,109.537083,0,18.056000000000004,18.10099999999999,17.7705,1,-1,1,-1,1,37.57575757575753,41.81004224636306,29.107188234546456,-1,0.1314994316226894,0.07389932614423834,0.057600105478451055
2010-08-09,sh.600188,18.0700,18.6,18.05,18.52,14379512,264626238.0000,3,3.994773,1,2.490300,17.322386,2.977760,3.779526,112.264902,0,18.140000000000008,18.13599999999999,17.839,1,1,1,1,1,49.393939393939384,42.008766914427326,64.1642843529635,1,0.16666650505325364,0.0924527619260414,0.07421374312721224
2010-08-10,sh.600188,18.5700,18.6,17.7,17.71,12644487,229042600.0000,3,3.512765,1,-4.373700,16.564765,2.847523,3.614223,107.354828,0,18.05400000000001,18.116999999999987,17.884499999999996,-1,-1,-1,-1,1,45.45454545454547,44.14141414141418,48.08080808080804,1,0.12770433745551202,0.09950307703193553,0.028201260423576485
2010-08-11,sh.600188,17.6000,17.95,17.6,17.87,5771036,102679403.0000,3,1.603252,1,0.903400,16.714419,2.873249,3.646875,108.324719,0,18.00200000000001,18.06199999999999,17.927999999999997,-1,-1,-1,-1,1,39.39393939393941,44.747474747474804,28.686868686868635,-1,0.10848663534952507,0.10129978869545345,0.007186846654071627
2010-08-12,sh.600188,17.6000,17.86,17.43,17.48,6501022,114356058.0000,3,1.806049,1,-2.182400,16.349638,2.810542,3.567285,105.960609,0,17.93000000000001,17.969999999999988,17.9745,-1,-1,-1,-1,-1,12.827487473156808,32.558657440547286,-26.63485246162415,-1,0.06108260509156338,0.09325635197467544,-0.03217374688311206
2010-08-13,sh.600188,17.5100,17.8,17.39,17.79,5031308,88850028.0000,3,1.397748,1,1.773500,16.639592,2.860386,3.630549,107.839773,0,17.874000000000006,17.964999999999986,18.012999999999998,-1,-1,-1,-1,-1,19.672271188169514,23.964566018421966,11.087681527664607,-1,0.04797594201092181,0.08420026998192472,-0.036224327971002904
2010-08-16,sh.600188,17.7700,18.36,17.6,18.29,12890644,233829034.0000,3,3.581150,1,2.810600,17.107259,2.940779,3.732588,110.870683,0,17.82800000000001,17.983999999999988,18.032500000000002,1,1,1,-1,-1,36.28384143610334,22.927866699143276,62.995790910023466,1,0.07704649438921152,0.08276951486338208,-0.005723020474170559
2010-08-17,sh.600188,18.2400,18.55,18.2,18.39,9762137,179546130.0000,3,2.712020,1,0.546700,17.200792,2.956858,3.752996,111.476865,0,17.964000000000006,18.008999999999986,18.049500000000002,1,1,1,-1,-1,62.519714844489236,39.491942489587416,108.57525955429287,1,0.10692175343898924,0.08759996257850351,0.01932179086048573
2010-08-18,sh.600188,18.4100,18.55,18.15,18.43,9726445,178858827.0000,3,2.702104,1,0.217500,17.238206,2.963289,3.761159,111.719338,0,18.076000000000004,18.038999999999987,18.080000000000002,1,1,1,1,-1,80.99173553719,59.93176393926091,123.11167873304818,1,0.13230069709976888,0.09654010948275658,0.0357605876170123
2010-08-19,sh.600188,18.4500,19.09,18.45,18.87,20715248,390369610.0000,3,5.754904,1,2.387400,17.649753,3.034035,3.850953,114.386538,0,18.354000000000006,18.14199999999999,18.1185,1,1,1,1,1,85.21795495057525,76.24313511075155,103.16759463022265,1,0.18577649971605226,0.11438738752941571,0.07138911218663654
2010-08-20,sh.600188,18.8000,18.81,18.2,18.27,10363816,191394276.0000,3,2.879172,1,-3.179700,17.088552,2.937563,3.728507,110.749447,0,18.450000000000003,18.16199999999999,18.1315,-1,1,1,1,1,74.92464754496838,80.37811267757793,64.01771727974929,-1,0.17769313709671763,0.12704853744287609,0.05064459965384155
2010-08-23,sh.600188,18.3900,18.4,18.01,18.14,5466510,99354416.0000,3,1.518651,1,-0.711500,19.356261,2.985731,3.251708,-456.271891,0,18.42,18.123999999999988,18.13,-1,1,1,1,1,60.98039215686277,73.70766488413553,35.52584670231727,-1,0.1589646548497008,0.13343176092424103,0.025532893925459765
2010-08-24,sh.600188,18.1500,18.37,17.84,18.21,7186698,130279997.0000,3,1.996537,1,0.385900,19.430955,2.997253,3.264256,-458.032587,0,18.384000000000004,18.17399999999999,18.1455,-1,1,1,1,1,48.03921568627453,61.314751796035296,21.488143466753,-1,0.14806382511372007,0.13635817376213683,0.011705651351583246
2010-08-25,sh.600188,18.0500,18.07,17.62,17.67,6679992,119016391.0000,3,1.855769,1,-2.965400,18.854749,2.908372,3.167457,-444.450072,0,18.232000000000003,18.15399999999999,18.107999999999997,-1,-1,-1,1,1,36.274509803921624,48.431372549019706,11.960784313725455,-1,0.09475902888053156,0.12803834478581577,-0.03327931590528421
2010-08-26,sh.600188,18.0000,18.4,17.73,17.89,8807060,159351963.0000,3,2.446690,1,1.245000,19.089499,2.944583,3.206894,-449.983689,0,18.036,18.194999999999993,18.0825,-1,-1,-1,-1,-1,28.056323200421147,37.4566828968725,9.25560380751844,-1,0.06946599446557755,0.11632387472176813,-0.04685788025619057
2010-08-27,sh.600188,17.8000,17.87,17.52,17.8,4396812,77737170.0000,3,1.221478,1,-0.503100,18.993465,2.929769,3.190761,-447.719937,0,17.942,18.195999999999994,18.0805,-1,-1,-1,-1,-1,17.92269012935834,27.41784104456711,-1.0676117010591994,-1,0.041678392066788916,0.10139477819077228,-0.05971638612398336
2010-08-30,sh.600188,18.0000,18.23,17.96,18.13,7963059,144254274.0000,3,2.212218,1,1.853900,19.345591,2.984085,3.249915,-456.020363,0,17.94,18.179999999999996,18.082,1,-1,1,-1,-1,25.383661779164722,23.78755836964814,28.575868598197886,1,0.04575729740031065,0.09026728203267995,-0.0445099846323693
2010-08-31,sh.600188,18.0400,18.33,17.82,18.2,8485911,153279068.0000,3,2.357471,1,0.386100,19.420284,2.995607,3.262463,-457.781059,0,17.938000000000002,18.160999999999994,18.085,1,1,1,-1,-1,33.33333333333335,25.54656174728554,48.906876505428976,1,0.05401561585363268,0.0830169487968705,-0.029001332943237812
2010-09-01,sh.600188,18.1200,18.69,18.1,18.61,18342098,337220775.0000,3,5.095619,1,2.252700,19.857774,3.063090,3.335958,-468.093709,0,18.126,18.178999999999995,18.109,1,1,1,-1,1,55.55390970884972,38.090301607116004,90.48112591231717,1,0.09257679850676581,0.08492891873884956,0.007647879767916255
2010-09-02,sh.600188,18.8600,18.93,18.35,18.5,16080545,297973250.0000,3,4.467337,1,-0.591100,19.740399,3.044985,3.316240,-465.326901,0,18.248,18.141999999999996,18.142000000000003,1,1,1,1,1,65.77059068037555,51.55261124085295,94.20654955942074,1,0.11295861627196402,0.09053485824547244,0.022423758026491575
2010-09-03,sh.600188,18.5700,18.6,18.0,18.15,13251818,240527904.0000,3,3.681488,1,-1.891900,19.366932,2.987377,3.253500,-456.523419,0,18.318,18.129999999999995,18.146,-1,1,1,1,1,66.22684039804278,62.51711359575609,73.64629400261616,1,0.09971977131566945,0.09237184085951185,0.0073479304561576
2010-09-06,sh.600188,18.2000,18.78,18.17,18.67,16945889,313137921.0000,3,4.707738,1,2.865000,19.921797,3.072966,3.346714,-469.602878,0,18.426000000000002,18.183,18.1535,1,1,1,1,1,65.24822695035465,65.74855267625775,64.24757549854846,-1,0.1296925307223873,0.09983597883208693,0.029856551890300356
2010-09-07,sh.600188,18.9000,19.5,18.9,19.02,27178277,521100255.0000,3,7.550398,1,1.874700,20.295264,3.130574,3.409453,-478.406359,0,18.59,18.264,18.219,1,1,1,1,1,67.3329035031163,66.26932361717132,69.46006327500623,1,0.17961771224363332,0.11579232551439621,0.06382538672923711
2010-09-08,sh.600188,18.9500,18.98,18.6,18.97,15892997,298250645.0000,3,4.415234,1,-0.262887,20.241912,3.122344,3.400490,-477.148719,0,18.662,18.394,18.274,1,1,1,1,1,76.85006089261411,69.81039711536177,90.92938844711878,1,0.2126973534669041,0.1351733311048978,0.07752402236200631
2010-09-09,sh.600188,19.0200,19.13,18.48,18.52,10816348,202565236.0000,3,3.004890,1,-2.372200,19.761740,3.048277,3.319825,-465.829957,0,18.666,18.456999999999997,18.326,-1,1,1,1,1,63.55218855218852,69.24505098263973,52.16646369128611,-1,0.20029311392995908,0.14819728766991005,0.05209582626004902
2010-09-10,sh.600188,18.4500,18.77,18.08,18.48,7272606,134017747.0000,3,2.020403,1,-0.216000,19.719058,3.041693,3.312655,-464.823845,0,18.732000000000003,18.524999999999995,18.3605,-1,-1,1,1,1,51.394901394901375,63.93238361323475,26.31993695823462,-1,0.18510126684055805,0.15557808350403965,0.029523183336518405
2010-09-13,sh.600188,18.5000,18.85,18.4,18.77,8820475,164440255.0000,3,2.450416,1,1.569300,20.028502,3.089425,3.364639,-472.118158,0,18.752000000000002,18.588999999999995,18.384499999999996,1,1,1,1,1,44.09523809523808,53.01410934744274,26.257495590828768,-1,0.1942233095273167,0.16330712870869507,0.03091618081862163
2010-09-14,sh.600188,18.8500,18.9,18.4,18.5,9055277,168550425.0000,3,2.515647,1,-1.438500,19.740399,3.044985,3.316240,-465.326901,0,18.648000000000003,18.618999999999996,18.389999999999997,-1,-1,1,1,1,41.31746031746032,45.602533269200016,32.74731441398093,-1,0.17761837648101775,0.1661693782631596,0.011448998217858136
2010-09-15,sh.600188,18.5000,18.56,17.91,18.01,8552967,155318189.0000,3,2.376100,1,-2.648600,19.217545,2.964334,3.228404,-453.002026,0,18.456000000000003,18.558999999999997,18.368999999999996,-1,-1,-1,-1,1,30.31865828092246,38.57711889787371,13.801737047019955,-1,0.12349635342216914,0.1576347732949615,-0.03413841987279237
2010-09-16,sh.600188,18.0100,18.16,17.1,17.39,12032072,210418142.0000,3,3.342630,1,-3.442500,18.555975,2.862286,3.117266,-437.407287,0,18.230000000000004,18.447999999999997,18.294999999999995,-1,-1,-1,-1,-1,17.235324947589124,29.623814515324053,-7.541654187880731,-1,0.030227003693191534,0.1321532193746075,-0.10192621568141597
2010-09-17,sh.600188,17.3200,17.68,17.24,17.48,5658265,98764616.0000,3,1.571923,1,0.517500,18.652009,2.877099,3.133399,-439.671039,0,18.030000000000005,18.380999999999993,18.255499999999998,-1,-1,-1,-1,-1,11.40199161425578,19.65199161425587,-5.0980083857444,-1,-0.03601225325906654,0.09852012484787269,-0.13453237810693924
2010-09-20,sh.600188,17.4800,17.59,17.1,17.19,4680051,80872971.0000,3,1.300165,1,-1.659000,18.342565,2.829367,3.081414,-432.376726,0,17.714000000000006,18.232999999999993,18.208,-1,-1,-1,-1,-1,10.783388067870812,13.140234876571988,6.069694450468461,-1,-0.11063261408195757,0.05668957706190663,-0.1673221911438642
2010-09-21,sh.600188,17.2800,17.39,17.1,17.25,2300471,39668357.0000,3,0.639094,1,0.349000,18.406588,2.839243,3.092170,-433.885894,0,17.464000000000006,18.05599999999999,18.16,-1,-1,-1,-1,-1,9.218664477285143,10.468014719803994,6.71996399224744,-1,-0.1630487644237455,0.012741908764776204,-0.1757906731885217
2010-09-27,sh.600188,17.3000,17.65,17.3,17.63,3712455,65129742.0000,3,1.031357,1,2.202900,18.812067,2.901788,3.160287,-443.443960,0,17.388,17.92199999999999,18.157999999999998,1,-1,-1,-1,-1,13.755701514322162,11.252584686492789,18.76193516998091,1,-0.17194405298869242,-0.02419528358591752,-0.1477487694027749
2010-09-28,sh.600188,17.6300,17.64,17.44,17.55,3591336,62918449.0000,3,0.997709,1,-0.453800,18.726703,2.888621,3.145947,-441.431735,0,17.42,17.824999999999992,18.141,1,-1,-1,-1,-1,20.611202335340224,14.52852277564926,32.776561454722156,1,-0.1833355861607906,-0.05602334410089214,-0.12731224205989847
2010-09-29,sh.600188,17.5200,18.4,17.51,17.9,8915425,160947236.0000,3,2.476795,1,1.994300,19.100170,2.946229,3.208686,-450.235217,0,17.504,17.766999999999992,18.145999999999997,1,1,-1,-1,-1,32.96296296296291,22.443288937541848,54.00231101380505,1,-0.1622510541883777,-0.07726888611838925,-0.08498216806998846
2010-09-30,sh.600188,17.9500,18.39,17.88,18.35,8549276,155772881.0000,3,2.375075,1,2.514000,19.580342,3.020296,3.289352,-461.553980,0,17.736,17.72499999999999,18.157,1,1,1,1,-1,51.68696093353631,35.0870420772799,84.88679864604914,1,-0.10798538322208984,-0.08341218553912937,-0.02457319768296047
2010-10-08,sh.600188,18.9800,20.19,18.98,20.19,28842078,574440085.0000,3,8.012619,1,10.027200,21.543711,3.323149,3.619183,-507.835142,0,18.324,17.89399999999999,18.2565,1,1,1,1,1,76.68696093353631,53.778961610011926,122.50295958058508,1,0.08254168529249029,-0.05022141137280543,0.13276309666529573
2010-10-11,sh.600188,22.2100,22.21,22.21,22.21,10824644,240415343.0000,3,3.007195,1,10.005000,23.699149,3.655628,3.981281,-558.643809,0,19.240000000000002,18.313999999999993,18.4365,1,1,1,1,1,95.20547945205486,74.5264671063759,136.56350414341276,1,0.39201398472365767,0.03822566784648719,0.3537883168771705
2010-10-12,sh.600188,23.3000,24.43,23.03,24.43,88628936,2109104972.0000,3,24.622008,1,9.995500,26.067997,4.021026,4.379229,-614.483037,0,20.616000000000003,19.017999999999994,18.732999999999997,1,1,1,1,1,100.0,90.6308134618638,118.73837307627241,1,0.8071046582412507,0.19200146592543987,0.6151031923158108
2010-10-13,sh.600188,25.0000,26.33,24.73,25.56,77818025,1977740771.0000,3,21.618628,1,4.625500,27.273762,4.207017,4.581789,-642.905707,0,22.148000000000003,19.825999999999997,19.1035,1,1,1,1,1,97.21921271217046,97.47489738807518,96.70784336036101,-1,1.2132628251482984,0.3962537377700116,0.8170090873782868
2010-10-14,sh.600188,25.7900,27.2,25.36,26.65,79524558,2101130399.0000,3,22.092720,1,4.264500,28.436845,4.386424,4.777178,-670.322265,0,23.808000000000003,20.772,19.502499999999998,1,1,1,1,1,95.36736086031858,97.5288578574964,91.04436686596296,-1,1.6046031231507065,0.6379236148461507,0.9666795083045558
2010-10-15,sh.600188,26.2000,29.32,25.55,28.18,73551804,2002458023.0000,3,20.433429,1,5.741100,30.069429,4.638253,5.051440,-708.806057,0,25.406000000000006,21.865,19.9605,1,1,1,1,1,92.1687076616654,94.91842707805154,86.66926882889311,-1,2.0149739763075694,0.9133336871384344,1.101640289169135
2010-10-18,sh.600188,27.5100,28.64,26.4,26.45,61155085,1673458864.0000,3,16.989496,1,-6.139100,28.223435,4.353506,4.741327,-665.291704,0,26.254,22.746999999999996,20.3345,1,1,1,1,1,86.84901513013283,91.46169455070566,77.62365628898715,-1,2.175521237597902,1.165771197230328,1.009750040367574
2010-10-19,sh.600188,26.4800,28.6,26.23,28.52,48052596,1327777368.0000,3,13.349493,1,7.826100,30.432226,4.694215,5.112387,-717.358011,0,27.072000000000003,23.843999999999998,20.8345,1,1,1,1,1,86.36986465098234,88.46252914759357,82.18453565775988,-1,2.441642069234515,1.4209453716311653,1.0206966976033496
2010-10-20,sh.600188,27.1200,30.5,26.81,29.0,70862301,2037018441.0000,3,19.686258,1,1.683000,30.944409,4.773220,5.198430,-729.431358,0,27.76,24.953999999999997,21.3605,1,1,1,1,1,85.22824007185777,86.14903995099104,83.38664031359122,-1,2.660606913744857,1.6688776800539036,0.9917292336909536
2010-10-21,sh.600188,28.9000,29.01,27.83,28.4,38168925,1085585245.0000,3,10.603710,1,-2.069000,30.304180,4.674463,5.090877,-714.339675,0,28.110000000000003,25.958999999999996,21.842,1,1,1,1,1,84.88481156793883,85.4943054302597,83.66582384329709,-1,2.753977012278657,1.8858975464988543,0.8680794657798028
2010-10-22,sh.600188,28.4000,29.65,27.99,28.48,37830820,1084775827.0000,3,10.509781,1,0.281700,30.389544,4.687631,5.105217,-716.351899,0,28.169999999999998,26.788,22.341,1,1,1,1,1,78.20198078872251,82.77167747617308,69.06258741382138,-1,2.8021276363461247,2.0691435644683085,0.7329840718778162
2010-10-25,sh.600188,28.9100,31.33,28.0,31.33,54289513,1635884481.0000,3,15.082171,1,10.007000,21.503885,4.539593,4.952770,-108.187584,0,29.145999999999997,27.7,23.006999999999998,1,1,1,1,1,82.54225856650028,81.87635030772059,83.87407508405968,1,3.035269833135782,2.262368818201803,0.772901014933979
2010-10-26,sh.600188,32.5000,32.7,31.2,31.5,58534085,1867106880.0000,3,16.261356,1,0.542600,21.620567,4.564226,4.979644,-108.774622,0,29.741999999999997,28.407,23.7125,1,1,1,1,1,85.5365756091274,82.09360498811678,92.42251685114863,1,3.196902382379694,2.4492755310373813,0.7476268513423125
2010-10-27,sh.600188,31.4100,31.85,29.92,30.7,39310767,1209057453.0000,3,10.920926,1,-2.539700,21.071474,4.448309,4.853177,-106.012092,0,30.081999999999994,28.921,24.3735,1,1,1,1,1,85.22639939533671,84.43507785698819,86.80904247203375,1,3.2232879707345568,2.6040780189768165,0.6192099517577403
2010-10-28,sh.600188,30.2100,31.3,29.89,30.27,26395175,806170906.0000,3,7.332844,1,-1.400700,20.776336,4.386004,4.785201,-104.527232,0,30.455999999999996,29.282999999999998,25.027499999999996,-1,1,1,1,1,72.7070794571605,81.1566848205416,55.807868730398326,-1,3.172925819494239,2.717847579080301,0.45507824041393796
2010-10-29,sh.600188,30.1300,30.48,29.03,29.39,32419590,962420127.0000,3,9.006487,1,-2.907200,20.172333,4.258495,4.646087,-101.488449,0,30.637999999999995,29.403999999999996,25.634499999999996,-1,-1,1,1,1,61.10360530762384,73.01236138670707,37.28609314945737,-1,3.027110164596621,2.779700096183565,0.24741006841305602
2010-11-01,sh.600188,29.3600,32.33,29.32,32.33,53770456,1687062300.0000,3,14.937972,1,10.003400,22.190252,4.684489,5.110854,-111.640747,0,30.837999999999994,29.991999999999997,26.3695,1,1,1,1,1,68.33367009286688,67.38145161921715,70.23810704016634,1,3.1129000627298637,2.846340089492825,0.26655997323703895
2010-11-02,sh.600188,32.4500,33.15,31.5,31.52,58195658,1870477803.0000,3,16.167338,1,-2.505400,21.634295,4.567124,4.982806,-108.843685,0,30.841999999999995,30.291999999999994,27.068,1,1,1,1,1,70.63995744958946,66.6924109500268,78.53505044871477,1,3.0800243411792145,2.893076939830103,0.1869474013491117
2010-11-03,sh.600188,31.0000,31.33,29.11,29.33,31079853,935307161.0000,3,8.634295,1,-6.948000,20.131151,4.249801,4.636602,-101.281259,0,30.567999999999994,30.324999999999996,27.639500000000005,-1,-1,1,1,1,63.01602029580076,67.32988261275244,54.38829566189739,-1,2.8444661622870626,2.8833547843214946,-0.038888622034432
2010-11-04,sh.600188,29.6800,31.15,29.68,30.67,26628416,810871802.0000,3,7.397641,1,4.568700,21.050883,4.443962,4.848434,-105.908497,0,30.647999999999996,30.552,28.2555,1,1,1,1,1,49.058184899291994,60.90472088156081,25.36511293475435,-1,2.7343910516189993,2.8535620377809954,-0.11917098616199606
2010-11-05,sh.600188,32.0000,32.5,30.62,30.85,28356911,890190964.0000,3,7.877834,1,0.586900,21.174429,4.470043,4.876890,-106.530066,0,30.939999999999998,30.788999999999998,28.7885,-1,1,1,1,1,40.662803241263425,50.91233614545214,20.16373743288601,-1,2.6313476908207285,2.809119168388942,-0.17777147756821332
2010-11-08,sh.600188,30.8500,31.25,29.77,30.51,22973408,697141426.0000,3,6.382243,1,-1.102100,20.941064,4.420779,4.823141,-105.355991,0,30.576,30.707,29.2035,-1,-1,1,-1,1,43.9805825242719,44.56719022160919,42.807367129597324,-1,2.493506337593356,2.7459966022298246,-0.2524902646364686
2010-11-09,sh.600188,30.6000,31.18,29.95,31.15,26680633,818548914.0000,3,7.412148,1,2.097700,21.380339,4.513512,4.924315,-107.566015,0,30.502,30.671999999999997,29.539499999999997,1,1,1,-1,1,43.85113268608418,42.831506150539916,45.890385757172695,1,2.40814907979307,2.678427097742474,-0.270278017949404
2010-11-10,sh.600188,30.9800,31.2,30.25,30.95,20892632,641071534.0000,3,5.804183,1,-0.642100,21.243065,4.484533,4.892698,-106.875382,0,30.826,30.696999999999996,29.809000000000005,1,1,1,1,1,44.660194174757294,44.16396979503787,45.65264293419614,1,2.2978760250516146,2.6023168832043018,-0.3044408581526872
2010-11-11,sh.600188,30.7000,33.65,30.7,31.54,49701120,1608101698.0000,3,13.807470,1,1.906300,21.648022,4.570022,4.985967,-108.912748,0,31.0,30.824,30.053500000000003,1,1,1,1,1,50.52749383402479,46.3462735649555,58.88993437216335,1,2.232358662789199,2.528325239121281,-0.295966576332082
2010-11-12,sh.600188,31.4000,32.37,29.33,29.86,39974817,1228783272.0000,3,11.105405,1,-5.326600,20.494925,4.326596,4.720386,-103.111435,0,30.802,30.871000000000002,30.137500000000006,-1,-1,-1,-1,1,38.88199820366967,44.68989540415066,27.26620380270768,-1,2.0215703172811637,2.4269742547532576,-0.4054039374720939
2010-11-15,sh.600188,29.9100,30.2,27.71,28.95,23984436,688869322.0000,3,6.663117,1,-3.047600,19.870331,4.194741,4.576530,-99.969057,0,30.49,30.533000000000005,30.262500000000006,-1,-1,-1,-1,1,30.306491246285688,39.905327761326795,11.108818216203474,-1,1.760792322170527,2.2937378682367116,-0.5329455460661845
2010-11-16,sh.600188,28.5000,28.64,26.26,26.28,31430112,858985165.0000,3,8.731601,1,-9.222800,18.037731,3.807868,4.154446,-90.749113,0,29.516,30.009000000000004,30.150500000000005,-1,-1,-1,-1,-1,12.555293552851488,27.247927667602358,-16.829974676650252,-1,1.3234216157770575,2.099674617744781,-0.7762530019677234
2010-11-17,sh.600188,25.5000,26.49,25.18,25.78,21637362,557946082.0000,3,6.011076,1,-1.902600,17.694547,3.735420,4.075404,-89.022532,0,28.481999999999992,29.654000000000007,29.989500000000003,-1,-1,-1,-1,-1,9.40996071188389,17.423915170340432,-6.617948205029194,-1,0.9257844912149125,1.8648965924388072,-0.9391121012238948
2010-11-18,sh.600188,26.3600,26.79,25.75,26.5,21723439,573679889.0000,3,6.034989,1,2.792900,18.188731,3.839745,4.189224,-91.508809,0,27.473999999999997,29.237000000000005,29.894500000000004,-1,-1,-1,-1,-1,7.646292281548802,9.870515515428139,3.197845813790128,-1,0.6611310803332877,1.6241434900177034,-0.9630124096844157
2010-11-19,sh.600188,26.8800,26.94,25.21,26.47,18747459,488554931.0000,3,5.208232,1,-0.113200,18.168140,3.835399,4.184482,-91.405214,0,26.795999999999992,28.799,29.794000000000004,-1,-1,-1,-1,-1,12.632821723730844,9.89635823905459,18.105748693083353,1,0.4438541221743755,1.3880856164490378,-0.9442314942746624
2010-11-22,sh.600188,26.1600,27.34,26.0,26.7,20850460,556865674.0000,3,5.792467,1,0.868900,18.326005,3.868725,4.220841,-92.199441,0,26.345999999999993,28.418,29.562500000000007,1,-1,-1,-1,-1,16.253443526170823,12.177519177150236,24.405292224211994,1,0.2869122988626991,1.16785095293177,-0.8809386540690709
2010-11-23,sh.600188,26.3000,26.87,25.26,26.49,20835973,541262057.0000,3,5.788442,1,-0.786500,18.181868,3.838296,4.187644,-91.474277,0,26.387999999999995,27.951999999999998,29.312000000000005,1,-1,-1,-1,-1,16.214088941361684,15.033451397087864,18.575364029909327,1,0.14393038830383276,0.9630668400061826,-0.8191364517023498
2010-11-24,sh.600188,26.0000,26.98,25.9,26.9,16722226,446100768.0000,3,4.645602,1,1.547800,18.463278,3.897704,4.252458,-92.890074,0,26.611999999999995,27.546999999999997,29.122000000000003,1,-1,-1,-1,-1,19.111385516746513,17.19297266142642,22.9482112273867,1,0.06297384426706998,0.7830482408583601,-0.7200743965912901
2010-11-25,sh.600188,27.2200,27.45,26.42,27.18,20957924,564784347.0000,3,5.822322,1,1.040900,18.655461,3.938275,4.296721,-93.856959,0,26.747999999999998,27.110999999999997,28.9675,1,1,-1,-1,-1,26.40970110915845,20.578391855755626,38.072319615964105,1,0.02116488418963769,0.6306715695246157,-0.609506685334978
2010-11-26,sh.600188,27.2000,28.27,26.8,27.49,25714046,709313311.0000,3,7.143620,1,1.140500,18.868235,3.983192,4.345728,-94.927440,0,26.951999999999998,26.873999999999995,28.872500000000002,1,1,-1,1,-1,43.508585759277985,29.676557461727725,71.1726423543785,1,0.012896725904592898,0.5071166008006112,-0.49421987489601826
2010-11-29,sh.600188,27.1800,27.19,26.5,26.67,13601035,363908963.0000,3,3.778504,1,-2.982900,18.305414,3.864378,4.216099,-92.095846,0,26.945999999999998,26.645999999999997,28.589499999999997,-1,1,-1,1,-1,51.60790265182174,40.50872984008614,73.80624827529293,1,-0.059141252534171684,0.3938650301336546,-0.4530062826678263
2010-11-30,sh.600188,26.6200,27.15,25.31,26.26,15532597,407190650.0000,3,4.315111,1,-1.537300,18.024003,3.804970,4.151284,-90.680050,0,26.9,26.644,28.3265,-1,-1,-1,1,-1,49.76559866515404,48.294029025418006,52.708737944626094,1,-0.1476138424501947,0.28556925561688473,-0.43318309806707944
2010-12-01,sh.600188,25.9500,26.6,25.77,26.32,8927845,233503069.0000,3,2.480245,1,0.228500,18.065185,3.813664,4.160769,-90.887239,0,26.784,26.698,28.176,-1,-1,-1,1,-1,39.6027666730123,46.992089329996105,24.824121359044682,-1,-0.2104614403336882,0.18636311642677014,-0.39682455676045836
2010-12-02,sh.600188,26.9200,27.45,26.5,26.61,17222297,465299075.0000,3,4.784527,1,1.101800,18.264232,3.855684,4.206614,-91.888657,0,26.669999999999995,26.709000000000003,27.973000000000003,-1,-1,-1,-1,-1,38.479577877662706,42.61598107194309,30.20677148910194,-1,-0.23416868721865924,0.10225675569768425,-0.33642544291634346
2010-12-03,sh.600188,26.5100,26.51,25.9,26.25,8391507,219885078.0000,3,2.331245,1,-1.352900,18.017140,3.803521,4.149703,-90.645518,0,26.42199999999999,26.687,27.743000000000002,-1,-1,-1,-1,-1,38.00512453043232,38.69582302703585,36.623727537225264,-1,-0.2787921007357319,0.02604698441100102,-0.3048390851467329
2010-12-06,sh.600188,26.7000,26.87,26.05,26.58,8185193,217028107.0000,3,2.273929,1,1.257100,18.243641,3.851337,4.201871,-91.785062,0,26.40399999999999,26.675,27.5465,1,-1,-1,-1,-1,40.21542306426026,38.900041824118496,42.846185544543786,1,-0.28425156032049514,-0.03601272453529821,-0.24823883578519693
2010-12-07,sh.600188,26.2000,28.8,26.01,28.1,22822214,628567951.0000,3,6.340240,1,5.718600,19.286919,4.071579,4.442159,-97.033869,0,26.77199999999999,26.836000000000002,27.394000000000005,1,1,1,-1,-1,51.91282142121751,43.3777896719701,68.98288491971233,1,-0.1640360194217152,-0.06161738351258161,-0.10241863590913358
2010-12-08,sh.600188,28.0000,28.17,27.41,27.52,16144668,449371050.0000,3,4.485151,1,-2.064100,18.888826,3.987539,4.350470,-95.031034,0,27.011999999999993,26.898000000000003,27.222500000000004,1,1,1,1,-1,62.057293683368194,51.395179389615386,83.38152227087382,1,-0.11424850425119715,-0.07214360766030471,-0.042104896590892435
2010-12-09,sh.600188,27.3000,28.06,27.15,27.2,11369507,313607442.0000,3,3.158563,1,-1.162800,18.669188,3.941173,4.299883,-93.926022,0,27.129999999999995,26.9,27.005500000000005,1,1,1,1,1,65.80706781279848,59.92572763912813,77.56974816013917,1,-0.09946628006630576,-0.07760814214150492,-0.021858137924800833
2010-12-10,sh.600188,27.0000,28.24,26.65,27.78,15204703,419394033.0000,3,4.224019,1,2.132400,19.067281,4.025212,4.391572,-95.928857,0,27.435999999999996,26.928999999999995,26.901500000000006,1,1,1,1,1,62.75071633237824,63.5383592761817,61.17543044477132,-1,-0.04048344026257311,-0.07018320176571856,0.029699761503145447
2010-12-13,sh.600188,28.0000,29.48,27.8,29.42,29655694,848352464.0000,3,8.238649,1,5.903500,20.192924,4.262842,4.650830,-101.592043,0,28.003999999999998,27.203999999999997,26.925000000000004,1,1,1,1,1,74.43703869610776,67.6649409470949,87.98123419413346,1,0.1370157469370774,-0.028743412025159357,0.16575915896223675
2010-12-14,sh.600188,29.4600,29.46,29.0,29.23,18856861,550542336.0000,3,5.238625,1,-0.645800,20.062514,4.235312,4.620794,-100.935942,0,28.229999999999997,27.500999999999998,27.07250000000001,1,1,1,1,1,87.39104935705446,74.85960146184688,112.45394514746962,1,0.25936393352441556,0.028878057084755625,0.23048587643965993
2010-12-15,sh.600188,29.2800,30.74,29.09,29.75,26045864,779228547.0000,3,7.235802,1,1.779000,20.419425,4.310658,4.702997,-102.731587,0,28.676,27.844,27.271000000000008,1,1,1,1,1,90.31498788271217,84.04769197862487,102.8495796908868,1,0.3937465420070936,0.10185175406922323,0.2918947879378704
2010-12-16,sh.600188,29.7800,30.5,29.35,29.55,17802539,533921713.0000,3,4.945724,1,-0.672300,20.282151,4.281678,4.671380,-102.040955,0,29.145999999999997,28.137999999999998,27.423500000000008,1,1,1,1,1,82.46788398470876,86.72464040815852,73.95437113780926,-1,0.4785905054393105,0.1771995043432407,0.30139100109606975
2010-12-17,sh.600188,29.5200,29.55,28.99,29.13,10325845,300849887.0000,3,2.868623,1,-1.421300,19.993877,4.220822,4.604985,-100.590626,0,29.415999999999997,28.426,27.556500000000007,-1,1,1,1,1,73.4496124031008,82.07749475684064,56.193847695621145,-1,0.506105399804273,0.24298068343544715,0.2631247163688259
2010-12-20,sh.600188,29.4800,29.68,26.73,28.55,14013013,401644850.0000,3,3.892956,1,-1.991100,19.595784,4.136782,4.513296,-98.587792,0,29.241999999999997,28.623,27.649,-1,-1,1,1,1,62.41938346333643,72.77895995038206,41.70023048924517,-1,0.4756272640525552,0.28950999955886875,0.18611726449368643
2010-12-21,sh.600188,28.6200,29.59,28.4,29.34,14661393,426831287.0000,3,4.073082,1,2.767100,20.138014,4.251250,4.638183,-101.315790,0,29.263999999999992,28.746999999999996,27.791500000000003,1,1,1,1,1,59.39562796900608,65.08820794514784,48.01046801672254,-1,0.5093480720641423,0.3334776140599235,0.17587045800421885
2010-12-22,sh.600188,29.5200,29.93,28.93,28.95,16394645,483673361.0000,3,4.554597,1,-1.329200,19.870331,4.194741,4.576530,-99.969057,0,29.103999999999992,28.889999999999997,27.894000000000005,-1,1,1,1,1,56.15321923390388,59.322743555415535,49.81417059088058,-1,0.49885186099556833,0.36655246344705245,0.13229939754851588
2010-12-23,sh.600188,28.9400,29.4,28.56,28.63,8795867,255000965.0000,3,2.443580,1,-1.105400,19.650694,4.148374,4.525943,-98.864045,0,28.919999999999995,29.032999999999998,27.966500000000007,-1,-1,1,-1,1,56.46214537007118,57.33699752432711,54.71244106155932,-1,0.4594163467852006,0.3851252401146821,0.07429110667051853
2010-12-24,sh.600188,28.4900,29.31,27.67,28.09,8613546,242873779.0000,3,2.392930,1,-1.886100,19.280055,4.070130,4.440578,-96.999337,0,28.711999999999996,29.063999999999993,27.996500000000008,-1,-1,1,-1,1,45.84382564371469,52.81973008256332,31.89201676601742,-1,0.3802071393920592,0.3841416199701575,-0.003934480578098309
2010-12-27,sh.600188,28.1900,29.98,27.78,28.11,24737660,719470856.0000,3,6.872370,1,0.071200,19.293783,4.073028,4.443740,-97.068400,0,28.623999999999995,28.932999999999993,28.06850000000001,-1,-1,1,-1,1,38.570241064006645,46.958737359264234,21.793248473491474,-1,0.31541124027330625,0.3703955440307872,-0.05498430375748098
2010-12-28,sh.600188,27.7900,27.86,26.85,27.26,13441048,366482245.0000,3,3.734058,1,-3.023800,18.710370,3.949866,4.309368,-94.133212,0,28.20799999999999,28.73599999999999,28.11850000000001,-1,-1,-1,-1,1,27.46251083167414,37.29219251313189,7.803147468758652,-1,0.19324452455036933,0.33496534013470364,-0.1417208155843343
2010-12-29,sh.600188,27.3600,27.53,26.29,26.81,10758625,287761344.0000,3,2.988854,1,-1.650800,18.401505,3.884663,4.238230,-92.579289,0,27.77999999999999,28.44199999999999,28.143000000000008,-1,-1,-1,-1,-1,20.854820482118935,28.962524125933303,4.639413194490196,-1,0.059430208533250095,0.27985831381441295,-0.22042810528116286
2010-12-30,sh.600188,26.8200,27.47,26.6,27.2,8504834,230522025.0000,3,2.362728,1,1.454700,18.669188,3.941173,4.299883,-93.926022,0,27.49399999999999,28.206999999999987,28.172500000000007,-1,-1,-1,-1,-1,17.603914323847047,21.973748545880103,8.864245879780931,-1,-0.014976223771135722,0.22089140629730322,-0.23586763006843894
2010-12-31,sh.600188,27.4500,28.46,27.45,28.39,13015792,365273836.0000,3,3.615717,1,4.375000,19.485965,4.113599,4.488003,-98.035286,0,27.553999999999984,28.13299999999999,28.279500000000006,1,1,1,-1,-1,31.88798554652213,23.44890678416277,48.766143071240855,1,0.021827582529084566,0.1810786415436595,-0.15925105901457492
2011-01-04,sh.600188,29.2000,30.0,28.82,28.96,20325415,596174815.0000,3,5.646291,1,2.007700,19.877195,4.196190,4.578111,-100.003589,0,27.723999999999982,28.173999999999985,28.398500000000006,1,1,1,-1,-1,51.17982356822671,33.55724114619869,86.42498841228274,1,0.09588381159587911,0.16403967555410343,-0.06815586395822432
2011-01-05,sh.600188,28.5000,29.48,28.21,29.46,16726924,486984561.0000,3,4.646649,1,1.726500,20.220378,4.268638,4.657153,-101.730170,0,28.16399999999998,28.185999999999986,28.466500000000007,1,1,1,-1,-1,71.44098934250799,51.502932819085665,111.31710238935266,1,0.1926984205616442,0.1697714245556116,0.022926996006032624
2011-01-06,sh.600188,29.3900,29.55,28.75,28.87,11347994,329045352.0000,3,3.152411,1,-2.002700,19.815422,4.183149,4.563883,-99.692804,0,28.575999999999983,28.177999999999987,28.53400000000001,1,1,1,1,1,75.65139263252473,66.09073518108653,94.77270753540114,1,0.2192888017107606,0.17967489998664138,0.039613901724119216
2011-01-07,sh.600188,28.9400,28.94,27.81,28.17,11997718,341833962.0000,3,3.332901,1,-2.424700,19.334965,4.081722,4.453225,-97.275590,0,28.769999999999982,28.131999999999987,28.582500000000003,-1,1,-1,1,1,68.55345911949689,71.88194703150992,61.89648329547083,-1,0.1817822478907125,0.18009636956745562,0.0016858783232568952
2011-01-10,sh.600188,28.0000,28.36,27.35,27.47,8713350,242667650.0000,3,2.420522,1,-2.484900,18.854508,3.980295,4.342566,-94.858376,0,28.585999999999977,28.069999999999986,28.567000000000007,-1,-1,-1,1,1,50.673854447439375,64.95956873315372,22.1024258760107,-1,0.09448472284206488,0.16297404022237746,-0.06848931738031258
2011-01-11,sh.600188,27.4900,28.03,27.43,27.94,9476061,263314260.0000,3,2.632399,1,1.711000,19.177100,4.048396,4.416865,-96.481363,0,28.381999999999977,28.052999999999987,28.493000000000013,-1,-1,-1,1,-1,42.3180592991914,53.84845762204261,19.25726265348898,-1,0.06250535452369732,0.14288030308264144,-0.08037494855894411
2011-01-12,sh.600188,28.2000,29.25,28.16,28.67,13807074,397116202.0000,3,3.835531,1,2.612700,19.678148,4.154170,4.532267,-99.002171,0,28.22399999999998,28.19399999999999,28.46500000000001,1,1,1,1,-1,45.7208921304371,46.237601959022676,44.68747247326594,-1,0.09497160037656016,0.1332985625414252,-0.03832696216486503
2011-01-13,sh.600188,28.8500,29.0,28.03,28.81,8564943,244234859.0000,3,2.379295,1,0.488300,19.774240,4.174455,4.554398,-99.485614,0,28.21199999999998,28.393999999999988,28.418000000000006,1,1,1,-1,-1,53.48369536493843,47.17421559818903,66.10265489843722,1,0.1304939115105519,0.13273763233525054,-0.0022437208246986473
2011-01-14,sh.600188,29.1200,29.17,27.6,27.75,9853779,279129823.0000,3,2.737327,1,-3.679300,19.046690,4.020865,4.386829,-95.825262,0,28.127999999999975,28.44899999999999,28.32800000000001,-1,-1,-1,-1,-1,43.69034406215312,47.631643852509605,35.80774448144017,-1,0.07227926739603774,0.12064595934740799,-0.04836669195137025
2011-01-17,sh.600188,27.2000,27.99,26.55,26.61,9152817,247439837.0000,3,2.542603,1,-4.108100,18.264232,3.855684,4.206614,-91.888657,0,27.95599999999997,28.270999999999994,28.20200000000001,-1,-1,-1,-1,-1,24.062893081760947,40.41231083628422,-8.635942427285599,-1,-0.06509436280645886,0.08349789491663462,-0.14859225772309348
2011-01-18,sh.600188,26.3700,26.6,25.2,25.9,9535459,244885986.0000,3,2.648899,1,-2.668200,17.776911,3.752808,4.094374,-89.436911,0,27.547999999999973,27.964999999999993,28.069500000000012,-1,-1,-1,-1,-1,11.06209788187663,26.271778341930286,-19.357263038230684,-1,-0.22861963589609147,0.0210743887540894,-0.24969402465018087
2011-01-19,sh.600188,26.0100,26.97,25.88,26.94,8727347,230277529.0000,3,2.424410,1,4.015400,18.490733,3.903500,4.258781,-93.028200,0,27.201999999999977,27.712999999999994,27.94950000000001,-1,-1,-1,-1,-1,20.351638995317142,18.49220998631829,24.070497013314842,1,-0.271169412409094,-0.037374371478547275,-0.2337950409305467
2011-01-20,sh.600188,26.9400,26.94,25.47,25.48,8280851,215101360.0000,3,2.300376,1,-5.419500,17.488637,3.691951,4.027979,-87.986583,0,26.535999999999973,27.373999999999995,27.77600000000001,-1,-1,-1,-1,-1,21.98949907762169,17.801078651605206,30.366339929654664,1,-0.41788311865250805,-0.11347612091333943,-0.3044069977391686
2011-01-21,sh.600188,25.4000,25.92,25.2,25.52,6137727,156942133.0000,3,1.705027,1,0.157000,17.516091,3.697747,4.034302,-88.124709,0,26.089999999999975,27.10899999999999,27.62050000000001,-1,-1,-1,-1,-1,19.259259259259277,20.533465777399417,16.710846222978994,-1,-0.5248766706249555,-0.19575623085566263,-0.32912043976929284
2011-01-24,sh.600188,25.6100,25.79,24.03,24.07,8520654,210015463.0000,3,2.366992,1,-5.681800,16.520859,3.487648,3.805080,-83.117624,0,25.581999999999976,26.768999999999995,27.41950000000001,-1,-1,-1,-1,-1,5.1936994465730075,15.480819261151373,-15.380540182583722,-1,-0.7183915427330021,-0.3002832932311305,-0.4181082495018716
2011-01-25,sh.600188,23.9800,24.05,23.29,23.4,7950710,186794989.0000,3,2.208664,1,-2.783500,16.060993,3.390568,3.699164,-80.804005,0,25.081999999999976,26.31499999999999,27.184000000000008,-1,-1,-1,-1,-1,3.5127554640417116,9.321904723291379,-8.105543054457623,-1,-0.915266254011577,-0.42327988538721983,-0.4919863686243572
2011-01-26,sh.600188,23.3000,24.35,23.3,23.89,8534729,204486243.0000,3,2.370902,1,2.094000,16.397313,3.461567,3.776625,-82.496054,0,24.471999999999976,25.83699999999999,27.01550000000001,-1,-1,-1,-1,-1,4.280371152292325,4.328942020969062,4.183229414938852,-1,-1.019994118927709,-0.5426227320953176,-0.47737138683239144
2011-01-27,sh.600188,23.7600,24.8,23.45,24.6,10140332,247408855.0000,3,2.816929,1,2.972000,16.884634,3.564443,3.888865,-84.947800,0,24.295999999999975,25.41599999999999,26.905000000000012,1,-1,-1,-1,-1,13.315723452501581,7.036283356278585,25.874603644947577,1,-1.0337838237032813,-0.6408549504169103,-0.39292887328637094
2011-01-28,sh.600188,24.6200,24.85,24.26,24.63,5624080,137978503.0000,3,1.562339,1,0.122000,16.905225,3.568790,3.893607,-85.051395,0,24.117999999999974,25.10399999999999,26.776500000000016,1,-1,-1,-1,-1,24.829821845481963,14.141972150092002,46.20552123626189,1,-1.0304135488271235,-0.718766670098953,-0.31164687872817054
2011-01-31,sh.600188,24.9900,25.29,24.7,25.28,6812640,170771994.0000,3,1.892515,1,2.639100,17.351363,3.662972,3.996362,-87.295950,0,24.359999999999975,24.97099999999999,26.621000000000016,1,1,-1,-1,-1,39.45382362010486,25.866456306029516,66.62855824825556,1,-0.9641785636811093,-0.7678490488153843,-0.19632951486572503
2011-02-01,sh.600188,25.5600,26.28,25.55,26.15,9588652,249165532.0000,3,2.663676,1,3.441500,17.948503,3.789032,4.133895,-90.300202,0,24.909999999999975,24.995999999999988,26.480500000000017,1,1,-1,-1,-1,56.28176493944807,40.18847013501168,88.46835454832085,1,-0.83189555749912,-0.7806583505521314,-0.051237206946988634
2011-02-09,sh.600188,25.7800,25.88,24.7,24.89,7662052,194017013.0000,3,2.128477,1,-4.818400,17.083680,3.606463,3.934709,-85.949217,0,25.109999999999975,24.79099999999999,26.25200000000002,-1,1,-1,1,-1,61.98131900856736,52.57230252270681,80.79935198028845,1,-0.8192875548494243,-0.78838419141159,-0.030903363437834286
2011-02-10,sh.600188,24.8500,26.1,24.37,25.93,9250344,233602098.0000,3,2.569696,1,4.178400,17.797502,3.757155,4.099117,-89.540506,0,25.375999999999976,24.83599999999999,26.105000000000018,1,1,-1,1,-1,73.38739481681705,63.88349292161087,92.3951986072294,1,-0.7171099168207498,-0.774129336493422,0.05701941967267221
2011-02-11,sh.600188,25.9000,26.3,25.73,26.19,10336393,269917260.0000,3,2.871394,1,1.002700,17.975958,3.794828,4.140218,-90.438328,0,25.687999999999978,24.90299999999999,26.006000000000018,1,1,1,1,-1,79.38384500568525,71.58418627702326,94.9831624630092,1,-0.6081432782875069,-0.7409321248522389,0.132788846564732
2011-02-14,sh.600188,26.4600,28.05,26.46,27.65,19807704,544915186.0000,3,5.502473,1,5.574600,18.978054,4.006376,4.371021,-95.479946,0,26.161999999999978,25.260999999999992,26.015000000000015,1,1,1,1,1,92.07292556661933,81.61472179637393,112.98933310711013,1,-0.39937291159294475,-0.6726202822003801,0.2732473706074353
2011-02-15,sh.600188,27.6700,28.16,27.2,27.6,18284974,507148728.0000,3,5.079467,1,-0.180800,18.943735,3.999131,4.363117,-95.307287,0,26.451999999999977,25.680999999999994,25.99800000000001,1,1,1,1,1,92.0116219052049,87.8227974925032,100.38927073060833,1,-0.23524373071722593,-0.5851449719037493,0.3499012411865233
2011-02-16,sh.600188,27.4000,28.56,27.32,28.42,15559417,437352878.0000,3,4.322322,1,2.971000,19.506556,4.117946,4.492746,-98.138881,0,27.157999999999976,26.133999999999997,25.985500000000012,1,1,1,1,1,92.14451227065342,92.07635324749259,92.28083031697508,1,-0.03855854649018298,-0.475827686821036,0.437269140330853
2011-02-17,sh.600188,28.2200,28.5,27.71,28.07,14126621,395810223.0000,3,3.924299,1,-1.231500,19.266328,4.067232,4.437416,-96.930274,0,27.585999999999974,26.481,25.948500000000013,1,1,1,1,1,91.05335956789416,91.7364979145842,89.68708287451406,-1,0.08805871803516752,-0.36305040584979525,0.45110912388496277
2011-02-18,sh.600188,28.0700,28.07,28.07,28.07,0,0.0000,3,,0,0.000000,19.266328,4.067232,4.437416,-96.930274,0,27.96199999999997,26.825,25.964500000000015,1,1,1,1,1,91.11838818893268,91.43875334249346,90.47765788181115,-1,0.18625676040647932,-0.25318897259854034,0.43944573300501966
2011-02-21,sh.600188,27.5100,28.43,27.4,28.26,12110622,338863120.0000,3,3.364265,1,0.676900,19.396738,4.094762,4.467452,-97.586375,0,28.083999999999968,27.123,26.047000000000015,1,1,1,1,1,89.81702466189341,90.66292413957346,88.12522570653331,-1,0.2762266595816456,-0.14730584616250314,0.42353250574414875
2011-02-22,sh.600188,28.7000,28.96,27.01,27.11,14776202,410180689.0000,3,4.104749,1,-4.069400,18.607415,3.928132,4.285656,-93.615238,0,27.98599999999997,27.219,26.107500000000016,-1,-1,1,1,1,80.28019127743026,87.07186804275216,66.69683774678646,-1,0.2518301229287836,-0.06747865234424578,0.31930877527302937
2011-02-23,sh.600188,27.0300,27.38,26.95,27.19,7459693,202357215.0000,3,2.072262,1,0.295100,18.662325,3.939724,4.298302,-93.891491,0,27.73999999999997,27.449,26.120000000000015,-1,-1,1,1,1,65.91210765408016,78.66977453113465,40.39677389997118,-1,0.2362279346915983,-0.006737334937076969,0.24296526962867526
2011-02-24,sh.600188,27.3200,28.08,27.22,27.48,9031244,249549224.0000,3,2.508831,1,1.066600,18.861371,3.981744,4.344147,-94.892908,0,27.621999999999968,27.604000000000003,26.220000000000017,-1,-1,1,1,1,48.565409165615534,64.91923603237537,15.857755432095871,-1,0.24444584493663157,0.04349930103766474,0.20094654389896682
2011-02-25,sh.600188,27.4800,27.69,27.0,27.26,7183975,195701493.0000,3,1.995669,1,-0.800600,18.710370,3.949866,4.309368,-94.133212,0,27.45999999999997,27.711000000000002,26.307000000000016,-1,-1,1,-1,1,33.808041320744074,49.42851938014663,2.5670852019389514,-1,0.2305488134199294,0.08090920351411766,0.1496396099058117
2011-02-28,sh.600188,27.3000,27.86,27.1,27.83,7788129,214520154.0000,3,2.163500,1,2.091000,19.101600,4.032457,4.399476,-96.101515,0,27.373999999999967,27.729000000000003,26.495000000000015,1,1,1,-1,1,33.334660033167474,38.569370173175734,22.86523975315096,-1,0.2625035743294113,0.11722807767717638,0.1452754966522349
2011-03-01,sh.600188,27.8000,28.3,27.5,28.03,12894452,360510242.0000,3,3.582009,1,0.718652,19.238873,4.061436,4.431093,-96.792147,0,27.55799999999997,27.772000000000002,26.726500000000016,1,1,1,-1,1,37.64510779436153,34.92926971609106,43.07678395090245,1,0.3005022778986124,0.1538829177214636,0.1466193601771488
2011-03-02,sh.600188,27.8100,28.3,27.6,27.83,7454559,207738544.0000,3,2.070836,1,-0.713500,19.101600,4.032457,4.399476,-96.101515,0,27.685999999999968,27.713,26.92350000000002,1,1,1,-1,1,47.09784411276942,39.359203980099515,62.57512437810924,1,0.310894398610678,0.18528521389930647,0.12560918471137156
2011-03-03,sh.600188,28.2000,28.6,27.6,27.64,12150967,342200826.0000,3,3.375473,1,-0.682700,18.971190,4.004927,4.369440,-95.445414,0,27.717999999999968,27.669999999999998,27.075500000000016,-1,-1,1,1,1,43.94693200663348,42.89662797125485,46.047540077390735,1,0.3003367222613207,0.2082955155717093,0.09204120668961138
2011-03-04,sh.600188,27.8200,30.36,27.4,29.6,35803723,1045564904.0000,3,9.946081,1,7.091200,20.316470,4.288923,4.679285,-102.213613,0,28.185999999999968,27.823,27.32400000000002,1,1,1,1,1,51.94068756899762,47.66182122946688,60.49842024805909,1,0.44499567415557095,0.25563554728848165,0.1893601268670893
2011-03-07,sh.600188,30.0900,32.56,29.9,32.56,57833721,1828806592.0000,3,16.065895,1,10.000000,22.348117,4.717815,5.147213,-112.434974,0,29.13199999999997,28.253000000000004,27.688000000000024,1,1,1,1,1,70.68032272654325,55.52264743405815,100.99567331151347,1,0.789386640179206,0.3623857658666265,0.4270008743125795
2011-03-08,sh.600188,33.3700,34.0,32.14,33.57,59998980,1991280855.0000,3,16.667393,1,3.102000,23.041348,4.864161,5.306878,-115.922668,0,30.23999999999997,28.899,28.059000000000026,1,1,1,1,1,90.52325094260578,71.04808707938226,129.47357866905284,1,1.1307825635290136,0.516065125399104,0.6147174381299096
2011-03-09,sh.600188,33.2100,34.1,32.91,33.59,42958046,1438783923.0000,3,11.933513,1,0.059600,23.055075,4.867058,5.310040,-115.991731,0,31.391999999999975,29.538999999999998,28.494000000000028,1,1,1,1,1,95.55801475519786,85.587196141449,115.49965198269558,1,1.386967032666,0.6902455068524832,0.6967215258135168
2011-03-10,sh.600188,33.2500,33.66,31.3,31.87,41994695,1347065426.0000,3,11.665899,1,-5.120600,21.874523,4.617837,5.038135,-110.052292,0,32.23799999999998,29.977999999999998,28.791000000000032,-1,1,1,1,1,84.93896713615023,90.340077611318,74.1367461858147,-1,1.4346674910192974,0.8391299036858461,0.5955375873334513
2011-03-11,sh.600188,31.4000,32.47,30.89,31.06,35706283,1130209583.0000,3,9.919013,1,-2.541600,21.318566,4.500471,4.910087,-107.255230,0,32.52999999999998,30.357999999999997,29.034500000000026,-1,1,1,1,1,71.86220807431654,84.11972998855491,47.34716424583982,-1,1.391074773307274,0.9495188776101317,0.44155589569714226
2011-03-14,sh.600188,31.1100,31.99,30.68,31.62,28406722,889833328.0000,3,7.891234,1,1.803000,21.702932,4.581613,4.998614,-109.189001,0,32.34199999999998,30.737000000000002,29.233000000000025,-1,1,1,1,1,61.91826581378819,72.90648034141834,39.94183675852787,-1,1.385740595347059,1.036763221157517,0.3489773741895419
2011-03-15,sh.600188,31.2500,31.25,29.34,30.02,34979378,1047745416.0000,3,9.717082,1,-5.060100,20.604744,4.349780,4.745680,-103.663941,0,31.631999999999984,30.936,29.354000000000024,-1,-1,1,1,1,52.23880597014924,62.00642661941802,32.70356467161167,-1,1.2381341528386614,1.0770374074937459,0.16109674534491547
2011-03-16,sh.600188,30.0100,31.58,29.92,31.25,33030724,1016257668.0000,3,9.175757,1,4.097300,21.448976,4.528002,4.940123,-107.911331,0,31.16399999999998,31.278000000000002,29.49550000000003,1,-1,1,-1,1,53.18407960199004,55.780383795309184,47.99147121535175,-1,1.206497946852437,1.1029295153654841,0.10356843148695294
2011-03-17,sh.600188,30.5100,32.73,30.38,31.33,37159958,1180681967.0000,3,10.322836,1,0.256000,21.503885,4.539593,4.952770,-108.187584,0,31.055999999999983,31.647000000000002,29.658500000000025,1,-1,1,-1,1,46.12462895606001,50.51583817606646,37.3422105160471,-1,1.1743442476113515,1.1172124618146575,0.05713178579669398
2011-03-18,sh.600188,32.2500,32.82,31.54,31.69,24275600,780391737.0000,3,6.743631,1,1.149100,21.750977,4.591756,5.009680,-109.430722,0,31.18199999999998,31.856,29.839500000000026,1,-1,1,-1,1,49.54638571846647,49.61836475883887,49.40242763772166,-1,1.1644877111961272,1.1266675116909515,0.03782019950517568
2011-03-21,sh.600188,32.5000,32.72,31.53,31.63,19445723,623863039.0000,3,5.401917,1,-0.189300,21.709795,4.583062,5.000195,-109.223533,0,31.18399999999998,31.762999999999998,30.008000000000028,1,-1,1,-1,1,46.428571428571395,47.36652870103265,44.55265688364889,-1,1.1387085135922206,1.1290757120712054,0.0096328015210152
2011-03-22,sh.600188,31.8800,31.98,30.7,31.52,15172123,475432409.0000,3,4.214734,1,-0.347800,21.634295,4.567124,4.982806,-108.843685,0,31.48399999999998,31.558,30.228500000000025,1,-1,1,-1,1,49.31398485320054,48.429647333412824,51.082659892775965,1,1.09675947257956,1.1226124641728763,-0.025852991593316332
2011-03-23,sh.600188,31.7100,33.05,31.53,33.0,28158181,915397141.0000,3,7.822191,1,4.695400,22.650118,4.781570,5.216770,-113.954365,0,31.833999999999982,31.499000000000002,30.519000000000023,1,1,1,1,1,65.74149925518776,53.82801851231992,89.56846074092344,1,1.1694574094205876,1.1319814532224186,0.037475956198169014
2011-03-24,sh.600188,33.1500,33.25,32.35,32.44,17907399,586293902.0000,3,4.974579,1,-1.697000,22.265753,4.700428,5.128243,-112.020594,0,32.05599999999998,31.556,30.767000000000017,1,1,1,1,1,76.13304717870498,63.72951042903113,100.94012067805268,1,1.1684149678069105,1.139268156139317,0.029146811667593475
2011-03-25,sh.600188,32.4400,33.7,32.03,33.18,26127847,862091555.0000,3,7.258175,1,2.281100,22.773664,4.807651,5.245225,-114.575935,0,32.353999999999985,31.768,31.063000000000017,1,1,1,1,1,88.66985768952158,76.84813470780482,112.31330365295511,1,1.2133143087898475,1.1540773866694232,0.05923692212042431
2011-03-28,sh.600188,33.4500,36.45,33.45,34.94,35166454,1239762630.0000,3,9.769051,1,5.304400,19.076049,4.679762,4.931896,-98.138441,0,33.015999999999984,32.1,31.418500000000016,1,1,1,1,1,81.4110796948078,82.07132818767816,80.09058270906706,-1,1.3750637718529504,1.1982746637061286,0.1767891081468218
2011-03-29,sh.600188,34.4800,36.4,34.25,35.31,30654852,1087656449.0000,3,8.515752,1,1.059000,19.278056,4.729318,4.984123,-99.177686,0,33.77399999999999,32.629000000000005,31.782500000000017,1,1,1,1,1,82.05615399843515,84.04569712758821,78.07706774012902,-1,1.515635986254491,1.2617469282158011,0.2538890580386899
2011-03-30,sh.600188,35.0800,35.87,34.15,34.94,20735191,722091752.0000,3,5.760124,1,-1.047900,19.076049,4.679762,4.931896,-98.138441,0,34.161999999999985,32.998000000000005,32.13800000000001,1,1,1,1,1,77.27806597822506,80.24843322382272,71.33733148702973,-1,1.5789830375804321,1.3251941500887274,0.2537888874917047
2011-03-31,sh.600188,34.5100,35.38,33.97,34.5,18679064,650159897.0000,3,5.188943,1,-1.259300,18.835824,4.620829,4.869789,-96.902582,0,34.573999999999984,33.315000000000005,32.48100000000001,-1,1,1,1,1,73.68173244514476,77.67198414060171,65.70122905423088,-1,1.5755200944588132,1.3752593389627445,0.2002607554960687
2011-04-01,sh.600188,34.7900,37.2,34.05,36.97,33454297,1198808158.0000,3,9.293423,1,7.159400,20.184359,4.951654,5.218437,-103.840245,0,35.33199999999998,33.843,32.84950000000001,1,1,1,1,1,78.76254180602,76.57411340979667,83.13939859846664,1,1.7518893544694123,1.4505853420640782,0.3013040124053341
2011-04-06,sh.600188,36.4900,38.7,36.36,37.11,37435079,1398939805.0000,3,10.399263,1,0.378700,20.260795,4.970405,5.238199,-104.233473,0,35.765999999999984,34.391000000000005,33.07700000000001,1,1,1,1,1,80.12425425523473,77.52284283546656,85.32707709477106,1,1.8812739387572677,1.536723061402716,0.3445508773545516
2011-04-07,sh.600188,37.3100,37.8,36.5,37.24,19713489,731574654.0000,3,5.476301,1,0.350300,20.331770,4.987817,5.256549,-104.598613,0,36.15199999999999,34.96300000000001,33.260500000000015,1,1,1,1,1,84.13225025723374,81.00634877282955,90.38405322604208,1,1.9715749784271566,1.6236934448076041,0.34788153361955243
2011-04-08,sh.600188,37.2400,38.1,36.85,37.68,17217321,647147441.0000,3,4.782879,1,1.181500,20.571995,5.046749,5.318656,-105.834472,0,36.69999999999999,35.43100000000001,33.46500000000001,1,1,1,1,1,80.2142861623581,81.4902635582756,77.6623313705231,-1,2.05495528040867,1.7099458119278172,0.3450094684808529
2011-04-11,sh.600188,37.9000,39.5,37.0,37.17,36954230,1419587060.0000,3,10.265686,1,-1.353500,20.293553,4.978441,5.246668,-104.401999,0,37.233999999999995,35.90400000000001,33.730000000000004,-1,1,1,1,1,74.7687313368109,79.70508925213431,64.89601550616408,-1,2.0561796733524957,1.779192584212753,0.2769870891397428
2011-04-12,sh.600188,36.6000,37.18,35.9,36.04,22927700,836393790.0000,3,6.369191,1,-3.040100,19.676611,4.827093,5.087165,-101.228088,0,37.04799999999999,36.19000000000001,33.979000000000006,-1,-1,1,1,1,61.20914584926535,72.06405444947818,39.49932864883968,-1,1.9435642584412136,1.812066919058445,0.13149733938276853
2011-04-13,sh.600188,35.5100,37.88,34.82,37.79,25083625,906620994.0000,3,6.968096,1,4.855700,20.632051,5.061482,5.334183,-106.143436,0,37.18399999999998,36.475000000000016,34.28750000000001,1,1,1,1,1,55.999183018745725,63.992353401607396,40.012842253022384,-1,1.9727850671752094,1.844210548681798,0.1285745184934115
2011-04-14,sh.600188,37.4300,37.95,36.72,37.0,16846940,630525444.0000,3,4.679989,1,-2.090500,20.200738,4.955672,5.222672,-103.924508,0,37.13599999999998,36.64400000000002,34.636500000000005,-1,1,1,1,1,53.76732971669679,56.99188619490269,47.318216760285,-1,1.9101770390645285,1.857403846758344,0.05277319230618449
2011-04-15,sh.600188,36.9300,37.66,35.82,36.39,17677494,643827266.0000,3,4.910712,1,-1.648600,19.867699,4.873970,5.136568,-102.211158,0,36.877999999999986,36.789000000000016,34.8935,-1,-1,1,1,1,55.60186030050156,55.12279101198143,56.559998877541844,1,1.7906957972220852,1.8440622368510922,-0.053366439629007
2011-04-18,sh.600188,35.8800,36.95,35.56,36.14,13102963,472927935.0000,3,3.639932,1,-0.687000,19.731208,4.840486,5.101280,-101.508965,0,36.67199999999998,36.95300000000002,35.134,-1,-1,1,-1,1,41.9776504737601,50.44894683031955,25.03505776064121,-1,1.6567353280039612,1.806596855081666,-0.14986152707770484
2011-04-19,sh.600188,35.4500,35.8,34.85,34.9,15650746,551432651.0000,3,4.347693,1,-3.431100,19.054210,4.674404,4.926250,-98.026090,0,36.44399999999998,36.746000000000016,35.2945,-1,-1,-1,-1,1,24.28343657701454,40.620982450425466,-8.391655169807308,-1,1.4339829908330302,1.732074082231939,-0.29809109139890877
2011-04-20,sh.600188,35.1600,35.44,34.9,35.0,9352868,328205736.0000,3,2.598176,1,0.286500,19.108807,4.687798,4.940365,-98.306967,0,35.88599999999998,36.53500000000001,35.463,-1,-1,-1,-1,1,11.253561253561221,25.838216101445344,-17.915748442207025,-1,1.2510974504189605,1.6358787558693433,-0.3847813054503828
2011-04-21,sh.600188,35.5000,36.72,35.23,36.4,18723947,675395063.0000,3,5.201411,1,4.000000,19.873159,4.875310,5.137980,-102.239245,0,35.765999999999984,36.45100000000001,35.707,1,-1,1,-1,1,13.105413105413058,16.214136978662996,6.887965358913185,-1,1.2052344492350713,1.5497498945424888,-0.3445154453074175
2011-04-22,sh.600188,36.1500,36.38,35.26,35.51,11561719,413043533.0000,3,3.211783,1,-2.445100,19.387249,4.756106,5.012353,-99.739440,0,35.58999999999999,36.23400000000001,35.832499999999996,-1,-1,-1,-1,-1,19.883855347114068,14.747609902029504,30.1563462372832,1,1.0845698819344705,1.456713892020885,-0.3721440100864146
2011-04-25,sh.600188,35.6300,35.73,33.4,33.79,19299335,656795134.0000,3,5.361251,1,-4.843700,18.448188,4.525734,4.769570,-94.908355,0,35.11999999999999,35.89600000000001,35.9,-1,-1,-1,-1,-1,21.458946922205644,18.14940512491098,28.078030516794975,1,0.8404643675885879,1.3334639871344256,-0.4929996195458377
2011-04-26,sh.600188,33.4000,34.08,33.28,33.85,12169067,409191835.0000,3,3.380501,1,0.177600,18.480946,4.533770,4.778039,-95.076881,0,34.90999999999998,35.67700000000001,35.9335,-1,-1,-1,-1,-1,14.273908152584447,18.53890347396811,5.743917509817123,-1,0.6444219917610354,1.1956555880597475,-0.551233596298712
2011-04-27,sh.600188,34.1000,34.85,33.6,34.26,12969547,444964699.0000,3,3.602870,1,1.211200,17.956312,4.268133,4.535493,7033.414444,0,34.761999999999986,35.324000000000005,35.8995,-1,-1,-1,-1,-1,14.383808415664292,16.705554496818184,9.74031625335651,-1,0.5161902501096947,1.059762520469737,-0.5435722703600423
2011-04-28,sh.600188,34.5500,34.8,33.91,33.99,12904311,443354276.0000,3,3.584748,1,-0.788100,17.814800,4.234496,4.499750,6977.984733,0,34.27999999999999,35.02300000000001,35.8335,-1,-1,-1,-1,-1,17.97534857396195,15.54435504740362,22.837335627078602,1,0.38830281434172775,0.9254705792441351,-0.5371677649024074
2011-04-29,sh.600188,33.8800,35.56,33.79,35.4,14837175,516373429.0000,3,4.121687,1,4.148300,18.553807,4.410155,4.686412,7267.451002,0,34.25799999999999,34.92400000000001,35.8565,1,1,-1,-1,-1,34.44946174893662,22.269539579521012,58.809306087767844,1,0.3961596345879954,0.8196083903129072,-0.4234487557249118
2011-05-03,sh.600188,35.4000,35.75,34.85,35.68,11128789,392161142.0000,3,3.091517,1,0.791000,18.700561,4.445038,4.723479,7324.933665,0,34.63599999999999,34.87800000000001,35.915499999999994,1,1,-1,-1,-1,50.24713262784358,34.22398098358078,82.29343591636918,1,0.42013680561184685,0.7397140733726951,-0.31957726776084827
2011-05-04,sh.600188,35.2000,35.2,32.63,33.14,22372205,753718465.0000,3,6.214878,1,-7.118800,17.369299,4.128603,4.387223,6803.483791,0,34.49399999999999,34.70200000000001,35.724,-1,-1,-1,-1,-1,47.95492883000697,44.21717440226245,55.43043768549602,1,0.23151337201957034,0.6380739331020702,-0.4065605610824998
2011-05-05,sh.600188,32.6000,32.98,32.5,32.52,13612580,445724570.0000,3,3.781501,1,-1.870900,17.044345,4.051363,4.305144,6676.200751,0,34.146,34.45400000000001,35.494499999999995,-1,-1,-1,-1,-1,27.584114476934204,41.92872531159498,-1.1051071923873508,-1,0.03163446111941681,0.5167860387055395,-0.4851515775861227
2011-05-06,sh.600188,31.5000,32.2,29.92,31.59,18393516,573528317.0000,3,5.109619,1,-2.859800,16.556915,3.935503,4.182027,6485.276191,0,33.666,33.973000000000006,35.211999999999996,-1,-1,-1,-1,-1,13.876613845344053,29.805219050761803,-17.980596565491446,-1,-0.19951436606582718,0.3735259577512662,-0.5730403238170934
2011-05-09,sh.600188,31.6000,32.35,31.6,31.83,11230205,359122404.0000,3,3.119690,1,0.759700,16.682703,3.965402,4.213799,6534.547045,0,32.952,33.605000000000004,34.9195,-1,-1,-1,-1,-1,20.640660642605773,20.700462988294735,20.52105595122785,-1,-0.35919490740963766,0.2269817847190854,-0.586176692128723
2011-05-10,sh.600188,32.2500,32.55,31.9,32.51,10209477,330283374.0000,3,2.836138,1,2.136300,17.039104,4.050117,4.303821,6674.147799,0,32.318,33.477000000000004,34.6865,1,-1,-1,-1,-1,35.2773013150371,23.264858600995705,59.30218674311988,1,-0.4259623411415774,0.09639295954695284,-0.5223553006885302
2011-05-11,sh.600188,32.6900,32.77,31.7,32.04,9152131,295361483.0000,3,2.542413,1,-1.445700,16.792768,3.991564,4.241600,6577.659043,0,32.098,33.29600000000001,34.4865,-1,-1,-1,-1,-1,37.85020011435099,31.25605402399802,51.038492295056926,1,-0.5109116143943311,-0.025067955241303938,-0.48584365915302713
2011-05-12,sh.600188,31.2800,31.79,30.8,30.91,13076925,406519249.0000,3,3.632699,1,-3.526800,16.200514,3.850788,4.092005,6345.675437,0,31.775999999999993,32.961000000000006,34.1425,-1,-1,-1,-1,-1,32.59005145797593,35.23918429578807,27.291785782351653,-1,-0.661787408374181,-0.15241184586787937,-0.5093755625063017
2011-05-13,sh.600188,30.9700,31.65,30.82,31.62,9727426,303800059.0000,3,2.702226,1,2.297000,16.572638,3.939240,4.185998,6491.435048,0,31.781999999999993,32.724000000000004,33.8735,-1,-1,-1,-1,-1,27.501429388221805,32.64722698684964,17.209834190966134,-1,-0.7158150257843374,-0.26509248185117096,-0.45072254393316646
2011-05-16,sh.600188,31.4700,31.87,30.88,30.96,7481162,234289447.0000,3,2.078226,1,-2.087300,16.226720,3.857017,4.098625,6355.940198,0,31.607999999999993,32.28000000000001,33.602000000000004,-1,-1,-1,-1,-1,21.94587383266625,27.345784892954725,11.146051712089303,-1,-0.8026364921223887,-0.3726012839054145,-0.4300352082169742
2011-05-17,sh.600188,30.7100,33.8,30.5,32.7,24560156,802092053.0000,3,6.822679,1,5.620200,17.138687,4.073787,4.328974,6713.153892,0,31.645999999999994,31.982000000000006,33.43000000000001,1,1,-1,-1,-1,40.16865798620322,29.871987069030485,60.7619998205487,1,-0.7227087350696024,-0.44262277413825213,-0.2800859609313503
2011-05-18,sh.600188,32.0000,33.78,31.9,32.99,16609206,547579710.0000,3,4.613948,1,0.886900,17.290681,4.109916,4.367365,6772.689507,0,31.835999999999995,31.967000000000006,33.334500000000006,1,1,-1,-1,-1,56.8233885244195,39.64597344776305,91.1782186777324,1,-0.6287173728764586,-0.4798416938858934,-0.14887567899056514
2011-05-19,sh.600188,33.3000,33.49,32.51,32.63,8447366,277604605.0000,3,2.346633,1,-1.091200,17.101998,4.065067,4.319707,6698.783226,0,32.17999999999999,31.97800000000001,33.21600000000001,1,1,-1,1,-1,71.77288347391449,56.254976661512465,102.80869709871855,1,-0.57663049511401,-0.49919945413151673,-0.07743104098249326
2011-05-20,sh.600188,32.6300,32.63,32.63,32.63,0,0.0000,3,,0,0.000000,17.101998,4.065067,4.319707,6698.783226,0,32.38199999999999,32.08200000000001,33.02750000000001,1,1,-1,1,-1,69.40487347703852,66.00038182512424,76.2138567808671,1,-0.5292504000566538,-0.5052096433165442,-0.024040756740109637
2011-05-23,sh.600188,32.6300,33.0,31.65,31.68,10709362,347451660.0000,3,2.975003,1,-2.911400,16.604085,3.946715,4.193941,6503.752761,0,32.525999999999996,32.067000000000014,32.836000000000006,-1,-1,-1,1,-1,54.949494949495026,65.37575063348275,34.09698358151957,-1,-0.5618813751535257,-0.5165439896839404,-0.04533738546958521
2011-05-24,sh.600188,31.5800,32.23,31.19,32.11,9138299,290282325.0000,3,2.538570,1,1.357300,16.829456,4.000285,4.250867,6592.029708,0,32.407999999999994,32.027000000000015,32.75200000000001,-1,1,-1,1,-1,49.69696969696974,58.01711270783449,33.05668367524022,-1,-0.5467417530766738,-0.5225835423624872,-0.024158210714186668
2011-05-25,sh.600188,32.1100,32.97,31.7,32.22,12634926,411334753.0000,3,3.509914,1,0.342600,16.887109,4.013989,4.265429,6614.612183,0,32.25399999999999,32.045000000000016,32.67050000000001,-1,1,-1,1,-1,45.55555555555555,50.067340067340176,36.531986531986306,-1,-0.5198746217848225,-0.5220417582469542,0.0021671364621317357
2011-05-26,sh.600188,32.9000,33.14,31.9,31.94,7725958,251203746.0000,3,2.146229,1,-0.869000,16.740356,3.979106,4.228361,6557.129520,0,32.11599999999999,32.14800000000001,32.55450000000001,-1,-1,-1,-1,-1,48.181818181818194,47.81144781144789,48.92255892255881,1,-0.5152365602680149,-0.5206807186511664,0.005444158383151487
2011-05-27,sh.600188,32.7000,33.3,32.11,32.49,18299215,598494037.0000,3,5.083423,1,1.722000,17.028622,4.047625,4.301173,6670.041894,0,32.087999999999994,32.235000000000014,32.479500000000016,1,1,1,-1,-1,52.020202020202056,48.58585858585866,58.88888888888886,1,-0.4618564658002242,-0.508915868080978,0.04705940228075378
2011-05-30,sh.600188,32.1000,32.93,31.43,31.57,13128470,422166224.0000,3,3.647018,1,-2.831600,16.546432,3.933011,4.179379,6481.170286,0,32.06599999999999,32.296000000000014,32.28800000000002,-1,-1,-1,-1,-1,39.53706953706956,46.579696579696666,25.451815451815364,-1,-0.48816144630779945,-0.5047649837263423,0.016603537418542813
2011-05-31,sh.600188,31.4500,32.68,30.76,32.47,12633011,400124687.0000,3,3.509382,1,2.850800,17.018139,4.045134,4.298525,6665.935990,0,32.13799999999999,32.27300000000001,32.12750000000002,1,1,1,-1,1,45.870735870735835,45.809335809335884,45.99353599353573,1,-0.43141279632019547,-0.4900945462451129,0.058681749924917426
2011-06-01,sh.600188,32.2000,33.3,32.05,33.22,17096990,564446028.0000,3,4.749451,1,2.309800,17.411228,4.138569,4.397814,6819.907409,0,32.337999999999994,32.296000000000014,32.131500000000024,1,1,1,1,1,58.05319033665486,47.82033191482015,78.51890718032426,1,-0.3222061583376501,-0.45651686866362035,0.13431071032597025
2011-06-02,sh.600188,32.5100,34.8,32.28,34.38,29135575,980978790.0000,3,8.093705,1,3.491900,18.019206,4.283083,4.551380,7058.049871,0,32.82599999999999,32.47100000000002,32.22450000000002,1,1,1,1,1,83.03057224472988,62.31816615070693,124.45538443277579,1,-0.14043792449562886,-0.39330107983002205,0.2528631553343932
2011-06-03,sh.600188,34.0000,34.76,33.82,34.09,17601604,604044557.0000,3,4.889631,1,-0.843500,17.867212,4.246955,4.512988,6998.514256,0,33.145999999999994,32.61700000000002,32.34950000000002,1,1,1,1,1,89.62669889036154,76.90348715724883,115.07312235658696,1,-0.019560386021161946,-0.31855294106825005,0.2989925550470881
2011-06-07,sh.600188,33.7800,34.47,33.2,34.24,12342935,418141284.0000,3,3.428801,1,0.440000,17.945830,4.265642,4.532846,7029.308540,0,33.67999999999999,32.87300000000002,32.47000000000002,1,1,1,1,1,86.05610561056113,86.23779224855093,85.69273233458154,-1,0.087332960487565,-0.23737576075708705,0.32470872124465205
2011-06-08,sh.600188,34.0100,34.14,33.34,33.56,12781391,430175101.0000,3,3.550601,1,-1.986000,17.589429,4.180927,4.442824,6889.707786,0,33.897999999999996,33.018000000000015,32.52250000000002,-1,1,1,1,1,79.29042904290436,84.99107784794244,67.88913143282824,-1,0.11584104723385735,-0.16673239915889815,0.2825734463927555
2011-06-09,sh.600188,33.5500,34.33,32.57,32.6,15333382,514248084.0000,3,4.259531,1,-2.860500,17.086275,4.061329,4.315735,6692.624369,0,33.773999999999994,33.05600000000002,32.55050000000003,-1,-1,1,1,1,66.99669966996704,77.4477447744776,46.09460946094595,-1,0.060275120357211165,-0.12133089525567628,0.18160601561288744
2011-06-10,sh.600188,32.6900,32.92,31.33,32.13,13034051,415868927.0000,3,3.620789,1,-1.441700,16.839939,4.002776,4.253514,6596.135613,0,33.324,33.07500000000002,32.61150000000003,-1,-1,-1,1,1,49.58745874587461,65.29152915291543,18.17931793179298,-1,-0.02143921118839387,-0.1013525584422198,0.07991334725382593
2011-06-13,sh.600188,31.4600,32.13,31.24,31.94,6141492,194966319.0000,3,1.706073,1,-0.591300,16.740356,3.979106,4.228361,6557.129520,0,32.89399999999999,33.02000000000002,32.62750000000003,-1,-1,-1,-1,1,36.221122112211226,50.93509350935105,6.793179317931589,-1,-0.10037278477896194,-0.10115660370956822,0.0007838189306062782
2011-06-14,sh.600188,31.8500,33.34,31.68,33.14,13666250,446632834.0000,3,3.796410,1,3.757000,17.369299,4.128603,4.387223,6803.483791,0,32.67399999999999,33.177000000000014,32.73650000000003,1,-1,1,-1,-1,38.8298661326807,41.54614899692226,33.397300404197566,-1,-0.06534498306469061,-0.0939942795805927,0.02864929651590209
2011-06-15,sh.600188,33.0600,33.9,32.9,33.0,11531507,384828034.0000,3,3.203390,1,-0.422500,17.295922,4.111162,4.368689,6774.742460,0,32.56199999999999,33.23000000000002,32.75150000000003,1,-1,1,-1,-1,44.00563651870806,39.685541587866744,52.64582638039069,1,-0.04832496766957206,-0.08486041719838858,0.036535449528816516
2011-06-16,sh.600188,32.4000,33.12,32.24,32.42,7482132,244617482.0000,3,2.078496,1,-1.757600,16.991933,4.038905,4.291906,6655.671228,0,32.52599999999999,33.15000000000002,32.72300000000003,-1,-1,-1,-1,-1,45.44390534559077,42.759802665659926,50.81211070545247,1,-0.08070729215864958,-0.08402979219044078,0.0033225000317912007
2011-06-17,sh.600188,32.5300,33.25,32.15,32.18,7798716,254573034.0000,3,2.166441,1,-0.740300,16.866145,4.009005,4.260134,6606.400374,0,32.53599999999999,32.93000000000002,32.70050000000002,-1,-1,-1,-1,-1,37.35436556752696,42.26796914394202,27.527158414696842,-1,-0.12430361713261817,-0.09208455717887626,-0.03221905995374191
2011-06-20,sh.600188,32.1400,33.36,32.0,33.28,17162283,565002471.0000,3,4.767590,1,3.418300,17.442675,4.146044,4.405757,6832.225123,0,32.80399999999999,32.84900000000001,32.73300000000002,1,1,1,-1,1,42.88143731037269,41.89323607449689,44.85783978212429,1,-0.06929442881155978,-0.08752653150541297,0.018232102693853183
2011-06-21,sh.600188,33.5500,34.57,32.95,34.36,18089360,611576873.0000,3,5.025127,1,3.245200,18.008724,4.280591,4.548732,7053.943967,0,33.04799999999999,32.86100000000001,32.867000000000026,1,1,1,1,1,62.93842611736145,47.72474299842045,93.36579235524346,1,0.060747464360908054,-0.05787173233214876,0.11861919669305682
2011-06-22,sh.600188,33.6900,34.27,33.36,33.79,12318699,416084311.0000,3,3.422068,1,0.059200,17.709976,4.209580,4.473273,6936.925688,0,33.20599999999999,32.884000000000015,32.95100000000002,1,1,1,1,1,78.76322924866611,61.52769755880016,113.234292628398,1,0.11646977423266236,-0.02300343101918654,0.1394732052518489
2011-06-23,sh.600188,33.4900,34.6,33.46,34.41,12185862,416975353.0000,3,3.385167,1,1.834900,18.034930,4.286820,4.555351,7064.208728,0,33.60399999999999,33.06500000000001,33.06050000000002,1,1,1,1,1,88.20516945516935,76.63560827373239,111.34429181804327,1,0.20825825320076063,0.0232489058248029,0.18500934737595773
2011-06-24,sh.600188,34.3000,35.6,33.94,34.17,24015204,831863121.0000,3,6.671294,1,-0.697500,17.909141,4.256921,4.523579,7014.937874,0,34.00199999999999,33.26900000000001,33.17200000000001,1,1,1,1,1,78.14740761169324,81.705268771843,71.03168529139373,-1,0.25865369110224634,0.07032986288029158,0.18832382822195476
2011-06-27,sh.600188,33.8900,35.42,33.8,34.91,18504914,643205450.0000,3,5.140565,1,2.165600,18.296989,4.349111,4.621543,7166.856341,0,34.32799999999999,33.56600000000001,33.29300000000001,1,1,1,1,1,79.56632653061212,81.972967865825,74.75304386018635,-1,0.3542210149156375,0.12710809328736078,0.22711292162827673
2011-06-28,sh.600188,34.9100,35.22,34.48,34.97,12032235,419439521.0000,3,3.342490,1,0.171900,18.328436,4.356586,4.629486,7179.174055,0,34.44999999999998,33.74900000000001,33.46300000000001,1,1,1,1,1,75.61791383219945,77.77721599150169,71.29930951359495,-1,0.42984531687866223,0.18765553800562107,0.24218977887304116
2011-06-29,sh.600188,34.9700,35.29,34.2,34.23,10093647,350671868.0000,3,2.803961,1,-2.116100,17.940588,4.264396,4.531522,7027.255588,0,34.53799999999998,33.872000000000014,33.55100000000001,-1,1,1,1,1,75.09259259259245,76.7589443184681,71.75988914084118,-1,0.4251652649479354,0.23515748339408393,0.19000778155385145
2011-06-30,sh.600188,34.3000,35.31,34.24,35.3,16297434,571220195.0000,3,4.527339,1,3.125900,18.501396,4.397697,4.673173,7246.921479,0,34.71599999999999,34.16000000000001,33.65500000000001,1,1,1,1,1,78.70370370370357,76.47140337616526,83.16830435878018,1,0.502009494746396,0.28852788566454635,0.21348160908184965
2011-07-01,sh.600188,35.5000,36.5,35.11,35.87,19861701,713106273.0000,3,5.517473,1,1.614700,18.800143,4.468708,4.748633,7363.939758,0,35.05599999999998,34.52900000000001,33.72950000000001,1,1,1,1,1,78.62154407929042,77.4726134585289,80.91940532081347,1,0.6019642674403869,0.3512151620197145,0.2507491054206724
2011-07-04,sh.600188,36.0800,36.98,35.78,36.26,20861495,756676010.0000,3,5.795211,1,1.087300,19.004550,4.517295,4.800262,7444.004896,0,35.32599999999998,34.82700000000001,33.83800000000001,1,1,1,1,1,84.67689501033199,80.66738093110875,92.69592316877848,1,0.7045275307483223,0.421877635765436,0.2826498949828863
2011-07-05,sh.600188,36.0000,36.2,35.6,36.08,11423119,409675468.0000,3,3.173281,1,-0.496400,18.910208,4.494870,4.776433,7407.051756,0,35.54799999999998,34.99900000000001,33.93000000000001,1,1,1,1,1,78.93194551538254,80.74346153500174,75.30891347614411,-1,0.7624955856961577,0.49000122575158034,0.2724943599445774
2011-07-06,sh.600188,35.9800,36.5,35.38,35.73,10930535,390389154.0000,3,3.036444,1,-0.970100,18.726767,4.451267,4.730099,7335.198427,0,35.84799999999998,35.193000000000005,34.03850000000001,-1,1,1,1,1,71.74471310625273,78.45118454398919,58.331770230779824,-1,0.7713025166587499,0.5462614839330142,0.22504103272573572
2011-07-07,sh.600188,35.7500,36.42,35.36,35.72,12269093,441306094.0000,3,3.408288,1,-0.028000,18.721525,4.450021,4.728775,7333.145474,0,35.931999999999974,35.32400000000001,34.19450000000001,-1,1,1,1,1,65.16700019058509,71.94788627074023,51.60522803027479,-1,0.7686150407273473,0.5907321952918808,0.1778828454354665
2011-07-08,sh.600188,35.7200,35.98,35.47,35.81,8314498,296780493.0000,3,2.309723,1,0.251960,18.768696,4.461233,4.740689,7351.622045,0,35.91999999999997,35.488000000000014,34.37850000000001,-1,1,1,1,1,59.660950484895125,65.52422126057775,47.93440893352988,-1,0.7649298098326298,0.6255717182000307,0.13935809163259916
2011-07-11,sh.600188,35.5500,35.61,34.9,35.23,12124626,426004487.0000,3,3.368156,1,-1.619700,18.464707,4.388976,4.663906,7232.550814,0,35.71399999999998,35.52000000000002,34.543000000000006,-1,-1,1,1,1,51.780462422514795,58.8694710326651,37.60244520221417,-1,0.707057565572299,0.6418688876744844,0.06518867789781468
2011-07-12,sh.600188,34.7600,34.76,33.94,34.01,15632831,534444207.0000,3,4.342716,1,-3.463000,17.825282,4.236988,4.502397,6982.090638,0,35.299999999999976,35.424000000000014,34.58650000000001,-1,-1,-1,-1,1,32.42222011864188,47.954544342017364,1.3575716718909092,-1,0.5563364902620975,0.624762408192007,-0.06842591792990949
2011-07-13,sh.600188,34.0000,34.87,34.0,34.66,8788614,303578118.0000,3,2.441430,1,1.911200,18.165959,4.317966,4.588447,7115.532535,0,35.08599999999998,35.467000000000006,34.669500000000006,-1,-1,-1,-1,1,21.012400605831036,35.07169438232933,-7.106186947165554,-1,0.48376201256593276,0.5965623290667922,-0.11280031650085942
2011-07-14,sh.600188,34.9800,35.64,34.74,35.19,11043177,388935034.0000,3,3.067735,1,1.529100,18.443742,4.383993,4.658611,7224.339005,0,34.979999999999976,35.456,34.80800000000001,1,-1,1,-1,1,22.368421052631536,25.26768059236825,16.56990197315811,-1,0.4636679116636202,0.5699834455861578,-0.10631553392253756
2011-07-15,sh.600188,34.9900,35.25,34.6,34.97,10240289,357033022.0000,3,2.844697,1,-0.625200,18.328436,4.356586,4.629486,7179.174055,0,34.811999999999976,35.36600000000001,34.947500000000005,1,-1,1,-1,-1,35.012335526315745,26.131052394926204,52.77490178909482,1,0.4250908478608011,0.5410049260410864,-0.11591407818028532
2011-07-18,sh.600188,34.9500,34.95,34.16,34.34,12020118,414302578.0000,3,3.339124,1,-1.801500,17.998241,4.278100,4.546084,7049.838062,0,34.63399999999998,35.174000000000014,35.00050000000001,-1,-1,-1,-1,-1,32.3259320175439,29.90222953216383,37.173336988304044,1,0.33976590217071845,0.5007571212670128,-0.16099121909629432
2011-07-19,sh.600188,34.1500,34.9,34.01,34.29,8955645,307981978.0000,3,2.487830,1,-0.145600,17.972036,4.271871,4.539465,7039.573301,0,34.68999999999998,34.99500000000002,34.99700000000001,-1,-1,-1,-1,-1,23.32409274193553,30.22078676193183,9.53070470194293,-1,0.26505529341444145,0.4536167556964985,-0.18856146228205706
2011-07-20,sh.600188,34.7000,34.82,34.1,34.32,4989577,171560477.0000,3,1.386078,1,0.087500,17.987759,4.275608,4.543437,7045.732158,0,34.62199999999998,34.85400000000001,35.02350000000001,-1,-1,-1,-1,-1,16.121784735399626,23.92393649829312,0.5174812096126331,-1,0.2058939299339997,0.40407219054399873,-0.19817826060999905
2011-07-21,sh.600188,34.1600,34.47,33.84,33.86,5357372,182506793.0000,3,1.488249,1,-1.340300,17.746664,4.218301,4.482540,6951.296354,0,34.35599999999998,34.66800000000002,34.996000000000016,-1,-1,-1,-1,-1,11.28382177243652,16.909899749923994,0.03166581746157249,-1,0.12050090806261693,0.34735793404772236,-0.22685702598510543
2011-07-22,sh.600188,34.0600,34.3,33.95,34.06,4108732,140268180.0000,3,1.141384,1,0.590700,17.851488,4.243217,4.509017,6992.355399,0,34.173999999999985,34.493000000000016,34.99050000000002,-1,-1,-1,-1,-1,10.653594771241751,12.6864004263594,6.587983461006456,-1,0.06817872958146864,0.29152209315447164,-0.223343363573003
2011-07-25,sh.600188,33.8100,34.24,32.67,32.83,8838760,295542523.0000,3,2.455360,1,-3.611300,17.206822,4.089983,4.346184,6739.842271,0,33.87199999999998,34.253000000000014,34.88650000000003,-1,-1,-1,-1,-1,6.240179573512747,9.392532039063775,-0.06452535758931077,-1,-0.07171105389613786,0.21887546374434974,-0.2905865176404876
2011-07-26,sh.600188,32.7000,33.17,32.7,32.98,3760937,123958718.0000,3,1.044768,1,0.456900,17.285440,4.108670,4.366041,6770.636555,0,33.60999999999998,34.15000000000002,34.78700000000002,-1,-1,-1,-1,-1,9.349046015712544,8.74760678682245,10.551924473492729,1,-0.16852827965328032,0.1413947150648237,-0.30992299471810403
2011-07-27,sh.600188,32.8300,33.5,32.63,33.44,5430581,180451742.0000,3,1.508586,1,1.394800,17.526534,4.165977,4.426938,6865.072359,0,33.43399999999998,34.02800000000001,34.747500000000024,1,-1,-1,-1,-1,15.580315453088815,10.389847014104804,25.961252331056837,1,-0.20576652456667688,0.07196246713852358,-0.2777289917052005
2011-07-28,sh.600188,33.0000,33.95,32.63,33.5,9348302,311840015.0000,3,2.596908,1,0.179400,17.557982,4.173452,4.434881,6877.390073,0,33.36199999999998,33.859000000000016,34.65750000000003,1,-1,-1,-1,-1,26.284580324020354,17.071313930940672,44.71111311017972,1,-0.22781054523025546,0.012007864664767769,-0.23981840989502323
2011-07-29,sh.600188,33.2900,33.58,32.5,32.55,7819247,256750504.0000,3,2.172145,1,-2.835800,17.060069,4.055100,4.309116,6682.359608,0,33.05999999999998,33.61700000000001,34.49150000000002,-1,-1,-1,-1,-1,23.499787955894664,21.788227911001382,26.922908045681233,1,-0.31826884580451775,-0.05404747742908934,-0.2642213683754284
2011-08-01,sh.600188,32.6800,33.32,32.6,33.02,6613696,218820509.0000,3,1.837249,1,1.443900,17.306405,4.113653,4.371337,6778.848364,0,33.097999999999985,33.485000000000014,34.329500000000024,-1,-1,-1,-1,-1,20.665708812260473,23.483359030725268,15.030408375330879,-1,-0.34802086083216466,-0.11284215410970441,-0.23517870672246025
2011-08-02,sh.600188,33.3900,33.55,32.74,33.49,11973770,397245286.0000,3,3.326249,1,1.423400,17.552740,4.172206,4.433557,6875.337120,0,33.19999999999999,33.405000000000015,34.200000000000024,1,1,-1,-1,-1,24.91697784779355,23.027491538649667,28.69595046608132,1,-0.3298719169269617,-0.15624810667315586,-0.17362381025380585
2011-08-03,sh.600188,33.0000,34.1,32.88,33.81,15628100,526774307.0000,3,4.341402,1,0.955500,17.720458,4.212072,4.475920,6941.031593,0,33.27399999999999,33.35400000000001,34.10400000000002,1,1,-1,-1,-1,48.481792662608484,31.354826440887607,82.73572510605024,1,-0.28636636922998093,-0.18227175918452088,-0.10409461004546006
2011-08-04,sh.600188,33.8800,34.34,33.62,33.66,8716915,296029298.0000,3,2.421512,1,-0.443700,17.641841,4.193385,4.456063,6910.237309,0,33.30599999999999,33.33400000000002,34.00100000000002,1,1,-1,-1,-1,62.02502104841543,45.14126385293926,95.79253543936778,1,-0.26098320372118167,-0.19801404809185302,-0.06296915562932864
2011-08-05,sh.600188,32.5800,33.05,32.25,32.74,9239979,303018602.0000,3,2.566816,1,-2.733200,17.159651,4.078771,4.334269,6721.365701,0,33.343999999999994,33.20200000000001,33.84750000000001,-1,-1,-1,1,-1,53.08874403840076,54.531852583141664,50.20252694891896,-1,-0.31151225406361505,-0.22071368928620544,-0.09079856477740961
2011-08-08,sh.600188,32.3500,32.45,29.7,30.79,15254966,475814940.0000,3,4.237747,1,-5.956000,16.137620,3.835838,4.076119,6321.040010,0,32.89799999999999,32.99800000000002,33.62550000000001,-1,-1,-1,-1,-1,36.65994454925635,50.59123654535762,8.797360557053821,-1,-0.5031060997271908,-0.2771921713744025,-0.22591392835278828
2011-08-09,sh.600188,29.4900,30.59,28.91,30.15,17846759,531409785.0000,3,4.957733,1,-2.078600,15.802183,3.756107,3.991393,6189.651065,0,32.22999999999999,32.71500000000002,33.43250000000001,-1,-1,-1,-1,-1,23.257483717057436,37.66872410157162,-5.564997051970934,-1,-0.6985359662758341,-0.36146093035468885,-0.3370750359211453
2011-08-10,sh.600188,30.9100,31.08,30.3,30.4,11692911,358962049.0000,3,3.248228,1,0.829200,15.933213,3.787252,4.024489,6240.974872,0,31.54799999999999,32.411000000000016,33.21950000000001,-1,-1,-1,-1,-1,24.58920746808909,28.168878578134397,17.429865247998478,-1,-0.823746990309381,-0.4539181423456273,-0.36982884796375376
2011-08-11,sh.600188,29.7200,30.8,29.52,30.68,11759960,355683344.0000,3,3.266853,1,0.921100,16.079966,3.822135,4.061557,6298.457535,0,30.95199999999999,32.12900000000001,32.994000000000014,-1,-1,-1,-1,-1,27.624309392265122,25.15700019247065,32.55892779185407,1,-0.8901231830386891,-0.5411591504842397,-0.3489640325544494
2011-08-12,sh.600188,31.0000,31.34,30.6,30.63,9753683,301943437.0000,3,2.709520,1,-0.163000,16.053761,3.815905,4.054938,6288.192774,0,30.52999999999999,31.937000000000012,32.77700000000001,1,-1,-1,-1,-1,30.570902394106742,27.594806418153752,36.523094346012726,1,-0.935972072692266,-0.620121734925845,-0.315850337766421
2011-08-15,sh.600188,30.7500,31.25,30.45,31.24,7837996,242136309.0000,3,2.177353,1,1.991500,16.373473,3.891900,4.135692,6413.422862,0,30.619999999999994,31.759000000000015,32.62200000000001,1,-1,-1,-1,-1,35.727440147329574,31.307550644567247,44.56721915285423,1,-0.9125662503673766,-0.6786106380141513,-0.23395561235322526
2011-08-16,sh.600188,31.4000,31.57,31.05,31.19,8762387,274268393.0000,3,2.434144,1,-0.160100,16.347267,3.885671,4.129073,6403.158100,0,30.827999999999992,31.529000000000014,32.46700000000001,1,-1,-1,-1,-1,38.8581952117863,35.05217925107431,46.4702271332103,1,-0.8878173439832935,-0.7204519792079798,-0.16736536477531372
2011-08-17,sh.600188,31.0000,31.27,30.8,30.88,4643889,143774962.0000,3,1.290047,1,-0.993900,16.184790,3.847051,4.088034,6339.516580,0,30.92399999999999,31.23600000000001,32.29500000000001,-1,-1,-1,-1,-1,44.161083976121155,39.58223977841245,53.31877237153857,1,-0.8830389433235872,-0.7529693720311013,-0.13006957129248597
2011-08-18,sh.600188,30.8000,30.97,30.01,30.09,6318690,191725623.0000,3,1.755298,1,-2.558300,15.770736,3.748632,3.983450,6177.333352,0,30.80599999999999,30.879000000000012,32.10650000000001,-1,-1,-1,-1,-1,40.96894155745941,41.3294069151224,40.24801084213344,-1,-0.9322520032816719,-0.7888258982812154,-0.1434261050004565
2011-08-19,sh.600188,29.5000,29.88,29.33,29.82,6186493,182926999.0000,3,1.718574,1,-0.897300,15.629224,3.714995,3.947706,6121.903641,0,30.643999999999988,30.58700000000001,31.89450000000001,-1,-1,-1,1,-1,38.37613357064154,41.168719701407475,32.790961309109676,-1,-0.9817237510746786,-0.8274054688399081,-0.1543182822347705
2011-08-22,sh.600188,29.9000,31.0,29.63,29.91,11662723,352829353.0000,3,3.239841,1,0.301800,12.893714,3.735091,3.677718,39.285049,0,30.377999999999993,30.499000000000013,31.748500000000007,-1,-1,-1,-1,-1,31.14557226399329,36.83021579736486,19.77628519725016,-1,-1.002116445202251,-0.8623476641123766,-0.13976878108987445
2011-08-23,sh.600188,30.4100,30.41,29.63,30.27,5317211,159616100.0000,3,1.477093,1,1.203600,13.048904,3.780047,3.721983,39.757888,0,30.193999999999996,30.511000000000013,31.613000000000007,1,-1,-1,-1,-1,34.022556390977435,34.514754075204195,33.03816102252392,-1,-0.9779555480634308,-0.8854692409025875,-0.09248630716084327
2011-08-24,sh.600188,30.5200,30.67,29.77,29.95,7728846,233232320.0000,3,2.147032,1,-1.057200,12.910958,3.740086,3.682636,39.337586,0,30.007999999999992,30.466000000000015,31.438500000000012,-1,-1,-1,-1,-1,31.84523809523809,32.33778891673638,30.86013645224152,-1,-0.9734083432046567,-0.9030570613630013,-0.0703512818416554
2011-08-25,sh.600188,30.0500,31.22,29.81,31.12,13732122,420802487.0000,3,3.814709,1,3.906500,13.415326,3.886193,3.826499,40.874313,0,30.21399999999999,30.510000000000012,31.319500000000012,1,1,-1,-1,-1,49.851190476190474,38.572994987468775,72.40758145363387,1,-0.8654194124098389,-0.8955295315723688,0.030110119162529925
2011-08-26,sh.600188,30.9000,31.05,30.62,30.85,7501619,231197783.0000,3,2.083909,1,-0.867611,13.298933,3.852476,3.793300,40.519684,0,30.419999999999995,30.532000000000018,31.234500000000015,1,1,-1,-1,-1,58.48214285714287,46.72619047619059,81.99404761904744,1,-0.7924888323009647,-0.874921391718088,0.08243255941712335
2011-08-29,sh.600188,30.5900,30.65,30.13,30.15,7718392,233685418.0000,3,2.144128,1,-2.269000,12.997174,3.765062,3.707228,39.600275,0,30.467999999999996,30.423000000000012,31.091000000000015,-1,-1,-1,1,-1,63.34529945999018,57.22621093110795,75.58347651775465,1,-0.7821587329871669,-0.8563688599719038,0.07421012698473695
2011-08-30,sh.600188,30.5000,30.78,30.15,30.18,13472505,410445657.0000,3,3.742589,1,0.099500,13.010107,3.768808,3.710917,39.639678,0,30.449999999999996,30.322000000000013,30.92550000000001,-1,-1,-1,1,-1,51.69957635593374,57.84233955768904,39.414049952423156,-1,-0.7627586981061292,-0.8376468275987489,0.07488812949261969
2011-08-31,sh.600188,30.0100,30.39,29.7,30.21,5206026,156397382.0000,3,1.446206,1,0.099400,13.023039,3.772554,3.714606,39.679081,0,30.501999999999992,30.255000000000013,30.745500000000014,-1,-1,-1,1,-1,44.60081092383499,53.21522891325308,27.371974944998826,-1,-0.7364736713690654,-0.8174121963528121,0.08093852498374676
2011-09-01,sh.600188,30.3800,30.71,29.91,30.1,6984603,211715144.0000,3,1.940285,1,-0.364100,12.975620,3.758818,3.701080,39.534603,0,30.29799999999999,30.256000000000018,30.567500000000017,-1,-1,-1,1,-1,40.36471332068824,45.555033533485776,29.984072895093163,-1,-0.7162620558757062,-0.797182168257391,0.08092011238168473
2011-09-02,sh.600188,30.0000,30.19,29.18,29.6,7187193,212240069.0000,3,1.996563,1,-1.661100,12.760078,3.696379,3.639601,38.877882,0,30.04799999999999,30.23400000000002,30.41050000000002,-1,-1,-1,-1,-1,32.23627676087914,39.06726700180091,18.574296279035607,-1,-0.7321502539264841,-0.7841757853912096,0.05202553146472544
2011-09-05,sh.600188,29.0800,29.12,28.2,28.26,8527517,243332100.0000,3,2.368898,1,-4.527000,12.182426,3.529043,3.474835,37.117869,0,29.669999999999987,30.069000000000017,30.28400000000002,-1,-1,-1,-1,-1,17.378246229559412,29.993078770375718,-7.851418852073195,-1,-0.8431492665995854,-0.7959704816328848,-0.04717878496670069
2011-09-06,sh.600188,27.8600,28.2,27.45,27.77,6290351,174548493.0000,3,1.747426,1,-1.733900,11.971195,3.467853,3.414585,36.474283,0,29.187999999999988,29.819000000000017,30.16500000000002,-1,-1,-1,-1,-1,10.354351307160863,19.98962476586659,-8.91619561025059,-1,-0.9595940854562954,-0.8286952023975669,-0.13089888305872854
2011-09-07,sh.600188,28.1400,28.5,27.81,28.34,6562506,185058552.0000,3,1.823029,1,2.052600,12.216913,3.539033,3.484672,37.222945,0,28.813999999999986,29.658000000000015,30.062000000000022,-1,-1,-1,-1,-1,11.732346949862361,13.154981495527664,8.887077858531754,-1,-0.9944201505382608,-0.8618401920257057,-0.1325799585125551
2011-09-08,sh.600188,28.5900,28.8,28.2,28.21,5130478,146373791.0000,3,1.425219,1,-0.458719,12.160872,3.522799,3.468687,37.052197,0,28.43599999999999,29.36700000000001,29.938500000000026,-1,-1,-1,-1,-1,18.677702901840814,13.588133719621466,28.856841266279506,1,-1.0207434761661425,-0.8936208488537931,-0.12712262731234936
2011-09-09,sh.600188,28.4400,28.75,28.08,28.2,3915185,110872346.0000,3,1.087617,1,-0.035400,12.156561,3.521550,3.467457,37.039063,0,28.155999999999988,29.10200000000001,29.81700000000003,1,-1,-1,-1,-1,23.355855855855832,17.921968569186458,34.22363042919458,1,-1.0305324808470644,-0.9210031752524473,-0.10952930559461704
2011-09-13,sh.600188,27.4700,27.99,27.27,27.83,4638598,127971905.0000,3,1.288577,1,-1.312100,11.997060,3.475346,3.421962,36.553089,0,28.069999999999986,28.87000000000001,29.64650000000003,-1,-1,-1,-1,-1,20.54147170426236,20.85834348731979,19.907728138147498,-1,-1.0559736385788732,-0.9479972679177325,-0.10797637066114063
2011-09-14,sh.600188,27.8900,28.09,27.3,28.05,5063913,140613779.0000,3,1.406728,1,0.790500,12.091899,3.502819,3.449013,36.842047,0,28.125999999999987,28.65700000000001,29.489500000000028,-1,-1,-1,-1,-1,20.49200363153847,21.46311039721901,18.549790100177397,-1,-1.0463224243963438,-0.9676622992134548,-0.078660125182889
2011-09-15,sh.600188,28.0700,28.43,27.78,27.79,5082302,142838943.0000,3,1.411836,1,-0.926900,11.979817,3.470351,3.417044,36.500552,0,28.015999999999984,28.415000000000013,29.335000000000026,-1,-1,-1,-1,-1,18.92056918339169,19.984681506397624,16.792344537379826,-1,-1.0475777702716123,-0.9836453934250863,-0.06393237684652597
2011-09-16,sh.600188,27.9000,28.22,27.81,27.92,3543744,99365887.0000,3,0.984433,1,0.467800,12.035858,3.486585,3.433029,36.671299,0,27.95799999999998,28.197000000000013,29.226500000000023,-1,-1,-1,-1,-1,25.20592430595616,21.539499040295556,32.538774837277366,1,-1.0262527247861755,-0.9921668596973041,-0.03408586508887135
2011-09-19,sh.600188,27.7000,27.7,26.8,26.82,7057895,192022651.0000,3,1.960645,1,-3.939800,11.561666,3.349219,3.297773,35.226513,0,27.68199999999998,27.91900000000002,29.07650000000002,-1,-1,-1,-1,-1,17.981118104405756,20.702537197917987,12.538279917381296,-1,-1.0855991680692547,-1.0108533213716941,-0.07474584669756057
2011-09-20,sh.600188,26.8100,27.13,26.5,26.91,4901389,131260194.0000,3,1.361579,1,0.335600,11.600463,3.360458,3.308840,35.344723,0,27.497999999999983,27.78400000000002,28.926500000000022,-1,-1,-1,-1,-1,17.987074030552282,20.391372146971516,13.178477797713818,-1,-1.1125446815466624,-1.0311915934066878,-0.08135308813997466
2011-09-21,sh.600188,26.9600,28.7,26.62,28.59,11933928,334902395.0000,3,3.315181,1,6.243000,12.324684,3.570253,3.515411,37.551305,0,27.605999999999984,27.86600000000002,28.842500000000022,1,1,-1,-1,-1,36.565217391304294,24.177803175420895,61.3400458230711,1,-0.9869601729429576,-1.0223453093139416,0.03538513637098406
2011-09-22,sh.600188,28.1000,28.47,27.77,28.12,12417496,349829966.0000,3,3.449513,1,-1.643900,12.122074,3.511560,3.457621,36.933988,0,27.671999999999986,27.844000000000015,28.751000000000023,1,1,-1,-1,-1,60.23188405797098,38.261391826609305,104.17286852069434,1,-0.9148132197868613,-1.0008388914085256,0.0860256716216643
2011-09-23,sh.600188,27.6000,28.78,27.3,28.69,12781940,358979746.0000,3,3.550754,1,2.027000,12.367792,3.582740,3.527707,37.682650,0,27.825999999999986,27.892000000000017,28.629500000000025,1,1,1,-1,-1,86.30739893211286,61.034833460462835,136.85252987541293,1,-0.8023925217894998,-0.9611496174847204,0.15875709569522056
2011-09-26,sh.600188,28.5100,29.4,28.3,28.51,14257442,410437598.0000,3,3.960640,1,-0.627400,12.290197,3.560262,3.505575,37.446230,0,28.163999999999987,27.92300000000002,28.512500000000024,1,1,-1,1,-1,79.1209921355112,75.22009170853181,86.92279298947,1,-0.7195285273837086,-0.912825399464518,0.19329687208080937
2011-09-27,sh.600188,29.0000,29.47,28.75,29.34,14350189,419585997.0000,3,3.986405,1,2.911300,12.647997,3.663911,3.607631,38.536387,0,28.649999999999988,28.07400000000002,28.472000000000026,1,1,1,1,1,86.99529067647642,84.14122724803362,92.703417533362,1,-0.580196012936053,-0.846299522158825,0.26610350922277193
2011-09-28,sh.600188,29.8800,29.98,28.98,29.16,10586895,311748085.0000,3,2.940982,1,-0.613500,12.570401,3.641433,3.585498,38.299967,0,28.76399999999999,28.18500000000002,28.421000000000028,1,1,1,1,1,80.45667401989242,82.19098561062681,76.98805083842362,-1,-0.4787794159991563,-0.7727955009268912,0.2940160849277349
2011-09-29,sh.600188,28.7700,29.58,28.7,28.99,10034170,293167075.0000,3,2.787438,1,-0.583000,12.497117,3.620204,3.564595,38.076682,0,28.937999999999988,28.305000000000017,28.360000000000024,1,1,1,1,1,81.20380045667399,82.88525505101443,77.8408912679931,-1,-0.4074270461369274,-0.6997218099688984,0.29229476383197106
2011-09-30,sh.600188,29.1000,29.44,28.9,29.07,7536461,219262154.0000,3,2.093588,1,0.276000,12.531604,3.630194,3.574432,38.181757,0,29.01399999999999,28.420000000000016,28.308500000000027,1,1,1,1,1,73.94636015325665,78.5356115432745,64.76785737322095,-1,-0.34049938261367885,-0.6278773244978545,0.28737794188417565
2011-10-10,sh.600188,29.4000,29.88,29.17,29.26,9596564,283300308.0000,3,2.665874,1,0.653600,12.613510,3.653921,3.597794,38.431311,0,29.163999999999987,28.664000000000016,28.291500000000024,1,1,1,1,1,74.65790914066771,76.60268991686625,70.76834758827064,-1,-0.2690261489973018,-0.556107089397744,0.2870809404004422
2011-10-11,sh.600188,30.2000,30.44,27.0,27.83,15847795,450519300.0000,3,4.402432,1,-4.887200,11.997060,3.475346,3.421962,36.553089,0,28.861999999999988,28.75600000000001,28.270000000000028,-1,-1,-1,1,1,58.84997008693876,69.1514131269545,38.2470840069073,-1,-0.32403685030643814,-0.5096930415794828,0.18565619127304467
2011-10-12,sh.600188,27.7800,28.45,26.68,28.36,12227602,339660996.0000,3,3.396762,1,1.904400,12.225534,3.541531,3.487131,37.249214,0,28.701999999999988,28.733000000000015,28.29950000000003,-1,-1,1,-1,1,49.126728870667456,60.87820269942477,25.62378121315284,-1,-0.3211644726961431,-0.4719873278028149,0.15082285510667176
2011-10-13,sh.600188,28.2900,28.48,28.09,28.41,9291397,262795554.0000,3,2.581100,1,0.176300,12.247089,3.547775,3.493279,37.314886,0,28.58599999999999,28.762000000000018,28.303000000000026,-1,-1,1,-1,1,38.27313211281537,48.74994369014065,17.319508958164803,-1,-0.3112654364180365,-0.43984294952585923,0.12857751310782273
2011-10-14,sh.600188,28.5300,29.1,28.0,28.78,11916588,341600807.0000,3,3.310364,1,1.302400,12.406590,3.593979,3.538774,37.800859,0,28.52799999999999,28.771000000000015,28.331500000000023,1,1,1,-1,1,48.847517730496406,45.41579290465987,55.710967382169486,1,-0.27044692723811536,-0.40596374506831046,0.1355168178301951
2011-10-17,sh.600188,28.9000,28.98,28.3,28.5,8739350,250271443.0000,3,2.427744,1,-0.972900,12.285886,3.559014,3.504345,37.433096,0,28.375999999999987,28.770000000000017,28.34650000000002,1,-1,1,-1,1,50.08865248226946,45.7364341085272,58.79308922975399,1,-0.25772077984942854,-0.3763151520245341,0.11859437217510554
2011-10-18,sh.600188,28.2700,28.27,27.27,27.29,8571768,236498379.0000,3,2.381191,1,-4.245600,11.764275,3.407912,3.355564,35.843831,0,28.26799999999999,28.56500000000002,28.319500000000016,-1,-1,-1,-1,-1,40.15957446808506,46.36524822695043,27.748226950354336,-1,-0.3413373791335097,-0.3693195974463292,0.027982218312819496
2011-10-19,sh.600188,27.4100,27.68,26.98,27.14,5399686,146843941.0000,3,1.500004,1,-0.549700,11.699612,3.389180,3.337120,35.646815,0,28.02399999999999,28.363000000000017,28.27400000000002,-1,-1,-1,-1,-1,25.62056737588648,38.62293144208045,-0.3841607565014584,-1,-0.41492488707250885,-0.3784406553715651,-0.036484231700943726
2011-10-20,sh.600188,26.8800,27.27,25.78,26.0,9405728,247990594.0000,3,2.612860,1,-4.200400,11.208177,3.246819,3.196946,34.149491,0,27.54199999999999,28.064000000000014,28.18450000000002,-1,-1,-1,-1,-1,11.059492283809648,25.613211375927182,-18.047945900425418,-1,-0.558790599707649,-0.4145106442387819,-0.14427995546886707
2011-10-21,sh.600188,26.1900,26.2,25.26,25.51,5067138,130419773.0000,3,1.407624,1,-1.884600,10.996946,3.185629,3.136696,33.505904,0,26.887999999999987,27.708000000000016,28.06400000000002,-1,-1,-1,-1,-1,7.260442474121548,14.646834044606011,-7.512340666847379,-1,-0.7042262366758365,-0.4724537627261928,-0.23177247394964368
2011-10-24,sh.600188,25.2000,25.6,24.3,25.18,12022775,299224317.0000,3,3.339862,1,-1.293600,14.034740,3.144742,2.914027,78.755124,0,26.22399999999999,27.30000000000002,27.982000000000017,-1,-1,-1,-1,-1,9.293539400835483,9.20449138625568,9.471635429995086,1,-0.8364709524010436,-0.545257200661163,-0.2912137517398806
2011-10-25,sh.600188,25.2000,26.34,24.9,26.18,11713754,301270818.0000,3,3.254018,1,3.971400,14.592116,3.269632,3.029755,81.882809,0,26.001999999999992,27.13500000000002,27.945500000000017,1,-1,-1,-1,-1,20.77541827541822,12.44313338345854,37.439988059337594,1,-0.8507769723863063,-0.6063611550061917,-0.24441581738011464
2011-10-26,sh.600188,25.8800,26.68,25.76,26.3,11604796,304916203.0000,3,3.223750,1,0.458400,14.659001,3.284619,3.043642,82.258132,0,25.833999999999993,26.92900000000002,27.83100000000001,1,-1,-1,-1,-1,33.05555555555549,21.04150441060319,57.08365784546011,1,-0.8427172789572523,-0.6536323797964039,-0.18908489916084847
2011-10-27,sh.600188,26.1400,26.62,26.11,26.34,7752644,204139841.0000,3,2.153643,1,0.152100,14.681296,3.289615,3.048271,82.383239,0,25.901999999999994,26.72200000000002,27.74200000000001,1,-1,-1,-1,-1,41.474358974358914,31.76844426844433,60.886188386188074,1,-0.8236082054278526,-0.6876275449226936,-0.135980660505159
2011-10-28,sh.600188,26.8100,28.97,26.81,28.73,28114605,793337979.0000,3,7.810085,1,9.073700,16.013426,3.588103,3.324861,89.858408,0,26.545999999999992,26.71700000000002,27.74400000000001,1,1,1,-1,-1,60.039074653635645,44.856329727850145,90.40456450520664,1,-0.6085955899227358,-0.671821153922702,0.06322556399996626
2011-10-31,sh.600188,28.4900,28.89,28.12,28.41,11094292,315937772.0000,3,3.081934,1,-1.113800,15.835066,3.548138,3.287828,88.857548,0,27.19199999999999,26.70800000000002,27.73900000000001,1,1,1,1,-1,75.48637420157759,58.99993594319085,108.45925071835109,1,-0.45872991578143285,-0.6292029062944482,0.17047299051301534
2011-11-01,sh.600188,28.0000,28.78,27.92,28.26,10776121,305504895.0000,3,2.993548,1,-0.528000,15.751459,3.529405,3.270469,88.388396,0,27.607999999999986,26.805000000000025,27.68500000000001,1,1,1,1,-1,89.22198429693076,74.9158110507148,117.83433078936267,1,-0.3480519099353252,-0.5729727070226236,0.2249207970872984
2011-11-02,sh.600188,27.7400,28.57,27.2,28.49,11194951,310730833.0000,3,3.109897,1,0.813900,15.879656,3.558129,3.297086,89.107763,0,28.045999999999985,26.940000000000026,27.65150000000001,1,1,1,1,1,87.50892219842967,84.07242689897946,94.3819127973301,1,-0.23902439071190074,-0.5061830437604791,0.26715865304857833
2011-11-03,sh.600188,28.7000,29.0,28.25,28.41,12400939,355147950.0000,3,3.444914,1,-0.280800,15.835066,3.548138,3.287828,88.857548,0,28.459999999999987,27.18100000000003,27.62250000000001,-1,1,1,1,1,87.32166993181158,88.01752547572413,85.9299588439865,-1,-0.15726181136919593,-0.4363987972822224,0.2791369859130265
2011-11-04,sh.600188,28.9100,28.98,28.41,28.56,8476084,243291905.0000,3,2.354610,1,0.528000,15.918672,3.566872,3.305187,89.326701,0,28.42599999999998,27.48600000000003,27.597,1,1,1,1,1,88.8122428675195,87.8809449992537,90.6748386040511,1,-0.07944484109933825,-0.3650080060456456,0.28556316494630735
2011-11-07,sh.600188,28.5600,29.22,28.13,28.43,8561575,246135765.0000,3,2.378359,1,-0.455200,15.846213,3.550636,3.290143,88.920102,0,28.429999999999986,27.81100000000003,27.555500000000002,1,1,1,1,1,84.62757708378948,86.92049662770698,80.04173799595446,-1,-0.027942145405297936,-0.2975948339175761,0.26965268851227814
2011-11-08,sh.600188,28.3900,29.18,28.39,28.7,10356974,299241601.0000,3,2.877111,1,0.949700,15.996705,3.584356,3.321389,89.764577,0,28.517999999999983,28.063000000000027,27.599,1,1,1,1,1,83.23855516866782,85.55945837332571,78.59674875935204,-1,0.03426586000063736,-0.2312226951339334,0.26548855513457076
2011-11-09,sh.600188,28.9900,29.19,28.39,28.97,7877627,226933864.0000,3,2.188362,1,0.940800,16.147197,3.618077,3.352636,90.609052,0,28.613999999999987,28.33000000000003,27.6295,1,1,1,1,1,83.35797627989139,83.741369510783,82.59118981810818,-1,0.10415229318191521,-0.1641476974707637,0.2682999906526789
2011-11-10,sh.600188,28.7100,28.81,28.41,28.53,6645384,189977819.0000,3,1.846052,1,-1.518800,15.901951,3.563125,3.301715,89.232871,0,28.637999999999987,28.549000000000035,27.6355,-1,-1,1,1,1,79.58262764676222,82.05971969844059,74.6284435434055,-1,0.12261998535320728,-0.10679416090596949,0.22941414625917678
2011-11-11,sh.600188,28.9000,29.0,28.24,28.45,6249257,179327597.0000,3,1.736010,1,-0.280400,15.857361,3.553134,3.292457,88.982656,0,28.615999999999985,28.521000000000033,27.619000000000007,-1,-1,1,1,1,72.44977609794175,78.46346000819858,60.422408277428076,-1,0.12930982981387018,-0.05957336276200156,0.18888319257587174
2011-11-14,sh.600188,28.8700,29.75,28.66,29.68,16231052,477348357.0000,3,4.508899,1,4.323400,16.542934,3.706749,3.434802,92.829709,0,28.865999999999985,28.64800000000003,27.678000000000004,1,1,1,1,1,74.99255807933734,75.67498727468057,73.62769968865086,-1,0.23119720276950417,-0.001419249655700415,0.2326164524252046
2011-11-15,sh.600188,29.6600,30.1,29.4,29.76,9014788,268552600.0000,3,2.504259,1,0.269500,16.587524,3.716740,3.444061,93.079924,0,29.077999999999985,28.79800000000003,27.801500000000004,1,1,1,1,1,80.62573561028837,76.0226899291893,89.83182697248654,1,0.31477053254648624,0.06181870678473691,0.25295182576174935
2011-11-16,sh.600188,29.7600,29.88,28.48,28.66,9299409,269835659.0000,3,2.583326,1,-3.696200,15.974410,3.579361,3.316760,89.639470,0,29.015999999999984,28.815000000000033,27.877500000000005,-1,-1,1,1,1,68.96652400384855,74.86160589782489,57.17636021589587,-1,0.2889117962458698,0.1072373246769635,0.18167447156890631
2011-11-17,sh.600188,28.8700,29.55,28.4,29.26,9929182,288168247.0000,3,2.758273,1,2.093500,16.308836,3.654295,3.386197,91.516081,0,29.161999999999985,28.900000000000027,28.0405,1,1,1,1,1,55.66835871404399,68.42020610939377,30.16466392334442,-1,0.3132229083038425,0.1484344414023393,0.16478846690150317
2011-11-18,sh.600188,28.8100,28.81,28.16,28.29,5999249,170648255.0000,3,1.666559,1,-3.315100,15.768181,3.533151,3.273941,88.482226,0,29.129999999999985,28.87300000000003,28.1795,-1,-1,1,1,1,30.321663439565963,51.6521820524863,-12.33937378627472,-1,0.25132166665919087,0.16901188645370963,0.08230978020548124
2011-11-21,sh.600188,28.2000,28.45,26.82,27.39,9284179,253455619.0000,3,2.579095,1,-3.181300,15.266542,3.420750,3.169786,85.667309,0,28.67199999999998,28.769000000000027,28.290000000000003,-1,-1,-1,-1,1,27.146495266564425,37.7121724733916,6.015140852910079,-1,0.12816460649133887,0.16084243046123547,-0.0326778239698966
2011-11-22,sh.600188,27.0200,27.47,26.85,27.09,5889105,159262119.0000,3,1.635962,1,-1.095300,15.099329,3.383283,3.135067,84.729003,0,28.137999999999977,28.608000000000025,28.335500000000007,-1,-1,-1,-1,-1,10.770262341798604,22.7461403493098,-13.181493673223791,-1,0.0062818430379891765,0.12993031297658622,-0.12364846993859704
2011-11-23,sh.600188,27.1500,27.38,26.68,26.72,4653443,125638513.0000,3,1.292701,1,-1.365800,14.893099,3.337073,3.092248,83.571760,0,27.74999999999998,28.383000000000028,28.35650000000001,-1,-1,-1,-1,-1,8.92644891361188,15.614402173991772,-4.449457607147902,-1,-0.11879760802133532,0.08018472877700192,-0.19898233679833724
2011-11-24,sh.600188,26.3600,26.85,25.85,26.49,4943449,129868764.0000,3,1.373263,1,-0.860800,14.764903,3.308348,3.065631,82.852392,0,27.195999999999977,28.179000000000023,28.36400000000001,-1,-1,-1,-1,-1,8.153373829919841,9.283361695110244,5.893398099539034,-1,-0.2337880883895096,0.017390165343699623,-0.25117825373320923
2011-11-25,sh.600188,26.3000,26.66,26.1,26.33,3018433,79703253.0000,3,0.838504,1,-0.604000,14.675723,3.288366,3.047114,82.351962,0,26.803999999999974,27.967000000000024,28.24400000000001,-1,-1,-1,-1,-1,9.174177273248374,8.751333338926834,10.01986514189145,1,-0.33397962613221566,-0.05288379295148343,-0.2810958331807322
2011-11-28,sh.600188,26.5800,26.67,26.15,26.49,3031104,80200129.0000,3,0.842024,1,0.607700,14.764903,3.308348,3.065631,82.852392,0,26.623999999999974,27.648000000000025,28.148000000000014,-1,-1,-1,-1,-1,14.077944825572787,10.468498642913802,21.29683719089076,1,-0.39590770127385255,-0.12148857461595726,-0.2744191266578953
2011-11-29,sh.600188,26.9500,27.15,26.69,27.03,4968726,133835467.0000,3,1.380285,1,2.038500,15.065886,3.375789,3.128124,84.541342,0,26.611999999999973,27.37500000000002,28.08650000000001,1,-1,-1,-1,-1,19.688967613066186,14.313696570629252,30.439509697940057,1,-0.3968381567121888,-0.17655849103520357,-0.22027966567698523
2011-11-30,sh.600188,27.0000,27.03,25.6,25.66,6450913,168466705.0000,3,1.792029,1,-5.068400,14.302280,3.204689,2.969576,80.256413,0,26.39999999999997,27.075000000000024,27.94500000000001,-1,-1,-1,-1,-1,16.547314690214815,16.7714090429514,16.09912598474164,-1,-0.50233252314721,-0.24171329745760484,-0.26061922568960516
2011-12-01,sh.600188,27.0000,27.24,26.23,26.24,8758281,233540016.0000,3,2.433003,1,2.260300,14.625559,3.277126,3.036699,82.070471,0,26.349999999999973,26.773000000000025,27.83650000000001,-1,-1,-1,-1,-1,18.73906370709116,18.32511533679086,19.566960447691756,1,-0.5329924111159912,-0.2999691201892821,-0.23302329092670904
2011-12-02,sh.600188,26.0000,26.0,25.4,25.58,5334844,136548510.0000,3,1.481991,1,-2.515200,14.257690,3.194698,2.960318,80.006198,0,26.19999999999997,26.502000000000027,27.687500000000018,-1,-1,-1,-1,-1,11.006983801098203,15.431120732801531,2.1587099376915475,-1,-0.6035892759221184,-0.3606931513358494,-0.24289612458626902
2011-12-05,sh.600188,25.5700,25.57,24.99,25.06,3779806,95039249.0000,3,1.050010,1,-2.032800,13.967855,3.129755,2.900140,78.379802,0,25.91399999999997,26.269000000000027,27.519000000000016,-1,-1,-1,-1,-1,11.360220939225671,13.702089482471818,6.67648385273338,-1,-0.6935031811015939,-0.4272551572889983,-0.2662480238125956
2011-12-06,sh.600188,25.0600,25.18,24.7,24.97,3582583,89470050.0000,3,0.995222,1,-0.359100,13.917691,3.118515,2.889724,78.098310,0,25.50199999999997,26.057000000000027,27.332500000000017,-1,-1,-1,-1,-1,7.418147908880807,9.928450883068367,2.397541960505688,-1,-0.7632248654319334,-0.4944490989175853,-0.26877576651434804
2011-12-07,sh.600188,24.8300,25.14,24.83,25.03,2166260,54180497.0000,3,0.601775,1,0.240300,13.951133,3.126008,2.896668,78.285971,0,25.37599999999997,25.888000000000027,27.135500000000015,-1,-1,-1,-1,-1,8.850305845660479,9.209558231255793,8.131801074469852,-1,-0.8043660726373929,-0.5564324936615468,-0.24793357897584611
2011-12-08,sh.600188,25.0800,25.36,24.63,25.14,3030845,75892992.0000,3,0.841952,1,0.439500,14.012445,3.139746,2.909398,78.630016,0,25.15599999999997,25.753000000000025,26.966000000000015,-1,-1,-1,-1,-1,14.387425709717311,10.218626488086342,22.72502415297925,1,-0.8186577184805621,-0.6088775386253499,-0.20978017985521225
2011-12-09,sh.600188,24.8500,25.19,24.82,24.92,2467829,61746704.0000,3,0.685550,1,-0.875100,13.889822,3.112270,2.883938,77.941926,0,25.023999999999972,25.61200000000003,26.789500000000015,-1,-1,-1,-1,-1,14.54782232680688,12.595184627395033,18.453097725630574,1,-0.8380753017653184,-0.6547170912533435,-0.18335821051197487
2011-12-12,sh.600188,24.7300,25.0,24.55,24.58,2390529,59168691.0000,3,0.664076,1,-1.364400,13.700314,3.069808,2.844590,76.878512,0,24.927999999999972,25.421000000000028,26.534500000000016,-1,-1,-1,-1,-1,10.588860877285413,13.17470297127001,5.417176689316218,-1,-0.8708602994754209,-0.697945732897759,-0.1729145665776619
2011-12-13,sh.600188,24.5700,24.57,23.4,23.45,4782496,113774433.0000,3,1.328552,1,-4.597200,13.070478,2.928681,2.713818,73.344228,0,24.623999999999974,25.063000000000024,26.219000000000015,-1,-1,-1,-1,-1,4.509478693377352,9.882053965823358,-6.235671851514661,-1,-0.9767646674878883,-0.7537095198157848,-0.22305514767210344
2011-12-14,sh.600188,23.3000,23.68,22.5,22.63,4076840,94044780.0000,3,1.132524,1,-3.496800,12.613430,2.826271,2.618921,70.779526,0,24.14399999999997,24.760000000000026,25.917500000000018,-1,-1,-1,-1,-1,2.0438702277688408,5.714069932810678,-5.296529182314833,-1,-1.114020059321156,-0.8257716277168591,-0.2882484316042969
2011-12-15,sh.600188,22.2900,22.29,20.98,20.99,6900845,147892586.0000,3,1.917017,1,-7.247000,11.699332,2.621451,2.429127,65.650121,0,23.31399999999997,24.235000000000024,25.50400000000002,-1,-1,-1,-1,-1,1.7447446571220373,2.76603119275622,-0.2978284141463279,-1,-1.3396871605088059,-0.9285547342752485,-0.4111324262335574
2011-12-16,sh.600188,20.8200,21.88,20.56,21.75,5977194,125970432.0000,3,1.660432,1,3.620800,12.122938,2.716368,2.517081,68.027162,0,22.67999999999997,23.852000000000025,25.177000000000017,-1,-1,-1,-1,-1,9.57460576823315,4.454406884374819,19.815003535949813,1,-1.4405979986414792,-1.0309633871484947,-0.4096346114929845
2011-12-19,sh.600188,21.4400,21.44,20.39,21.28,5485676,114959790.0000,3,1.523891,1,-2.160900,11.860971,2.657669,2.462688,66.557150,0,22.01999999999997,23.474000000000025,24.87150000000002,-1,-1,-1,-1,-1,14.305658752807275,8.541669726054296,25.833636806313233,1,-1.5407350028919602,-1.1329177102971877,-0.4078172925947725
2011-12-20,sh.600188,21.2800,21.28,21.28,21.28,0,0.0000,3,,0,0.000000,11.860971,2.657669,2.462688,66.557150,0,21.58599999999997,23.105000000000025,24.581000000000024,-1,-1,-1,-1,-1,20.20218533422755,14.694149951756136,31.21825609917038,1,-1.6016316871008343,-1.226660505657917,-0.3749711814429173
2011-12-21,sh.600188,21.2800,21.28,21.28,21.28,0,0.0000,3,,0,0.000000,11.860971,2.657669,2.462688,66.557150,0,21.31599999999997,22.730000000000025,24.30900000000002,-1,-1,-1,-1,-1,18.11885200089421,17.542232029309826,19.272091944062986,1,-1.631090551514042,-1.3075465148291419,-0.32354403668490006
2011-12-22,sh.600188,21.2800,21.28,21.28,21.28,0,0.0000,3,,0,0.000000,11.860971,2.657669,2.462688,66.557150,0,21.373999999999974,22.344000000000026,24.04850000000002,-1,-1,-1,-1,-1,18.584989389215462,18.968675574779223,17.817617018087937,-1,-1.635582931877508,-1.3731537982388151,-0.2624291336386928
2011-12-23,sh.600188,21.7000,21.94,21.21,21.58,7889957,170540303.0000,3,2.191787,1,1.409800,12.028184,2.695136,2.497407,67.495456,0,21.33999999999997,22.010000000000026,23.811000000000018,1,-1,-1,-1,-1,22.105474340389787,19.603105243499968,27.11021253416942,1,-1.5965318574400271,-1.4178294100790576,-0.17870244736096952
2011-12-26,sh.600188,21.5000,21.78,21.0,21.13,3562491,76143859.0000,3,0.989641,1,-2.085300,11.777365,2.638936,2.445329,66.087997,0,21.30999999999997,21.665000000000028,23.543000000000017,-1,-1,-1,-1,-1,23.42238585676937,21.37094986212502,27.525257846058075,1,-1.5836396269555024,-1.4509914534543467,-0.13264817350115576
2011-12-27,sh.600188,21.1300,21.3,20.6,20.7,2909979,61033170.0000,3,0.808376,1,-2.035000,11.537693,2.585233,2.395566,64.743092,0,21.19399999999997,21.390000000000025,23.22650000000002,-1,-1,-1,-1,-1,22.42569673700682,22.651185644722137,21.97471892157619,-1,-1.589793695641923,-1.478751901891862,-0.11104179375006096
2011-12-28,sh.600188,20.5100,20.98,20.38,20.76,3445330,71144088.0000,3,0.957094,1,0.289900,11.571136,2.592726,2.402510,64.930753,0,21.08999999999997,21.203000000000024,22.98150000000002,-1,-1,-1,-1,-1,21.0557216828213,22.301268092199308,18.564628864065284,-1,-1.571711627568412,-1.497343847027172,-0.07436778054123994
2011-12-29,sh.600188,20.7400,21.55,20.58,21.33,4904145,103271482.0000,3,1.362345,1,2.745700,11.888840,2.663914,2.468475,66.713534,0,21.099999999999973,21.237000000000023,22.736000000000015,1,1,-1,-1,-1,33.85739991003141,25.779606109953324,50.01298751018759,1,-1.4941634360285576,-1.4967077648274492,0.0025443287988915486
2011-12-30,sh.600188,21.3800,22.6,21.33,22.39,7989062,176319288.0000,3,2.219318,1,4.969500,12.479659,2.796298,2.591146,70.028881,0,21.261999999999972,21.301000000000023,22.576500000000017,1,1,-1,-1,-1,58.59898359898352,37.837368397278894,100.12221400239278,1,-1.3318203978018488,-1.4637302914223291,0.13190989362048033
2012-01-04,sh.600188,22.6900,22.88,21.6,21.63,4962032,110589538.0000,3,1.378426,1,-3.394400,12.056053,2.701381,2.503193,67.651840,0,21.361999999999973,21.33600000000002,22.405000000000015,1,1,-1,1,-1,67.14599214599203,53.20079188500247,95.03639266797116,1,-1.250077898931334,-1.4209998129241301,0.17092191399279621
2012-01-05,sh.600188,21.5100,22.07,21.02,21.08,4921953,106291418.0000,3,1.367292,1,-2.542800,11.749496,2.632691,2.439543,65.931613,0,21.43799999999997,21.31600000000002,22.210500000000017,-1,-1,-1,1,-1,56.180180180180095,60.64171864171869,47.25710325710291,-1,-1.215663372478005,-1.379932524834905,0.16426915235689998
2012-01-06,sh.600188,21.1400,21.5,20.61,21.49,4171641,87923838.0000,3,1.158859,1,1.945000,11.978021,2.683896,2.486991,67.213964,0,21.583999999999968,21.33700000000002,22.033500000000014,-1,1,-1,1,-1,40.79999999999992,54.70872410872416,12.982551782551425,-1,-1.1421401580490098,-1.332374051477726,0.19023389342871622
2012-01-09,sh.600188,21.4000,23.35,21.05,23.26,13102963,297569122.0000,3,3.639932,1,8.236400,12.964577,2.904952,2.691830,72.749967,0,21.96999999999997,21.535000000000018,21.939500000000017,1,1,1,1,1,56.45656565656558,51.145581945582016,67.07853307853271,1,-0.9303240765670431,-1.2519640564955894,0.3216399799285463
2012-01-10,sh.600188,23.4700,24.95,23.05,24.9,18555361,446287690.0000,3,5.154579,1,7.050700,13.878674,3.109773,2.881623,77.879372,0,22.47199999999997,21.867000000000022,21.938500000000012,1,1,1,1,1,80.09186835532562,59.116144670630526,122.04331572471578,1,-0.6229431115704394,-1.1261598675105593,0.5032167559401199
2012-01-11,sh.600188,24.6600,25.0,24.31,24.55,13283079,328318822.0000,3,3.689968,1,-1.405600,13.683593,3.066061,2.841118,76.784682,0,23.05599999999997,22.209000000000024,21.937000000000015,1,1,1,1,1,95.37844844190572,77.30896081793246,131.51742368985222,1,-0.40293873031588845,-0.9815156400716252,0.5785769097557367
2012-01-12,sh.600188,24.3000,24.9,24.09,24.22,8604936,210113683.0000,3,2.390405,1,-1.344200,13.499658,3.024847,2.802928,75.752546,0,23.68399999999997,22.561000000000025,21.975500000000018,1,1,1,1,1,90.50619651083025,88.65883776935402,94.2009139937827,1,-0.2523035173065864,-0.8356732155186174,0.583369698212031
2012-01-13,sh.600188,24.2600,24.7,23.46,23.7,10256806,246432322.0000,3,2.849285,1,-2.147000,13.209823,2.959904,2.742750,74.126149,0,24.12599999999997,22.855000000000025,22.029000000000018,-1,1,1,1,1,80.99997505732459,88.96154000335368,65.0768451652664,-1,-0.17289070349808355,-0.7031167131145106,0.5302260096164271
2012-01-16,sh.600188,23.3000,24.45,23.1,23.13,7198498,170677363.0000,3,1.999704,1,-2.405100,12.892118,2.888716,2.676785,72.343368,0,24.09999999999997,23.035000000000025,22.136000000000017,-1,1,1,1,1,70.04779132609757,80.51798763141763,49.107398715457435,-1,-0.15417250802420313,-0.5933278720964491,0.439155364072246
2012-01-17,sh.600188,23.1900,25.1,22.88,25.09,12403923,299776499.0000,3,3.445743,1,8.473800,13.984576,3.133502,2.903612,78.473632,0,24.13799999999997,23.305000000000028,22.303000000000015,1,1,1,1,1,75.85590521753386,75.63455720031884,76.2986012519639,1,0.018602972851617494,-0.4709417031068358,0.4895446759584533
2012-01-18,sh.600188,25.0900,25.29,24.23,24.35,10434339,257957904.0000,3,2.898603,1,-2.949400,13.572117,3.041083,2.817973,76.159145,0,24.097999999999974,23.577000000000027,22.456500000000016,1,1,1,1,1,79.03166727712282,74.97845460691825,87.13809261753195,1,0.09472503937425003,-0.35780835461061866,0.4525333939848687
2012-01-19,sh.600188,24.3700,24.95,24.16,24.61,6419134,158040845.0000,3,1.783201,1,1.067800,13.717035,3.073554,2.848062,76.972343,0,24.175999999999974,23.930000000000028,22.62300000000002,1,1,1,1,1,87.88469230541754,80.92408826669157,101.80590038286948,1,0.17402608819541143,-0.25144146604941264,0.4254675542448241
2012-01-20,sh.600188,24.7300,24.85,24.37,24.61,5141941,126291276.0000,3,1.428403,1,0.000000,13.717035,3.073554,2.848062,76.972343,0,24.357999999999972,24.24200000000003,22.78950000000002,1,1,1,1,1,78.5536754768728,81.82334501980455,72.0143363910093,-1,0.23417333626674264,-0.1543185055861816,0.38849184185292424
2012-01-30,sh.600188,24.7400,24.83,24.0,24.05,5210268,126985260.0000,3,1.447384,1,-2.275500,13.404904,3.003616,2.783255,75.220839,0,24.541999999999973,24.321000000000033,22.928000000000022,-1,-1,1,1,1,68.09807145280405,78.17881307836495,47.93658820168224,-1,0.23395624189223696,-0.07666355609049788,0.31061979798273487
2012-01-31,sh.600188,23.9000,24.35,23.71,24.17,3723635,89326599.0000,3,1.034406,1,0.499000,13.471789,3.018603,2.797142,75.596161,0,24.357999999999972,24.24800000000003,23.057500000000026,-1,-1,1,1,1,57.952973720608576,68.20157355009529,37.45577406163514,-1,0.2406926352809613,-0.013192317816206042,0.25388495309716735
2012-02-01,sh.600188,24.1500,24.34,23.46,23.49,4058721,96655672.0000,3,1.127491,1,-2.813400,13.092773,2.933677,2.718447,73.469335,0,24.18599999999997,24.14200000000003,23.175500000000024,-1,-1,1,1,1,42.46196403872751,56.17100307071353,15.043885974755469,-1,0.1889824861093814,0.02724264296891145,0.16173984314046996
2012-02-02,sh.600188,23.5600,24.4,23.35,24.13,5744461,137718869.0000,3,1.595780,1,2.724600,13.449494,3.013607,2.792513,75.471054,0,24.089999999999968,24.13300000000003,23.347000000000026,1,-1,1,-1,1,43.56846473029042,47.99446749654232,34.71645919778662,-1,0.1973693209623093,0.061267978567591024,0.13610134239471827
2012-02-03,sh.600188,23.9600,24.24,23.75,24.15,5770987,138553508.0000,3,1.603149,1,0.082900,13.460642,3.016105,2.794827,75.533608,0,23.99799999999997,24.178000000000033,23.516500000000025,1,-1,1,-1,1,43.29183955739965,43.10742277547268,43.660673121253595,1,0.2032864215341199,0.0896716671608968,0.1136147543732231
2012-02-06,sh.600188,24.3000,24.72,23.98,24.16,6218190,151443858.0000,3,1.727380,1,0.041400,13.466216,3.017354,2.795985,75.564885,0,24.019999999999968,24.28100000000003,23.658000000000026,1,-1,1,-1,1,48.77229755742817,45.210867281706236,55.895158108872025,1,0.20640339296178922,0.11301801232107529,0.09338538064071393
2012-02-07,sh.600188,24.0100,24.03,23.32,23.62,6379140,150513205.0000,3,1.772091,1,-2.235100,13.165232,2.949913,2.733492,73.875934,0,23.909999999999968,24.134000000000032,23.71950000000003,-1,-1,-1,-1,1,37.61819357691074,43.227443563913006,26.39969360290621,-1,0.16341636609786647,0.12309768307643353,0.04031868302143295
2012-02-08,sh.600188,23.6200,23.62,23.62,23.62,0,0.0000,3,,0,0.000000,13.165232,2.949913,2.733492,73.875934,0,23.93599999999997,24.061000000000032,23.819000000000027,-1,-1,-1,-1,1,26.588442810767507,37.65964464836896,4.446039135564604,-1,0.1278747767760109,0.124053101816349,0.0038216749596618887
2012-02-09,sh.600188,24.8000,24.87,24.36,24.66,17983904,443129448.0000,3,4.995831,1,4.403000,13.744904,3.079799,2.853849,77.128727,0,24.04199999999997,24.066000000000034,23.99800000000003,1,1,1,-1,1,41.48812133864689,35.2315859087752,54.00119219839027,1,0.18153450278565586,0.13554938201021038,0.045985120775445476
2012-02-10,sh.600188,24.5100,24.79,24.45,24.71,9721052,239436975.0000,3,2.700456,1,0.202800,13.772773,3.086043,2.859635,77.285112,0,24.153999999999975,24.076000000000036,24.159000000000027,1,1,1,1,-1,65.24562513177307,44.44072976039598,106.85541587452724,1,0.22549543338825018,0.15353859228581834,0.07195684110243183
2012-02-13,sh.600188,24.5000,24.93,24.35,24.67,6173619,152169541.0000,3,1.714998,1,-0.161900,13.750478,3.081048,2.855006,77.160004,0,24.255999999999975,24.138000000000034,24.22950000000003,1,1,1,1,1,86.659987978361,64.46457814959382,131.05080763589535,1,0.25417712621491617,0.17366629907163791,0.08051082714327826
2012-02-14,sh.600188,24.6700,25.15,24.37,25.14,12140306,302149765.0000,3,3.372511,1,1.905100,14.012445,3.139746,2.909398,78.630016,0,24.559999999999974,24.23500000000003,24.24150000000003,1,1,1,1,1,90.99396764814189,80.96652691942548,111.0488491055747,1,0.31124481003962856,0.20118200126523605,0.1100628087743925
2012-02-15,sh.600188,24.9900,25.82,24.8,25.57,12662215,320857588.0000,3,3.517495,1,1.710400,14.252117,3.193449,2.959161,79.974921,0,24.94999999999997,24.44300000000003,24.29250000000003,1,1,1,1,1,91.10149452986231,89.58515005212189,94.13418348534316,1,0.3867110032351775,0.23828780165922434,0.14842320157595315
2012-02-16,sh.600188,25.3400,25.57,25.05,25.3,7945538,200963258.0000,3,2.207228,1,-1.055900,14.101625,3.159729,2.927914,79.130446,0,25.07799999999997,24.56000000000003,24.346500000000027,1,1,1,1,1,89.55118397085607,90.54888204962025,87.55578781332773,-1,0.41989151353670096,0.2746085440347197,0.14528296950198127
2012-02-17,sh.600188,25.4800,25.62,24.86,25.0,5617555,141000270.0000,3,1.560526,1,-1.185800,13.934412,3.122262,2.893196,78.192140,0,25.135999999999974,24.64500000000003,24.41150000000003,-1,1,1,1,1,78.79999999999994,86.48422616690625,63.4315476661873,-1,0.417170927436338,0.3031210207150433,0.11404990672129467
2012-02-20,sh.600188,25.4900,25.5,24.8,24.84,6577048,165402430.0000,3,1.827068,1,-0.640000,13.845232,3.102279,2.874680,77.691711,0,25.169999999999973,24.71300000000003,24.49700000000003,-1,1,1,1,1,67.28484848484841,78.54534415190163,44.763857150741984,-1,0.3975217967031597,0.3220011759126666,0.0755206207904931
2012-02-21,sh.600188,24.8000,25.08,24.37,25.02,8134061,201363897.0000,3,2.259598,1,0.724600,13.945559,3.124759,2.895511,78.254694,0,25.145999999999972,24.85300000000003,24.49350000000003,-1,1,1,1,1,56.07759224902071,67.38748024462318,33.45781625781578,-1,0.3919559900409446,0.3359921387383222,0.055963851302622436
2012-02-22,sh.600188,25.0200,25.44,24.86,25.26,8911113,224092116.0000,3,2.475459,1,0.959200,14.079330,3.154733,2.923285,79.005339,0,25.08399999999997,25.01700000000003,24.539000000000026,1,1,1,1,1,54.312512883941366,59.22498453927032,44.487569573283466,-1,0.40227387952165117,0.349248486894988,0.05302539262666317
2012-02-23,sh.600188,25.2700,25.5,25.05,25.42,10384973,263181157.0000,3,2.884889,1,0.633400,14.168510,3.174716,2.941802,79.505768,0,25.107999999999972,25.09300000000003,24.579500000000028,1,1,1,1,1,60.09070294784575,56.826936026936096,66.61823678966505,1,0.4185369111145505,0.3631061717389005,0.05543073937565002
2012-02-24,sh.600188,25.5500,26.41,25.45,26.16,18220746,475245373.0000,3,5.061625,1,2.911100,14.580969,3.267135,3.027440,81.820256,0,25.33999999999997,25.238000000000028,24.65700000000003,1,1,1,1,1,74.14632519674534,62.849847009510974,96.73928157121405,1,0.4855402901561163,0.38759299542234366,0.09794729473377267
2012-02-27,sh.600188,26.2900,26.54,26.06,26.36,13071866,343898830.0000,3,3.631294,1,0.764500,14.692444,3.292113,3.050586,82.445793,0,25.64399999999997,25.40700000000003,24.77250000000003,1,1,1,1,1,84.07976093663267,72.77226302707474,106.6947567557485,1,0.5484570083208027,0.41976579800203545,0.12869121031876724
2012-02-28,sh.600188,26.2000,26.23,25.73,25.98,9148507,237404918.0000,3,2.541406,1,-1.441600,14.480641,3.244654,3.006609,81.257272,0,25.835999999999974,25.491000000000028,24.863000000000028,1,1,1,1,1,84.54790518357873,80.92466377231906,91.79438800609807,1,0.5611871207481727,0.4480500625512629,0.11313705819690978
2012-02-29,sh.600188,25.8100,26.02,25.52,25.58,6118017,157547338.0000,3,1.699552,1,-1.539600,14.257690,3.194698,2.960318,80.006198,0,25.89999999999997,25.49200000000003,24.967500000000026,-1,1,1,1,1,73.8863287250383,80.83799828175006,59.982989611614755,-1,0.5328567288237664,0.4650113958057636,0.06784533301800283
2012-03-01,sh.600188,25.5200,25.75,25.45,25.55,4757571,121845913.0000,3,1.321628,1,-0.117300,14.240969,3.190951,2.956846,79.912368,0,25.92599999999997,25.51700000000003,25.038500000000028,-1,1,1,1,1,61.44393241167427,73.29272210676392,37.74635302149497,-1,0.5021949490673379,0.47244810645807844,0.029746842609259416
2012-03-02,sh.600188,25.6900,26.26,25.66,26.0,7853687,204178049.0000,3,2.181712,1,1.761300,14.491788,3.247152,3.008924,81.319826,0,25.89399999999997,25.61700000000003,25.13100000000003,1,1,1,1,1,61.751152073732634,65.69380440348189,53.86584741423411,-1,0.5083466036847533,0.4796278059034134,0.028718797781339844
2012-03-05,sh.600188,25.9100,26.4,25.72,25.82,8529375,222238313.0000,3,2.369414,1,-0.692300,14.391461,3.224672,2.988093,80.756843,0,25.785999999999973,25.715000000000032,25.214000000000027,1,1,1,1,1,62.211981566820235,61.80235535074254,63.03123399897562,1,0.49301417805811454,0.48230508033435365,0.010709097723760885
2012-03-06,sh.600188,25.8100,25.81,25.0,25.02,9019939,227300556.0000,3,2.505690,1,-3.098400,13.945559,3.124759,2.895511,78.254694,0,25.593999999999973,25.715000000000032,25.284000000000027,-1,-1,-1,-1,1,44.51892193827671,56.160685192943355,21.23539542894342,-1,0.4115655348684939,0.4681571712411817,-0.056591636372687826
2012-03-07,sh.600188,24.7900,24.96,24.43,24.44,6920997,170508794.0000,3,1.922616,1,-2.318100,13.622281,3.052323,2.828388,76.440636,0,25.36599999999997,25.63300000000003,25.325000000000024,-1,-1,-1,-1,1,19.6384973636158,42.123133622904405,-25.3307751549614,-1,0.29679448353909166,0.4338846337007637,-0.13709015016167203
2012-03-08,sh.600188,24.5900,24.92,24.55,24.75,5333361,131856468.0000,3,1.481579,1,1.268400,13.795068,3.091039,2.864264,77.410219,0,25.20599999999997,25.56600000000003,25.329500000000024,-1,-1,-1,-1,-1,5.646170575080465,23.26786329232448,-29.59721485940757,-1,0.22822121559110897,0.39275195007883273,-0.16453073448772376
2012-03-09,sh.600188,24.7800,25.73,24.78,25.55,8940239,226629168.0000,3,2.483550,1,3.232300,14.240969,3.190951,2.956846,79.912368,0,25.11599999999997,25.50500000000003,25.371500000000026,1,1,1,-1,-1,24.164200768237595,16.482956235644778,39.526689833423234,1,0.2357125730040437,0.3613440746638749,-0.12563150165983122
2012-03-12,sh.600188,25.9000,26.15,25.53,25.71,7918768,204534730.0000,3,2.199791,1,0.626200,14.330149,3.210934,2.975363,80.412797,0,25.093999999999973,25.440000000000033,25.423500000000026,1,1,1,-1,-1,45.66442931492127,25.158266886079932,86.67675417260395,1,0.2516592197178369,0.3394071036746673,-0.08774788395683042
2012-03-13,sh.600188,25.7900,26.1,25.42,25.92,5964428,153909475.0000,3,1.656886,1,0.816800,14.447198,3.237161,2.999666,81.069611,0,25.273999999999972,25.434000000000037,25.462500000000027,1,1,1,-1,-1,65.8206429780034,45.21642435372092,107.02908022656838,1,0.27803725666205636,0.32713313427214513,-0.04909587761008877
2012-03-14,sh.600188,26.1200,26.28,24.6,24.75,10423212,266147348.0000,3,2.895512,1,-4.513900,13.795068,3.091039,2.864264,77.410219,0,25.335999999999974,25.351000000000038,25.421500000000027,-1,-1,-1,-1,-1,52.28426395939087,54.589778750772005,47.6732343766286,-1,0.2022019607447092,0.30214689956665797,-0.09994493882194877
2012-03-15,sh.600188,24.5900,24.99,24.3,24.71,6365109,157025707.0000,3,1.768193,1,-0.161600,13.772773,3.086043,2.859635,77.285112,0,25.327999999999975,25.26700000000004,25.392000000000024,-1,-1,-1,1,-1,37.13399403754732,51.74630032498069,7.909381462680571,-1,0.13729166382092473,0.2691758524175113,-0.13188418859658657
2012-03-16,sh.600188,24.7500,25.1,24.45,24.95,4373606,108559086.0000,3,1.214964,1,0.971300,13.906543,3.116017,2.887410,78.035756,0,25.207999999999977,25.162000000000038,25.389500000000023,-1,-1,-1,1,-1,22.865249058142364,37.427835685027006,-6.2599241956269225,-1,0.10401673986273607,0.23614402990655625,-0.13212729004382018
2012-03-19,sh.600188,24.7800,25.26,24.67,25.23,4978540,124231363.0000,3,1.383012,1,1.122200,14.062609,3.150986,2.919813,78.911508,0,25.111999999999973,25.103000000000037,25.409000000000027,1,1,-1,1,-1,33.107263107262995,31.03550206765105,37.25078518648689,1,0.0990974491278287,0.20873471375081074,-0.10963726462298204
2012-03-20,sh.600188,25.2400,25.78,25.01,25.05,7939856,201558968.0000,3,2.205649,1,-0.713400,13.962281,3.128506,2.898982,78.348525,0,24.937999999999974,25.106000000000037,25.410500000000027,1,-1,-1,-1,-1,39.2255892255891,31.732700463664973,54.21136674943735,1,0.07975501394659901,0.1829387737899684,-0.10318375984336939
2012-03-21,sh.600188,25.1500,25.91,24.82,25.59,9622158,245304794.0000,3,2.672984,1,2.155700,14.263264,3.195947,2.961475,80.037475,0,25.105999999999973,25.22100000000004,25.427000000000028,1,1,1,-1,-1,49.999999999999886,40.77761744428415,68.44476511143137,1,0.10676871841775437,0.1677047627155256,-0.06093604429777122
2012-03-22,sh.600188,25.6100,25.89,25.3,25.53,6172547,157984553.0000,3,1.714700,1,-0.234500,14.229821,3.188454,2.954532,79.849814,0,25.269999999999975,25.29900000000004,25.432500000000026,1,1,1,-1,-1,55.050505050504945,48.0920314253648,68.96745230078524,1,0.12193023937472347,0.15854985804736516,-0.036619618672641685
2012-03-23,sh.600188,25.5900,25.63,24.61,24.75,5749153,144000535.0000,3,1.597084,1,-3.055200,13.795068,3.091039,2.864264,77.410219,0,25.229999999999976,25.219000000000037,25.362000000000027,-1,-1,-1,1,-1,49.999999999999886,51.68350168350173,46.632996632996196,-1,0.07019718326551327,0.14087932309099477,-0.0706821398254815
2012-03-26,sh.600188,24.7500,24.99,24.38,24.5,4121232,101204542.0000,3,1.144856,1,-1.010100,13.974690,2.855527,2.470881,87.701704,0,25.083999999999975,25.098000000000035,25.269000000000027,-1,-1,-1,-1,-1,31.649831649831544,45.56677890011229,3.815937149270056,-1,0.008922598755273015,0.11448797822385041,-0.1055653794685774
2012-03-27,sh.600188,24.6300,24.93,24.5,24.59,2833781,69896090.0000,3,0.787209,1,0.367300,14.026026,2.866016,2.479958,88.023874,0,24.991999999999976,24.965000000000035,25.19950000000002,-1,-1,-1,1,-1,16.946901729510305,32.86557779311408,-14.890450397697236,-1,-0.03200674920864799,0.08518903273735073,-0.11719578194599872
2012-03-28,sh.600188,24.5900,24.59,23.13,23.21,6557396,155681870.0000,3,1.821609,1,-5.612000,13.238880,2.705175,2.340782,83.083941,0,24.515999999999973,24.811000000000035,25.081000000000024,-1,-1,-1,-1,-1,10.330376767661637,19.642370049001325,-8.29360979501774,-1,-0.17379462297857273,0.033392301594166035,-0.20718692457273877
2012-03-29,sh.600188,23.2100,23.21,22.06,22.19,6186437,139534352.0000,3,1.718559,1,-4.394700,12.657076,2.586291,2.237913,79.432686,0,23.847999999999974,24.559000000000033,24.91300000000002,-1,-1,-1,-1,-1,8.08891452619943,11.788731007790618,0.689281563017051,-1,-0.3642689443313252,-0.04613994759093222,-0.31812899674039297
2012-03-30,sh.600188,22.1900,22.39,22.06,22.21,4074427,90422459.0000,3,1.131854,1,0.090100,12.668484,2.588622,2.239930,79.504279,0,23.339999999999975,24.285000000000036,24.723500000000023,-1,-1,-1,-1,-1,3.383475038151279,7.26758877733761,-4.3847524402213836,-1,-0.5077543078489377,-0.13846281964253332,-0.3692914882064044
2012-04-05,sh.600188,22.4800,22.9,22.12,22.75,6287688,141562654.0000,3,1.746686,1,2.431300,12.976498,2.651561,2.294390,81.437297,0,22.989999999999974,24.037000000000038,24.57000000000002,-1,-1,-1,-1,-1,8.398268398268367,6.62355265420652,11.947699886392062,1,-0.5713083184926617,-0.225031919412559,-0.3462763990801027
2012-04-06,sh.600188,22.8300,22.85,22.41,22.64,5263774,119069575.0000,3,1.462248,1,-0.483500,12.913754,2.638740,2.283296,81.043534,0,22.599999999999973,23.79600000000004,24.451000000000022,1,-1,-1,-1,-1,12.320594983780323,8.034112806733484,20.893559337874,1,-0.6233656394415306,-0.30469866341835333,-0.31866697602317723
2012-04-09,sh.600188,22.5900,22.59,22.21,22.25,3470840,77546818.0000,3,0.964181,1,-1.722600,12.691300,2.593285,2.243964,79.647466,0,22.407999999999976,23.46200000000004,24.34150000000002,-1,-1,-1,-1,-1,12.795936635592556,11.171600005880578,16.044609895016514,1,-0.6881585189377475,-0.38139063452223215,-0.30676788441551534
2012-04-10,sh.600188,22.2000,22.51,22.01,22.45,4500382,100172645.0000,3,1.250182,1,0.898900,12.805379,2.616595,2.264134,80.363398,0,22.459999999999976,23.154000000000035,24.226500000000023,-1,-1,-1,-1,-1,11.7436108852802,12.286714168217856,10.65740431940489,-1,-0.7151254926862087,-0.44813760615502746,-0.2669878865311813
2012-04-11,sh.600188,22.1500,22.6,22.07,22.4,3178344,71050350.0000,3,0.882927,1,-0.222700,12.776859,2.610767,2.259092,80.184415,0,22.49799999999998,22.919000000000036,24.06900000000002,-1,-1,-1,-1,-1,11.147797968747613,11.895781829873618,9.651830246495603,-1,-0.7320924892961287,-0.5049285827832477,-0.227163906512881
2012-04-12,sh.600188,22.8000,23.51,22.8,23.32,10787565,250083593.0000,3,2.996727,1,4.107100,13.301623,2.717995,2.351876,83.477704,0,22.611999999999977,22.801000000000037,23.94950000000002,1,1,-1,-1,-1,26.29881961771726,16.396742823915186,46.10297320532141,1,-0.6636524725170503,-0.5366733607300083,-0.12697911178704202
2012-04-13,sh.600188,23.3500,23.65,23.11,23.41,7649296,179232981.0000,3,2.124933,1,0.385900,13.352959,2.728485,2.360952,83.799873,0,22.765999999999977,22.683000000000035,23.82400000000002,1,1,-1,1,-1,49.83240394684918,29.09300717777151,91.31119748500453,1,-0.5952888984306846,-0.5483964682701435,-0.04689243016054101
2012-04-16,sh.600188,23.1900,23.55,23.1,23.32,3291846,76791665.0000,3,0.914457,1,-0.384500,13.301623,2.717995,2.351876,83.477704,0,22.97999999999998,22.694000000000035,23.75250000000002,1,1,-1,1,-1,72.00636541249129,49.379196325686074,117.26070358610174,1,-0.5421232617712128,-0.5471418269703574,0.0050185651991445646
2012-04-17,sh.600188,23.3300,23.48,23.01,23.02,3622184,84199114.0000,3,1.006223,1,-1.286400,13.130505,2.683030,2.321620,82.403805,0,23.093999999999976,22.777000000000037,23.66800000000002,-1,1,-1,1,-1,75.60975609756093,65.81617515230063,95.19691798808154,1,-0.5182228539978837,-0.5413580323758627,0.02313517837797896
2012-04-18,sh.600188,23.1700,23.78,23.1,23.73,6446452,151660124.0000,3,1.790790,1,3.084300,13.535485,2.765782,2.393225,84.945365,0,23.359999999999978,22.929000000000034,23.60700000000002,1,1,1,1,-1,79.54618529236132,75.72076893413801,87.19701800880793,1,-0.43695361310427216,-0.5204771485215446,0.08352353541727242
2012-04-19,sh.600188,23.7100,23.72,23.42,23.55,3976042,93776611.0000,3,1.104523,1,-0.758500,13.432814,2.744802,2.375072,84.301026,0,23.405999999999974,23.009000000000036,23.52300000000002,1,1,1,1,-1,81.92205227137005,79.0259978870976,87.71416103991496,1,-0.3826605769271758,-0.4929138342026708,0.11025325727549501
2012-04-20,sh.600188,23.5500,23.74,23.35,23.71,5009129,118242826.0000,3,1.391509,1,0.679400,13.524078,2.763451,2.391208,84.873772,0,23.465999999999973,23.116000000000035,23.45600000000002,1,1,1,1,1,93.40866290018819,84.95896682130667,110.30805505795124,1,-0.3229989608120505,-0.45893085952454676,0.13593189871249628
2012-04-23,sh.600188,23.7100,23.71,23.71,23.71,0,0.0000,3,,0,0.000000,13.524078,2.763451,2.391208,84.873772,0,23.543999999999976,23.262000000000036,23.36200000000002,1,1,1,1,1,92.9857600687216,89.43882508009345,100.0796300459779,1,-0.2725746295445042,-0.42165961352853826,0.14908498398403408
2012-04-24,sh.600188,23.3000,23.52,22.55,23.09,9425121,217579462.0000,3,2.618248,1,-2.614900,13.618532,2.537506,2.109946,36.126511,0,23.55799999999998,23.326000000000036,23.240000000000016,-1,-1,-1,1,1,78.61802317101363,88.33748204664131,59.17910541975826,-1,-0.2794208129725604,-0.39321185341734266,0.11379104044478228
2012-04-25,sh.600188,23.1000,23.28,22.83,23.24,6419297,148020899.0000,3,1.783246,1,0.649600,13.707002,2.553991,2.123653,36.361200,0,23.459999999999976,23.410000000000036,23.164500000000018,-1,-1,1,1,1,65.3021442495125,78.96864249641608,37.969147755705336,-1,-0.26963453716294694,-0.3684963901664635,0.09886185300351658
2012-04-26,sh.600188,23.3500,23.95,23.15,23.66,7840963,185321968.0000,3,2.178177,1,1.807200,13.954719,2.600147,2.162033,37.018330,0,23.481999999999978,23.444000000000038,23.12250000000002,1,1,1,1,1,59.76190476190459,67.89402406081041,43.49766616409295,-1,-0.22539019529315496,-0.3398751511918018,0.11448495589864682
2012-04-27,sh.600188,23.6800,23.83,23.51,23.8,5252807,124595582.0000,3,1.459201,1,0.591700,14.037291,2.615533,2.174826,37.237374,0,23.499999999999975,23.48300000000004,23.08300000000002,1,1,1,1,1,74.889663182346,66.6512373979212,91.36651475119561,1,-0.17698918448014922,-0.3072979578494713,0.13030877336932206
2012-05-02,sh.600188,24.2800,25.66,23.95,25.21,14810484,368797991.0000,3,4.114272,1,5.924400,14.868912,2.770487,2.303670,39.443453,0,23.799999999999976,23.67200000000004,23.18300000000002,1,1,1,1,1,84.70065839840755,73.11740878088621,107.86715763345026,1,-0.024572561370472812,-0.25075287855367157,0.22618031718319875
2012-05-03,sh.600188,25.0000,25.48,25.0,25.23,8324084,210160503.0000,3,2.312386,1,0.079300,14.880708,2.772685,2.305498,39.474745,0,24.227999999999977,23.893000000000036,23.335000000000022,1,1,1,1,1,86.99663145000761,82.19565101025388,96.59859232951507,1,0.0967176426199643,-0.18125877431894438,0.2779764169389087
2012-05-04,sh.600188,25.1800,25.35,24.93,25.14,9090485,228805286.0000,3,2.525288,1,-0.356700,14.827626,2.762794,2.297274,39.333932,0,24.60799999999998,24.034000000000038,23.481500000000022,1,1,1,1,1,84.99464094319391,85.56397693053653,83.85596896850868,-1,0.18346389768232996,-0.1083142399186895,0.29177813760101945
2012-05-07,sh.600188,24.9000,24.9,24.45,24.76,10899811,268748149.0000,3,3.027909,1,-1.511500,14.603501,2.721033,2.262550,38.739385,0,24.82799999999998,24.155000000000037,23.582000000000022,-1,1,1,1,1,80.17148981779201,84.05425407033135,72.40596131271332,-1,0.2190233408487714,-0.042846723765197325,0.2618700646139687
2012-05-08,sh.600188,24.7600,24.79,24.25,24.46,8503950,207615588.0000,3,2.362351,1,-1.211600,14.426561,2.688064,2.235136,38.270007,0,24.95999999999998,24.230000000000036,23.673000000000023,-1,1,1,1,1,71.9185423365487,79.02822436584505,57.69917827795601,-1,0.22045568702363383,0.009813758392568907,0.21064192863106493
2012-05-09,sh.600188,24.1900,24.19,23.8,23.88,7745887,185800751.0000,3,2.151766,1,-2.371200,14.084475,2.624325,2.182136,37.362541,0,24.693999999999978,24.247000000000035,23.75450000000002,-1,-1,1,1,1,56.52611924753534,69.53871713395885,30.500923474688307,-1,0.172797773775752,0.04241056146920553,0.13038721230654648
2012-05-10,sh.600188,23.8000,24.16,23.8,24.0,4692278,112721268.0000,3,1.303489,1,0.502500,14.155252,2.637512,2.193101,37.550293,0,24.447999999999976,24.338000000000033,23.832000000000022,-1,-1,1,1,1,44.12726877589564,57.52397678666006,17.333852754366802,-1,0.1430623970285403,0.06254092858107249,0.0805214684474678
2012-05-11,sh.600188,24.0000,24.46,23.8,24.0,5542823,133563513.0000,3,1.539766,1,0.000000,14.155252,2.637512,2.193101,37.550293,0,24.219999999999978,24.414000000000033,23.912000000000024,-1,-1,1,-1,1,31.25257100177363,43.9686530084017,5.82040698851749,-1,0.11813510872769228,0.07365976461039644,0.04447534411729584
2012-05-14,sh.600188,24.2800,24.35,23.6,23.6,5851138,140041716.0000,3,1.625415,1,-1.666700,13.919331,2.593554,2.156550,36.924454,0,23.98799999999998,24.408000000000033,23.926000000000023,-1,-1,-1,-1,1,18.885079835695894,31.421639871121883,-6.18804023515608,-1,0.06535008104209794,0.07199782789673674,-0.0066477468546388
2012-05-15,sh.600188,23.4000,23.4,22.95,23.26,5472372,126496410.0000,3,1.520195,1,-1.440700,13.718798,2.556189,2.125481,36.392492,0,23.747999999999976,24.35400000000003,23.918500000000023,-1,-1,-1,-1,-1,11.681220700431957,20.60629051263399,-6.168918923972107,-1,-0.0038729472704552848,0.056823672863298334,-0.06069662013375362
2012-05-16,sh.600188,23.1800,23.3,22.86,22.88,4653406,107094002.0000,3,1.292691,1,-1.633700,13.494673,2.514428,2.090757,35.797946,0,23.547999999999977,24.12100000000003,23.896500000000024,-1,-1,-1,-1,-1,4.3520590927609755,11.639453209629771,-10.222729140976615,-1,-0.08837676777436343,0.02778358473576598,-0.1161603525101294
2012-05-17,sh.600188,22.8800,23.28,22.82,23.23,3997897,92498955.0000,3,1.110594,1,1.529700,13.701104,2.552892,2.122739,36.345554,0,23.393999999999977,23.921000000000028,23.907000000000025,-1,-1,-1,-1,-1,10.922571913273805,8.985283902155741,14.79714793550993,1,-0.12565609417742962,-0.0029043510468731402,-0.12275174313055648
2012-05-18,sh.600188,23.0000,23.04,22.51,22.67,6327663,143917971.0000,3,1.757791,1,-2.410700,13.370815,2.491350,2.071567,35.469381,0,23.12799999999998,23.674000000000028,23.854000000000024,-1,-1,-1,-1,-1,9.177431724197666,8.15068757674431,11.230920019104374,1,-0.1981039300296601,-0.04194426684343053,-0.15615966318622956
2012-05-21,sh.600188,22.5800,23.09,22.35,22.84,6334750,144158114.0000,3,1.759759,1,0.749900,13.471081,2.510032,2.087102,35.735362,0,22.975999999999978,23.48200000000003,23.81850000000002,-1,-1,-1,-1,-1,16.6506103787844,12.250204672085452,25.451421792182295,1,-0.23904620677964417,-0.08136465483067326,-0.1576815519489709
2012-05-22,sh.600188,22.9600,23.15,22.9,23.09,5651916,130026971.0000,3,1.570072,1,1.094600,13.618532,2.537506,2.109946,36.126511,0,22.941999999999975,23.34500000000003,23.787500000000023,1,-1,-1,-1,-1,21.77046090740267,15.866167670128405,33.5790473819512,1,-0.24845629589396978,-0.11478298304333256,-0.13367331285063722
2012-05-23,sh.600188,22.9600,23.05,22.6,22.79,4390140,100240210.0000,3,1.219557,1,-1.299300,13.441591,2.504538,2.082533,35.657132,0,22.923999999999978,23.23600000000003,23.741500000000023,-1,-1,-1,-1,-1,26.38230647709305,21.60112592109353,35.944667589092084,1,-0.2769290859875966,-0.14721220363218537,-0.1297168823554112
2012-05-24,sh.600188,22.7000,22.99,22.64,22.69,3452752,78721349.0000,3,0.959156,1,-0.438800,13.382611,2.493548,2.073395,35.500673,0,22.815999999999978,23.10500000000003,23.721500000000027,-1,-1,-1,-1,-1,24.308056872037778,24.153608085511323,24.616954445090684,1,-0.3040581484713485,-0.17858139260001799,-0.1254767558713305
2012-05-25,sh.600188,22.7500,22.83,22.24,22.34,4089691,91874118.0000,3,1.136094,1,-1.542500,13.176180,2.455084,2.041412,34.953064,0,22.74999999999998,22.93900000000003,23.676500000000026,-1,-1,-1,-1,-1,15.491256741297521,22.060540030142942,2.352690163606681,-1,-0.3497682897509691,-0.21281877203020821,-0.13694951772076086
2012-05-28,sh.600188,22.2500,22.85,22.01,22.82,5100397,114450529.0000,3,1.416863,1,2.148600,13.459285,2.507834,2.085274,35.704070,0,22.745999999999974,22.86100000000003,23.634500000000024,1,-1,-1,-1,-1,29.470462443196947,23.089925352177573,42.23153662523569,1,-0.34330451679624474,-0.23891592098341552,-0.10438859581282922
2012-05-29,sh.600188,22.8500,23.4,22.85,23.27,7450983,172504658.0000,3,2.069843,1,1.972000,13.724696,2.557288,2.126395,36.408138,0,22.781999999999975,22.86200000000003,23.608000000000022,1,1,-1,-1,-1,54.019623114659794,32.99378076638491,96.07130781120956,1,-0.2984305691331848,-0.2508188506133694,-0.04761171851981538
2012-05-30,sh.600188,23.2800,23.3,22.96,23.0,4776182,110219523.0000,3,1.326798,1,-1.160300,13.565449,2.527616,2.101722,35.985697,0,22.823999999999973,22.87400000000003,23.497500000000024,1,1,-1,-1,-1,74.88706709051357,52.792384216123594,119.07643283929352,1,-0.2814104612019186,-0.25693717273107924,-0.02447328847083935
2012-05-31,sh.600188,22.7500,22.88,22.59,22.76,3379293,76787622.0000,3,0.938749,1,-1.043500,13.423897,2.501241,2.079791,35.610194,0,22.837999999999973,22.827000000000034,23.37400000000002,-1,-1,-1,1,-1,71.94244604316546,66.94971208277977,81.92791396393685,1,-0.28401396112811383,-0.2623525304104862,-0.02166143071762766
2012-06-01,sh.600188,22.7600,22.97,22.66,22.79,3476093,79228490.0000,3,0.965640,1,0.131800,13.441591,2.504538,2.082533,35.657132,0,22.927999999999976,22.83900000000003,23.256500000000024,-1,-1,-1,1,-1,60.43165467625895,69.08705593664615,43.120852155484556,-1,-0.28042395154176347,-0.26596681463674166,-0.014457136905021817
2012-06-04,sh.600188,22.3000,22.34,21.88,21.91,7386853,163454568.0000,3,2.052028,1,-3.861300,12.922565,2.407829,2.002119,34.280288,0,22.745999999999974,22.74600000000003,23.114000000000026,-1,-1,-1,-1,-1,37.348542218856466,56.57421431276045,-1.1028019689515105,-1,-0.34461498162035653,-0.2816964480334646,-0.06291853358689192
2012-06-05,sh.600188,21.8500,22.11,21.56,21.68,4803582,104556666.0000,3,1.334409,1,-1.049700,12.786911,2.382553,1.981102,33.920431,0,22.427999999999976,22.60500000000003,22.975000000000026,-1,-1,-1,-1,-1,21.53684375154334,39.77234688221974,-14.934162509809468,-1,-0.4093274412930974,-0.3072226466853912,-0.10210479460770622
2012-06-06,sh.600188,21.8500,21.88,21.24,21.46,3526226,76061527.0000,3,0.979567,1,-1.014800,12.657154,2.358375,1.960998,33.576220,0,22.119999999999976,22.47200000000003,22.854000000000024,-1,-1,-1,-1,-1,6.226869508715434,21.70408515970524,-24.72756179326418,-1,-0.47291324370002386,-0.3403607660883177,-0.13255247761170613
2012-06-07,sh.600188,21.7000,21.84,21.11,21.16,3565155,76477189.0000,3,0.990381,1,-1.397900,12.480213,2.325407,1.933584,33.106841,0,21.799999999999976,22.31900000000003,22.712000000000025,-1,-1,-1,-1,-1,6.29677680971902,11.353496689992758,-3.816662950828455,-1,-0.5412734792758194,-0.38054330872581804,-0.16073017055000133
2012-06-08,sh.600188,21.4400,21.45,21.0,21.02,3393637,71845515.0000,3,0.942734,1,-0.661600,12.397641,2.310021,1.920791,32.887798,0,21.445999999999973,22.187000000000033,22.563000000000024,-1,-1,-1,-1,-1,4.400641544018513,5.641429287484481,1.919066057086578,-1,-0.5998318008320602,-0.42440100714706647,-0.17543079368499376
2012-06-11,sh.600188,21.2100,21.57,21.04,21.51,3261214,69620016.0000,3,0.905948,1,2.331100,12.686644,2.363870,1.965567,33.654450,0,21.365999999999975,22.056000000000033,22.458500000000022,1,-1,-1,-1,-1,8.396884163449522,6.364767505729176,12.461117478890216,1,-0.5997868185660735,-0.4594781694308679,-0.14030864913520563
2012-06-12,sh.600188,21.3100,21.4,21.08,21.16,2781534,58929928.0000,3,0.772695,1,-1.627200,12.480213,2.325407,1.933584,33.106841,0,21.261999999999972,21.84500000000003,22.353500000000025,-1,-1,-1,-1,-1,10.376357929326312,7.7246278789316065,15.679818030115726,1,-0.6208366265506555,-0.4917498608548254,-0.1290867656958301
2012-06-13,sh.600188,21.3000,21.32,20.99,21.32,3093626,65612305.0000,3,0.859393,1,0.756100,12.574582,2.342990,1.948205,33.357177,0,21.23399999999997,21.677000000000028,22.275500000000026,1,-1,-1,-1,-1,15.654135707104126,11.475792599960144,24.010821921392093,1,-0.6174900473186291,-0.5168978981475861,-0.10059214917104298
2012-06-14,sh.600188,21.4000,22.14,21.33,21.55,7376991,160839177.0000,3,2.049288,1,1.078800,12.710236,2.368266,1.969222,33.717034,0,21.31199999999997,21.556000000000033,22.191500000000026,1,-1,-1,-1,-1,22.08999185310522,16.040161829845378,34.18965189962491,1,-0.5894835815691088,-0.5314150348318907,-0.058068546737218174
2012-06-15,sh.600188,21.7200,21.78,21.31,21.72,3712909,80107293.0000,3,1.031426,1,0.788900,12.810503,2.386949,1.984757,33.983015,0,21.45199999999997,21.449000000000034,22.144000000000023,1,1,-1,1,-1,40.542136339237764,26.095421299815865,69.43556641808155,1,-0.5472621786990359,-0.5345844636053197,-0.01267771509371618
2012-06-18,sh.600188,21.9500,21.97,21.56,21.73,4565846,99604533.0000,3,1.268367,1,0.046000,12.816401,2.388047,1.985671,33.998661,0,21.49599999999997,21.431000000000033,22.088500000000025,1,1,-1,1,-1,56.435856146001036,39.6893281127815,89.9289122124401,1,-0.5071484051831767,-0.5290972519208912,0.021948846737714467
2012-06-19,sh.600188,21.6200,21.73,21.4,21.42,2437973,52469503.0000,3,0.677256,1,-1.426600,12.633562,2.353980,1.957343,33.513636,0,21.54799999999997,21.40500000000003,22.005000000000027,-1,1,-1,1,-1,55.07246376811594,50.68348541778507,63.85042046877767,1,-0.4946701107740772,-0.5222118236915284,0.027541712917451222
2012-06-20,sh.600188,21.4200,21.62,21.41,21.44,2504941,53870609.0000,3,0.695859,1,0.093400,12.645358,2.356178,1.959171,33.544928,0,21.571999999999967,21.403000000000027,21.937500000000025,-1,1,-1,1,-1,46.956521739130515,52.82161388441599,35.22633744855956,-1,-0.4776609614703773,-0.5133016512472982,0.03564068977692092
2012-06-21,sh.600188,21.3000,21.3,20.66,20.72,5179615,108268716.0000,3,1.438869,1,-3.358200,12.220701,2.277052,1.893378,32.418419,0,21.40599999999997,21.35900000000003,21.839000000000027,-1,-1,-1,1,-1,26.858597728162977,42.96252774513663,-5.349262305784336,-1,-0.5163271725689569,-0.5139067555116299,-0.0024204170573269845
2012-06-25,sh.600188,20.7200,20.72,20.72,20.72,0,0.0000,3,,0,0.000000,12.220701,2.277052,1.893378,32.418419,0,21.205999999999968,21.32900000000003,21.758000000000028,-1,-1,-1,-1,-1,15.746180963572195,29.853766810288718,-12.468990729860849,-1,-0.5407371422607916,-0.5192728328614622,-0.021464309399329418
2012-06-26,sh.600188,19.9300,19.93,19.2,19.61,5744360,112016891.0000,3,1.595752,1,-5.357100,11.566020,2.155067,1.791947,30.681718,0,20.781999999999968,21.139000000000028,21.59750000000003,-1,-1,-1,-1,-1,7.351228779800077,16.652002490511904,-11.25031864162358,-1,-0.642246524301278,-0.5438675711494254,-0.09837895315185263
2012-06-27,sh.600188,19.5400,19.69,19.33,19.38,3266245,63765960.0000,3,0.907345,1,-1.172900,11.430366,2.129791,1.770929,30.321861,0,20.373999999999967,20.961000000000027,21.403000000000027,-1,-1,-1,-1,-1,8.040693754979362,10.379367832784032,3.363345599370021,-1,-0.7328051965631843,-0.5816550962321771,-0.15115010033100718
2012-06-28,sh.600188,19.4500,19.59,19.27,19.28,2576276,50054682.0000,3,0.715676,1,-0.516000,11.371385,2.118801,1.761792,30.165402,0,19.941999999999968,20.757000000000026,21.21700000000003,-1,-1,-1,-1,-1,7.652037951161154,7.681320161980352,7.593473529522758,-1,-0.8033818748702259,-0.6260004519597869,-0.177381422910439
2012-06-29,sh.600188,19.1100,19.12,18.38,18.98,6652927,125227352.0000,3,1.848147,1,-1.556000,11.194445,2.085833,1.734378,29.696023,0,19.59399999999997,20.500000000000025,21.02800000000003,-1,-1,-1,-1,-1,8.574542514732185,8.08909140695772,9.545444730281112,1,-0.8734532681322094,-0.6754910151942715,-0.1979622529379379
2012-07-02,sh.600188,19.3000,19.6,19.0,19.07,4909442,94801145.0000,3,1.363816,1,0.474200,11.247527,2.095723,1.742602,29.836837,0,19.26399999999997,20.235000000000024,20.84200000000003,-1,-1,-1,-1,-1,13.399397829992632,9.875326098628811,20.447541292720274,1,-0.9112191372903737,-0.7226366396134919,-0.18858249767688184
2012-07-03,sh.600188,19.0800,19.44,18.83,19.28,3352872,64389408.0000,3,0.931410,1,1.101200,11.371385,2.118801,1.761792,30.165402,0,19.197999999999972,19.990000000000027,20.71050000000003,1,-1,-1,-1,-1,21.69596154171879,14.556633962148021,35.97461670086034,1,-0.9136713807927492,-0.7608435878493434,-0.15282779294340587
2012-07-04,sh.600188,19.6000,19.74,19.14,19.4,5050471,98257598.0000,3,1.402994,1,0.622400,11.442162,2.131989,1.772757,30.353153,0,19.20199999999997,19.788000000000025,20.596500000000027,1,-1,-1,-1,-1,27.7687665174886,20.954708629733492,41.39688229299882,1,-0.8956077951516725,-0.7877964293098092,-0.10781136584186335
2012-07-05,sh.600188,19.4000,19.4,18.83,18.92,2774251,52631180.0000,3,0.770672,1,-2.474200,11.159057,2.079239,1.728895,29.602147,0,19.12999999999997,19.536000000000023,20.469500000000032,-1,-1,-1,-1,-1,28.59540256800528,26.020043542404377,33.74612061920708,1,-0.9095396548898407,-0.8121450744258155,-0.09739458046402516
2012-07-06,sh.600188,19.0200,19.38,18.7,19.25,4212589,80170527.0000,3,1.170234,1,1.744200,11.353691,2.115505,1.759050,30.118464,0,19.18399999999997,19.389000000000024,20.37400000000003,1,-1,-1,-1,-1,38.04582072810086,31.46999660453173,51.197468975239104,1,-0.8837650190164439,-0.8264690633439412,-0.057295955672502674
2012-07-09,sh.600188,19.1700,19.17,18.48,18.5,4371293,81775716.0000,3,1.214322,1,-3.896100,10.911340,2.033082,1.690516,28.945017,0,19.069999999999972,19.167000000000023,20.24800000000003,-1,-1,-1,-1,-1,29.34316158225077,31.994794959452452,24.039894827847398,-1,-0.9133288795826822,-0.8438410265916894,-0.0694878529909928
2012-07-10,sh.600188,18.5000,18.69,18.42,18.65,2644095,49115747.0000,3,0.734515,1,0.810800,10.999810,2.049567,1.704223,29.179707,0,18.94399999999997,19.071000000000023,20.10500000000003,-1,-1,-1,-1,-1,28.268500948766558,31.885827753039546,21.033847340220582,-1,-0.9141173301165431,-0.8578962872966601,-0.05622104281988294
2012-07-11,sh.600188,18.5000,19.16,18.5,19.05,4633508,88028691.0000,3,1.287164,1,2.144800,11.235731,2.093525,1.740774,29.805545,0,18.87399999999997,19.038000000000025,19.99950000000003,1,1,-1,-1,-1,25.980392156862735,27.864018229293503,22.213140012001197,-1,-0.8724089385961591,-0.86079881755656,-0.01161012103959913
2012-07-12,sh.600188,18.6000,19.76,18.27,19.46,9521535,182762299.0000,3,2.645031,1,5.303000,11.477550,2.138583,1.778240,30.447029,0,18.98199999999997,19.056000000000026,19.90650000000003,1,1,-1,-1,-1,49.661139623634654,34.63667757642146,79.71006371806104,1,-0.7970828889594372,-0.8480556318371354,0.05097274287769815
2012-07-13,sh.600188,19.2000,19.74,19.01,19.22,5133400,99750635.0000,3,1.426031,1,-1.233300,11.335997,2.112208,1.756309,30.071526,0,18.97599999999997,19.080000000000027,19.790000000000028,1,1,-1,-1,-1,64.29628898539275,46.645940255296864,99.59698644558452,1,-0.7481284866633189,-0.8280702028023721,0.07994171613905321
2012-07-16,sh.600188,19.3000,19.3,18.98,18.99,3614028,69250681.0000,3,1.003957,1,-1.196700,11.200343,2.086931,1.735292,29.711669,0,19.07399999999997,19.072000000000028,19.653500000000026,-1,-1,-1,1,-1,63.98210290827725,59.31317717243504,73.31995437996166,1,-0.7195957955576624,-0.8063753213534302,0.08677952579576775
2012-07-17,sh.600188,18.9600,19.4,18.9,19.16,3429244,65777686.0000,3,0.952625,1,0.895200,11.300609,2.105614,1.750826,29.977650,0,19.17599999999997,19.060000000000027,19.525000000000027,-1,1,-1,1,-1,57.270693512304085,61.84969513532485,48.11269026626255,-1,-0.6754793475910361,-0.7801961266009514,0.10471677900991527
2012-07-18,sh.600188,19.1500,19.32,18.9,19.3,2628407,50297767.0000,3,0.730157,1,0.730700,11.383181,2.120999,1.763619,30.196694,0,19.22599999999997,19.05000000000003,19.419000000000025,1,1,-1,1,-1,59.06040268456363,60.104399701715145,56.97240865026059,-1,-0.6220493174452031,-0.7485667647698018,0.1265174473245987
2012-07-19,sh.600188,19.3000,19.5,19.12,19.3,4984666,96431198.0000,3,1.384713,1,0.000000,11.383181,2.120999,1.763619,30.196694,0,19.193999999999967,19.08800000000003,19.312000000000026,1,1,-1,1,-1,65.99552572706925,60.77554064131247,76.4354958985828,1,-0.573099301605076,-0.7134732721368566,0.14037397053178058
2012-07-20,sh.600188,19.3600,19.47,18.88,19.0,3601249,68911884.0000,3,1.000408,1,-1.554400,11.206241,2.088030,1.736205,29.727315,0,19.14999999999997,19.063000000000027,19.226000000000028,-1,-1,-1,1,-1,62.41610738255023,62.49067859806118,62.26696495152834,-1,-0.552148727353071,-0.6812083631800995,0.1290596358270285
2012-07-23,sh.600188,18.8200,18.97,18.35,18.73,3323057,61900319.0000,3,0.923127,1,-1.421100,11.046994,2.058358,1.711533,29.304874,0,19.09799999999997,19.086000000000027,19.12650000000003,-1,-1,-1,1,-1,49.664429530201254,59.35868754660706,30.275913497389638,-1,-0.5509806281259664,-0.6551628161692729,0.10418218804330648
2012-07-24,sh.600188,18.4300,18.95,18.36,18.68,2860762,53525330.0000,3,0.794704,1,-0.267000,11.017504,2.052864,1.706964,29.226644,0,19.00199999999997,19.089000000000027,19.080000000000027,-1,-1,-1,-1,-1,35.794183445190065,49.29157345264733,8.799403430275532,-1,-0.547775073140329,-0.6336852675634841,0.08591019442315506
2012-07-25,sh.600188,18.6500,18.79,18.44,18.46,2022401,37627499.0000,3,0.561812,1,-1.177700,10.887748,2.028686,1.686861,28.882433,0,18.833999999999968,19.030000000000026,19.034000000000027,-1,-1,-1,-1,-1,22.100976936571456,35.85319663732107,-5.40346246492777,-1,-0.5565710050103796,-0.6182624150528632,0.061691410042483574
2012-07-26,sh.600188,18.5000,18.77,18.44,18.45,1955795,36360136.0000,3,0.543309,1,-0.054200,10.881850,2.027587,1.685947,28.866787,0,18.66399999999997,18.929000000000023,18.992500000000028,-1,-1,-1,-1,-1,14.708699920716903,24.201286767492956,-4.276473772835203,-1,-0.5579174359056012,-0.6061934192234107,0.04827598331780958
2012-07-27,sh.600188,18.6300,18.88,18.53,18.69,3170226,59270790.0000,3,0.880672,1,1.300800,11.023402,2.053963,1.707878,29.242290,0,18.60199999999997,18.876000000000026,18.978000000000026,1,-1,-1,-1,-1,15.391512876655057,17.400396577981287,11.373745474002597,-1,-0.5334689993032207,-0.5916485352393728,0.058179535936152105
2012-07-30,sh.600188,18.6100,18.91,18.61,18.67,2126386,39881848.0000,3,0.590699,1,-0.107000,11.011606,2.051765,1.706050,29.210999,0,18.589999999999968,18.844000000000023,18.958000000000027,1,-1,-1,-1,-1,22.02898550724626,17.376399434872887,31.33415765199301,1,-0.5098302640813728,-0.5752848810077728,0.06545461692639998
2012-07-31,sh.600188,18.6800,18.78,18.19,18.26,2296584,42217395.0000,3,0.637979,1,-2.196000,10.769787,2.006707,1.668585,28.569514,0,18.50599999999997,18.754000000000023,18.90700000000003,-1,-1,-1,-1,-1,20.911605266069206,19.44403454999032,23.84674669822698,1,-0.5182064086901121,-0.5638691865442407,0.04566277785412853
2012-08-01,sh.600188,18.2800,18.82,18.28,18.68,2406015,44804429.0000,3,0.668378,1,2.300100,11.017504,2.052864,1.706964,29.226644,0,18.549999999999972,18.69200000000002,18.87100000000003,1,-1,-1,-1,-1,23.81694946896773,22.252513414094548,26.945821578714096,1,-0.4853591555067567,-0.5481671803367438,0.06280802482998715
2012-08-02,sh.600188,18.5300,18.8,18.53,18.69,2659924,49728626.0000,3,0.738913,1,0.053500,11.023402,2.053963,1.707878,29.242290,0,18.59799999999997,18.63100000000002,18.85950000000003,1,1,-1,-1,-1,35.90910851764857,26.879221084228647,53.96888338448841,1,-0.4532952488188684,-0.5291927940331688,0.07589754521430037
2012-08-03,sh.600188,18.7000,18.98,18.62,18.97,3545468,66777541.0000,3,0.984912,1,1.498100,11.188547,2.084734,1.733464,29.680377,0,18.65399999999997,18.62800000000002,18.845500000000026,1,1,1,1,-1,67.03933043925122,42.255129475289316,116.60773236717502,1,-0.4006720142477995,-0.5034886380760949,0.10281662382829537
2012-08-06,sh.600188,19.0200,19.4,19.02,19.38,5406710,104006077.0000,3,1.501955,1,2.161300,11.430366,2.129791,1.770929,30.321861,0,18.79599999999997,18.69300000000002,18.889500000000027,1,1,1,1,-1,87.0612829185901,63.336573958496764,134.51070083877676,1,-0.32217036876621563,-0.46722498421411907,0.14505461544790343
2012-08-07,sh.600188,19.3400,19.45,19.11,19.26,3756289,72236759.0000,3,1.043477,1,-0.619200,11.359589,2.116604,1.759964,30.134110,0,18.99599999999997,18.75100000000002,18.920000000000027,1,1,1,1,1,94.00063985794702,82.70041773859624,116.60108409664858,1,-0.26656742294712643,-0.42709347196072056,0.16052604901359413
2012-08-08,sh.600188,19.2500,19.76,19.21,19.46,6475161,126187999.0000,3,1.798765,1,1.038400,11.477550,2.138583,1.778240,30.447029,0,19.15199999999997,18.85100000000002,18.940500000000025,1,1,1,1,1,88.05315403462475,89.70502560372076,84.74941089643275,-1,-0.204011640063829,-0.38247710558134224,0.17846546551751324
2012-08-09,sh.600188,19.4500,19.49,19.05,19.36,3695783,71304653.0000,3,1.026669,1,-0.513900,11.418570,2.127593,1.769102,30.290569,0,19.28599999999997,18.942000000000018,18.935500000000026,1,1,1,1,1,80.11154921982939,87.38844770413385,65.55775225122045,-1,-0.16065298806051942,-0.3381122820771777,0.17745929401665828
2012-08-10,sh.600188,19.4000,19.44,19.08,19.1,2923090,56029541.0000,3,0.812019,1,-1.343000,11.265221,2.099020,1.745343,29.883775,0,19.311999999999973,18.98300000000002,18.92950000000003,-1,1,1,1,1,71.12526539278117,79.7633228824119,53.84915041351974,-1,-0.1455924716697723,-0.2996083199956966,0.1540158483259243
2012-08-13,sh.600188,19.1000,19.1,18.68,18.69,3123455,58853825.0000,3,0.867679,1,-2.146600,11.023402,2.053963,1.707878,29.242290,0,19.17399999999997,18.98500000000002,18.91450000000003,-1,-1,-1,1,1,53.39559304527446,68.21080255262846,23.765174030566442,-1,-0.16484030103121228,-0.27265471620279974,0.10781441517158746
2012-08-14,sh.600188,18.6600,18.9,18.56,18.87,2466228,46230587.0000,3,0.685105,1,0.963100,11.129567,2.073744,1.724326,29.523918,0,19.09599999999997,19.04600000000002,18.900000000000027,-1,-1,-1,1,1,37.768920854985716,54.096593097680575,5.113576369596004,-1,-0.16368301291232612,-0.250860375544705,0.08717736263237891
2012-08-15,sh.600188,18.7800,18.87,18.58,18.59,1541224,28762273.0000,3,0.428144,1,-1.483800,10.964422,2.042973,1.698740,29.085831,0,18.921999999999976,19.03700000000002,18.864500000000028,-1,-1,-1,-1,1,19.281659708488927,36.815391202916494,-15.78580328036621,-1,-0.18324715455237595,-0.2373377313462392,0.054090576793863254
2012-08-16,sh.600188,18.5700,18.75,18.53,18.56,1351656,25124166.0000,3,0.375483,1,-0.161400,10.946728,2.039676,1.695998,29.038893,0,18.761999999999976,19.024000000000022,18.827500000000025,-1,-1,-1,-1,-1,10.860433604335926,22.637004722603653,-12.692708632199526,-1,-0.19888006148343962,-0.22964619737367928,0.03076613589023966
2012-08-17,sh.600188,18.5600,18.67,18.49,18.59,1389336,25787940.0000,3,0.385950,1,0.161600,10.964422,2.042973,1.698740,29.085831,0,18.659999999999975,18.986000000000022,18.807000000000023,-1,-1,-1,-1,-1,4.271013379425053,11.471035564083431,-10.129030989891703,-1,-0.20646846364899218,-0.22501065062874187,0.018542186979749686
2012-08-20,sh.600188,18.4000,18.62,18.35,18.57,1628998,30050217.0000,3,0.452527,1,-0.107600,10.952626,2.040775,1.696912,29.054539,0,18.635999999999974,18.905000000000022,18.799000000000024,-1,-1,-1,-1,-1,8.638625672569205,7.923357552110191,10.069161913487234,1,-0.21165631761175874,-0.22233978402534524,0.010683466413586501
2012-08-21,sh.600188,18.5600,18.8,18.4,18.67,2062368,38522025.0000,3,0.572915,1,0.538500,11.011606,2.051765,1.706050,29.210999,0,18.59599999999997,18.84600000000002,18.798500000000026,1,-1,-1,-1,-1,17.182342688686834,10.030660580227162,31.485706905606182,1,-0.2053316297750456,-0.2189381531752853,0.013606523400239712
2012-08-22,sh.600188,18.7000,18.73,18.39,18.44,1770837,32825507.0000,3,0.491929,1,-1.231900,10.875952,2.026489,1.685033,28.851142,0,18.56599999999997,18.74400000000002,18.797500000000024,-1,-1,-1,-1,-1,17.30996435065795,14.376977570638127,23.175937910697595,1,-0.21638400677163716,-0.21842732389455569,0.0020433171229185254
2012-08-23,sh.600188,18.5000,18.68,18.41,18.67,2003122,37233447.0000,3,0.556456,1,1.247300,11.011606,2.051765,1.706050,29.210999,0,18.587999999999973,18.675000000000022,18.808500000000027,1,-1,-1,-1,-1,26.33124094640267,20.274515995249285,38.444690848709435,1,-0.2042297835436493,-0.21558781582437442,0.011358032280725128
2012-08-24,sh.600188,18.7000,18.7,18.2,18.22,2232336,41070229.0000,3,0.620131,1,-2.410300,10.746195,2.002311,1.664930,28.506931,0,18.51399999999997,18.587000000000025,18.785000000000025,-1,-1,-1,-1,-1,17.926896752584735,20.522700683215252,12.735288891323698,-1,-0.22827727493432803,-0.21812570764636513,-0.010151567287962904
2012-08-27,sh.600188,18.2000,18.26,17.86,17.88,2497139,45074103.0000,3,0.693692,1,-1.866100,10.346730,2.033732,1.551319,13.858233,0,18.37599999999997,18.50600000000002,18.745500000000025,-1,-1,-1,-1,-1,15.834669181203731,20.030935626730514,7.442136290150167,-1,-0.27163895878817357,-0.22882835787472683,-0.04281060091344674
2012-08-28,sh.600188,17.8800,18.24,17.8,18.03,1683690,30311516.0000,3,0.467720,1,0.838900,10.433531,2.050793,1.564334,13.974493,0,18.24799999999997,18.422000000000022,18.734000000000027,-1,-1,-1,-1,-1,9.279113625648177,14.346893186479017,-0.8564454960135031,-1,-0.29055037538263306,-0.24117276137630808,-0.04937761400632498
2012-08-29,sh.600188,17.9800,18.0,17.5,17.5,1865063,33037467.0000,3,0.518104,1,-2.939500,10.126833,1.990509,1.518349,13.563707,0,18.05999999999997,18.313000000000024,18.675000000000026,-1,-1,-1,-1,-1,8.326732673267244,11.146838493373187,2.68652103305536,-1,-0.34433509920583916,-0.2618052289422143,-0.08252987026362485
2012-08-30,sh.600188,17.4900,17.64,17.21,17.29,2163113,37665998.0000,3,0.600901,1,-1.199995,10.005311,1.966623,1.500129,13.400942,0,17.78399999999997,18.18600000000002,18.605000000000025,-1,-1,-1,-1,-1,9.343815513626732,8.983220604180852,10.065005332518492,1,-0.3993022178797965,-0.28930462672973073,-0.10999759115006574
2012-08-31,sh.600188,17.2600,17.38,17.16,17.19,1708680,29441570.0000,3,0.474662,1,-0.578400,9.947443,1.955249,1.491453,13.323435,0,17.577999999999967,18.04600000000002,18.516000000000027,-1,-1,-1,-1,-1,2.2869049445210483,6.652484377138475,-6.444253920713805,-1,-0.44579437960007695,-0.3206025773038,-0.12519180229627697
2012-09-03,sh.600188,17.2000,17.38,17.01,17.3,3542847,61168099.0000,3,0.984184,1,0.639900,10.011097,1.967760,1.500997,13.408693,0,17.461999999999968,17.919000000000022,18.412000000000027,-1,-1,-1,-1,-1,7.907059983280725,6.512593480476302,10.69599298888957,1,-0.4683646558242245,-0.3501549930078849,-0.1182096628163396
2012-09-04,sh.600188,17.2900,17.44,17.05,17.2,3974767,68511037.0000,3,1.104169,1,-0.578000,9.953230,1.956386,1.492321,13.331186,0,17.29599999999997,17.77200000000002,18.30900000000003,-1,-1,-1,-1,-1,9.977445653085839,6.723803526962672,16.484729905332173,1,-0.4886876396941524,-0.37786152234513837,-0.11082611734901404
2012-09-05,sh.600188,17.0500,17.2,16.91,16.94,2736371,46538015.0000,3,0.760149,1,-1.511600,9.802774,1.926813,1.469762,13.129668,0,17.18399999999997,17.62200000000002,18.18300000000003,-1,-1,-1,-1,-1,9.926348773401957,9.270284803256308,11.238476713693256,1,-0.5197818562339052,-0.4062455891228917,-0.11353626711101344
2012-09-06,sh.600188,17.0300,17.16,16.93,17.08,2191144,37309464.0000,3,0.608688,1,0.826400,9.883789,1.942737,1.481909,13.238178,0,17.14199999999997,17.463000000000015,18.069000000000027,-1,-1,-1,-1,-1,8.503724598839762,9.469173008442652,6.5728277796339825,-1,-0.5270518907737838,-0.4304068494530701,-0.09664504132071366
2012-09-07,sh.600188,17.1800,18.67,17.18,18.41,11224550,203349955.0000,3,3.118119,1,7.786900,10.653428,2.094016,1.597304,14.269019,0,17.38599999999997,17.482000000000017,18.03450000000003,1,1,1,-1,-1,33.165280991165396,17.198451454469172,65.09894006455785,1,-0.4206446313303971,-0.4284544058285355,0.007809774498138411
2012-09-10,sh.600188,18.2000,18.68,18.12,18.48,7475229,137706930.0000,3,2.076578,1,0.380200,10.693935,2.101978,1.603377,14.323274,0,17.62199999999997,17.542000000000016,18.02400000000003,1,1,1,1,-1,62.173476763872095,34.61416078462589,117.29210872236452,1,-0.32689940377412086,-0.4081434054176526,0.08124400164353174
2012-09-11,sh.600188,18.3100,18.31,18.09,18.23,4047508,73535906.0000,3,1.124376,1,-1.352800,10.549266,2.073542,1.581686,14.129507,0,17.82799999999997,17.562000000000015,17.99200000000003,1,1,1,1,-1,82.83470296182152,59.39115357228647,129.72180174089164,1,-0.26966995877961253,-0.3804487160900446,0.11077875731043207
2012-09-12,sh.600188,18.4300,18.9,18.43,18.89,9479684,176946138.0000,3,2.633405,1,3.620400,10.931192,2.148612,1.638950,14.641052,0,18.21799999999997,17.701000000000015,18.00700000000003,1,1,1,1,1,87.59144119845932,77.53320697471777,107.70790964594241,1,-0.16910933995166744,-0.33818084086236916,0.16907150091070172
2012-09-13,sh.600188,19.0000,19.05,18.63,18.64,5449874,102571330.0000,3,1.513946,1,-1.323500,10.786523,2.120177,1.617259,14.447285,0,18.529999999999973,17.83600000000002,18.01100000000003,1,1,1,1,1,84.97162670631786,85.13259028886637,84.64969954122085,-1,-0.10833837830639226,-0.29221234835117377,0.1838739700447815
2012-09-14,sh.600188,19.2000,19.5,18.71,18.86,7537173,143412728.0000,3,2.093786,1,1.180300,10.913832,2.145200,1.636347,14.617800,0,18.619999999999973,18.00300000000002,18.02450000000003,1,1,1,1,1,85.20939474069606,85.92415421515788,83.77987579177241,-1,-0.041941318575123177,-0.24215814239596364,0.20021682382084047
2012-09-17,sh.600188,18.8500,18.85,18.18,18.19,4049597,74947571.0000,3,1.124956,1,-3.552500,10.526119,2.068992,1.578216,14.098504,0,18.561999999999973,18.09200000000002,18.005500000000033,-1,1,1,1,1,68.51718206858386,79.56606783853272,46.41941052868617,-1,-0.04289015988452505,-0.2023045458936759,0.15941438600915087
2012-09-18,sh.600188,18.0800,18.17,17.78,17.8,2797340,50207886.0000,3,0.777086,1,-2.144000,10.300435,2.024632,1.544378,13.796227,0,18.47599999999997,18.152000000000022,17.96200000000003,-1,-1,-1,1,1,52.854188262748515,68.8602550240096,20.84205474022633,-1,-0.07425588843309328,-0.17669481440155937,0.1024389259684661
2012-09-19,sh.600188,17.8200,18.12,17.81,18.11,2749643,49323007.0000,3,0.763836,1,1.741600,10.479825,2.059893,1.571275,14.036499,0,18.319999999999972,18.269000000000023,17.94550000000003,-1,-1,1,1,1,41.119732131740655,54.16370082102447,15.031794753173031,-1,-0.07325461150182377,-0.15600677382161227,0.08275216231978849
2012-09-20,sh.600188,18.1000,18.1,17.42,17.46,3034508,53662220.0000,3,0.842970,1,-3.589200,10.103686,1.985959,1.514879,13.532704,0,18.083999999999968,18.307000000000023,17.88500000000003,-1,-1,-1,-1,1,25.287141299149795,39.753687231213114,-3.645950564976843,-1,-0.12348717673798504,-0.1495028544048868,0.02601567766690177
2012-09-21,sh.600188,17.4900,18.15,17.45,17.58,4054804,72476631.0000,3,1.126403,1,0.687300,10.173127,1.999609,1.525290,13.625712,0,17.827999999999967,18.224000000000025,17.85300000000003,-1,-1,-1,-1,-1,16.56719717064529,27.658023533845377,-5.61445555575488,-1,-0.1518632642963702,-0.1499749363831835,-0.0018883279131867159
2012-09-24,sh.600188,17.5600,18.2,17.26,17.99,4780874,84845128.0000,3,1.328101,1,2.332200,10.410384,2.046243,1.560863,13.943490,0,17.78799999999997,18.175000000000026,17.858500000000028,1,-1,1,-1,-1,14.068223443223253,18.64085397100624,4.922962387657279,-1,-0.13965805353104344,-0.14791155981275547,0.008253506281712036
2012-09-25,sh.600188,17.9000,18.13,17.71,17.79,2475620,44240093.0000,3,0.687714,1,-1.111700,10.294649,2.023495,1.543511,13.788477,0,17.785999999999966,18.131000000000025,17.846500000000027,1,-1,-1,-1,-1,21.314102564102356,17.31650772599043,29.309292240326208,1,-0.14445843764902122,-0.14722093538000863,0.002762497730987412
2012-09-26,sh.600188,17.7900,18.03,17.64,17.69,2437443,43343588.0000,3,0.677109,1,-0.562100,10.236781,2.012120,1.534834,13.710970,0,17.701999999999966,18.011000000000024,17.85600000000003,-1,-1,-1,-1,-1,25.148809523809366,20.17704517704512,35.09233821733786,1,-0.15455038033234914,-0.14868682437047673,-0.005863555961872408
2012-09-27,sh.600188,17.7000,18.65,17.61,18.45,7144833,130866652.0000,3,1.984796,1,4.296200,10.676575,2.098565,1.600774,14.300022,0,17.89999999999997,17.992000000000026,17.914000000000026,1,1,1,-1,-1,39.23330338424662,28.56540515738624,60.569099837967364,1,-0.10006913451065813,-0.13896328639851302,0.03889415188785489
2012-09-28,sh.600188,18.3000,18.98,18.21,18.97,9194075,172202173.0000,3,2.554064,1,2.818400,10.977487,2.157712,1.645891,14.703058,0,18.17799999999997,18.00300000000002,18.003000000000025,1,1,1,1,1,64.48593350606279,42.95601547137306,107.54576957544226,1,-0.014762527277017767,-0.11412313457421397,0.0993606072971962
2012-10-08,sh.600188,18.9000,19.0,18.57,18.69,4055014,75935482.0000,3,1.126461,1,-1.476000,10.815457,2.125864,1.621597,14.486039,0,18.31799999999997,18.053000000000022,18.072500000000026,1,1,1,1,1,85.48175999757898,63.06699896262959,130.31128206747775,1,0.029905185253920052,-0.08531747060858716,0.11522265586250721
2012-10-09,sh.600188,18.7500,19.3,18.73,19.05,6753684,129143115.0000,3,1.876137,1,1.926200,11.023781,2.166811,1.652832,14.765063,0,18.56999999999997,18.178000000000022,18.165000000000028,1,1,1,1,1,89.78253691211842,79.91674347192019,109.51412379251488,1,0.09327840521116215,-0.04959829544463729,0.14287670065579944
2012-10-10,sh.600188,19.0600,19.27,19.01,19.15,4673123,89364688.0000,3,1.298168,1,0.524900,11.081648,2.178186,1.661508,14.842570,0,18.861999999999966,18.282000000000025,18.275500000000026,1,1,1,1,1,87.52535496957394,87.5965506264239,87.38296365587402,-1,0.1498439945769654,-0.009709837440316754,0.15955383201728215
2012-10-11,sh.600188,19.0100,19.05,18.71,18.72,4073173,76765820.0000,3,1.131505,1,-2.245400,10.832817,2.129276,1.624200,14.509291,0,18.915999999999965,18.408000000000023,18.357500000000027,-1,1,1,1,1,83.98692810457503,87.09827332875592,77.76423765621323,-1,0.1581521458512931,0.023862559218005223,0.13428958663328788
2012-10-12,sh.600188,18.8100,19.15,18.63,18.92,3428186,64765000.0000,3,0.952332,1,1.068400,10.948553,2.152025,1.641553,14.664305,0,18.905999999999967,18.542000000000023,18.383000000000028,1,1,1,1,1,80.57682639130591,84.02970315515176,73.6710728636142,-1,0.17881349347817377,0.054852746070038934,0.12396074740813484
2012-10-15,sh.600188,18.8900,18.89,18.53,18.7,2406810,44930480.0000,3,0.668599,1,-1.162800,10.821244,2.127001,1.622465,14.493789,0,18.907999999999966,18.61300000000002,18.394000000000027,-1,1,1,1,1,71.19348725683557,78.58574725090564,56.40896726869542,-1,0.17541354083851246,0.07896490502373364,0.09644863581477882
2012-10-16,sh.600188,18.7000,18.95,18.62,18.72,2643729,49683893.0000,3,0.734414,1,0.107000,10.832817,2.129276,1.624200,14.509291,0,18.841999999999967,18.706000000000024,18.418500000000023,-1,1,1,1,1,69.23076923076913,73.66702762630366,60.35825243970007,-1,0.1723461871654024,0.09764116145206739,0.07470502571333501
2012-10-17,sh.600188,18.8400,18.9,18.57,18.67,2648530,49615702.0000,3,0.735747,1,-0.267100,10.803884,2.123589,1.619862,14.470537,0,18.745999999999967,18.804000000000023,18.407500000000024,-1,-1,1,-1,1,57.45978321842815,65.96134656867774,40.45665651792896,-1,0.163990326741569,0.1109109945099677,0.05307933223160129
2012-10-18,sh.600188,18.7400,19.18,18.74,19.13,5629980,106891544.0000,3,1.563978,1,2.463800,11.070075,2.175911,1.659773,14.827069,0,18.827999999999967,18.872000000000025,18.432000000000023,1,1,1,-1,1,61.93479538574795,62.87511594498187,60.0541542672801,-1,0.19227003351216254,0.12718280231040668,0.06508723120175586
2012-10-19,sh.600188,19.1500,19.19,18.83,18.85,5004590,95088512.0000,3,1.390248,1,-1.463663,10.908045,2.144063,1.635479,14.610050,0,18.813999999999965,18.860000000000024,18.431500000000025,1,-1,1,-1,1,53.8941181143015,57.76289890615933,46.15655653058583,-1,0.18989920510152203,0.13972608286862975,0.050173122232892275
2012-10-22,sh.600188,18.7800,19.05,18.66,18.97,2942684,55472695.0000,3,0.817462,1,0.636600,10.977487,2.157712,1.645891,14.703058,0,18.867999999999963,18.888000000000027,18.470500000000026,1,1,1,-1,1,59.64665964665946,58.49185771556976,61.95626350883886,1,0.1954502745222264,0.15087092119934908,0.044579353322877324
2012-10-23,sh.600188,19.0000,19.03,18.64,18.67,2801697,52644991.0000,3,0.778296,1,-1.581400,10.803884,2.123589,1.619862,14.470537,0,18.857999999999965,18.850000000000023,18.514000000000028,-1,-1,1,1,1,40.74334074334066,51.428039501434,19.373943227153973,-1,0.17364042549830927,0.15542482205914113,0.018215603439168143
2012-10-24,sh.600188,18.5800,18.67,18.33,18.38,3672721,67927352.0000,3,1.020262,1,-1.553300,10.636068,2.090603,1.594701,14.245767,0,18.79999999999996,18.77300000000002,18.527500000000025,-1,-1,-1,1,1,28.828511386650835,43.07283725888377,0.3398596421849618,-1,0.13144022554511636,0.15062790275633617,-0.019187677211219806
2012-10-25,sh.600188,18.3800,18.61,17.95,18.0,3865655,70625452.0000,3,1.073858,1,-2.067500,10.416171,2.047381,1.561731,13.951241,0,18.573999999999963,18.701000000000022,18.554500000000026,-1,-1,-1,-1,1,10.35277758833647,26.64154323944278,-22.224753713876147,-1,0.06656610620235881,0.1338155434455407,-0.06724943724318189
2012-10-26,sh.600188,17.9800,18.18,17.55,17.71,3571910,63680729.0000,3,0.992257,1,-1.611100,10.248355,2.014395,1.536570,13.726471,0,18.345999999999965,18.58000000000002,18.56100000000003,-1,-1,-1,-1,-1,6.534103037954577,15.238464004314084,-10.874618894764435,-1,-0.008153686515782965,0.10542169745327597,-0.11357538396905893
2012-10-29,sh.600188,17.4300,17.64,17.38,17.53,2591354,45408210.0000,3,0.719864,1,-1.016400,11.744533,1.954491,1.499613,17.611393,0,18.057999999999964,18.463000000000022,18.53800000000003,-1,-1,-1,-1,-1,7.3585494810570795,8.081810035782832,5.912028371605576,-1,-0.08096088951129943,0.06814518006036088,-0.1491060695716603
2012-10-30,sh.600188,17.5300,17.97,17.53,17.73,2517087,44615998.0000,3,0.699233,1,1.140900,11.878527,1.976790,1.516722,17.812322,0,17.869999999999965,18.364000000000022,18.53500000000003,-1,-1,-1,-1,-1,12.46013565108025,8.784262723364092,19.811881506512567,1,-0.12112652274697311,0.03029083949889408,-0.1514173622458672
2012-10-31,sh.600188,17.6600,17.97,17.66,17.96,2077844,37058341.0000,3,0.577214,1,1.297200,12.032620,2.002434,1.536397,18.043390,0,17.785999999999966,18.29300000000002,18.548500000000026,1,-1,-1,-1,-1,19.88950276243094,13.236062631522879,33.19638302424707,1,-0.13286738613393112,-0.002340805627670965,-0.13052658050626015
2012-11-01,sh.600188,18.0000,18.32,17.86,18.17,2884855,52265245.0000,3,0.801397,1,1.169300,12.173313,2.025847,1.554362,18.254365,0,17.81999999999997,18.19700000000002,18.53450000000003,1,-1,-1,-1,-1,32.89553489705672,21.74839110352276,55.18982248412464,1,-0.12379977327603342,-0.026632599157343458,-0.09716717411868997
2012-11-02,sh.600188,18.2300,18.29,18.0,18.16,2812149,51027221.0000,3,0.781200,1,-0.055000,12.166613,2.024733,1.553507,18.244318,0,17.909999999999968,18.12800000000002,18.49400000000003,1,1,-1,-1,-1,42.20743846310392,31.664158707530646,63.29399797425046,1,-0.11608241535858,-0.04452256239759077,-0.07155985296098923
2012-11-05,sh.600188,18.2700,18.59,18.11,18.33,3937486,72582499.0000,3,1.093812,1,0.936100,12.280508,2.043687,1.568049,18.415108,0,18.06999999999997,18.06400000000002,18.47600000000003,1,1,-1,1,-1,56.07384244899902,43.725605269720006,80.77031680755704,1,-0.09515192222828617,-0.05464843436372985,-0.04050348786455632
2012-11-06,sh.600188,18.3900,18.39,17.78,18.07,3027889,54546790.0000,3,0.841131,1,-1.418400,12.106316,2.014698,1.545808,18.153900,0,18.137999999999966,18.00400000000002,18.427000000000028,-1,1,-1,1,-1,59.00456636701663,52.428615759706645,72.1564675816366,1,-0.09840977607516876,-0.06340070270601764,-0.03500907336915113
2012-11-07,sh.600188,18.0800,18.29,17.92,18.07,1843536,33341579.0000,3,0.512124,1,0.000000,12.106316,2.014698,1.545808,18.153900,0,18.15999999999996,17.97300000000002,18.37300000000003,-1,1,-1,1,-1,62.25525507225081,59.111221296088935,68.54332262457457,1,-0.099840746740675,-0.07068871151294912,-0.029152035227725887
2012-11-08,sh.600188,17.8900,17.89,17.45,17.48,2920435,51601957.0000,3,0.811281,1,-3.265100,11.711035,1.948917,1.495336,17.561161,0,18.021999999999963,17.921000000000017,18.31100000000003,-1,-1,-1,1,-1,40.46227239131898,53.90736461019559,13.57208795356577,-1,-0.1468896183818451,-0.08592889288672831,-0.0609607254951168
2012-11-09,sh.600188,17.4900,17.83,17.41,17.79,1980879,34848332.0000,3,0.550277,1,1.773500,11.918725,1.983480,1.521855,17.872600,0,17.94799999999996,17.929000000000016,18.25450000000003,-1,-1,-1,1,-1,32.49754867628516,45.07169204661844,7.349261935618614,-1,-0.15734796945818275,-0.1002127082010192,-0.05713526125716355
2012-11-12,sh.600188,17.6800,17.88,17.42,17.58,2954007,51963487.0000,3,0.820607,1,-1.180400,11.778032,1.960066,1.503890,17.661625,0,17.797999999999963,17.934000000000015,18.19850000000003,-1,-1,-1,-1,-1,18.29154410048082,30.41712172269511,-5.959611143947761,-1,-0.1805008317606358,-0.11627033291294252,-0.06423049884769329
2012-11-13,sh.600188,17.6300,17.68,17.29,17.3,2209628,38431842.0000,3,0.613823,1,-1.592700,11.590441,1.928848,1.479937,17.380325,0,17.643999999999963,17.891000000000016,18.12750000000003,-1,-1,-1,-1,-1,15.79313342025196,22.1940753990061,2.9912494627436814,-1,-0.21891973149320165,-0.13680021262899433,-0.08211951886420732
2012-11-14,sh.600188,17.2800,17.45,17.2,17.38,1400532,24349179.0000,3,0.389060,1,0.462400,11.644038,1.937767,1.486781,17.460697,0,17.50599999999996,17.833000000000016,18.063000000000027,-1,-1,-1,-1,-1,9.375216906005749,14.486631475579628,-0.8476122331420086,-1,-0.2401434309247783,-0.15746885628815113,-0.08267457463662717
2012-11-15,sh.600188,17.3000,17.37,16.95,16.98,2232255,38298242.0000,3,0.620108,1,-2.301500,11.376051,1.893170,1.452563,17.058839,0,17.40599999999996,17.714000000000013,17.95550000000003,-1,-1,-1,-1,-1,5.182713116561149,10.117021147606405,-4.685902945529364,-1,-0.2859438400985219,-0.18316385305022528,-0.10277998704829663
2012-11-16,sh.600188,16.9800,17.0,16.25,16.48,3635881,59888273.0000,3,1.010028,1,-2.944600,11.041067,1.837422,1.409790,16.556518,0,17.143999999999963,17.546000000000014,17.837000000000028,-1,-1,-1,-1,-1,8.508857377284814,7.688929133284023,10.148713865286398,1,-0.35845477218509103,-0.21822203687719843,-0.1402327353078926
2012-11-19,sh.600188,16.5600,16.62,16.36,16.54,1484200,24443964.0000,3,0.412303,1,0.364100,11.081265,1.844112,1.414923,16.616796,0,16.93599999999996,17.36700000000001,17.715500000000027,-1,-1,-1,-1,-1,8.930872706198151,7.540814400014824,11.710989318564806,1,-0.4063940520570739,-0.25585643991317353,-0.15053761214390038
2012-11-20,sh.600188,16.6200,16.76,16.51,16.54,1696202,28198439.0000,3,0.471196,1,0.000000,11.081265,1.844112,1.414923,16.616796,0,16.783999999999963,17.21400000000001,17.60900000000003,-1,-1,-1,-1,-1,14.215425551726563,10.551718545069962,21.542839565039767,1,-0.43932204566552713,-0.29254956106364427,-0.14677248460188286
2012-11-21,sh.600188,16.6800,16.97,16.65,16.92,2215512,37244053.0000,3,0.615457,1,2.297500,11.335853,1.886480,1.447430,16.998561,0,16.691999999999965,17.09900000000001,17.53600000000003,1,-1,-1,-1,-1,24.33430252743518,15.826866928453418,41.3491737253987,1,-0.4298004219038809,-0.3199997332316916,-0.10980068867218928
2012-11-22,sh.600188,16.8500,16.9,16.47,16.5,2071802,34593563.0000,3,0.575535,1,-2.482300,11.054467,1.839652,1.411501,16.576611,0,16.595999999999965,17.001000000000012,17.46100000000003,-1,-1,-1,-1,-1,24.70821487355974,21.085980984240614,31.952682652197993,1,-0.4509467232655098,-0.34618913123845524,-0.10475759202705454
2012-11-23,sh.600188,16.7900,16.84,16.5,16.71,2019648,33805871.0000,3,0.561047,1,1.272700,11.195160,1.863066,1.429466,16.787586,0,16.64199999999996,16.893000000000015,17.41100000000003,1,-1,-1,-1,-1,29.536516653081076,26.193011351358788,36.22352725652565,1,-0.4456232075429618,-0.36607594649935654,-0.07954726104360527
2012-11-26,sh.600188,16.6800,16.83,16.55,16.72,1276405,21309858.0000,3,0.354578,1,0.059800,11.201860,1.864181,1.430321,16.797632,0,16.67799999999996,16.807000000000013,17.370500000000032,1,-1,-1,-1,-1,28.890640715794024,27.7117907474784,31.248340652425277,1,-0.4355763139421889,-0.379976019987923,-0.055600293954265856
2012-11-27,sh.600188,16.5900,16.59,16.0,16.06,1993712,32725007.0000,3,0.553842,1,-3.947400,10.759681,1.790595,1.373861,16.134568,0,16.581999999999965,16.683000000000014,17.28700000000003,-1,-1,-1,-1,-1,25.23802029276472,27.888392553880056,19.93727577053405,-1,-0.47539055611887804,-0.399058927214114,-0.07633162890476403
2012-11-28,sh.600188,16.0300,16.29,15.99,16.12,2179954,35207997.0000,3,0.605579,1,0.373600,10.799879,1.797285,1.378994,16.194846,0,16.421999999999965,16.557000000000013,17.195000000000032,-1,-1,-1,-1,-1,18.80583861305829,24.311499873872464,7.794516091429948,-1,-0.49638016972034293,-0.4185231757153598,-0.07785699400498314
2012-11-29,sh.600188,16.1400,16.29,15.96,16.02,1466571,23574770.0000,3,0.407406,1,-0.620300,10.732882,1.786135,1.370439,16.094382,0,16.325999999999965,16.461000000000016,17.08750000000003,-1,-1,-1,-1,-1,7.730481077304702,17.258113327709356,-11.324783423504606,-1,-0.5151454775879252,-0.43784763608987287,-0.0772978414980523
2012-11-30,sh.600188,16.0300,16.21,16.0,16.2,1616228,26071893.0000,3,0.448979,1,1.123600,10.853476,1.806204,1.385837,16.275218,0,16.223999999999965,16.433000000000014,16.989500000000028,-1,-1,-1,-1,-1,14.191419141914077,13.575912944092478,15.422431537557276,1,-0.5096180637794738,-0.45220172162779304,-0.05741634215168079
2012-12-03,sh.600188,16.1900,16.26,15.42,15.43,2526816,40138479.0000,3,0.701936,1,-4.753100,10.337601,1.720354,1.319967,15.501643,0,15.965999999999962,16.322000000000017,16.844500000000032,-1,-1,-1,-1,-1,10.116043862450615,10.67931469388992,8.989502199572005,-1,-0.5609043570773586,-0.4739422487177062,-0.08696210835965246
2012-12-04,sh.600188,15.3800,15.64,15.08,15.53,2270497,34870614.0000,3,0.630732,1,0.648100,10.404598,1.731503,1.328522,15.602107,0,15.859999999999962,16.221000000000018,16.71750000000003,-1,-1,-1,-1,-1,16.37760408440691,13.561689029590655,22.009434194039425,1,-0.5867166454779529,-0.49649712806975554,-0.09021951740819734
2012-12-05,sh.600188,15.5000,16.53,15.31,16.25,4321297,69570099.0000,3,1.200433,1,4.636200,10.886975,1.811779,1.390115,16.325450,0,15.885999999999962,16.154000000000018,16.62650000000003,1,1,-1,-1,-1,30.615902914289936,19.036516953715942,53.77467483543793,1,-0.5428178213419166,-0.5057612667241878,-0.03705655461772883
2012-12-06,sh.600188,16.2500,16.46,16.08,16.15,2213350,35916007.0000,3,0.614857,1,-0.615400,10.819978,1.800629,1.381560,16.224986,0,15.91199999999996,16.11900000000002,16.560000000000027,1,1,-1,-1,-1,50.781801531801456,32.59176951016622,87.16186557507193,1,-0.5102154056075108,-0.5066520945008524,-0.0035633111066584178
2012-12-07,sh.600188,16.1500,16.86,16.06,16.54,6398833,105582110.0000,3,1.777561,1,2.414900,11.081265,1.844112,1.414923,16.616796,0,15.979999999999961,16.102000000000018,16.497500000000027,1,1,1,-1,-1,69.88086726008066,50.42619056872414,108.79022064279371,1,-0.447746670708959,-0.49487100974247367,0.04712433903351465
2012-12-10,sh.600188,16.6000,16.71,16.36,16.66,5742522,95244841.0000,3,1.595242,1,0.725500,11.161662,1.857491,1.425188,16.737354,0,16.22599999999996,16.096000000000018,16.45150000000003,1,1,1,1,-1,77.30979133226317,65.99082004138188,99.94773391402578,1,-0.38412875395699686,-0.4727225585853783,0.08859380462838146
2012-12-11,sh.600188,16.6000,17.1,16.35,16.74,6107422,101979852.0000,3,1.696609,1,0.480200,11.215259,1.866411,1.432032,16.817725,0,16.467999999999957,16.16400000000002,16.42350000000003,1,1,1,1,1,84.32157822523813,77.17074560586077,98.62324346399285,1,-0.323526354747262,-0.44288331781775503,0.11935696307049304
2012-12-12,sh.600188,16.5800,16.79,16.43,16.6,3241417,53719966.0000,3,0.900448,1,-0.836300,11.121464,1.850802,1.420056,16.677075,0,16.53799999999996,16.212000000000018,16.38450000000003,1,1,1,1,1,82.06326250602577,81.23154402117581,83.7266994757257,1,-0.2835270236883858,-0.4110120589918812,0.12748503530349542
2012-12-13,sh.600188,16.5300,16.65,16.23,16.25,2744833,45188046.0000,3,0.762500,1,-2.108400,10.886975,1.811779,1.390115,16.325450,0,16.557999999999957,16.235000000000017,16.34800000000003,-1,1,-1,1,1,71.78217821782164,79.38900631636197,56.56852202074097,-1,-0.2768776671757216,-0.38418518062864926,0.10730751345292766
2012-12-14,sh.600188,16.4100,17.08,16.29,17.07,9862510,166097454.0000,3,2.739752,1,5.046200,11.436348,1.903204,1.460262,17.149257,0,16.66399999999996,16.322000000000017,16.37750000000003,1,1,1,1,1,77.22772277227712,77.02438783204163,77.63439265274812,1,-0.2030996509088112,-0.34796807468468166,0.14486842377587045
2012-12-17,sh.600188,17.0900,18.14,17.01,17.53,9857969,174042140.0000,3,2.738491,1,2.694800,11.744533,1.954491,1.499613,17.611393,0,16.83799999999996,16.532000000000018,16.427000000000028,1,1,1,1,1,78.29362441544497,75.76784180184804,83.34518964263881,1,-0.10628667917936596,-0.2996317955836185,0.19334511640425256
2012-12-18,sh.600188,17.4000,17.75,17.1,17.31,8221354,142922464.0000,3,2.283848,1,-1.255000,11.597141,1.929963,1.480793,17.390372,0,16.951999999999963,16.710000000000015,16.465500000000027,1,1,1,1,1,79.01874500442693,78.18003073071647,80.69617355184786,1,-0.04677467364570731,-0.24906037119603627,0.20228569755032896
2012-12-19,sh.600188,17.2700,17.67,17.27,17.37,5305484,92814447.0000,3,1.473835,1,0.346600,11.637339,1.936652,1.485926,17.450650,0,17.10599999999996,16.822000000000017,16.488000000000024,1,1,1,1,1,67.17405091963387,74.8288067798354,51.86453919923079,-1,0.00517091101622924,-0.19821411475358316,0.2033850257698124
2012-12-20,sh.600188,17.3200,17.62,17.17,17.59,5188889,90101145.0000,3,1.441445,1,1.266600,11.784732,1.961181,1.504746,17.671672,0,17.37399999999996,16.966000000000015,16.542500000000025,1,1,1,1,1,64.76037051953273,70.31772214786464,53.6456672628689,-1,0.06335994844633674,-0.14589930211359917,0.2092592505599359
2012-12-21,sh.600188,17.6100,18.42,17.59,17.65,10684246,192355746.0000,3,2.968026,1,0.341100,11.824930,1.967871,1.509878,17.731950,0,17.489999999999963,17.07700000000002,16.589500000000022,1,1,1,1,1,66.34171345361537,66.0920449642608,66.84105043232452,1,0.11301392422837253,-0.09411665684520483,0.20713058107357735
2012-12-24,sh.600188,17.7000,18.09,17.54,17.67,5004652,88782743.0000,3,1.390265,1,0.113300,11.838329,1.970100,1.511589,17.752043,0,17.517999999999965,17.17800000000002,16.637000000000025,1,1,1,1,1,67.2659319292037,66.12267196745074,69.55245185270962,1,0.15222414543391594,-0.044848496389380675,0.19707264182329662
2012-12-25,sh.600188,17.6500,18.1,17.41,17.98,9062994,162183551.0000,3,2.517651,1,1.754400,12.046019,2.004664,1.538108,18.063482,0,17.651999999999965,17.302000000000017,16.733000000000025,1,1,1,1,1,70.16742770167416,67.92502436149789,74.65223438202668,1,0.20593900084641703,0.005309003057778865,0.20062999778863816
2012-12-26,sh.600188,18.0000,18.1,17.88,18.05,5865535,105531595.0000,3,1.629414,1,0.389300,12.092917,2.012468,1.544097,18.133807,0,17.78799999999996,17.44700000000002,16.829500000000028,1,1,1,1,1,76.09706947928045,71.17680970338625,85.93758903106885,1,0.2512604516585313,0.05449929277792935,0.19676115888060192
2012-12-27,sh.600188,18.1500,18.48,17.8,17.85,8839204,160699968.0000,3,2.455483,1,-1.108000,11.958923,1.990169,1.526987,17.932879,0,17.839999999999964,17.60700000000002,16.921000000000028,1,1,1,1,1,73.22688030772143,73.1637924962255,73.35305593071328,1,0.26795092791693165,0.09718961980572981,0.17076130811120183
2012-12-28,sh.600188,17.8800,18.14,17.76,18.0,6028115,108110663.0000,3,1.674578,1,0.840300,12.059418,2.006894,1.539819,18.083575,0,17.90999999999996,17.70000000000002,17.01100000000003,1,1,1,1,1,68.32978547614177,72.55124508771469,59.88686625299593,-1,0.28993975201776223,0.13573964624813628,0.15420010576962595
2012-12-31,sh.600188,18.0000,18.4,17.92,18.23,7011667,127314613.0000,3,1.947803,1,1.277800,12.213511,2.032537,1.559495,18.314643,0,18.021999999999963,17.770000000000017,17.15100000000003,1,1,1,1,1,67.7587596605186,69.77180848146075,63.73266201863433,-1,0.3222108848373004,0.1730338939659691,0.14917699087133132
2013-01-04,sh.600188,18.5800,18.68,17.97,18.14,7496738,137442727.0000,3,2.082553,1,-0.493700,12.153214,2.022503,1.551796,18.224225,0,18.053999999999963,17.85300000000002,17.28150000000003,1,1,1,1,1,70.12394414490838,68.73749642718973,72.8968395803457,1,0.3366431298117263,0.20575574113512055,0.13088738867660574
2013-01-07,sh.600188,18.0700,18.32,17.95,18.05,5386546,97413757.0000,3,1.496353,1,-0.496100,12.092917,2.012468,1.544097,18.133807,0,18.053999999999963,17.92100000000002,17.371500000000033,-1,1,1,1,1,65.182713972593,67.68847259267348,60.171196732432065,-1,0.3369345681271696,0.23199150653353035,0.10494306159363925
2013-01-08,sh.600188,18.0500,18.15,17.63,17.84,6703490,119267085.0000,3,1.862193,1,-1.163400,11.952223,1.989054,1.526132,17.922832,0,18.051999999999964,17.94600000000002,17.45600000000003,-1,-1,1,1,1,49.496793033321104,61.60115038360763,25.288078332748057,-1,0.31657105605946967,0.24890741643871822,0.06766363962075145
2013-01-09,sh.600188,17.7600,18.37,17.68,18.35,7528751,135520818.0000,3,2.091446,1,2.858700,12.293907,2.045916,1.569760,18.435200,0,18.121999999999964,18.01600000000002,17.54650000000003,1,1,1,1,1,52.755905511811,55.81180417257517,46.644108190282665,-1,0.337692850809173,0.26666450331280916,0.07102834749636383
2013-01-10,sh.600188,18.2800,18.42,18.0,18.09,7657060,139563720.0000,3,2.127090,1,-1.416900,12.119715,2.016928,1.547518,18.173993,0,18.093999999999962,18.058000000000018,17.61800000000003,-1,1,1,1,1,50.561179852518414,50.937959465883644,49.80762062578795,-1,0.32965217318219686,0.2792620372866867,0.05039013589551017
2013-01-11,sh.600188,18.1200,18.2,17.47,17.54,8140447,144444103.0000,3,2.261372,1,-3.040400,11.751233,1.955606,1.500468,17.621440,0,17.97399999999996,18.014000000000017,17.65800000000003,-1,-1,-1,-1,1,41.20346526932066,48.17351687788349,27.263362052194992,-1,0.2757211331817757,0.2785538564657045,-0.0028327232839288063
2013-01-14,sh.600188,17.5300,18.04,17.4,17.91,6690446,119133986.0000,3,1.858570,1,2.109500,11.999121,1.996859,1.532120,17.993157,0,17.945999999999962,18.000000000000018,17.72350000000003,-1,-1,1,-1,1,29.812799258821958,40.52581479355381,8.38676818935825,-1,0.259841017703593,0.2748112887132822,-0.014970271009689173
2013-01-15,sh.600188,18.0200,18.23,17.91,18.13,8327877,150473109.0000,3,2.313439,1,1.228400,12.146514,2.021388,1.550940,18.214179,0,18.00399999999996,18.028000000000016,17.81750000000003,1,1,1,-1,1,34.220041322313996,35.07876861681901,32.50258673330397,-1,0.2619880381385933,0.2722466385983444,-0.010258600459751133
2013-01-16,sh.600188,18.1900,18.66,18.06,18.34,13652035,250121832.0000,3,3.792462,1,1.158300,12.287207,2.044801,1.568905,18.425154,0,18.00199999999996,18.06200000000002,17.88100000000003,1,1,1,-1,1,56.77083333333329,40.26789130482322,89.77671739035344,1,0.27743669473993293,0.2732846498266621,0.004152044913270814
2013-01-17,sh.600188,18.2600,18.35,17.93,17.98,6387464,115591315.0000,3,1.774403,1,-1.962900,12.046019,2.004664,1.538108,18.063482,0,17.979999999999958,18.037000000000017,17.90350000000003,1,-1,1,-1,1,58.833498677248635,49.94145777763212,76.61758047648168,1,0.25766072262144135,0.27015986438561795,-0.012499141764176602
2013-01-18,sh.600188,18.2000,18.35,17.99,18.23,7241764,131987617.0000,3,2.011723,1,1.390400,12.213511,2.032537,1.559495,18.314643,0,18.11799999999996,18.046000000000017,17.949500000000032,1,1,1,1,1,61.780753968253954,59.128361992945436,67.085537918871,1,0.25917344278363075,0.2679625800652205,-0.008789137281589754
2013-01-21,sh.600188,18.2200,18.99,18.13,18.86,18976614,354168619.0000,3,5.271601,1,3.455800,12.635590,2.102778,1.613388,18.947568,0,18.307999999999957,18.127000000000017,18.024000000000033,1,1,1,1,1,67.90955375861036,62.84126880137112,78.04612367308884,1,0.3076614891467848,0.2759023618815334,0.03175912726525143
2013-01-22,sh.600188,18.7300,18.74,18.25,18.35,10761616,198981110.0000,3,2.989519,1,-2.704100,12.293907,2.045916,1.569760,18.435200,0,18.351999999999958,18.178000000000015,18.062000000000033,-1,1,1,1,1,72.48178097234704,67.39069623307059,82.66395045089993,1,0.3014608247401789,0.2810140544532625,0.020446770286916383
2013-01-23,sh.600188,18.2100,18.39,17.8,18.19,6667722,120850296.0000,3,1.852257,1,-0.871900,12.186712,2.028077,1.556073,18.274458,0,18.321999999999957,18.162000000000013,18.089000000000034,-1,1,1,1,1,67.08595387840676,69.15909620312152,62.93966922897721,-1,0.2804037705784168,0.28089199767829337,-0.0004882270998765592
2013-01-24,sh.600188,18.2500,18.37,17.58,17.64,8881597,159683570.0000,3,2.467260,1,-3.023600,11.818230,1.966756,1.509023,17.721904,0,18.253999999999955,18.11700000000001,18.087500000000034,-1,-1,-1,1,1,41.509433962264225,60.359056271006146,3.810189344780383,-1,0.21683595013170276,0.26808078816897524,-0.05124483803727248
2013-01-25,sh.600188,17.7700,17.83,17.54,17.63,3585912,63384800.0000,3,0.996147,1,-0.056700,11.811530,1.965641,1.508167,17.711857,0,18.133999999999954,18.126000000000012,18.070000000000032,-1,-1,-1,1,1,23.662256921853544,44.08588158750831,-17.184992409455987,-1,0.16376331644687525,0.24721729382455523,-0.08345397737767998
2013-01-28,sh.600188,17.6300,17.99,17.62,17.98,4960660,88570614.0000,3,1.378045,1,1.985300,12.046019,2.004664,1.538108,18.063482,0,17.957999999999956,18.133000000000013,18.066500000000033,1,-1,-1,-1,-1,17.215354586857497,27.462348490325226,-3.278633220077964,-1,0.148236172489284,0.227421069557501,-0.07918489706821699
2013-01-29,sh.600188,17.9800,18.47,17.95,18.23,8699879,159180438.0000,3,2.416779,1,1.390400,12.213511,2.032537,1.559495,18.314643,0,17.933999999999955,18.14300000000001,18.08550000000003,1,1,1,-1,-1,28.045977011494227,22.974529506735227,38.18887202101222,1,0.15432475004400104,0.212801805654801,-0.058477055610799966
2013-01-30,sh.600188,18.2600,18.54,18.16,18.27,6340728,116260029.0000,3,1.761420,1,0.219400,12.240310,2.036997,1.562917,18.354829,0,17.949999999999953,18.136000000000013,18.099000000000032,1,1,1,-1,-1,42.75862068965517,29.33998409600244,69.59589387696062,1,0.16052719969462714,0.20234688446276622,-0.041819684768139076
2013-01-31,sh.600188,18.1600,18.8,18.02,18.41,10205094,188730824.0000,3,2.834920,1,0.766300,12.334105,2.052606,1.574893,18.495479,0,18.103999999999953,18.179000000000013,18.108000000000033,1,1,1,-1,-1,52.643678160919535,41.14942528735645,75.6321839080457,1,0.174725390165122,0.19682258560323737,-0.022097195438115363
2013-02-01,sh.600188,18.4200,18.5,18.17,18.43,7216127,132047870.0000,3,2.004601,1,0.108600,12.347504,2.054836,1.576604,18.515572,0,18.263999999999953,18.199000000000016,18.122500000000034,1,1,1,1,1,60.326582740375784,51.90962719698363,77.1604938271601,1,0.1854535976258802,0.19454878800776593,-0.00909519038188572
2013-02-04,sh.600188,18.5400,20.05,18.42,19.66,26415868,511712956.0000,3,7.338185,1,6.673900,13.171565,2.191974,1.681825,19.751283,0,18.59999999999995,18.279000000000018,18.203000000000035,1,1,1,1,1,71.6990240097809,61.5564283036922,91.98421542195831,1,0.2898651151791718,0.2136120534420471,0.0762530617371247
2013-02-05,sh.600188,19.6000,20.18,19.39,19.61,26368746,521840002.0000,3,7.325095,1,-0.254300,13.138066,2.186399,1.677548,19.701051,0,18.87599999999995,18.40500000000002,18.291500000000035,1,1,1,1,1,77.8353876461445,69.95366479876719,93.59883334089909,1,0.36437710055363937,0.24376506286436556,0.12061203768927381
2013-02-06,sh.600188,19.6000,19.6,19.14,19.38,10168418,196315323.0000,3,2.824732,1,-1.172900,12.983974,2.160755,1.657872,19.469983,0,19.09799999999995,18.52400000000002,18.343000000000035,1,1,1,1,1,77.5227373334942,75.68571632980667,81.19677934086928,1,0.4002554127353015,0.27506313283855277,0.12519227989674875
2013-02-07,sh.600188,19.3500,19.58,19.18,19.38,7531909,145821309.0000,3,2.092324,1,0.000000,12.983974,2.160755,1.657872,19.469983,0,19.291999999999952,18.698000000000018,18.407500000000034,1,1,1,1,1,72.28535353535342,75.88115950499751,65.09374159606526,-1,0.42380388623677234,0.3048112835181967,0.11899260271857565
2013-02-08,sh.600188,19.4500,19.57,19.35,19.37,6498235,126343578.0000,3,1.805175,1,-0.051600,12.977274,2.159640,1.657017,19.459936,0,19.47999999999995,18.87200000000002,18.499000000000034,-1,1,1,1,1,67.3746999139375,72.39426359426183,57.33557255328887,-1,0.43662615024804907,0.3311742568641672,0.10545189338388189
2013-02-18,sh.600188,19.3700,19.44,18.77,18.8,8451934,160558589.0000,3,2.347902,1,-2.942700,12.595392,2.096089,1.608256,18.887290,0,19.30799999999995,18.954000000000022,18.543500000000034,-1,-1,1,1,1,56.17941371865134,65.27982238931422,37.97859637732557,-1,0.39622620153610555,0.34418464579855484,0.052041555737550704
2013-02-19,sh.600188,18.8000,18.9,18.12,18.23,7459538,138141452.0000,3,2.072219,1,-3.031900,12.213511,2.032537,1.559495,18.314643,0,19.03199999999995,18.954000000000022,18.548500000000036,-1,-1,-1,1,1,36.50348779272544,53.35253380843822,2.805395761299877,-1,0.31458833628844474,0.3382653838965328,-0.023677047608088087
2013-02-20,sh.600188,18.3100,18.47,18.2,18.44,5872176,107840973.0000,3,1.631259,1,1.151900,12.354204,2.055951,1.577459,18.525618,0,18.84399999999995,18.97100000000002,18.553500000000035,-1,-1,-1,-1,1,20.45577130528583,37.71289093888766,-14.058467961917835,-1,0.2637941303389866,0.3233711331850236,-0.05957700284603701
2013-02-21,sh.600188,18.3200,18.32,17.67,17.72,8071740,144081419.0000,3,2.242286,1,-3.904600,11.871827,1.975675,1.515867,17.802275,0,18.51199999999995,18.902000000000022,18.540500000000037,-1,-1,-1,-1,-1,9.082744892418724,22.014001330143458,-16.779767983030744,-1,0.16355600168526152,0.2914081068850712,-0.12785210519980966
2013-02-22,sh.600188,17.7000,17.84,17.67,17.79,3762637,66803163.0000,3,1.045240,1,0.395000,11.918725,1.983480,1.521855,17.872600,0,18.19599999999995,18.83800000000002,18.51850000000004,-1,-1,-1,-1,-1,7.435629649685905,12.324715282463615,-2.3425416158695143,-1,0.08874201482909427,0.2508748884738758,-0.16213287364478152
2013-02-25,sh.600188,17.9000,18.03,17.71,17.78,3562077,63496233.0000,3,0.989526,1,-0.056200,11.912025,1.982365,1.520999,17.862554,0,17.991999999999955,18.65000000000002,18.464500000000037,-1,-1,-1,-1,-1,4.157463410606122,6.891945984237046,-1.3115017366557264,-1,0.028318042051996173,0.20636351918949986,-0.17804547713750368
2013-02-26,sh.600188,17.7000,17.7,17.1,17.18,8802625,152890572.0000,3,2.445322,1,-3.374600,11.510045,1.915468,1.469672,17.259768,0,17.781999999999954,18.40700000000002,18.406000000000038,-1,-1,-1,-1,-1,4.568721603640452,5.387271554644289,2.93162170163278,-1,-0.06720863795344911,0.15164908776091007,-0.21885772571435919
2013-02-27,sh.600188,17.1800,17.5,17.08,17.3,4094274,70682635.0000,3,1.137367,1,0.698500,11.590441,1.928848,1.479937,17.380325,0,17.553999999999952,18.199000000000023,18.36150000000004,-1,-1,-1,-1,-1,5.920209894119829,4.8821316361222635,7.996366410114959,1,-0.13171291843687882,0.0949766865213523,-0.22668960495823112
2013-02-28,sh.600188,17.3800,17.75,17.26,17.7,6259957,109946665.0000,3,1.738982,1,2.312100,11.858428,1.973445,1.514156,17.782182,0,17.549999999999955,18.031000000000024,18.36450000000004,1,-1,-1,-1,-1,12.777444752584172,7.755458750114947,22.82141675752262,1,-0.14884062629783656,0.046213223957514524,-0.1950538502553511
2013-03-01,sh.600188,17.7200,17.73,17.2,17.48,6229219,108611121.0000,3,1.730443,1,-1.242900,11.711035,1.948917,1.495336,17.561161,0,17.487999999999957,17.84200000000002,18.35700000000004,-1,-1,-1,-1,-1,19.028183261387255,12.575279302697217,31.933991178767332,1,-0.17811343870971896,0.0013478914240678194,-0.1794613301337868
2013-03-04,sh.600188,17.1400,17.5,16.47,16.59,8084706,136512583.0000,3,2.245888,1,-5.091500,11.114764,1.849687,1.419200,16.667029,0,17.249999999999957,17.62100000000002,18.287500000000037,-1,-1,-1,-1,-1,18.08306947289996,16.629565828957258,20.990076760785364,1,-0.270015346568492,-0.05292475617444415,-0.21709059039404788
2013-03-05,sh.600188,16.6000,16.85,16.6,16.76,4596762,76767371.0000,3,1.276956,1,1.024700,11.228658,1.868641,1.433743,16.837818,0,17.16599999999996,17.47400000000002,18.214000000000034,-1,-1,-1,-1,-1,14.551232551232573,17.220828428506724,9.21204079668427,-1,-0.32537991430321966,-0.10741578780019925,-0.2179641265030204
2013-03-06,sh.600188,16.9900,17.01,16.77,16.97,4658979,78564793.0000,3,1.294239,1,1.253000,11.369352,1.892055,1.451707,17.048793,0,17.09999999999996,17.32700000000002,18.149000000000036,-1,-1,-1,-1,-1,17.90898590898588,16.847762644372935,20.031432438211766,1,-0.34829654242241403,-0.15559193872464222,-0.19270460369777181
2013-03-07,sh.600188,16.8200,17.7,16.62,17.42,11029754,191746674.0000,3,3.064006,1,2.651700,11.670837,1.942227,1.490203,17.500882,0,17.04399999999996,17.29700000000002,18.099500000000035,1,1,-1,-1,-1,36.20813120813119,22.88944988945001,62.84549384549356,1,-0.3263845383286501,-0.1897504586454438,-0.13663407968320632
2013-03-08,sh.600188,17.3600,18.46,17.1,17.75,13868076,248374833.0000,3,3.852477,1,1.894400,11.891926,1.979020,1.518433,17.832415,0,17.09799999999996,17.29300000000002,18.065500000000036,1,1,-1,-1,-1,52.42344199630626,35.51351970447457,86.24328657996965,1,-0.2791727455107029,-0.20763491601849562,-0.0715378294922073
2013-03-11,sh.600188,17.7500,18.18,17.45,17.87,7601416,135815025.0000,3,2.111632,1,0.676100,11.972322,1.992399,1.528698,17.952972,0,17.35399999999996,17.30200000000002,17.976000000000035,1,1,-1,1,-1,65.19026757720222,51.27394692721335,93.02290887717994,1,-0.229429343781419,-0.2119938015710803,-0.01743554221033869
2013-03-12,sh.600188,17.7600,18.23,17.69,17.79,13512019,242156672.0000,3,3.753566,1,-0.447700,11.918725,1.983480,1.521855,17.872600,0,17.559999999999956,17.36300000000002,17.885000000000034,1,1,-1,1,-1,67.00167504187597,61.538461538461604,77.92810204870472,1,-0.1942237801042701,-0.20843979727771828,0.01421601717344817
2013-03-13,sh.600188,17.8400,18.07,17.53,17.69,5997552,106738440.0000,3,1.666088,1,-0.562100,11.851728,1.972330,1.513300,17.772136,0,17.703999999999958,17.40200000000002,17.800500000000035,-1,1,-1,1,-1,65.99664991624786,66.06286417844214,65.8642213918593,-1,-0.17240490508537576,-0.20123281883924976,0.028827913753874
2013-03-14,sh.600188,17.5300,19.46,17.17,19.46,38133685,705826818.0000,3,10.593332,1,10.005700,13.037571,2.169675,1.664716,19.550354,0,18.111999999999956,17.57800000000002,17.804500000000033,1,1,1,1,1,75.87939698492455,69.62590731434959,88.3863763260745,1,-0.012149035425721877,-0.1634160621565442,0.15126702673082232
2013-03-15,sh.600188,19.2000,19.51,18.56,18.85,35772752,679606113.0000,3,9.937477,1,-3.134600,12.628891,2.101663,1.612533,18.937522,0,18.331999999999955,17.71500000000002,17.778500000000033,1,1,1,1,1,79.54204009739414,73.80602899952231,91.01406229313778,1,0.06488503949766056,-0.11775584182570324,0.1826408813233638
2013-03-18,sh.600188,18.7000,19.36,18.6,18.86,30783187,584434560.0000,3,8.551403,1,0.053100,12.635590,2.102778,1.613388,18.947568,0,18.52999999999995,17.942000000000018,17.781500000000033,1,1,1,1,1,84.94274604929895,80.121394377206,94.58544939348485,1,0.12529766185076596,-0.0691451410904094,0.19444280294117536
2013-03-19,sh.600188,18.7500,19.15,18.51,19.11,26615422,503374496.0000,3,7.393621,1,1.325600,12.803082,2.130652,1.634775,19.198729,0,18.79399999999995,18.17700000000002,17.825500000000034,1,1,1,1,1,80.32913589935659,81.60464068201668,77.77812633403641,-1,0.19114461484136314,-0.01708718990405489,0.20823180474541803
2013-03-20,sh.600188,18.9900,19.35,18.73,19.26,34685631,660892544.0000,3,9.635481,1,0.784900,12.903578,2.147376,1.647607,19.349426,0,19.107999999999954,18.40600000000002,17.866500000000034,1,1,1,1,1,84.43145869526711,83.23444688130768,86.82548232318598,1,0.2525216336819618,0.036834574813148446,0.21568705886881334
2013-03-21,sh.600188,19.1300,19.13,18.55,18.72,21506544,404339712.0000,3,5.974402,1,-2.803700,12.541795,2.087169,1.601412,18.806918,0,18.95999999999995,18.536000000000023,17.916500000000035,-1,1,1,1,1,80.67501393536213,81.8118695099954,78.40130278609558,-1,0.25465437911340416,0.0803985356731996,0.17425584344020456
2013-03-22,sh.600188,18.5900,19.25,18.41,18.91,21836762,412833792.0000,3,6.066135,1,1.015000,12.669089,2.108353,1.617666,18.997801,0,18.97199999999995,18.652000000000022,17.972500000000036,-1,1,1,1,1,76.74161553829593,80.61602938964187,68.99278783560405,-1,0.26857998446153175,0.11803482543086603,0.15054515903066573
2013-03-25,sh.600188,18.6700,19.1,18.48,18.5,16785742,314097856.0000,3,4.662988,1,-2.168200,16.496180,2.037254,1.524803,19.586644,0,18.899999999999952,18.71500000000002,18.008500000000037,-1,-1,1,1,1,65.81196581196566,74.4095317618747,48.6168339121476,-1,0.24372306575181568,0.14317247349505596,0.10055059225675972
2013-03-26,sh.600188,18.3500,18.37,17.53,17.54,17090116,303713728.0000,3,4.747542,1,-5.189200,15.640162,1.931537,1.445678,18.570256,0,18.58599999999995,18.69000000000002,18.026500000000038,-1,-1,-1,-1,1,49.00284900284887,63.85214345103696,19.304260106472682,-1,0.14488960447495103,0.14351589969103498,0.0013737047839160466
2013-03-27,sh.600188,17.5400,17.7,17.29,17.4,9381354,164158032.0000,3,2.606089,1,-0.798200,15.515326,1.916120,1.434139,18.422033,0,18.21399999999995,18.661000000000023,18.031500000000037,-1,-1,-1,-1,1,25.86817586817574,46.894330227663566,-16.184132850799912,-1,0.05463672621558402,0.12574006499594478,-0.07110333878036076
2013-03-28,sh.600188,17.1800,17.6,16.73,17.37,10610691,181551456.0000,3,2.947593,1,-0.172400,15.488575,1.912817,1.431666,18.390271,0,17.94399999999995,18.45200000000002,18.015000000000036,-1,-1,-1,-1,-1,15.033840509125584,29.968288460050204,-14.835055392723653,-1,-0.019090021437374816,0.09677404770928086,-0.11586406914665567
2013-03-29,sh.600188,17.3700,17.49,17.0,17.02,6175017,106678064.0000,3,1.715386,1,-2.015000,15.176485,1.874274,1.402819,18.019713,0,17.56599999999995,18.269000000000023,17.992000000000036,-1,-1,-1,-1,-1,13.452752668495782,18.118256348599175,4.121745308288993,-1,-0.10455582063627489,0.056508074040169706,-0.1610638946764446
2013-04-01,sh.600188,16.8800,17.21,16.75,16.94,4167022,70852592.0000,3,1.157576,1,-0.470000,15.105151,1.865464,1.396225,17.935014,0,17.253999999999948,18.07700000000002,18.00950000000004,-1,-1,-1,-1,-1,14.47285674203499,14.319816639885593,14.778936946333783,1,-0.1767064516822927,0.00986516889567722,-0.18657162057796994
2013-04-02,sh.600188,16.9500,17.25,16.85,17.06,3955698,67450144.0000,3,1.098872,1,0.708400,15.212153,1.878679,1.406116,18.062062,0,17.157999999999948,17.87200000000002,18.02450000000004,-1,-1,-1,-1,-1,10.726402520295565,12.884003976942253,6.411199607002189,-1,-0.22164832555957403,-0.03643752999537304,-0.185210795564201
2013-04-03,sh.600188,17.1800,17.23,16.78,16.85,5094150,86544104.0000,3,1.415127,1,-1.230900,15.024899,1.855553,1.388807,17.839727,0,17.047999999999945,17.63100000000002,18.01850000000004,-1,-1,-1,-1,-1,8.624136677571732,11.274465313300903,3.323479406113389,-1,-0.2710854253145989,-0.08336710905921821,-0.18771831625538068
2013-04-08,sh.600188,16.4900,16.53,16.08,16.42,5594422,91439032.0000,3,1.554100,1,-2.551900,14.641474,1.808201,1.353366,17.384470,0,16.857999999999944,17.40100000000002,17.96850000000004,-1,-1,-1,-1,-1,9.70514033427937,9.685226510715696,9.74496798140672,1,-0.3410308974837548,-0.13489986674412555,-0.20613103073962927
2013-04-09,sh.600188,16.4900,16.75,16.45,16.63,3687612,61330596.0000,3,1.024399,1,1.278900,14.828728,1.831326,1.370674,17.606805,0,16.779999999999944,17.173000000000023,17.91250000000004,-1,-1,-1,-1,-1,13.345883385502793,10.558386799118106,18.920876558272166,1,-0.37519295234581307,-0.18295848386446306,-0.19223446848135
2013-04-10,sh.600188,16.6800,16.93,16.61,16.9,4273970,71639824.0000,3,1.187286,1,1.623600,15.069483,1.861059,1.392928,17.892664,0,16.771999999999945,17.013000000000023,17.86400000000004,1,-1,-1,-1,-1,28.63100978174028,17.227344500507623,51.43834034420559,1,-0.37614393034490945,-0.22159557316055234,-0.1545483571843571
2013-04-11,sh.600188,16.9700,17.07,16.5,16.51,3531475,59116820.0000,3,0.981025,1,-2.307700,14.721726,1.818112,1.360784,17.479756,0,16.661999999999946,16.91000000000002,17.800000000000036,-1,-1,-1,-1,-1,34.30807496124535,25.428322709496285,52.06757946474349,1,-0.4037135691721794,-0.25801917236287775,-0.14569439680930163
2013-04-12,sh.600188,16.5200,16.65,16.34,16.37,2342748,38634416.0000,3,0.650803,1,-0.847967,14.596890,1.802695,1.349245,17.331533,0,16.565999999999946,16.807000000000023,17.734000000000037,-1,-1,-1,-1,-1,33.15804450711759,32.03237641670122,35.40938068795033,1,-0.43188108028559924,-0.29279155394742207,-0.13908952633817717
2013-04-15,sh.600188,16.1600,16.37,15.75,15.84,4457669,71348520.0000,3,1.238316,1,-3.237600,14.124297,1.744330,1.305561,16.770402,0,16.449999999999946,16.65400000000002,17.553000000000036,-1,-1,-1,-1,-1,18.285616523578497,28.583911997313958,-2.310974423892425,-1,-0.4913071236902944,-0.3324946678959965,-0.15881245579429787
2013-04-16,sh.600188,15.6800,16.15,15.5,16.01,3889123,61536544.0000,3,1.080377,1,1.073233,14.275883,1.763051,1.319573,16.950388,0,16.325999999999947,16.55300000000002,17.411000000000037,-1,-1,-1,-1,-1,18.57007767646068,23.337912902385735,9.034407224610568,-1,-0.5187057944638838,-0.369736893209574,-0.14896890125430978
2013-04-17,sh.600188,16.1000,16.13,15.64,15.9,3231770,51228228.0000,3,0.897768,1,-0.687100,14.177798,1.750937,1.310506,16.833927,0,16.125999999999948,16.44900000000002,17.263000000000034,-1,-1,-1,-1,-1,19.421414808698014,18.759036336245874,20.74617175360229,1,-0.5430357411444611,-0.4043966627965514,-0.13863907834790967
2013-04-18,sh.600188,15.7600,16.29,15.64,15.86,3241517,51484620.0000,3,0.900476,1,-0.251600,14.142130,1.746533,1.307209,16.791577,0,15.995999999999947,16.32900000000002,17.100500000000032,-1,-1,-1,-1,-1,25.06472691060883,21.01873979858932,33.156701134647854,1,-0.5591001068783079,-0.4353373516129027,-0.1237627552654052
2013-04-19,sh.600188,15.8600,16.36,15.83,16.3,5600801,90596320.0000,3,1.555872,1,2.774272,14.534472,1.794986,1.343475,17.257422,0,15.981999999999946,16.274000000000022,16.952500000000036,1,1,-1,-1,-1,32.335579200569384,25.607240306625553,45.79225698845705,1,-0.5302149221184642,-0.454312865714015,-0.07590205640444919
2013-04-22,sh.600188,16.2000,16.3,16.0,16.15,4078547,65697576.0000,3,1.132998,1,-0.920200,14.400719,1.778468,1.331112,17.098611,0,16.043999999999944,16.24700000000002,16.824000000000034,1,-1,-1,-1,-1,38.42887473460712,31.943060281928584,51.40050363996419,1,-0.513507556028916,-0.4661518037769952,-0.047355752251920735
2013-04-23,sh.600188,16.1500,16.21,15.64,15.65,4027410,63556636.0000,3,1.118793,1,-3.096000,13.954876,1.723407,1.289901,16.569242,0,15.971999999999943,16.149000000000022,16.661000000000033,-1,-1,-1,-1,-1,33.9702760084925,34.91157664788981,32.087674729697866,-1,-0.5344518412176882,-0.47981181126513384,-0.05464002995255435
2013-04-24,sh.600188,15.7500,16.06,15.68,15.9,2984753,47344104.0000,3,0.829148,1,1.597400,14.177798,1.750937,1.310506,16.833927,0,15.971999999999943,16.049000000000024,16.53100000000003,-1,-1,-1,-1,-1,28.579340902796947,33.659497215299,18.419028277792847,-1,-0.5248275422491453,-0.48881495746193615,-0.036012584787209145
2013-04-25,sh.600188,15.7700,15.98,15.61,15.63,3864885,60847472.0000,3,1.073644,1,-1.698100,13.937043,1.721205,1.288252,16.548067,0,15.925999999999942,15.961000000000023,16.43550000000003,-1,-1,-1,-1,-1,19.759759186224294,27.436458699171386,4.4063601603301095,-1,-0.5328446579604105,-0.497620897561631,-0.03522376039877945
2013-04-26,sh.600188,15.5500,15.63,15.12,15.17,5920172,90467192.0000,3,1.644592,1,-2.943058,19.321994,1.645801,1.337381,-27.500247,0,15.699999999999942,15.841000000000022,16.324000000000034,-1,-1,-1,-1,-1,17.919131831933502,22.086077306985057,9.585240881830394,-1,-0.5697487268742467,-0.5120464634241542,-0.05770226345009255
2013-05-02,sh.600188,15.1000,15.13,13.96,14.1,8894112,128186400.0000,3,2.470736,1,-7.053400,17.959137,1.529716,1.243050,-25.560546,0,15.289999999999944,15.667000000000021,16.160500000000035,-1,-1,-1,-1,-1,8.269373377827181,15.316088131995135,-5.824056130508726,-1,-0.6775254335517644,-0.5451422574496763,-0.13238317610208816
2013-05-03,sh.600188,14.1000,14.45,14.09,14.23,6525088,92970616.0000,3,1.812634,1,0.921980,18.124718,1.543820,1.254511,-25.796211,0,15.005999999999943,15.489000000000022,16.021000000000036,-1,-1,-1,-1,-1,7.038530465949759,11.07567855857029,-1.0357657192913017,-1,-0.7438744153241572,-0.5848886890245725,-0.15898572629958474
2013-05-06,sh.600188,14.3100,14.51,14.29,14.35,4434383,63794852.0000,3,1.231848,1,0.843300,18.277562,1.556838,1.265090,-26.013748,0,14.695999999999945,15.334000000000021,15.891500000000036,-1,-1,-1,-1,-1,11.111111111111017,8.80633831829613,15.720656696740793,1,-0.7778073849142171,-0.6234724282025014,-0.1543349567117157
2013-05-07,sh.600188,14.3700,14.77,14.15,14.61,6380465,92777648.0000,3,1.772459,1,1.811800,18.608723,1.585046,1.288012,-26.485077,0,14.491999999999944,15.209000000000021,15.769000000000037,1,-1,-1,-1,-1,18.425925925925828,12.191855834329013,30.89406610911946,1,-0.7747884022863243,-0.6537356230192659,-0.12105277926705837
2013-05-08,sh.600188,14.6600,14.79,14.47,14.53,4460779,65118924.0000,3,1.239180,1,-0.547600,18.506827,1.576367,1.280959,-26.340052,0,14.363999999999944,15.03200000000002,15.653000000000034,1,-1,-1,-1,-1,23.120370370370257,17.552469135802514,34.256172839505744,1,-0.769975371426451,-0.676983572700703,-0.09299179872574803
2013-05-09,sh.600188,14.5600,14.59,14.08,14.24,5273675,75332888.0000,3,1.464998,1,-1.995900,18.137455,1.544905,1.255393,-25.814339,0,14.391999999999944,14.841000000000019,15.544000000000034,-1,-1,-1,-1,-1,22.148148148148042,21.231481481481524,23.981481481481083,1,-0.7805637333290978,-0.6976996048263819,-0.08286412850271585
2013-05-10,sh.600188,14.1600,14.47,14.09,14.4,3757866,53906328.0000,3,1.043915,1,1.123600,18.341247,1.562263,1.269498,-26.104388,0,14.425999999999945,14.716000000000019,15.432500000000033,-1,-1,-1,-1,-1,20.149614961496056,21.806044493338266,16.836755897811635,-1,-0.7672006125026343,-0.7115998063616324,-0.055600806141001824
2013-05-13,sh.600188,14.4400,14.49,14.26,14.36,3039133,43608536.0000,3,0.844255,1,-0.277800,18.290299,1.557923,1.265972,-26.031876,0,14.427999999999946,14.562000000000017,15.305500000000034,-1,-1,-1,-1,-1,19.689202453179348,20.662321854274634,17.742963650988777,-1,-0.7511787872112166,-0.7195156025315492,-0.03166318467966733
2013-05-14,sh.600188,14.3500,14.35,14.05,14.09,3542226,50063752.0000,3,0.984011,1,-1.880200,17.946401,1.528631,1.242169,-25.542418,0,14.323999999999947,14.408000000000019,15.184500000000034,-1,-1,-1,-1,-1,18.948461712438586,19.59575970903815,17.653865719239462,-1,-0.75160409460727,-0.7259333009466934,-0.025670793660576563
2013-05-15,sh.600188,14.1000,14.25,13.9,14.03,4115516,57800152.0000,3,1.143268,1,-0.425800,17.869979,1.522122,1.236879,-25.433650,0,14.223999999999947,14.29400000000002,15.067500000000033,-1,-1,-1,-1,-1,16.556649497509202,18.398104554375863,12.873739383775884,-1,-0.7481583486115042,-0.7303783104796555,-0.017780038131848697
2013-05-16,sh.600188,14.0300,14.4,13.79,14.39,7041661,99350528.0000,3,1.956135,1,2.565900,18.328510,1.561178,1.268617,-26.086260,0,14.253999999999944,14.323000000000018,14.995000000000033,1,1,-1,-1,-1,28.572617561381534,21.35924292377659,42.99936683659142,1,-0.7082147202830651,-0.7259455924403374,0.017730872157272315
2013-05-17,sh.600188,14.4000,15.49,14.2,15.12,15859416,233488176.0000,3,4.405660,1,5.073000,19.258309,1.640376,1.332973,-27.409607,0,14.397999999999945,14.41200000000002,14.950500000000034,1,1,1,-1,-1,50.94734523022686,32.02553742970601,88.79096083126855,1,-0.6106154135267889,-0.7028795566576277,0.09226414313083875
2013-05-20,sh.600188,14.9900,15.06,14.75,14.88,9511388,141721856.0000,3,2.642212,1,-1.587300,18.952622,1.614338,1.311815,-26.974534,0,14.501999999999944,14.465000000000021,14.899500000000035,1,1,-1,1,-1,67.45098039215685,48.99031439458857,104.3723123872934,1,-0.5463354391333901,-0.6715707331527802,0.12523529401939004
2013-05-21,sh.600188,14.8500,15.11,14.8,14.93,5894281,88126440.0000,3,1.637399,1,0.336023,19.016307,1.619763,1.316223,-27.065174,0,14.669999999999941,14.49700000000002,14.853000000000034,1,1,1,1,-1,69.80392156862739,62.73408239700385,83.94359991187444,1,-0.4857589869547052,-0.6344083839131651,0.1486493969584599
2013-05-22,sh.600188,14.9100,15.13,14.75,14.97,6612175,98758280.0000,3,1.836827,1,0.267900,19.067254,1.624103,1.319749,-27.137686,0,14.857999999999942,14.54100000000002,14.786500000000036,1,1,1,1,1,66.86274509803917,68.03921568627463,64.50980392156825,-1,-0.4295722054818931,-0.5934411482269107,0.16386894274501762
2013-05-23,sh.600188,14.9700,14.97,14.56,14.59,5555245,81902320.0000,3,1.543217,1,-2.538400,18.583249,1.582876,1.286249,-26.448821,0,14.897999999999943,14.576000000000018,14.708500000000035,-1,1,-1,1,1,61.176470588235226,65.94771241830075,51.63398692810418,-1,-0.4109692034108079,-0.5569467592636902,0.1459775558528823
2013-05-24,sh.600188,14.5900,14.8,14.53,14.68,3576279,52446896.0000,3,0.993471,1,0.616900,18.697882,1.592640,1.294183,-26.611973,0,14.809999999999942,14.604000000000019,14.660000000000036,-1,1,1,1,1,56.27450980392151,61.43790849673213,45.94771241830027,-1,-0.38453130488319687,-0.5224636683875915,0.13793236350439464
2013-05-27,sh.600188,14.7000,14.75,14.37,14.38,4611886,67108036.0000,3,1.281157,1,-2.043600,18.315773,1.560093,1.267735,-26.068132,0,14.709999999999942,14.606000000000018,14.584000000000037,-1,-1,-1,1,1,44.70588235294113,54.05228758169945,26.01307189542449,-1,-0.3833673524198744,-0.49464440519404806,0.11127705277417366
2013-05-28,sh.600188,14.3800,14.87,14.34,14.77,7067727,103490440.0000,3,1.963376,1,2.712100,18.812515,1.602405,1.302117,-26.775126,0,14.677999999999944,14.674000000000017,14.541000000000036,1,1,1,1,1,48.23529411764701,49.73856209150338,45.22875816993425,-1,-0.34697545402359964,-0.46511061495995837,0.11813516093635873
2013-05-29,sh.600188,14.7700,14.85,14.62,14.64,4993016,73659624.0000,3,1.387033,1,-0.880200,18.646934,1.588301,1.290657,-26.539461,0,14.611999999999943,14.735000000000019,14.514500000000035,1,-1,1,-1,1,42.15382276941782,45.03166641333548,36.398135481582514,-1,-0.3248795170575871,-0.4370643953794841,0.112184878321897
2013-05-30,sh.600188,14.6000,14.75,14.55,14.57,3556764,52027160.0000,3,0.988050,1,-0.478100,18.557775,1.580706,1.284485,-26.412565,0,14.607999999999942,14.75300000000002,14.538000000000034,-1,-1,1,-1,1,40.28983666864838,43.5596511852379,33.75020763546934,-1,-0.3094496004368352,-0.4115414363909543,0.10209183595411908
2013-05-31,sh.600188,14.6000,14.83,14.41,14.47,4650671,68104936.0000,3,1.291931,1,-0.686338,18.430406,1.569857,1.275669,-26.231284,0,14.565999999999942,14.68800000000002,14.550000000000034,-1,-1,-1,-1,1,26.559382461649154,36.334347299905275,7.009452785136915,-1,-0.3018113512275651,-0.38959541935827646,0.08778406813071138
2013-06-03,sh.600188,14.4300,14.74,14.36,14.55,4040207,58764800.0000,3,1.122348,1,0.552900,18.532301,1.578537,1.282722,-26.376308,0,14.599999999999943,14.65500000000002,14.560000000000034,-1,-1,-1,-1,1,24.050632911392395,30.299950680563466,11.551997373050249,-1,-0.28600575596414757,-0.3688774866794507,0.08287173071530313
2013-06-04,sh.600188,14.5000,14.5,14.13,14.14,4119230,58742928.0000,3,1.144300,1,-2.817900,18.010085,1.534055,1.246577,-25.633059,0,14.473999999999943,14.576000000000022,14.536500000000032,-1,-1,-1,-1,-1,14.742816958006806,21.784277443682942,0.6598959866545329,-1,-0.3030696826841002,-0.3557159258803806,0.05264624319628042
2013-06-05,sh.600188,14.1400,14.29,14.11,14.15,2455706,34783140.0000,3,0.682182,1,0.070700,18.022822,1.535140,1.247458,-25.651187,0,14.375999999999944,14.494000000000023,14.517500000000032,-1,-1,-1,-1,-1,11.011970855408551,16.60180690826941,-0.16770125031316496,-1,-0.3121873496848142,-0.3470102106412673,0.034822860956453094
2013-06-06,sh.600188,14.1200,14.29,14.06,14.07,2933394,41573888.0000,3,0.814881,1,-0.565400,17.920927,1.526461,1.240406,-25.506162,0,14.275999999999945,14.442000000000021,14.509000000000032,-1,-1,-1,-1,-1,2.5627339954824873,9.43917393629944,-11.190145886151418,-1,-0.32215489676873865,-0.3420391478667616,0.019884251098022943
2013-06-07,sh.600188,14.0600,14.17,13.6,13.61,5186000,71591240.0000,3,1.440643,1,-3.269400,17.335026,1.476556,1.199852,-24.672272,0,14.103999999999946,14.335000000000019,14.469500000000034,-1,-1,-1,-1,-1,2.4283757902581433,5.334360213716553,-3.3835930566586763,-1,-0.362988104349947,-0.3462289391633987,-0.016759165186548297
2013-06-13,sh.600188,13.5400,13.54,12.41,12.74,5040372,64322468.0000,3,1.400188,1,-6.392400,16.226909,1.382169,1.123153,-23.095132,0,13.741999999999944,14.17100000000002,14.388500000000032,-1,-1,-1,-1,-1,5.182186546657299,3.3910987774661354,8.764362085039625,1,-0.4602450264793845,-0.36903215662659583,-0.09121286985278865
2013-06-14,sh.600188,12.7400,12.81,12.47,12.57,4966778,62569304.0000,3,1.379744,1,-1.334400,16.010380,1.363725,1.108166,-22.786955,0,13.427999999999946,13.951000000000022,14.312500000000034,-1,-1,-1,-1,-1,6.974520662223749,4.8616943330465565,11.200173320578132,1,-0.5447597657377248,-0.40417767844882163,-0.14058208728890315
2013-06-17,sh.600188,12.6800,12.73,12.38,12.48,4489172,56110924.0000,3,1.247068,1,-0.716000,15.895747,1.353961,1.100232,-22.623803,0,13.093999999999946,13.735000000000023,14.235000000000037,-1,-1,-1,-1,-1,8.072597688309775,6.743101632397099,10.731589800135126,1,-0.6119464159744581,-0.44573142595394893,-0.16621499002050916
2013-06-18,sh.600188,12.5400,12.63,12.21,12.37,3422775,42433320.0000,3,0.950828,1,-0.881400,15.755640,1.342027,1.090534,-22.424394,0,12.753999999999944,13.515000000000024,14.134000000000038,-1,-1,-1,-1,-1,5.672437857643863,6.9065187360592875,3.204276100813013,-1,-0.6663867098525316,-0.48986248273366545,-0.17652422711886612
2013-06-19,sh.600188,12.3500,12.66,11.92,12.5,6654905,81429288.0000,3,1.848697,1,1.050900,15.921221,1.356131,1.101995,-22.660059,0,12.531999999999945,13.318000000000023,14.003000000000037,-1,-1,-1,-1,-1,10.962121160012154,8.235718901988756,16.414925676058953,1,-0.6910748408413063,-0.5301049543551937,-0.16096988648611266
2013-06-20,sh.600188,12.3600,12.36,11.6,11.62,7495842,89785448.0000,3,2.082304,1,-7.040000,14.800367,1.260659,1.024415,-21.064791,0,12.307999999999945,13.025000000000023,13.840000000000037,-1,-1,-1,-1,-1,9.849408416922353,8.827989144859615,11.892246961047832,1,-0.7727413270479939,-0.5786322288937538,-0.19410909815424016
2013-06-21,sh.600188,11.2000,11.2,10.13,10.71,14110512,151592512.0000,3,3.919824,1,-4.884500,13.641302,1.161933,0.944189,-19.415138,0,11.935999999999945,12.682000000000022,13.629000000000037,-1,-1,-1,-1,-1,12.388807423712686,11.066779000215888,15.032864270706284,1,-0.9005114649358781,-0.6430080761021786,-0.2575033888336995
2013-06-24,sh.600188,10.6600,10.66,9.73,9.74,10344191,104905352.0000,3,2.873560,1,-9.057000,12.405816,1.056697,0.858674,-17.656718,0,11.387999999999945,12.241000000000021,13.367500000000035,-1,-1,-1,-1,-1,4.970342447108172,9.069519429247896,-3.228011517171275,-1,-1.0677329522846666,-0.7279530513386762,-0.3397799009459904
2013-06-25,sh.600188,9.6800,9.95,9.01,9.69,12967445,124007696.0000,3,3.602286,1,-0.513300,12.342131,1.051273,0.854267,-17.566078,0,10.851999999999943,11.80300000000002,13.122500000000036,-1,-1,-1,-1,-1,9.726190148375508,9.028446673065615,11.121677098995296,1,-1.1905676451957152,-0.820475970110084,-0.37009167508563123
2013-06-26,sh.600188,9.6900,9.72,9.31,9.51,9445546,89598544.0000,3,2.623922,1,-1.857600,12.112865,1.031745,0.838398,-17.239773,0,10.253999999999944,11.39300000000002,12.864000000000036,-1,-1,-1,-1,-1,9.464719163220309,8.053750586234822,12.286656317191284,1,-1.287596904368808,-0.9139001569618288,-0.3736967474069792
2013-06-27,sh.600188,9.5300,9.82,9.31,9.39,11136732,106300776.0000,3,3.093724,1,-1.261800,11.960021,1.018726,0.827819,-17.022236,0,9.807999999999945,11.058000000000021,12.614500000000035,-1,-1,-1,-1,-1,12.794662009292196,10.66185710696283,17.06027181395093,1,-1.3585161597965154,-1.0028233575287662,-0.35569280226774924
2013-06-28,sh.600188,9.2600,9.85,9.06,9.4,11507793,108774088.0000,3,3.196803,1,0.106500,11.972758,1.019811,0.828700,-17.040364,0,9.545999999999944,10.741000000000023,12.346000000000036,-1,-1,-1,-1,-1,11.352626669044035,11.204002613852339,11.649874779427428,1,-1.3978002925698298,-1.081818744536979,-0.31598154803285095
2013-07-01,sh.600188,9.3100,9.51,9.19,9.49,6519887,61160136.0000,3,1.811189,1,0.957400,12.087391,1.029575,0.836635,-17.203517,0,9.495999999999944,10.442000000000021,12.088500000000035,-1,-1,-1,-1,-1,11.350223400598955,11.832504026311888,10.385662149173086,-1,-1.4054696240296085,-1.1465489204355048,-0.2589207035941037
2013-07-02,sh.600188,9.5300,9.56,9.24,9.41,5628847,52675560.0000,3,1.563663,1,-0.843000,11.985495,1.020895,0.829582,-17.058492,0,9.439999999999944,10.14600000000002,11.830500000000036,-1,-1,-1,-1,-1,11.925304981939561,11.542718350527677,12.69047824476333,1,-1.4018433780333712,-1.1976078119550781,-0.20423556607829307
2013-07-03,sh.600188,9.3900,9.39,9.04,9.17,7983506,73468224.0000,3,2.217775,1,-2.550500,11.679808,0.994858,0.808424,-16.623419,0,9.371999999999945,9.81300000000002,11.565500000000036,-1,-1,-1,-1,-1,10.798973170676241,11.358167184405078,9.680585143218568,-1,-1.4021721781442,-1.2385206851929025,-0.16365149295129755
2013-07-04,sh.600188,9.1000,9.65,8.84,9.44,15813624,147208224.0000,3,4.392939,1,2.944400,12.023706,1.024150,0.832227,-17.112876,0,9.381999999999945,9.59500000000002,11.310000000000034,1,-1,-1,-1,-1,17.404422515851603,13.376233556155961,25.460800435242884,1,-1.364912153408877,-1.2637989788360975,-0.10111317457277957
2013-07-05,sh.600188,9.4100,9.67,9.28,9.4,10991634,103996568.0000,3,3.053417,1,-0.423700,11.972758,1.019811,0.828700,-17.040364,0,9.381999999999945,9.464000000000022,11.073000000000034,1,-1,-1,-1,-1,30.241139830180874,19.481511838903064,51.7603958127365,1,-1.3233561550731245,-1.275710414083503,-0.0476457409896216
2013-07-08,sh.600188,9.2100,9.21,8.82,8.83,7312088,65966180.0000,3,2.031259,1,-6.063800,11.246751,0.957971,0.778449,-16.007066,0,9.249999999999943,9.373000000000022,10.807000000000034,-1,-1,-1,-1,-1,28.129452401297,25.258338249109983,33.87168070567104,1,-1.321187140364792,-1.2848057593397608,-0.03638138102503108
2013-07-09,sh.600188,8.8000,9.13,8.76,8.98,4640465,41519096.0000,3,1.289096,1,1.698800,11.437805,0.974245,0.791673,-16.278986,0,9.163999999999945,9.302000000000023,10.552500000000034,-1,-1,-1,-1,-1,23.868270158463414,27.412954129980587,16.778902215429063,-1,-1.2924656941931367,-1.286337746310436,-0.006127947882700768
2013-07-10,sh.600188,8.9900,9.88,8.92,9.88,17683284,171643664.0000,3,4.912321,1,10.022300,12.584133,1.071886,0.871017,-17.910511,0,9.305999999999944,9.339000000000022,10.366000000000033,1,1,-1,-1,-1,40.3847866749799,30.794169744913592,59.56602053511252,1,-1.1834393110763912,-1.265758059263627,0.08231874818723584
2013-07-11,sh.600188,10.0100,10.79,9.95,10.76,31394305,326376896.0000,3,8.721168,1,8.906900,13.704987,1.167358,0.948597,-19.505779,0,9.569999999999945,9.476000000000022,10.267000000000033,1,1,1,1,-1,72.90188457540557,45.71831380294979,127.26902612031715,1,-1.014333862069524,-1.2154732198248064,0.20113935775528247
2013-07-12,sh.600188,10.6000,10.6,10.21,10.23,18755977,194415696.0000,3,5.210309,1,-4.925700,13.029927,1.109858,0.901873,-18.544992,0,9.735999999999944,9.559000000000022,10.150000000000032,1,1,1,1,-1,90.31198686371096,67.86621937136563,135.2035218484016,1,-0.9125636799465422,-1.1548913118491535,0.2423276319026113
2013-07-15,sh.600188,10.2700,10.5,10.04,10.26,12488709,128238824.0000,3,3.469296,1,0.293300,13.068138,1.113112,0.904517,-18.599376,0,10.021999999999945,9.636000000000022,10.039000000000033,1,1,1,1,-1,81.60919540229881,81.60768894713861,81.6122083126192,1,-0.8200364582838464,-1.087920341136092,0.2678838828522456
2013-07-16,sh.600188,10.2000,10.34,10.12,10.29,9629247,98435160.0000,3,2.674953,1,0.292400,13.106349,1.116367,0.907162,-18.653760,0,10.283999999999946,9.724000000000023,9.935000000000032,1,1,1,1,1,73.89162561576349,81.9376026272579,57.79967159277467,-1,-0.7358053135819187,-1.0174973356252575,0.28169202204333876
2013-07-17,sh.600188,10.2700,10.57,10.05,10.11,13098911,135394944.0000,3,3.638807,1,-1.749300,12.877084,1.096839,0.891294,-18.327456,0,10.329999999999945,9.818000000000023,9.815500000000032,-1,1,1,1,1,71.92118226600978,75.80733442802419,64.14887794198094,-1,-0.6757859801136625,-0.9491550645229385,0.273369084409276
2013-07-18,sh.600188,9.9900,10.05,9.72,9.73,10389285,102139528.0000,3,2.886087,1,-3.758700,12.393079,1.055612,0.857793,-17.638590,0,10.123999999999944,9.847000000000024,9.72100000000003,-1,-1,1,1,1,63.21839080459765,69.67706622879047,50.30103995621201,-1,-0.6513744113836761,-0.889598933895086,0.2382245225114099
2013-07-19,sh.600188,9.7700,10.01,9.26,9.29,9551399,92159672.0000,3,2.653327,1,-4.522100,11.832652,1.007877,0.819003,-16.840956,0,9.935999999999943,9.836000000000023,9.65000000000003,-1,-1,-1,1,1,46.79802955665019,60.645867542419374,19.10235358511183,-1,-0.6599251833315947,-0.8436641837823877,0.18373900045079306
2013-07-22,sh.600188,9.1400,9.42,9.06,9.41,6356112,58792148.0000,3,1.765694,1,1.291700,11.985495,1.020895,0.829582,-17.058492,0,9.765999999999943,9.894000000000023,9.63350000000003,-1,-1,-1,-1,1,33.36494472397105,47.79378836173979,4.507257448433563,-1,-0.6495313416004009,-0.8048376153459904,0.15530627374558947
2013-07-23,sh.600188,9.3800,10.33,9.35,9.92,11913712,118070520.0000,3,3.309565,1,5.419800,12.635081,1.076226,0.874543,-17.983023,0,9.691999999999943,9.988000000000024,9.645000000000028,1,-1,1,-1,1,34.00752186644852,38.05683204902342,25.90890150129873,-1,-0.5933021910520253,-0.7625305304871974,0.16922833943517213
2013-07-24,sh.600188,9.8200,9.99,9.43,9.8,9486107,91700112.0000,3,2.635189,1,-1.209700,12.482237,1.063207,0.863964,-17.765486,0,9.629999999999944,9.980000000000024,9.65950000000003,1,-1,1,-1,-1,41.32204642235241,36.23150433759082,51.50313059187559,1,-0.5520593843141004,-0.7204363012525781,0.16837691693847767
2013-07-25,sh.600188,9.7400,10.5,9.69,10.1,15166018,153173056.0000,3,4.213038,1,3.061200,12.864347,1.095754,0.890412,-18.309328,0,9.703999999999944,9.914000000000023,9.695000000000029,1,1,1,-1,1,55.54570096544595,43.62508975141579,79.38692339350628,1,-0.4895237450258225,-0.674253790007227,0.18473004498140444
2013-07-26,sh.600188,9.9900,10.02,9.75,9.87,8199072,81154224.0000,3,2.277658,1,-2.277200,12.571396,1.070801,0.870135,-17.892382,0,9.819999999999943,9.878000000000023,9.718500000000029,1,-1,1,-1,1,56.85616811444617,51.241305167415014,68.08589400850848,1,-0.45329754620992624,-0.6300625412477668,0.1767649950378406
2013-07-29,sh.600188,9.7300,9.75,9.51,9.58,5974880,57446776.0000,3,1.659789,1,-2.938200,12.202024,1.039339,0.844569,-17.366669,0,9.853999999999942,9.810000000000022,9.72300000000003,-1,-1,-1,1,1,52.31788079470187,54.9065832915315,47.140475801042626,-1,-0.4428833158418026,-0.592626696166574,0.1497433803247714
2013-07-30,sh.600188,9.2000,9.58,9.13,9.27,11022103,102859280.0000,3,3.061881,1,-3.235900,11.807178,1.005707,0.817239,-16.804700,0,9.723999999999942,9.708000000000023,9.71600000000003,-1,-1,-1,1,1,34.22093451066949,47.79832780660601,7.066147918796446,-1,-0.4544062599597485,-0.5649826089252089,0.11057634896546042
2013-07-31,sh.600188,9.2100,9.44,9.21,9.31,5970239,55625276.0000,3,1.658500,1,0.431500,11.858126,1.010046,0.820766,-16.877212,0,9.625999999999943,9.628000000000023,9.723000000000031,-1,-1,-1,-1,-1,22.1271768457198,36.22199738369722,-6.062464230235051,-1,-0.45506490552269874,-0.5429990682447069,0.08793416272200816
2013-08-01,sh.600188,9.3100,9.99,9.22,9.61,10962555,105182688.0000,3,3.045339,1,3.222300,12.240235,1.042594,0.847214,-17.421053,0,9.527999999999942,9.616000000000023,9.73150000000003,1,-1,-1,-1,-1,23.379629629629523,26.57591366200644,16.987061564875695,-1,-0.4264633895902801,-0.5196919325138215,0.09322854292354144
2013-08-02,sh.600188,9.6100,9.97,9.5,9.81,13449720,131532912.0000,3,3.736260,1,2.081200,12.494974,1.064292,0.864846,-17.783614,0,9.515999999999943,9.668000000000024,9.75200000000003,1,1,1,-1,-1,35.06353068396856,26.856779053106127,51.477033945693414,1,-0.3832403968843643,-0.4924016253879301,0.1091612285035658
2013-08-05,sh.600188,9.7500,10.35,9.67,10.03,11555313,115478880.0000,3,3.210004,1,2.242600,12.775188,1.088160,0.884241,-18.182431,0,9.605999999999943,9.730000000000024,9.81200000000003,1,1,1,-1,-1,51.1743038659096,36.53915472650272,80.44460214472336,1,-0.3274589593297659,-0.4594130921762972,0.13195413284653135
2013-08-06,sh.600188,9.9600,10.25,9.77,10.13,12578575,126262216.0000,3,3.494260,1,0.997000,12.902558,1.099009,0.893057,-18.363712,0,9.777999999999945,9.751000000000023,9.86950000000003,1,1,1,1,-1,62.77372262773716,49.670519059205276,88.98012976480092,1,-0.2720466198288154,-0.42193979770680085,0.14989317787798545
2013-08-07,sh.600188,10.0100,10.37,9.93,10.09,14440531,146554688.0000,3,4.011502,1,-0.394900,12.851610,1.094669,0.889530,-18.291200,0,9.933999999999944,9.780000000000024,9.880000000000031,1,1,1,1,1,72.03516207519027,61.99439618961251,92.1166938463458,1,-0.22872303053514997,-0.38329644427247067,0.1545734137373207
2013-08-08,sh.600188,10.0200,10.22,9.91,9.98,8508491,85397248.0000,3,2.363613,1,-1.090200,12.711503,1.082735,0.879833,-18.091791,0,10.007999999999944,9.768000000000026,9.841000000000031,-1,1,1,1,1,72.98681422180361,69.26523297491052,80.42997671558979,1,-0.20094844598273198,-0.34682684461452296,0.14587839863179097
2013-08-09,sh.600188,10.0200,10.44,9.98,10.27,15781867,161399568.0000,3,4.384117,1,2.905800,13.080875,1.114197,0.905399,-18.617504,0,10.099999999999943,9.808000000000025,9.843000000000032,1,1,1,1,1,77.66354756628085,74.22850795442508,84.53362678999241,1,-0.15376381767547898,-0.30821423922671415,0.15445042155123517
2013-08-12,sh.600188,10.2700,11.3,10.25,11.3,39490890,430825728.0000,3,10.970356,1,10.029200,14.392784,1.225943,0.996203,-20.484693,0,10.353999999999942,9.980000000000024,9.895000000000033,1,1,1,1,1,85.19042928671097,78.61359702493199,98.3440938102689,1,-0.032878267660674254,-0.25314704491350615,0.2202687772528319
2013-08-13,sh.600188,11.2500,11.36,10.9,11.08,23290977,257936336.0000,3,6.470108,1,-1.946900,14.112570,1.202075,0.976808,-20.085876,0,10.543999999999942,10.161000000000024,9.934500000000034,1,1,1,1,1,91.31292953794197,84.72230213031143,104.49418435320305,1,0.04465745691116041,-0.19358614454857284,0.23824360145973325
2013-08-14,sh.600188,11.0200,11.42,10.87,10.94,20766689,231127216.0000,3,5.768874,1,-1.263500,13.934253,1.186886,0.964466,-19.832084,0,10.713999999999942,10.324000000000023,9.976000000000033,1,1,1,1,1,87.30529595015571,87.93621825826972,86.04345133392769,-1,0.09372781141147435,-0.1361233533565634,0.22985116476803774
2013-08-15,sh.600188,10.8800,11.02,10.75,10.77,9902578,107765312.0000,3,2.750883,1,-1.553900,13.717724,1.168443,0.949479,-19.523907,0,10.87199999999994,10.440000000000023,10.028000000000034,-1,1,1,1,1,74.92434356920332,84.51418968576716,55.744651336075634,-1,0.11754386908081926,-0.08538990886908686,0.20293377794990614
2013-08-16,sh.600188,10.6600,11.59,10.53,10.55,17071475,184926976.0000,3,4.742364,1,-2.042700,13.437511,1.144575,0.930084,-19.125090,0,10.92799999999994,10.514000000000022,10.091000000000035,-1,1,1,1,1,60.23809523809519,74.15591158581823,32.40246254264912,-1,0.11731378470117981,-0.04484917015503352,0.16216295485621335
2013-08-19,sh.600188,10.4900,10.75,10.36,10.69,8807395,92988216.0000,3,2.446647,1,1.327000,13.615828,1.159763,0.942426,-19.378882,0,10.80599999999994,10.580000000000023,10.155000000000035,-1,1,1,1,1,50.714285714285666,61.95890817386155,28.225040795133893,-1,0.1269647011023043,-0.010486395903565954,0.13745109700587024
2013-08-20,sh.600188,10.4000,10.61,10.33,10.43,8761390,91639176.0000,3,2.433867,1,-2.432200,-29.237692,1.321206,0.905488,-4.993943,0,10.675999999999942,10.610000000000023,10.180500000000036,-1,-1,1,1,1,40.07936507936503,50.343915343915455,19.55026455026419,-1,0.11233832846954073,0.014078548971055385,0.09825977949848534
2013-08-21,sh.600188,10.3600,11.0,10.3,10.7,13304226,142360864.0000,3,3.695842,1,2.588700,-29.994564,1.355408,0.928928,-5.123220,0,10.62799999999994,10.671000000000022,10.225500000000036,1,1,1,-1,1,40.700483091787355,43.83137796181285,34.43869335173636,-1,0.12113717237869182,0.03549027365258267,0.08564689872610914
2013-08-22,sh.600188,10.5600,10.7,10.42,10.48,8068312,84837120.0000,3,2.241334,1,-2.056100,-29.377854,1.327540,0.909828,-5.017883,0,10.569999999999942,10.721000000000021,10.244500000000034,-1,-1,1,-1,1,30.945685650422774,37.24184460719189,18.35336773688455,-1,0.1091005153573299,0.050212321993532115,0.05888819336379778
2013-08-23,sh.600188,10.6000,10.7,10.0,10.22,10737561,110872896.0000,3,2.982836,1,-2.480900,-28.649014,1.294605,0.887256,-4.893393,0,10.503999999999943,10.716000000000022,10.262000000000034,-1,-1,-1,-1,1,25.24038466210294,32.29551780143785,11.130118383433114,-1,0.07768603461002499,0.05570706451683069,0.0219789700931943
2013-08-26,sh.600188,10.2200,10.55,10.22,10.5,8043285,83988800.0000,3,2.234381,1,2.739700,-29.433918,1.330073,0.911565,-5.027459,0,10.465999999999942,10.636000000000022,10.308000000000034,1,-1,1,-1,1,20.81573265746736,25.66726765666452,11.112662659073038,-1,0.07452442109450175,0.059470535832364904,0.015053885262136843
2013-08-27,sh.600188,10.5500,10.64,10.37,10.62,7139561,75042376.0000,3,1.983331,1,1.142900,-29.770306,1.345274,0.921982,-5.084916,0,10.503999999999943,10.590000000000023,10.375500000000034,1,1,1,-1,1,28.092243186582763,24.71612016871785,34.84448922231259,1,0.08077074188895494,0.06373057704368291,0.01704016484527203
2013-08-28,sh.600188,10.5300,10.9,10.44,10.69,13121687,140239904.0000,3,3.645134,1,0.659100,-29.966532,1.354141,0.928060,-5.118432,0,10.501999999999942,10.565000000000023,10.444500000000033,1,1,1,-1,1,37.945492662473725,28.951156168841447,55.93416564973828,1,0.09032816425624368,0.06905009448619506,0.02127806977004862
2013-08-29,sh.600188,10.5800,10.68,10.37,10.44,7359087,77288928.0000,3,2.044315,1,-2.338600,-29.265724,1.322473,0.906356,-4.998731,0,10.49399999999994,10.532000000000023,10.486000000000033,-1,-1,-1,-1,1,42.12997903563933,36.05590496156543,54.27812718378712,1,0.07684377250119923,0.0706088300891959,0.0062349424120033275
2013-08-30,sh.600188,10.4400,10.56,10.26,10.32,7835180,81462504.0000,3,2.176571,1,-1.149400,-28.929337,1.307272,0.895938,-4.941274,0,10.51399999999994,10.509000000000023,10.511500000000032,-1,-1,-1,1,1,39.79874213836472,39.95807127882608,39.480083857442,-1,0.05583071602643486,0.06765320727664369,-0.01182249125020883
2013-09-02,sh.600188,10.3100,10.58,10.25,10.5,7488672,77947408.0000,3,2.080187,1,1.744200,-29.433918,1.330073,0.911565,-5.027459,0,10.51399999999994,10.490000000000023,10.535000000000032,-1,1,-1,1,-1,41.99999999999995,41.309573724668155,43.38085255066355,1,0.05309022202453839,0.06474061022622263,-0.011650388201684236
2013-09-03,sh.600188,10.5000,10.72,10.44,10.57,8548407,90287240.0000,3,2.374558,1,0.666700,-29.630144,1.338940,0.917642,-5.060975,0,10.503999999999941,10.504000000000023,10.557000000000032,1,1,1,-1,-1,48.44444444444441,43.414395527603176,58.50454227812688,1,0.05592214014813024,0.06297691621060415,-0.007054776062473914
2013-09-04,sh.600188,10.5400,10.75,10.35,10.52,8950118,94036864.0000,3,2.486144,1,-0.473000,-29.489983,1.332607,0.913301,-5.037035,0,10.469999999999942,10.486000000000022,10.578500000000032,1,1,-1,-1,-1,57.037037037036974,49.16049382716059,72.79012345678973,1,0.05351498608372829,0.06108453018522898,-0.007569544101500694
2013-09-05,sh.600188,10.4800,10.48,10.27,10.28,6579633,68100432.0000,3,1.827676,1,-2.281400,-28.817208,1.302205,0.892465,-4.922122,0,10.437999999999942,10.46600000000002,10.593500000000033,-1,-1,-1,-1,-1,43.31154684095848,49.597676107480105,30.73928830791523,-1,0.03187388263060775,0.055242400674304734,-0.02336851804369698
2013-09-06,sh.600188,10.2100,10.41,10.18,10.29,4594078,47447372.0000,3,0.155205,1,0.097300,-28.845240,1.303472,0.893333,-4.926910,0,10.431999999999942,10.473000000000022,10.594500000000032,-1,-1,-1,-1,-1,27.293028322439927,42.54720406681194,-3.2153231663041026,-1,0.015353087815419997,0.04726453810252779,-0.03191145028710779
2013-09-09,sh.600188,10.3000,10.55,10.24,10.5,8023780,83912008.0000,3,0.271074,1,2.040800,-29.433918,1.330073,0.911565,-5.027459,0,10.431999999999942,10.473000000000022,10.554500000000031,1,1,-1,-1,-1,22.848583877995505,31.151053013798123,6.243645606390267,-1,0.018986617942378103,0.04160895407049785,-0.022622336128119744
2013-09-10,sh.600188,10.7100,11.05,10.58,10.94,18520366,200768544.0000,3,0.625688,1,4.190500,-30.667340,1.385810,0.949764,-5.238133,0,10.505999999999942,10.50500000000002,10.547500000000031,1,1,1,1,-1,49.02618135376744,33.05593118473445,80.96668169183343,1,0.0567167441906502,0.04463051209452832,0.012086232096121884
2013-09-11,sh.600188,10.9800,11.29,10.85,11.09,20320650,226321349.0000,3,0.686508,1,1.371100,-31.087824,1.404811,0.962786,-5.309954,0,10.619999999999942,10.545000000000021,10.555000000000032,1,1,1,1,1,71.26091608850223,47.71189377342188,118.35896071866293,1,0.09759685171632704,0.055223780018888065,0.04237307169743897
2013-09-12,sh.600188,11.0000,11.09,10.86,11.02,10109625,110990020.0000,3,0.341541,1,-0.631200,-30.891598,1.395943,0.956709,-5.276438,0,10.76799999999994,10.603000000000021,10.567500000000031,1,1,1,1,1,81.67132649891265,67.31947464706093,110.37503020261607,1,0.12292916557015943,0.06876485712914233,0.05416430844101709
2013-09-13,sh.600188,10.9600,11.15,10.9,10.91,8816857,97344139.0000,3,0.297867,1,-0.998200,-30.583243,1.382009,0.947159,-5.223769,0,10.891999999999943,10.66200000000002,10.58550000000003,1,1,1,1,1,74.47447447447449,75.80223902062994,71.81894538216358,-1,0.13260058906737626,0.08153200351678912,0.051068585550587145
2013-09-16,sh.600188,10.9100,11.07,10.7,10.75,6422139,69225864.0000,3,0.216964,1,-1.466500,-30.134726,1.361742,0.933269,-5.147160,0,10.941999999999942,10.68700000000002,10.58850000000003,-1,1,1,1,1,64.26426426426428,73.47002174588395,45.85274930102494,-1,0.12590326458152212,0.09040625572973572,0.0354970088517864
2013-09-17,sh.600188,10.7700,10.77,10.36,10.4,5677144,59808649.0000,3,0.191795,1,-3.255800,-29.153595,1.317406,0.902883,-4.979578,0,10.833999999999943,10.670000000000021,10.58700000000003,-1,-1,-1,1,1,45.64564564564568,61.461461461461646,14.014014014013739,-1,0.09130105007458234,0.09058521459870504,0.0007158354758772939
2013-09-18,sh.600188,10.3500,10.5,10.34,10.41,3562951,37060390.0000,3,0.120370,1,0.096200,-29.181628,1.318673,0.903751,-4.984366,0,10.697999999999942,10.659000000000022,10.57250000000003,-1,-1,-1,1,1,30.63063063063065,46.84684684684703,-1.8018018018020996,-1,0.06394830594436485,0.085257832867837,-0.021309526923472155
2013-09-23,sh.600188,10.4800,10.64,10.47,10.58,3782118,39963151.0000,3,0.127774,1,1.633000,-29.658177,1.340207,0.918510,-5.065763,0,10.609999999999943,10.689000000000021,10.577500000000033,-1,-1,1,-1,1,24.307164307164317,33.527813527813706,5.865865865865544,-1,0.05535059124468589,0.07927638454320678,-0.02392579329852089
2013-09-24,sh.600188,10.5800,10.58,10.31,10.39,4641793,48323822.0000,3,0.156817,1,-1.795800,-29.125563,1.316139,0.902015,-4.974790,0,10.505999999999943,10.699000000000023,10.586000000000032,-1,-1,-1,-1,-1,20.421646135931848,25.119813691242427,11.025311025310685,-1,0.03282701885895811,0.06998651140635705,-0.037159492547398934
2013-09-25,sh.600188,10.4200,10.55,10.3,10.36,3920341,40853805.0000,3,0.132444,1,-0.288700,-29.041466,1.312339,0.899410,-4.960426,0,10.427999999999944,10.685000000000022,10.579000000000033,-1,-1,-1,-1,-1,15.534941249226904,20.08791723077451,6.428989286131689,-1,0.012413085863199669,0.05847182629772557,-0.0460587404345259
2013-09-26,sh.600188,10.3600,10.48,10.27,10.29,4282724,44300530.0000,3,0.144687,1,-0.675700,-28.845240,1.303472,0.893333,-4.926910,0,10.405999999999944,10.620000000000022,10.562500000000032,-1,-1,-1,-1,-1,5.498866213151845,13.818484532770356,-11.140370426085177,-1,-0.009306241536476634,0.04491621273088513,-0.05422245426736176
2013-09-27,sh.600188,10.3300,10.88,10.3,10.72,10560400,112930531.0000,3,0.356770,1,4.178800,-30.050629,1.357941,0.930664,-5.132796,0,10.467999999999943,10.583000000000022,10.564000000000032,1,1,1,-1,-1,19.823232323232258,13.619013261870492,32.231670445955785,1,0.00808523974909292,0.037550018134526686,-0.029464778385433765
2013-09-30,sh.600188,10.7500,10.85,10.5,10.6,5355475,56906415.0000,3,0.180928,1,-1.119400,-29.714241,1.342741,0.920246,-5.075340,0,10.471999999999944,10.541000000000022,10.572000000000033,1,1,1,-1,-1,31.55303030303027,18.95837627980495,56.74233834948091,1,0.012046255118139726,0.03244926553124929,-0.020403010413109567
2013-10-08,sh.600188,10.5400,10.66,10.28,10.64,5324433,55648362.0000,3,0.179879,1,0.377400,-29.826371,1.347807,0.923719,-5.094492,0,10.521999999999945,10.51400000000002,10.588000000000033,1,1,1,1,-1,51.01403378042722,34.13009880223007,84.78190373682152,1,0.018203218668039867,0.029600056158607408,-0.011396837490567541
2013-10-09,sh.600188,10.5800,10.64,10.38,10.43,7365004,76984727.0000,3,0.248818,1,-1.973700,-29.237692,1.321206,0.905488,-4.993943,0,10.535999999999945,10.482000000000022,10.584500000000034,-1,-1,-1,1,-1,42.71174863387974,41.75960423911257,44.616037423414085,1,0.006067469669607917,0.02489353886080751,-0.01882606919119959
2013-10-10,sh.600188,10.4500,10.5,10.22,10.33,7205540,74597141.0000,3,0.243430,1,-0.958800,-28.957369,1.308539,0.896806,-4.946062,0,10.543999999999944,10.475000000000021,10.572500000000035,-1,-1,-1,1,-1,34.51730418943527,42.747695534580906,18.05652149914401,-1,-0.011486948715711875,0.01761744134550363,-0.029104390061215506
2013-10-11,sh.600188,10.3700,10.5,10.35,10.46,5052040,52757233.0000,3,0.170677,1,1.258500,-29.321789,1.325006,0.908092,-5.008307,0,10.491999999999944,10.480000000000022,10.569500000000035,-1,-1,-1,1,-1,26.41993707567471,34.5496632996634,10.160484627697329,-1,-0.014739134644772278,0.011146126147448449,-0.025885260792220727
2013-10-14,sh.600188,10.4600,10.68,10.45,10.66,7663968,81244908.0000,3,0.258918,1,1.912000,-29.882435,1.350341,0.925455,-5.104068,0,10.503999999999944,10.48800000000002,10.588500000000035,1,1,1,1,-1,39.898989898989804,33.61207705470009,52.47281558756923,1,-0.0011647602627551379,0.008683948865407732,-0.00984870912816287
2013-10-15,sh.600188,10.6600,10.82,10.55,10.72,8391441,89996142.0000,3,0.283495,1,0.562900,-30.050629,1.357941,0.930664,-5.132796,0,10.519999999999945,10.52100000000002,10.610000000000035,1,1,1,-1,-1,59.59595959595953,41.971628856874844,94.8446210741289,1,0.014270031748942813,0.009801165442114748,0.004468866306828065
2013-10-16,sh.600188,10.7100,10.71,10.36,10.39,4835159,50712996.0000,3,0.163350,1,-3.078400,-29.125563,1.316139,0.902015,-4.974790,0,10.511999999999945,10.52400000000002,10.604500000000035,-1,-1,-1,-1,-1,56.060606060605984,51.85185185185193,64.4781144781141,1,-0.00012459025612621133,0.007816014302466557,-0.007940604558592768
2013-10-17,sh.600188,10.4600,11.39,10.42,10.87,15913969,174424466.0000,3,0.537634,1,4.619800,-30.471114,1.376942,0.943686,-5.204617,0,10.619999999999944,10.582000000000022,10.601000000000036,1,1,1,1,1,52.356902356902275,56.004489337822754,45.06172839506131,-1,0.02688959011319092,0.01163072946461143,0.01525886064857949
2013-10-18,sh.600188,10.8200,11.07,10.63,10.74,7148813,77169956.0000,3,0.241514,1,-1.196000,-30.106694,1.360475,0.932400,-5.142372,0,10.675999999999945,10.584000000000021,10.583500000000036,1,1,1,1,1,41.91919191919183,50.11223344556686,25.53310886644178,-1,0.03737774179726294,0.016780131931141733,0.02059760986612121
2013-10-21,sh.600188,10.7300,11.18,10.6,10.9,8981900,97813204.0000,3,0.303443,1,1.489800,-30.555210,1.380743,0.946291,-5.218981,0,10.723999999999945,10.614000000000022,10.577500000000036,1,1,1,1,1,52.70655270655262,48.99421566088241,60.131226797893035,1,0.05793253024721068,0.02501061159435552,0.03292191865285515
2013-10-22,sh.600188,10.7900,11.5,10.79,11.37,20666931,231761493.0000,3,0.698207,1,4.311900,-31.872729,1.440279,0.987094,-5.444020,0,10.853999999999946,10.687000000000022,10.600500000000036,1,1,1,1,1,64.13595085470078,52.92056516014858,86.56672224380519,1,0.110869386950192,0.042182366665522816,0.06868702028466918
2013-10-23,sh.600188,11.2800,11.56,11.12,11.25,14772264,167254103.0000,3,0.499063,1,-1.055400,-31.536341,1.425078,0.976676,-5.386563,0,11.025999999999945,10.769000000000023,10.625500000000036,1,1,1,1,1,74.11452446963803,63.652342676963976,95.03888805498615,1,0.14150801386050382,0.06204749610451902,0.07946051775598481
2013-10-24,sh.600188,11.1800,11.19,10.73,10.76,8705232,95015077.0000,3,0.294096,1,-4.355600,-30.162758,1.363008,0.934137,-5.151948,0,11.003999999999944,10.812000000000022,10.643500000000035,-1,-1,1,1,1,65.85241620752977,68.0342971772897,61.488654268009924,-1,0.12481169005678083,0.07460033489497138,0.050211355161809454
2013-10-25,sh.600188,10.7100,10.83,10.44,10.57,6571740,69922915.0000,3,0.222018,1,-1.765800,-29.630144,1.338940,0.917642,-5.060975,0,10.969999999999946,10.823000000000022,10.651500000000036,-1,-1,-1,1,1,41.737832874196485,60.56825785045493,4.076982921679601,-1,0.09515147408455604,0.07871056273288832,0.016440911351667725
2013-10-28,sh.600188,10.5400,10.75,10.19,10.31,6774789,70777086.0000,3,0.228878,1,-2.459800,273.256570,1.277855,0.859213,-6.940940,0,10.851999999999945,10.788000000000022,10.638000000000035,-1,-1,-1,1,1,19.864152473641525,42.48480051845609,-25.377143615987606,-1,0.05008832511390082,0.07298611520909082,-0.022897790095189996
2013-10-29,sh.600188,10.3000,10.52,10.0,10.2,6198348,63434268.0000,3,0.209404,1,-1.066900,270.341127,1.264221,0.850045,-6.866885,0,10.617999999999947,10.736000000000022,10.628500000000034,-1,-1,-1,-1,-1,13.026545636034669,24.87617699462439,-10.672717081144775,-1,0.0054367032694973005,0.05947623282117211,-0.05403952955167481
2013-10-30,sh.600188,10.2300,10.38,10.02,10.33,5346024,54713967.0000,3,0.180609,1,1.274500,273.786651,1.280334,0.860879,-6.954405,0,10.433999999999946,10.730000000000022,10.627000000000034,-1,-1,-1,-1,-1,14.244494353983368,15.711730821220021,11.310021419510061,-1,-0.01923834750055775,0.04373331675682614,-0.06297166425738389
2013-10-31,sh.600188,10.2500,10.32,10.08,10.12,4396303,44767718.0000,3,0.148524,1,-2.032900,268.220804,1.254306,0.843378,-6.813027,0,10.305999999999946,10.655000000000022,10.618500000000035,-1,-1,-1,-1,-1,13.88888888888881,13.719976292969115,14.2267140807282,1,-0.05510354855971045,0.02396594369351882,-0.07906949225322926
2013-11-01,sh.600188,10.1900,10.29,10.1,10.24,3532593,36065602.0000,3,0.119344,1,1.185800,271.401288,1.269179,0.853379,-6.893814,0,10.239999999999947,10.605000000000022,10.594500000000036,1,-1,-1,-1,-1,14.743589743589686,14.292324328820788,15.64612057312748,1,-0.07300245481905066,0.004572263991004924,-0.07757471881005558
2013-11-04,sh.600188,10.2400,10.34,10.1,10.17,3195130,32469433.0000,3,0.107944,1,-0.683600,269.546006,1.260503,0.847545,-6.846689,0,10.211999999999946,10.532000000000021,10.573000000000034,-1,-1,-1,-1,-1,11.324786324786265,13.31908831908842,7.3361823361819525,-1,-0.09177792320093658,-0.014697773447383378,-0.0770801497535532
2013-11-05,sh.600188,10.0900,10.15,9.93,10.13,4274349,42923969.0000,3,0.144404,1,-0.393300,268.485844,1.255545,0.844212,-6.819760,0,10.197999999999947,10.40800000000002,10.547500000000033,-1,-1,-1,-1,-1,14.051689051689038,13.37335504002183,15.408357075023456,1,-0.1086330289337436,-0.03348482454465543,-0.07514820438908817
2013-11-06,sh.600188,10.0600,10.4,10.03,10.17,5052113,51661395.0000,3,0.170679,1,0.394900,269.546006,1.260503,0.847545,-6.846689,0,10.165999999999947,10.300000000000022,10.534500000000033,1,-1,-1,-1,-1,17.8123728123728,14.396282729616201,24.644552977885997,1,-0.11740972967672647,-0.05026980557106964,-0.06713992410565683
2013-11-07,sh.600188,10.0900,10.3,10.09,10.12,3820378,38947089.0000,3,0.129067,1,-0.491600,268.220804,1.254306,0.843378,-6.813027,0,10.165999999999947,10.236000000000022,10.524000000000033,-1,-1,-1,-1,-1,21.903471415666505,17.922511093242946,29.865392060513628,1,-0.12693666353887245,-0.0656031771646302,-0.061333486374242255
2013-11-08,sh.600188,10.0900,10.12,9.65,9.68,4672451,46098905.0000,3,0.157853,1,-4.347800,256.559030,1.199771,0.806710,-6.516809,0,10.053999999999947,10.147000000000023,10.485000000000031,-1,-1,-1,-1,-1,17.761891412017487,19.15924521335243,14.967183809347596,-1,-0.16805392894609383,-0.08609332752092293,-0.0819606014251709
2013-11-11,sh.600188,9.6900,9.69,9.38,9.56,4007236,38092216.0000,3,0.135380,1,-1.239700,253.378546,1.184897,0.796709,-6.436022,0,9.931999999999947,10.072000000000022,10.430000000000032,-1,-1,-1,-1,-1,14.755355464305055,18.140239430663183,7.9855875315887985,-1,-0.20792581575863345,-0.11045982516846503,-0.09746599059016842
2013-11-12,sh.600188,9.5700,9.79,9.46,9.7,3271283,31591320.0000,3,0.110516,1,1.464400,257.089111,1.202249,0.808376,-6.530273,0,9.845999999999947,10.022000000000023,10.379000000000032,-1,-1,-1,-1,-1,17.489294568401956,16.668847148241667,19.13018940872253,1,-0.22562685738374455,-0.13349323161152093,-0.09213362577222362
2013-11-13,sh.600188,9.7000,9.7,9.32,9.34,3299757,31352043.0000,3,0.111478,1,-3.711300,247.547659,1.157630,0.778375,-6.287913,0,9.679999999999946,9.923000000000023,10.326500000000031,-1,-1,-1,-1,-1,16.957153231662925,16.40060108812348,18.070257518741812,1,-0.26564189731927357,-0.15992296475307147,-0.1057189325662021
2013-11-14,sh.600188,9.3800,9.55,9.36,9.41,3602313,33937403.0000,3,0.121700,1,0.749500,249.402941,1.166306,0.784209,-6.335038,0,9.537999999999949,9.852000000000022,10.253500000000031,-1,-1,-1,-1,-1,13.852578068264236,16.09967528944321,9.358383625906292,-1,-0.28838140841042303,-0.1856146534845418,-0.10276675492588125
2013-11-15,sh.600188,9.3800,9.67,9.38,9.58,4049158,38786472.0000,3,0.136796,1,1.806600,253.908627,1.187376,0.798376,-6.449487,0,9.517999999999947,9.786000000000023,10.195500000000031,1,-1,-1,-1,-1,11.419753086419684,14.076494795449117,6.10626966836082,-1,-0.28934961330051934,-0.2063616454477373,-0.08298796785278204
2013-11-18,sh.600188,9.5100,9.84,9.51,9.82,5984916,58238901.0000,3,0.202193,1,2.505200,260.269594,1.217123,0.818377,-6.611060,0,9.569999999999947,9.751000000000023,10.14150000000003,1,1,-1,-1,-1,26.23456790123451,17.16896635197298,44.365770999757565,1,-0.2676654477494509,-0.21862240590808002,-0.04904304184137087
2013-11-19,sh.600188,9.8600,9.86,9.71,9.8,3700462,36145514.0000,3,0.125016,1,-0.203700,259.739514,1.214644,0.816710,-6.597596,0,9.589999999999947,9.718000000000021,10.06300000000003,1,1,-1,-1,-1,39.78332073570164,25.81254724111878,67.72486772486738,1,-0.2492215522578789,-0.2247422351780398,-0.024479317079839108
2013-11-20,sh.600188,9.9000,9.96,9.79,9.87,3430304,33833050.0000,3,0.115889,1,0.714300,261.594796,1.223320,0.822544,-6.644721,0,9.695999999999945,9.688000000000022,9.994000000000032,1,1,-1,1,-1,54.67529604434361,40.23106156042675,83.56376501217733,1,-0.22634702955356545,-0.22506319405314493,-0.0012838355004205215
2013-11-21,sh.600188,9.8100,10.35,9.8,10.17,9923276,101107593.0000,3,0.335246,1,3.039500,269.546006,1.260503,0.847545,-6.846689,0,9.847999999999946,9.693000000000023,9.964500000000031,1,1,1,1,-1,66.75128789379825,53.736634891281334,92.7805938988321,1,-0.1819143176963003,-0.216433418781776,0.034519101085475706
2013-11-22,sh.600188,10.2000,10.37,10.1,10.15,4640490,47390820.0000,3,0.156773,1,-0.196700,269.015925,1.258024,0.845879,-6.833224,0,9.961999999999945,9.740000000000023,9.943500000000032,1,1,1,1,1,76.77396363075974,66.06684918963403,98.18819251301116,1,-0.1466247079198535,-0.2024716766093915,0.05584696868953801
2013-11-25,sh.600188,10.0100,10.16,10.01,10.06,3242440,32667550.0000,3,0.109542,1,-0.886700,266.630562,1.246869,0.838378,-6.772634,0,10.009999999999945,9.790000000000024,9.931000000000031,1,1,1,1,1,77.34936045615662,73.62487066023836,84.79834004799315,1,-0.12448470358879149,-0.1868742820052715,0.06238957841648002
2013-11-26,sh.600188,10.1400,10.14,9.92,9.96,3183925,31846716.0000,3,0.107565,1,-0.994000,263.980159,1.234475,0.830044,-6.705312,0,10.041999999999947,9.816000000000022,9.919000000000032,-1,1,1,1,1,69.64325003928973,74.58885804206886,59.752034033731434,-1,-0.11369712522583697,-0.1722388506493846,0.05854172542354763
2013-11-27,sh.600188,9.9700,10.14,9.89,10.12,5877468,59139168.0000,3,0.198563,1,1.606400,268.220804,1.254306,0.843378,-6.813027,0,10.091999999999945,9.894000000000023,9.908500000000032,1,1,1,1,1,68.20986860590826,71.7341597004517,61.16128641682138,-1,-0.09118609231781427,-0.15602829898307052,0.06484220666525625
2013-11-28,sh.600188,10.3000,10.59,10.3,10.42,13069995,136697097.0000,3,0.441554,1,2.964400,276.172014,1.291489,0.868380,-7.014995,0,10.141999999999946,9.995000000000022,9.92350000000003,1,1,1,1,1,72.80422486693116,70.21911450404322,77.97444559270704,1,-0.04857846149451639,-0.1345383314853597,0.08595986999084332
2013-11-29,sh.600188,10.4000,10.4,10.2,10.27,5186697,53387987.0000,3,0.175226,1,-1.439500,272.196409,1.272897,0.855879,-6.914011,0,10.165999999999945,10.064000000000023,9.925000000000031,1,1,1,1,1,74.21436588103249,71.74281978462415,79.15745807384917,1,-0.026608625818205667,-0.1129523903519289,0.08634376453372324
2013-12-02,sh.600188,10.1600,10.28,9.81,9.94,5279831,53071409.0000,3,0.178373,1,-3.213200,263.450078,1.231996,0.828378,-6.691847,0,10.141999999999944,10.076000000000022,9.913500000000031,-1,-1,1,1,1,55.548540965207614,67.52237723772394,31.600868420174947,-1,-0.035417345720603066,-0.09744538142566374,0.06202803570506067
2013-12-03,sh.600188,9.9400,10.14,9.9,10.07,3362062,33812585.0000,3,0.113583,1,1.307800,266.895602,1.248108,0.839211,-6.779366,0,10.163999999999945,10.103000000000023,9.910500000000031,-1,-1,1,1,1,38.854526275412326,56.20581104055099,4.151956745134996,-1,-0.03154477760173435,-0.08426526066087786,0.05272048305914351
2013-12-04,sh.600188,10.1700,10.27,10.08,10.2,3992254,40681230.0000,3,0.134873,1,1.291000,270.341127,1.264221,0.850045,-6.866885,0,10.179999999999945,10.136000000000022,9.912000000000031,1,1,1,1,1,34.309071729957765,42.904046323526075,17.119122542821145,-1,-0.017780859245336345,-0.07096838037776956,0.05318752113243322
2013-12-05,sh.600188,10.2000,10.38,10.14,10.2,4757201,48772845.0000,3,0.160716,1,0.000000,270.341127,1.264221,0.850045,-6.866885,0,10.135999999999944,10.139000000000022,9.91600000000003,1,1,1,-1,1,44.725738396624386,39.296445467331665,55.58432425520982,1,-0.0067945316527708854,-0.058133610632769825,0.05133907897999894
2013-12-06,sh.600188,10.2100,10.25,10.03,10.1,4088425,41287262.0000,3,0.138122,1,-0.980400,267.690723,1.251827,0.841712,-6.799563,0,10.101999999999945,10.134000000000022,9.93700000000003,-1,-1,1,-1,1,45.726495726495614,41.58710195102609,54.00528327743466,1,-0.0060867874517267495,-0.04772424599656121,0.04163745854483446
2013-12-09,sh.600188,10.0800,10.2,10.07,10.1,2384703,24141727.0000,3,0.080564,1,0.000000,267.690723,1.251827,0.841712,-6.799563,0,10.133999999999947,10.138000000000021,9.96400000000003,-1,-1,1,-1,1,41.45299145299135,43.96840852537062,36.42215730823281,-1,-0.005462921910146079,-0.03927198117927818,0.0338090592691321
2013-12-10,sh.600188,10.1500,10.2,10.0,10.01,2900550,29183818.0000,3,0.097992,1,-0.891100,265.305360,1.240672,0.834211,-6.738973,0,10.121999999999947,10.143000000000022,9.97950000000003,-1,-1,1,-1,1,33.33333333333325,40.17094017094024,19.65811965811926,-1,-0.012091370025316905,-0.033835858948485925,0.02174448892316902
2013-12-11,sh.600188,10.0000,10.09,9.8,9.82,3472657,34198848.0000,3,0.117319,1,-1.898100,260.269594,1.217123,0.818377,-6.611060,0,10.045999999999946,10.113000000000023,10.00350000000003,-1,-1,-1,-1,1,22.05128205128197,32.27920227920236,1.5954415954411871,-1,-0.032303500371671845,-0.03352938723312311,0.001225886861451267
2013-12-12,sh.600188,9.8300,9.97,9.82,9.82,2151069,21271998.0000,3,0.072671,1,0.000000,260.269594,1.217123,0.818377,-6.611060,0,9.969999999999946,10.053000000000022,10.02400000000003,-1,-1,-1,-1,-1,10.807544945475897,22.06405344336388,-11.705472050300067,-1,-0.0477710839721297,-0.03637772658092443,-0.01139335739120527
2013-12-13,sh.600188,9.7800,9.79,9.71,9.73,2547415,24815308.0000,3,0.086061,1,-0.916500,257.884231,1.205968,0.810877,-6.550470,0,9.895999999999948,9.999000000000024,10.031500000000028,-1,-1,-1,-1,-1,3.255561274089242,12.038129423615876,-14.309575024964026,-1,-0.06652464851411821,-0.04240711096756319,-0.024117537546555025
2013-12-16,sh.600188,9.8000,9.8,9.5,9.53,3595314,34573278.0000,3,0.121463,1,-2.055500,252.583425,1.181179,0.794209,-6.415825,0,9.781999999999947,9.958000000000023,10.017000000000028,-1,-1,-1,-1,-1,3.280813799341765,5.781306672969141,-1.720171947912986,-1,-0.09641391248844933,-0.053208471271740415,-0.04320544121670891
2013-12-17,sh.600188,9.5500,9.61,9.51,9.53,2404340,22928879.0000,3,0.081228,1,0.000000,252.583425,1.181179,0.794209,-6.415825,0,9.685999999999947,9.904000000000025,10.003500000000027,-1,-1,-1,-1,-1,3.267752148349079,3.2680424072602015,3.2671716305268346,-1,-0.11873269295280053,-0.06631331560795244,-0.0524193773448481
2013-12-18,sh.600188,9.6000,9.6,9.43,9.49,2366081,22433050.0000,3,0.079935,1,-0.419700,251.523264,1.176221,0.790876,-6.388896,0,9.619999999999948,9.833000000000023,9.984500000000029,-1,-1,-1,-1,-1,4.711751662971132,3.7534392035541644,6.628376581805067,1,-0.1380567210322461,-0.08066199669281117,-0.05739472433943492
2013-12-19,sh.600188,9.5100,9.69,9.43,9.45,2897746,27650340.0000,3,0.097897,1,-0.421500,250.463103,1.171264,0.787542,-6.361967,0,9.545999999999946,9.758000000000024,9.948500000000028,-1,-1,-1,-1,-1,4.441188892408369,4.140230901243033,5.04310487473904,1,-0.15481421629640302,-0.09549244061352954,-0.05932177568287347
2013-12-20,sh.600188,9.5500,9.55,9.1,9.24,3237785,30014164.0000,3,0.109385,1,-2.222200,244.897256,1.145236,0.770041,-6.220590,0,9.447999999999947,9.672000000000024,9.903000000000029,-1,-1,-1,-1,-1,7.547249498469019,5.56673001794968,11.508288459507698,1,-0.18293118020653765,-0.11298018853213117,-0.06995099167440648
2013-12-23,sh.600188,9.1900,9.23,8.96,9.07,2297736,20833469.0000,3,0.077626,1,-1.839800,240.391570,1.124165,0.755874,-6.106142,0,9.355999999999947,9.569000000000026,9.853500000000029,-1,-1,-1,-1,-1,8.353062866337178,6.7805004190716955,11.498187760868143,1,-0.21643670828192363,-0.13367149248208965,-0.08276521579983398
2013-12-24,sh.600188,9.1100,9.18,8.99,9.16,3516307,31993597.0000,3,0.118794,1,0.992300,242.776933,1.135320,0.763374,-6.166732,0,9.281999999999945,9.484000000000025,9.813500000000028,-1,-1,-1,-1,-1,14.087922066542907,9.996078143783208,22.271609912062303,1,-0.2330414757679744,-0.1535454891392666,-0.0794959866287078
2013-12-25,sh.600188,9.1500,9.17,8.91,9.03,3339315,29997312.0000,3,0.112815,1,-1.419200,239.331409,1.119208,0.752540,-6.079213,0,9.189999999999944,9.405000000000024,9.759000000000027,-1,-1,-1,-1,-1,14.339879846590526,12.26028825982371,18.499063020124154,1,-0.2537655360403157,-0.17358949851947642,-0.0801760375208393
2013-12-26,sh.600188,9.0600,9.06,8.66,8.75,4991067,43742050.0000,3,0.168617,1,-3.100800,231.910280,1.084503,0.729206,-5.890711,0,9.049999999999946,9.298000000000025,9.675500000000028,-1,-1,-1,-1,-1,13.726621035846861,14.051474316326939,13.076914474886706,-1,-0.2894466027945395,-0.19676091937448903,-0.09268568342005046
2013-12-27,sh.600188,8.7500,8.88,8.67,8.81,3397568,29817072.0000,3,0.114783,1,0.685700,233.500522,1.091940,0.734206,-5.931104,0,8.963999999999945,9.206000000000024,9.602500000000028,-1,-1,-1,-1,-1,11.980329901879132,13.348943594772345,9.243102516092708,-1,-0.30931699295474857,-0.21927213409054094,-0.09004485886420763
2013-12-30,sh.600188,8.8200,8.86,8.73,8.74,2057782,18078744.0000,3,0.069520,1,-0.794600,231.645240,1.083264,0.728372,-5.883978,0,8.897999999999946,9.127000000000024,9.542500000000029,-1,-1,-1,-1,-1,10.074944643161304,11.927298526962604,6.370236875558707,-1,-0.3269440280608418,-0.24080651288460111,-0.08613751517624066
2013-12-31,sh.600188,8.7200,9.1,8.69,8.88,3188632,28358149.0000,3,0.107724,1,1.601800,235.355804,1.100616,0.740040,-5.978230,0,8.841999999999945,9.062000000000022,9.483000000000029,1,-1,-1,-1,-1,14.563106796116537,12.206127113719162,19.27706616091129,1,-0.32586043416321075,-0.25781729714032303,-0.06804313702288772
2014-01-02,sh.600188,8.8500,8.86,8.55,8.65,5112223,44387032.0000,3,0.172710,1,-2.590100,229.259877,1.072109,0.720872,-5.823388,0,8.765999999999945,8.978000000000025,9.405500000000028,-1,-1,-1,-1,-1,13.04207119741101,12.560040878896457,14.006131834440115,1,-0.3396455337116411,-0.27418294445458663,-0.06546258925705445
2014-01-03,sh.600188,8.6200,8.71,8.5,8.69,4414334,37901383.0000,3,0.149133,1,0.462400,230.320038,1.077067,0.724205,-5.850317,0,8.753999999999944,8.902000000000024,9.33000000000003,-1,-1,-1,-1,-1,19.128873520414924,15.578017171314329,26.23058621861611,1,-0.343384337816973,-0.2880232231270639,-0.05536111468990906
2014-01-06,sh.600188,8.6800,8.68,8.32,8.35,4101794,34538706.0000,3,0.138574,1,-3.912500,221.308667,1.034926,0.695870,-5.621421,0,8.661999999999946,8.813000000000024,9.24250000000003,-1,-1,-1,-1,-1,13.171923117765665,15.114289278530705,9.287190796235585,-1,-0.3695228955881955,-0.30432315761929024,-0.06519973796890527
2014-01-07,sh.600188,8.3000,8.36,7.99,8.08,4382048,35852066.0000,3,0.148042,1,-3.233500,214.152579,1.001461,0.673369,-5.439650,0,8.529999999999944,8.714000000000024,9.14150000000003,-1,-1,-1,-1,-1,12.380962665788273,14.893919767989793,7.3550484613852305,-1,-0.407329197026181,-0.3249243655006684,-0.08240483152551259
2014-01-08,sh.600188,8.0400,8.2,7.94,7.95,3913610,31487895.0000,3,0.132217,1,-1.608900,210.707054,0.985349,0.662535,-5.352131,0,8.343999999999944,8.593000000000023,9.038500000000031,-1,-1,-1,-1,-1,3.9925199008693837,9.848468561474613,-7.719377420341075,-1,-0.44267796086475997,-0.3484750845734867,-0.09420287629127327
2014-01-09,sh.600188,7.9300,7.95,7.69,7.7,5558429,43393833.0000,3,0.187785,1,-3.144700,204.081046,0.954363,0.641701,-5.183825,0,8.153999999999945,8.460000000000024,8.93250000000003,-1,-1,-1,-1,-1,3.0661358225803266,6.479872796412832,-3.7613381250846842,-1,-0.48527111816433255,-0.37583429129165585,-0.1094368268726767
2014-01-10,sh.600188,7.6700,7.78,7.59,7.74,4178075,32195835.0000,3,0.141151,1,0.519500,205.141208,0.959321,0.645034,-5.210754,0,7.963999999999946,8.359000000000023,8.82850000000003,-1,-1,-1,-1,-1,3.835021219370102,3.6312256476067755,4.242612362896755,1,-0.5099207870666849,-0.40265159044666166,-0.10726919662002321
2014-01-13,sh.600188,7.7600,7.88,7.7,7.79,2352091,18269802.0000,3,0.079463,1,0.646000,206.466409,0.965518,0.649201,-5.244415,0,7.851999999999945,8.257000000000023,8.73150000000003,-1,-1,-1,-1,-1,7.962675935058626,4.954610992336523,13.978805820502831,1,-0.5194335386332938,-0.4260079800839881,-0.09342555854930568
2014-01-14,sh.600188,7.7900,7.88,7.68,7.76,2539335,19699597.0000,3,0.085788,1,-0.385100,205.671288,0.961800,0.646701,-5.224219,0,7.787999999999945,8.159000000000024,8.64300000000003,-1,-1,-1,-1,-1,12.188211572891134,7.995302909106793,20.574028900459815,1,-0.5233602409873797,-0.44547843226466644,-0.07788180872271322
2014-01-15,sh.600188,7.8000,7.84,7.57,7.59,3412297,26121682.0000,3,0.115280,1,-2.190700,201.165603,0.940729,0.632534,-5.109771,0,7.715999999999946,8.030000000000026,8.546000000000031,-1,-1,-1,-1,-1,9.461748616382845,9.870878708111041,8.643488432926453,-1,-0.5340337514814664,-0.4631894961080264,-0.07084425537343997
2014-01-16,sh.600188,7.5600,7.8,7.5,7.67,4230245,32383300.0000,3,0.142914,1,1.054000,203.285926,0.950645,0.639201,-5.163629,0,7.709999999999946,7.932000000000025,8.45500000000003,-1,-1,-1,-1,-1,9.848997465860895,10.499652551711797,8.54768729415909,-1,-0.5299285673787537,-0.47653731036217184,-0.05339125701658187
2014-01-17,sh.600188,7.6300,7.63,7.36,7.37,4984659,37180051.0000,3,0.168401,1,-3.911300,195.334716,0.913462,0.614199,-4.961661,0,7.635999999999944,7.800000000000026,8.351000000000031,-1,-1,-1,-1,-1,5.720388541976374,8.343711541406877,0.47374254311536745,-1,-0.5446048069862721,-0.4901508096869919,-0.05445399729928024
2014-01-20,sh.600188,7.3200,7.4,7.3,7.33,2191732,16119413.0000,3,0.074045,1,-0.542700,194.274555,0.908504,0.610866,-4.934732,0,7.5439999999999445,7.698000000000026,8.25550000000003,-1,-1,-1,-1,-1,6.246704331450082,7.272030113095956,4.196052768158333,-1,-0.5530878459153961,-0.5027382169326727,-0.05034962898272333
2014-01-21,sh.600188,7.3600,7.54,7.36,7.49,2668741,19875495.0000,3,0.090160,1,2.182800,198.515200,0.928335,0.624200,-5.042448,0,7.489999999999945,7.639000000000026,8.176500000000031,1,-1,-1,-1,-1,11.188034188034193,7.7183756871537215,18.127351189795135,1,-0.5406675733280668,-0.5103240882117516,-0.03034348511631524
2014-01-22,sh.600188,7.4800,7.66,7.46,7.64,3145763,23922541.0000,3,0.106276,1,2.002700,202.490805,0.946926,0.636701,-5.143432,0,7.499999999999945,7.608000000000025,8.10050000000003,1,1,-1,-1,-1,30.394930739758326,15.943223086414372,59.29834604644624,1,-0.5128093247388135,-0.5108211355171639,-0.001988189221649561
2014-01-23,sh.600188,7.6400,7.64,7.54,7.56,2551164,19358150.0000,3,0.086188,1,-1.047100,200.370482,0.937011,0.630034,-5.089574,0,7.477999999999945,7.594000000000025,8.027000000000031,1,-1,-1,-1,-1,44.226348364279374,28.603104430690802,75.47283623145651,1,-0.49152084707214794,-0.5069610778281607,0.015440230756012752
2014-01-24,sh.600188,7.5400,7.75,7.51,7.68,3170483,24330841.0000,3,0.107111,1,1.587300,203.550966,0.951884,0.640034,-5.170361,0,7.539999999999944,7.588000000000025,7.973500000000032,1,1,-1,-1,-1,56.32183908045972,43.64770606149931,81.67010511838053,1,-0.4596678136059884,-0.4975024249837262,0.037834611377737803
2014-01-27,sh.600188,7.6100,7.75,7.53,7.6,3920235,29863067.0000,3,0.132440,1,-1.041700,201.430643,0.941969,0.633367,-5.116503,0,7.593999999999944,7.569000000000024,7.9130000000000305,1,1,-1,1,-1,55.300127713920766,51.94943838622012,62.001506369322044,1,-0.4358551199945433,-0.4851729639858896,0.04931784399134631
2014-01-28,sh.600188,7.6000,7.65,7.55,7.61,2511245,19094928.0000,3,0.084839,1,0.131600,201.695684,0.943208,0.634201,-5.123235,0,7.6179999999999435,7.554000000000023,7.856500000000031,-1,1,-1,1,-1,61.0242656449553,57.548744146445436,67.97530864197502,1,-0.41143372049845706,-0.4704251152884031,0.05899139478994603
2014-01-29,sh.600188,7.6500,7.67,7.51,7.54,1956928,14805638.0000,3,0.066112,1,-0.919800,199.840401,0.934532,0.628367,-5.076109,0,7.597999999999944,7.5490000000000235,7.7895000000000305,-1,-1,-1,1,-1,56.96296296296298,57.76245210727986,55.36398467432922,-1,-0.39319548761122913,-0.4549791897529683,0.06178370214173917
2014-01-30,sh.600188,7.5200,7.55,7.3,7.33,2470761,18222517.0000,3,0.083472,1,-2.785100,194.274555,0.908504,0.610866,-4.934732,0,7.5519999999999445,7.515000000000024,7.723500000000032,-1,-1,-1,1,-1,40.666666666666714,52.88463175819518,16.23073648360979,-1,-0.39117755030515244,-0.44221886186340514,0.0510413115582527
2014-02-07,sh.600188,7.3000,7.35,7.19,7.28,3690045,26723065.0000,3,0.124664,1,-0.682100,192.949353,0.902307,0.606699,-4.901071,0,7.4719999999999445,7.506000000000023,7.6530000000000316,-1,-1,-1,-1,-1,25.357142857142865,40.99559082892436,-5.9197530864201156,-1,-0.3891272854607326,-0.4316005465828706,0.042473261122138006
2014-02-10,sh.600188,7.3000,7.47,7.28,7.43,5516348,40820617.0000,3,0.186363,1,2.060400,196.924958,0.920898,0.619200,-5.002055,0,7.437999999999944,7.516000000000022,7.607000000000032,-1,-1,-1,-1,-1,21.86507936507933,29.29629629629647,7.002645502645045,-1,-0.3711206416599966,-0.4195045655982958,0.04838392393829921
2014-02-11,sh.600188,7.4100,7.76,7.34,7.7,10369763,78482505.0000,3,0.350330,1,3.633900,204.081046,0.954363,0.641701,-5.183825,0,7.4559999999999444,7.537000000000023,7.588000000000031,1,1,1,-1,-1,49.46741854636588,32.22988025619619,83.94249512670525,1,-0.3312451157003311,-0.40185267561870286,0.07060755991837175
2014-02-12,sh.600188,7.6900,7.69,7.54,7.58,7087868,53729953.0000,3,0.239455,1,-1.558400,200.900563,0.939490,0.631700,-5.103038,0,7.4639999999999445,7.531000000000023,7.569500000000032,1,1,1,-1,-1,66.91729323308267,46.08326371484279,108.58535226956245,1,-0.3058013832168287,-0.38264241713832803,0.07684103392149932
2014-02-13,sh.600188,7.5800,7.73,7.57,7.63,7149629,54715989.0000,3,0.241542,1,0.659600,202.225764,0.945687,0.635867,-5.136700,0,7.523999999999946,7.5380000000000225,7.566000000000033,1,1,1,-1,-1,78.3625730994152,64.91576162628809,105.25619604566941,1,-0.2783933149381097,-0.36179259669828434,0.08339928176017464
2014-02-14,sh.600188,7.6000,7.71,7.56,7.65,3972215,30325464.0000,3,0.134196,1,0.262100,202.755845,0.948166,0.637534,-5.150164,0,7.597999999999945,7.535000000000022,7.5615000000000325,1,1,1,1,1,75.43859649122807,73.57282094124214,79.17014759119994,1,-0.2521517421848323,-0.33986442579559395,0.08771268361076168
2014-02-17,sh.600188,7.6700,7.82,7.61,7.75,8170843,62953673.0000,3,0.276042,1,1.307200,205.406248,0.960560,0.645868,-5.217486,0,7.661999999999945,7.550000000000023,7.559500000000033,1,1,1,1,1,82.26120857699804,78.68745938921394,89.40870695256623,1,-0.22074137330765087,-0.31603981529800534,0.09529844199035448
2014-02-18,sh.600188,7.7200,7.72,7.5,7.54,7111555,53998297.0000,3,0.240255,1,-2.709700,199.840401,0.934532,0.628367,-5.076109,0,7.629999999999946,7.543000000000023,7.548500000000033,-1,-1,-1,1,1,75.04873294346977,77.5828460038988,69.98050682261174,-1,-0.21036867548868976,-0.29490558733614225,0.08453691184745249
2014-02-19,sh.600188,7.5500,7.66,7.52,7.61,5030736,38146766.0000,3,0.169957,1,0.928400,201.695684,0.943208,0.634201,-5.123235,0,7.635999999999946,7.550000000000023,7.549500000000033,-1,1,1,1,1,70.37037037037032,75.89343729694622,59.32423651721854,-1,-0.19426050853094345,-0.2747765715751025,0.08051606304415904
2014-02-20,sh.600188,7.6100,7.75,7.58,7.63,6923944,53135049.0000,3,0.233917,1,0.262800,202.225764,0.945687,0.635867,-5.136700,0,7.635999999999946,7.580000000000022,7.547500000000033,-1,1,1,1,1,62.34567901234562,69.25492744206207,48.52718215291273,-1,-0.17783091323890954,-0.2553874399078639,0.07755652666895435
2014-02-21,sh.600188,7.6000,7.7,7.4,7.47,4573792,34481180.0000,3,0.154520,1,-2.097000,197.985119,0.925856,0.622533,-5.028984,0,7.599999999999946,7.599000000000022,7.552500000000033,-1,-1,-1,1,1,52.85493827160488,61.856995884773774,34.85082304526709,-1,-0.1756956928449922,-0.23944909049528956,0.06375339765029736
2014-02-24,sh.600188,7.4000,7.4,7.0,7.09,7315548,52254305.0000,3,0.247147,1,-5.087000,187.913587,0.878758,0.590865,-4.773159,0,7.467999999999947,7.5650000000000235,7.540500000000033,-1,-1,-1,-1,-1,34.29125263474851,49.83062330623317,3.212511291779194,-1,-0.2023339595694731,-0.23202606431012626,0.029692104740653175
2014-02-25,sh.600188,7.0900,7.13,6.72,6.79,5832044,40666689.0000,3,0.197029,1,-4.231300,179.962377,0.841575,0.565864,-4.571191,0,7.317999999999946,7.474000000000023,7.505500000000032,-1,-1,-1,-1,-1,14.807526484355725,33.98457246356987,-23.546565474072565,-1,-0.24483022028444168,-0.23458689550498935,-0.010243324779452334
2014-02-26,sh.600188,6.8000,6.85,6.7,6.84,4174140,28310189.0000,3,0.141018,1,0.736400,181.287579,0.847772,0.570030,-4.604853,0,7.163999999999947,7.400000000000024,7.465500000000032,-1,-1,-1,-1,-1,9.946415373244617,19.681731497449785,-9.52421687516572,-1,-0.2713463194738397,-0.24193878029875943,-0.029407539175080266
2014-02-27,sh.600188,6.8200,6.82,6.55,6.57,7675298,51078249.0000,3,0.259301,1,-3.947400,174.131490,0.814307,0.547529,-4.423082,0,6.951999999999947,7.294000000000025,7.416000000000032,-1,-1,-1,-1,-1,6.812813171080882,10.522251676227242,-0.6060638392118385,-1,-0.3105672368504475,-0.25566447160909705,-0.05490276524135046
2014-02-28,sh.600188,6.5700,6.6,6.4,6.55,6243723,40509578.0000,3,0.210937,1,-0.304400,173.601410,0.811828,0.545862,-4.409618,0,6.7679999999999465,7.184000000000024,7.359500000000033,-1,-1,-1,-1,-1,8.395304753572445,8.384844432632816,8.4162253954517,1,-0.3393520896457902,-0.2724019952164357,-0.06695009442935451
2014-03-03,sh.600188,6.5700,6.59,6.43,6.49,6002225,39006207.0000,3,0.202778,1,-0.916000,172.011168,0.804392,0.540862,-4.369224,0,6.647999999999946,7.058000000000024,7.304000000000033,-1,-1,-1,-1,-1,6.450860309128007,7.219659411260612,4.913262104862797,-1,-0.3628233892473167,-0.2904862740226119,-0.07233711522470482
2014-03-04,sh.600188,6.4500,6.45,6.33,6.43,5674144,36261563.0000,3,0.191694,1,-0.924500,170.420926,0.796955,0.535862,-4.328831,0,6.575999999999946,6.947000000000024,7.245000000000033,-1,-1,-1,-1,-1,8.273343766301474,7.706502943000809,9.407025412902806,1,-0.3818641693995417,-0.30876185309799786,-0.07310231630154385
2014-03-05,sh.600188,6.4300,6.77,6.37,6.56,10326190,67710152.0000,3,0.348858,1,2.021800,173.866450,0.813068,0.546696,-4.416350,0,6.519999999999946,6.8420000000000245,7.1960000000000335,1,-1,-1,-1,-1,10.165747118558842,8.296650397996276,13.903940559683978,1,-0.3820600607507201,-0.3234214946285423,-0.05863856612217777
2014-03-06,sh.600188,6.5000,6.5,6.34,6.42,6506603,41645219.0000,3,0.219818,1,-2.134100,170.155886,0.795716,0.535029,-4.322098,0,6.489999999999947,6.721000000000023,7.150500000000032,-1,-1,-1,-1,-1,10.747263214093627,9.728784699651483,12.784220242977913,1,-0.3890276672423747,-0.3365427291513088,-0.052484938091065914
2014-03-07,sh.600188,6.4100,6.5,6.37,6.43,4355807,28002673.0000,3,0.147156,1,0.155800,170.420926,0.796955,0.535862,-4.328831,0,6.465999999999946,6.617000000000024,7.1080000000000325,-1,-1,-1,-1,-1,12.5665120403847,11.159840791012558,15.379854539128981,1,-0.3892555336703971,-0.34708529005512645,-0.042170243615270664
2014-03-10,sh.600188,6.3600,6.36,5.97,5.99,8882021,54067440.0000,3,0.300068,1,-6.842900,158.759152,0.742420,0.499193,-4.032612,0,6.3659999999999455,6.507000000000024,7.0360000000000325,-1,-1,-1,-1,-1,7.727980741999414,10.347251998826083,2.489438228346078,-1,-0.4200978161006663,-0.36168779526423445,-0.058410020836431875
2014-03-11,sh.600188,5.9800,6.23,5.91,6.09,6888641,41645550.0000,3,0.232724,1,1.669500,161.409555,0.754814,0.507527,-4.099935,0,6.297999999999946,6.437000000000023,6.9555000000000335,-1,-1,-1,-1,-1,11.517649017648992,10.604047266677872,13.344852519591232,1,-0.4314973500149728,-0.3756497062143821,-0.05584764380059071
2014-03-12,sh.600188,6.0000,6.2,5.99,6.1,5777106,35243923.0000,3,0.195172,1,0.164200,161.674595,0.756054,0.508360,-4.106667,0,6.205999999999946,6.363000000000023,6.881500000000033,-1,-1,-1,-1,-1,14.715323436253641,11.320317731967519,21.505334844825885,1,-0.4347135392639023,-0.38746247282428614,-0.047251066439616185
2014-03-13,sh.600188,6.1200,6.27,6.03,6.16,8482904,52307111.0000,3,0.286585,1,0.983600,163.264837,0.763490,0.513361,-4.147060,0,6.153999999999946,6.322000000000022,6.808000000000033,1,-1,-1,-1,-1,23.647670159298027,16.626880871067055,37.68924873575997,1,-0.4274930204217364,-0.3954685823437762,-0.03202443807796024
2014-03-14,sh.600188,6.1100,6.18,6.02,6.06,4865884,29680429.0000,3,0.164388,1,-1.623400,160.614434,0.751096,0.505027,-4.079738,0,6.079999999999946,6.273000000000023,6.728500000000032,-1,-1,-1,-1,-1,22.86821705426352,20.410403549938565,27.78384406291343,1,-0.42494141140953534,-0.40136314815692803,-0.023578263252607312
2014-03-17,sh.600188,6.0900,6.25,6.07,6.2,5425411,33554428.0000,3,0.183291,1,2.310200,164.324998,0.768448,0.516694,-4.173989,0,6.121999999999945,6.244000000000023,6.651000000000032,1,-1,-1,-1,-1,26.74418604651161,24.420024420024557,31.392509299485717,1,-0.40693155920442603,-0.4024768303664276,-0.004454728837998412
2014-03-18,sh.600188,6.1900,6.26,6.12,6.16,3779038,23367550.0000,3,0.127670,1,-0.645200,163.264837,0.763490,0.513361,-4.147060,0,6.135999999999945,6.217000000000023,6.582000000000032,1,-1,-1,-1,-1,31.178557351202187,26.930320150659274,39.675031752288014,1,-0.39137476264253745,-0.4002564168216496,0.00888165417911213
2014-03-19,sh.600188,6.1500,6.25,6.1,6.22,4962692,30687050.0000,3,0.167659,1,0.974000,164.855079,0.770927,0.518361,-4.187454,0,6.159999999999945,6.183000000000023,6.512500000000033,1,1,-1,-1,-1,42.8787281566154,33.6004905181099,61.4352034336264,1,-0.36993995322632856,-0.3941931241025854,0.024253170876256835
2014-03-20,sh.600188,6.2100,6.24,6.06,6.07,5203618,32027162.0000,3,0.175798,1,-2.411600,160.879474,0.752335,0.505860,-4.086470,0,6.141999999999945,6.148000000000023,6.434500000000033,-1,-1,-1,-1,-1,43.49026993094787,39.18251847958865,52.10577283366629,1,-0.3608962711683148,-0.38753375351573127,0.026637482347416475
2014-03-21,sh.600188,6.0500,6.39,6.04,6.33,13020536,81556378.0000,3,0.439883,1,4.283400,167.770523,0.784561,0.527528,-4.261508,0,6.1959999999999456,6.138000000000022,6.377500000000032,1,1,-1,1,-1,58.53264281230381,48.30054696662253,78.99683450366639,1,-0.3289572465226538,-0.3758184521171158,0.046861205594461997
2014-03-24,sh.600188,6.4300,6.63,6.36,6.51,13038174,84412800.0000,3,0.440479,1,2.843600,25.187623,0.821405,0.545218,-17.457586,0,6.257999999999946,6.190000000000022,6.3485000000000325,1,1,1,1,-1,68.10185185185185,56.70825486503467,90.8890458254862,1,-0.2858260192757953,-0.3578199655488517,0.07199394627305639
2014-03-25,sh.600188,6.5000,6.61,6.43,6.52,8950872,58267807.0000,3,0.302394,1,0.153600,25.226314,0.822667,0.546055,-17.484403,0,6.329999999999946,6.233000000000021,6.335000000000032,1,1,1,1,-1,83.57240437158468,70.06896634524695,110.57928042426013,1,-0.2479787498456263,-0.3358517224082066,0.08787297256258031
2014-03-26,sh.600188,6.5700,6.6,6.37,6.4,7332210,47223308.0000,3,0.247710,1,-1.840500,24.762026,0.807526,0.536005,-17.162604,0,6.3659999999999455,6.263000000000021,6.313000000000033,1,1,1,1,1,75.17076502732239,75.61500708358648,74.28228091479423,-1,-0.2250730116898465,-0.3136959802645346,0.0886229685746881
2014-03-27,sh.600188,6.4000,6.45,6.33,6.34,5808247,37183476.0000,3,0.196225,1,-0.937500,24.529882,0.799956,0.530980,-17.001704,0,6.419999999999945,6.281000000000022,6.301500000000033,-1,1,1,1,1,65.03658423636195,74.59325121175651,45.923250285572834,-1,-0.20934831072232818,-0.29282644635609334,0.08347813563376516
2014-03-28,sh.600188,6.3100,6.58,6.31,6.39,6582130,42421865.0000,3,0.222369,1,0.788600,24.723335,0.806264,0.535168,-17.135787,0,6.431999999999945,6.314000000000021,6.293500000000033,-1,1,1,1,1,57.488191164212274,65.8985134759657,40.667546540705416,-1,-0.19065404858854773,-0.2723919668025842,0.08173791821403648
2014-03-31,sh.600188,6.3900,6.57,6.36,6.41,4689137,30191687.0000,3,0.158417,1,0.313000,24.800717,0.808788,0.536843,-17.189420,0,6.411999999999947,6.33500000000002,6.289500000000033,-1,1,1,1,1,57.627118644067764,60.050631348214154,52.780093235774984,-1,-0.17223940961093032,-0.2523614553642534,0.0801220457533231
2014-04-01,sh.600188,6.4300,6.49,6.32,6.36,6096527,38776594.0000,3,0.205964,1,-0.780000,24.607263,0.802479,0.532655,-17.055338,0,6.379999999999947,6.355000000000021,6.286000000000033,-1,1,1,1,1,58.75706214689265,57.95745731839105,60.35627180389585,1,-0.1598377476243531,-0.23385671381627335,0.07401896619192025
2014-04-02,sh.600188,6.3800,6.47,6.34,6.44,5102736,32777374.0000,3,0.172390,1,1.257900,24.916789,0.812573,0.539355,-17.269870,0,6.387999999999947,6.377000000000021,6.280000000000033,1,1,1,1,1,61.581920903954845,59.32203389830524,66.10169491525404,1,-0.14191806660781126,-0.21546898437458092,0.07355091776676967
2014-04-03,sh.600188,6.4900,6.5,6.33,6.35,5544045,35400799.0000,3,0.187299,1,-1.397500,24.568573,0.801217,0.531818,-17.028521,0,6.389999999999946,6.405000000000021,6.276500000000032,-1,-1,1,-1,1,44.84463276836161,55.06120527306985,24.411487758945142,-1,-0.13344061775886473,-0.19906331105143768,0.06562269329257295
2014-04-04,sh.600188,6.3700,6.44,6.32,6.38,4030816,25702061.0000,3,0.136176,1,0.472400,24.684645,0.805003,0.534330,-17.108971,0,6.387999999999947,6.410000000000021,6.274000000000032,-1,-1,1,-1,1,34.54331450094165,46.989956057752856,9.650031387319231,-1,-0.12288488868622682,-0.18382762657839552,0.0609427378921687
2014-04-08,sh.600188,6.3800,6.58,6.34,6.57,9473178,61733647.0000,3,0.320040,1,2.978100,25.419767,0.828976,0.550243,-17.618485,0,6.419999999999947,6.416000000000021,6.303000000000033,1,1,1,1,1,41.82950191570889,40.4058163950042,44.67687295711826,1,-0.0980576378323228,-0.16667362882918096,0.06861599099685817
2014-04-09,sh.600188,6.5700,6.57,6.49,6.53,6751410,44071061.0000,3,0.228088,1,-0.608800,25.265005,0.823929,0.546893,-17.511219,0,6.4539999999999464,6.417000000000021,6.325000000000033,1,1,1,1,1,64.82332907620275,47.065381830951246,100.33922356670577,1,-0.08067950525069012,-0.1494748041134828,0.06879529886279268
2014-04-10,sh.600188,6.5500,6.74,6.46,6.61,13582793,89613005.0000,3,0.458878,1,1.225100,25.574530,0.834023,0.553593,-17.725752,0,6.487999999999947,6.438000000000022,6.350500000000033,1,1,1,1,1,80.30136525191335,62.318065414608476,116.2679649265231,1,-0.05976296826792282,-0.1315324369443708,0.07176946867644798
2014-04-11,sh.600188,6.5500,6.6,6.51,6.56,8298297,54345794.0000,3,0.280348,1,-0.756400,25.381077,0.827714,0.549405,-17.591669,0,6.529999999999947,6.460000000000022,6.370500000000034,1,1,1,1,1,69.46392682826792,71.52954038546149,65.33269971388077,-1,-0.04668291258891255,-0.11456253207327916,0.0678796194843666
2014-04-14,sh.600188,6.5600,6.72,6.51,6.64,6494579,43010544.0000,3,0.219411,1,1.219500,25.690602,0.837808,0.556105,-17.806201,0,6.581999999999947,6.4850000000000225,6.3995000000000335,1,1,1,1,1,67.70025839793274,72.48851682603815,58.12374154172193,-1,-0.02952124033226422,-0.09755427372507616,0.06803303339281194
2014-04-15,sh.600188,6.6400,6.64,6.48,6.5,4528926,29638942.0000,3,0.153004,1,-2.108400,25.148933,0.820144,0.544380,-17.430769,0,6.567999999999946,6.494000000000023,6.414500000000032,-1,1,1,1,1,58.730158730158614,65.2981146521199,45.59424688623602,-1,-0.026907152492071873,-0.08342484947847531,0.05651769698640344
2014-04-16,sh.600188,6.4900,6.59,6.44,6.46,4129295,26790671.0000,3,0.139503,1,-0.615400,24.994170,0.815097,0.541030,-17.323503,0,6.553999999999947,6.504000000000022,6.429500000000033,-1,-1,1,1,1,50.7936507936507,59.0746893072475,34.23157376645709,-1,-0.027743326947851976,-0.07228854497235064,0.044545218024498665
2014-04-17,sh.600188,6.4700,6.48,6.39,6.4,3544558,22772125.0000,3,0.119749,1,-0.928800,24.762026,0.807526,0.536005,-17.162604,0,6.511999999999946,6.500000000000023,6.438500000000033,-1,-1,-1,1,1,31.7460317460317,47.08994708994715,1.058201058200794,-1,-0.03286861090098103,-0.06440455815807672,0.03153594725709569
2014-04-18,sh.600188,6.3600,6.45,6.29,6.39,3644582,23331516.0000,3,0.123128,1,-0.156300,24.723335,0.806264,0.535168,-17.135787,0,6.4779999999999465,6.504000000000022,6.454500000000033,-1,-1,-1,-1,1,24.867724867724814,35.80246913580255,2.9982363315693306,-1,-0.037307296495016296,-0.05898510582546464,0.02167780933044834
2014-04-21,sh.600188,6.3500,6.39,6.21,6.22,4251703,26791458.0000,3,0.143639,1,-2.660400,24.065594,0.784814,0.520930,-16.679906,0,6.393999999999946,6.488000000000023,6.449000000000034,-1,-1,-1,-1,-1,14.385544574223774,23.66643372932691,-4.1762337359825,-1,-0.0539209983536475,-0.05797228433110121,0.00405128597745371
2014-04-22,sh.600188,6.2100,6.26,6.14,6.2,3402357,21052258.0000,3,0.114944,1,-0.321500,23.988213,0.782291,0.519255,-16.626272,0,6.3339999999999455,6.451000000000022,6.433500000000033,-1,-1,-1,-1,-1,11.369671558350776,16.8743136667666,0.36038734151912877,-1,-0.06791838871749079,-0.059961505208379125,-0.00795688350911166
2014-04-23,sh.600188,6.1800,6.24,6.16,6.19,2613300,16216011.0000,3,0.088287,1,-0.161300,23.949522,0.781029,0.518418,-16.599456,0,6.279999999999946,6.417000000000021,6.4170000000000345,-1,-1,-1,-1,-1,6.835827369334242,10.863681167303078,-1.2198802266034292,-1,-0.0789087271653166,-0.06375094959976663,-0.015157777565549979
2014-04-24,sh.600188,6.1900,6.26,6.14,6.18,3289514,20407306.0000,3,0.111132,1,-0.161600,23.910831,0.779767,0.517580,-16.572639,0,6.235999999999946,6.374000000000022,6.406000000000034,-1,-1,-1,-1,-1,8.50574712643684,8.903748684707432,7.709744009895655,-1,-0.08741786723509204,-0.0684843331268317,-0.018933534108260333
2014-04-25,sh.600188,6.1800,6.23,6.07,6.07,3141362,19254540.0000,3,0.106127,1,-1.779900,23.485234,0.765888,0.508367,-16.277657,0,6.1719999999999455,6.3250000000000215,6.392500000000034,-1,-1,-1,-1,-1,5.17241379310348,6.837996096291668,1.8412491867271044,-1,-0.10186328618166662,-0.07516012373779869,-0.02670316244386793
2014-04-28,sh.600188,6.0600,6.07,5.93,5.94,3995092,23974792.0000,3,0.134969,1,-2.141700,27.681256,0.721903,0.463309,4.039921,0,6.115999999999946,6.255000000000021,6.370000000000034,-1,-1,-1,-1,-1,2.803901079763174,5.494020666434646,-2.5763380935797695,-1,-0.12239045730867915,-0.08460619045197479,-0.03778426685670436
2014-04-29,sh.600188,5.9500,6.11,5.95,6.11,3960052,23979742.0000,3,0.133786,1,2.862000,28.473481,0.742564,0.476569,4.155542,0,6.097999999999947,6.216000000000021,6.355000000000034,1,-1,-1,-1,-1,11.41414141414146,6.463485429002852,21.315453384418674,1,-0.12351698218245044,-0.09238834879806992,-0.031128633384380516
2014-04-30,sh.600188,6.1300,6.17,6.06,6.09,3267204,19923186.0000,3,0.110379,1,-0.327300,28.380278,0.740133,0.475009,4.141939,0,6.077999999999946,6.179000000000021,6.341500000000034,1,-1,-1,-1,-1,21.670551670551713,11.962864721485596,41.08592556868395,1,-0.12458742779942256,-0.09882816459834046,-0.0257592632010821
2014-05-05,sh.600188,6.0400,6.14,6.0,6.14,3229235,19580660.0000,3,0.109096,1,0.821000,28.613285,0.746210,0.478909,4.175945,0,6.069999999999946,6.153000000000021,6.326500000000034,1,-1,-1,-1,-1,36.382892469849,23.155861851514203,62.836953706518585,1,-0.12001769228224202,-0.10306607013512077,-0.016951622147121245
2014-05-06,sh.600188,6.1400,6.2,6.08,6.15,3655633,22443311.0000,3,0.123501,1,0.162900,28.659886,0.747425,0.479689,4.182747,0,6.085999999999946,6.129000000000021,6.316500000000035,1,1,-1,-1,-1,47.69602378298035,35.24982264112717,72.58842606668671,1,-0.11427197138095035,-0.10530725038428669,-0.008964720996663664
2014-05-07,sh.600188,6.1000,6.14,6.07,6.09,2271043,13846724.0000,3,0.076724,1,-0.975600,28.380278,0.740133,0.475009,4.141939,0,6.1159999999999455,6.116000000000021,6.302000000000035,-1,-1,-1,-1,-1,53.601229688186265,45.89338198033869,69.01692510388142,1,-0.11325441829440042,-0.10689668396630944,-0.006357734328090975
2014-05-08,sh.600188,6.0800,6.35,6.05,6.29,7973753,49711672.0000,3,0.269384,1,3.284100,29.312307,0.764440,0.490609,4.277964,0,6.151999999999946,6.12500000000002,6.288000000000036,1,1,1,1,-1,66.95526695526705,56.08417347547803,88.69745391484507,1,-0.0952121254967393,-0.10455977227239541,0.00934764677565611
2014-05-09,sh.600188,6.2700,6.62,6.23,6.56,15982724,103588549.0000,3,0.539957,1,4.292500,30.570546,0.797254,0.511668,4.461596,0,6.245999999999945,6.162000000000021,6.289500000000036,1,1,1,1,-1,75.16782734174039,65.24144132839804,95.02059936842508,1,-0.0584529260057316,-0.09533840301906264,0.036885477013331044
2014-05-12,sh.600188,6.6200,7.22,6.48,7.22,18831566,132009100.0000,3,0.636202,1,10.061000,33.646241,0.877465,0.563147,4.910477,0,6.461999999999945,6.266000000000021,6.320000000000036,1,1,1,1,1,92.33954451345755,78.1542129368218,120.71020766672905,1,0.023662719475892047,-0.0715381785200717,0.09520089799596375
2014-05-13,sh.600188,7.9400,7.94,7.62,7.94,67775218,533505408.0000,3,2.289703,1,9.972300,37.001544,0.964968,0.619306,5.400164,0,6.819999999999945,6.453000000000022,6.389000000000036,1,1,1,1,1,97.1014492753623,88.20294037685356,114.89846707237976,1,0.14516457597031618,-0.02819762762199412,0.1733622035923103
2014-05-14,sh.600188,7.8000,8.03,7.72,7.77,46940063,368217552.0000,3,1.585813,1,-2.141100,36.209320,0.944308,0.606046,5.284543,0,7.155999999999945,6.636000000000021,6.4455000000000355,1,1,1,1,1,95.73070607553366,95.05723328811797,97.07765165036506,1,0.22514278745773986,0.022470455393952683,0.20267233206378718
2014-05-15,sh.600188,7.6700,7.77,7.24,7.39,41936066,310516560.0000,3,1.416759,1,-4.890600,34.438465,0.898126,0.576407,5.026097,0,7.375999999999945,6.7640000000000216,6.490000000000035,1,1,1,1,1,85.2216748768473,92.68461007591456,70.29580447871277,-1,0.2549246592788519,0.06896129617093252,0.18596336310791936
2014-05-16,sh.600188,7.3200,7.4,7.04,7.24,32955569,237054437.0000,3,1.113364,1,-2.029800,33.739444,0.879896,0.564707,4.924079,0,7.511999999999945,6.879000000000021,6.5290000000000346,-1,1,1,1,1,71.92201157718401,84.29146417652179,47.183106378508455,-1,0.26338709834919527,0.10784645660658507,0.1555406417426102
2014-05-19,sh.600188,7.1900,7.25,7.05,7.23,21594918,154591091.0000,3,0.729558,1,-0.138100,33.692842,0.878680,0.563927,4.917278,0,7.513999999999944,6.988000000000021,6.570500000000034,-1,1,1,1,1,62.7232920336369,73.28899282922286,41.59189044246497,-1,0.26621793125787807,0.13952075153684368,0.1266971797210344
2014-05-20,sh.600188,7.2500,7.29,6.89,6.91,24379619,172432476.0000,3,0.823636,1,-4.426000,32.201596,0.839790,0.538967,4.699639,0,7.307999999999945,7.064000000000021,6.5965000000000344,-1,-1,1,1,1,54.37710437710442,63.00746932930858,37.11637447269612,-1,0.23987493218339395,0.15959158766615372,0.08028334451724023
2014-05-21,sh.600188,6.8600,7.3,6.81,7.08,32183704,229058052.0000,3,1.087287,1,2.460200,32.993820,0.860450,0.552227,4.815260,0,7.169999999999945,7.163000000000021,6.6395000000000355,-1,-1,1,1,1,50.08417508417512,55.728190498305615,38.79614425591414,-1,0.23006346644488485,0.17368596342189996,0.05637750302298489
2014-05-22,sh.600188,7.0000,7.12,6.89,6.94,20513330,143103716.0000,3,0.693018,1,-1.977400,32.341400,0.843436,0.541307,4.720043,0,7.079999999999944,7.22800000000002,6.676500000000035,-1,-1,1,-1,1,40.111328337134815,48.19086926613824,23.952246479127965,-1,0.20858652358485852,0.18066607545449168,0.027920448130366843
2014-05-23,sh.600188,7.0700,7.11,6.76,6.96,12813399,88850202.0000,3,0.432885,1,0.288200,32.434603,0.845867,0.542867,4.733645,0,7.023999999999944,7.268000000000019,6.715000000000036,-1,-1,1,-1,1,30.88255769104133,40.35935370411722,11.92896566488956,-1,0.1909782461465488,0.1827285095929031,0.008249736553645692
2014-05-26,sh.600188,6.9200,7.12,6.92,7.05,13389115,94084244.0000,3,0.452335,1,1.293100,32.854016,0.856805,0.549887,4.794856,0,6.9879999999999445,7.251000000000019,6.758500000000036,1,-1,1,-1,1,22.75336550673104,31.24908384496919,5.761928830254739,-1,0.18218568409492075,0.18261994449330662,-0.0004342603983858717
2014-05-27,sh.600188,6.9900,7.11,6.91,7.04,12577305,88238107.0000,3,0.424909,1,-0.141800,32.807415,0.855589,0.549107,4.788055,0,7.013999999999944,7.16100000000002,6.807000000000036,1,-1,1,-1,1,22.101816480860716,25.245913226211155,15.813622990159836,-1,0.1724230137229057,0.18058055833922643,-0.008157544616320733
2014-05-28,sh.600188,7.1000,7.18,7.0,7.06,15883304,112524446.0000,3,0.536598,1,0.284100,32.900618,0.858020,0.550667,4.801657,0,7.009999999999946,7.09000000000002,6.863000000000037,1,-1,1,-1,1,32.47747264883969,25.77755154547727,45.877314855564514,1,0.16440470487049552,0.17734538764548025,-0.012940682774984724
2014-05-29,sh.600188,6.9600,6.98,6.72,6.79,17795106,121609100.0000,3,0.601186,1,-3.824400,31.642379,0.825206,0.529608,4.618024,0,6.979999999999945,7.030000000000021,6.897000000000036,-1,-1,-1,-1,1,28.88891259815638,27.822733909285716,31.02126997589771,1,0.13471053463147964,0.16881841704268014,-0.034107882411200496
2014-05-30,sh.600188,6.7400,6.95,6.73,6.8,8326689,56883331.0000,3,0.281307,1,0.147300,31.688980,0.826421,0.530388,4.624826,0,6.947999999999945,6.986000000000021,6.932500000000036,-1,-1,-1,-1,1,24.245689655172423,28.537358300722953,15.66235236407136,-1,0.1107084293487004,0.1571964195038842,-0.04648799015518379
2014-06-03,sh.600188,6.8200,7.01,6.79,6.83,10970807,75799655.0000,3,0.370635,1,0.441200,31.828784,0.830067,0.532728,4.645229,0,6.903999999999945,6.946000000000021,6.967000000000037,-1,-1,-1,-1,-1,14.942528735632232,22.692376996320466,-0.5571677857442339,-1,0.09303488897787737,0.14436411339868283,-0.05132922442080545
2014-06-04,sh.600188,6.8900,6.96,6.76,6.84,8861227,60885883.0000,3,0.299366,1,0.146400,31.875386,0.831283,0.533508,4.652030,0,6.863999999999945,6.939000000000021,7.001500000000037,-1,-1,-1,-1,-1,19.615192403798144,19.601136931534388,19.643303348325652,1,0.07892559223175777,0.1312764091652978,-0.052350816933540045
2014-06-05,sh.600188,6.8900,6.89,6.65,6.84,7942244,53557986.0000,3,0.268319,1,0.000000,31.875386,0.831283,0.533508,4.652030,0,6.819999999999945,6.915000000000022,7.039000000000037,1,-1,-1,-1,-1,26.96717678896403,20.50829930946492,39.88493174796225,1,0.06697186296078872,0.118415499924396,-0.05144363696360728
2014-06-06,sh.600188,6.8300,6.85,6.66,6.71,6239246,42063898.0000,3,0.210785,1,-1.900600,31.269567,0.815483,0.523368,4.563615,0,6.803999999999945,6.892000000000022,7.060000000000038,-1,-1,-1,-1,-1,24.4189226141646,23.66709726897571,25.922573304542382,1,0.04647282307087597,0.104026964553692,-0.057554141482816026
2014-06-09,sh.600188,6.6900,6.7,6.57,6.59,8891594,58896223.0000,3,0.300392,1,-1.788400,30.710350,0.800900,0.514008,4.482000,0,6.761999999999945,6.855000000000021,7.061500000000038,-1,-1,-1,-1,-1,16.816166615114913,22.734088672747962,4.980322499848818,-1,0.020310067338654925,0.08728358511068458,-0.06697351777202966
2014-06-10,sh.600188,6.6100,6.72,6.58,6.69,6793913,45252031.0000,3,0.229524,1,1.517400,31.176364,0.813053,0.521808,4.550012,0,6.733999999999945,6.819000000000021,7.0350000000000374,-1,-1,-1,-1,-1,11.423858129704078,17.552982452994648,-0.8343905168770647,-1,0.00755793601183008,0.07133845529091368,-0.0637805192790836
2014-06-11,sh.600188,6.6600,6.69,6.6,6.67,5966293,39654843.0000,3,0.201564,1,-0.299000,31.083161,0.810622,0.520248,4.536410,0,6.699999999999944,6.7820000000000205,6.971500000000037,-1,-1,-1,-1,-1,15.22603079980128,14.488685181540207,16.700722036323423,1,-0.00411462199080237,0.05624783983457047,-0.06036246182537284
2014-06-12,sh.600188,6.6400,6.69,6.5,6.56,8430043,55522899.0000,3,0.284799,1,-1.649200,30.570546,0.797254,0.511668,4.461596,0,6.643999999999944,6.732000000000021,6.911000000000037,-1,-1,-1,-1,-1,18.054703252388872,14.901530727298194,24.361048302570225,1,-0.021987827012913463,0.04060070646507369,-0.06258853347798715
2014-06-13,sh.600188,6.5500,6.72,6.53,6.63,8895176,59151671.0000,3,0.300513,1,1.067100,30.896756,0.805761,0.517128,4.509205,0,6.627999999999945,6.716000000000021,6.8730000000000375,1,-1,-1,-1,-1,19.99405822935232,17.758264093847608,24.465646500361743,1,-0.03015643120957634,0.026449278930143684,-0.056605710139720024
2014-06-16,sh.600188,6.6600,6.76,6.65,6.75,8418696,56501608.0000,3,0.284415,1,1.810000,31.455973,0.820345,0.526488,4.590820,0,6.659999999999945,6.711000000000022,6.848500000000037,1,1,-1,-1,-1,30.53424268258027,22.86100138810727,45.88072527152627,1,-0.026640022176083633,0.015831418708898218,-0.04247144088498185
2014-06-17,sh.600188,6.7500,6.75,6.61,6.64,4945054,32996350.0000,3,0.167063,1,-1.629600,30.943357,0.806976,0.517908,4.516006,0,6.649999999999944,6.6920000000000215,6.819000000000036,-1,-1,-1,-1,-1,38.57848602094126,29.702262310958066,56.330933440907664,1,-0.032356339632166886,0.006193867040685197,-0.03855020667285208
2014-06-18,sh.600188,6.6400,7.08,6.59,6.87,16378533,112398140.0000,3,0.553329,1,3.463900,32.015190,0.834929,0.535847,4.672434,0,6.6899999999999435,6.695000000000022,6.8170000000000375,1,1,1,-1,-1,51.34612181088943,40.15295017147044,73.73246508972741,1,-0.01811862436690781,0.0013313687591665953,-0.019449993126074407
2014-06-19,sh.600188,6.8600,6.86,6.53,6.55,10528269,70366337.0000,3,0.355685,1,-4.379600,30.523944,0.796038,0.510888,4.454795,0,6.687999999999944,6.666000000000021,6.790500000000037,-1,-1,-1,1,-1,36.10374300029471,42.00945027737525,24.292328446133638,-1,-0.03228430472185373,-0.00539176593703747,-0.02689253878481626
2014-06-20,sh.600188,6.5400,6.67,6.5,6.66,6534200,43151112.0000,3,0.220750,1,1.679400,31.036560,0.809407,0.519468,4.529609,0,6.693999999999944,6.661000000000021,6.776500000000037,-1,-1,-1,1,-1,33.33333333333334,40.26106604817261,19.47786790365481,-1,-0.03423993115696167,-0.01116139898102231,-0.02307853217593936
2014-06-23,sh.600188,6.6500,6.82,6.54,6.72,9684905,64742014.0000,3,0.327193,1,0.900900,31.316169,0.816699,0.524148,4.570416,0,6.687999999999944,6.674000000000021,6.764500000000036,1,1,-1,1,-1,24.712643678160912,31.38324000392977,11.371451026623191,-1,-0.03059559367840592,-0.015048237920499032,-0.015547355757906887
2014-06-24,sh.600188,6.6800,6.97,6.65,6.92,13450129,92014702.0000,3,0.454396,1,2.976200,32.248197,0.841005,0.539747,4.706440,0,6.743999999999945,6.697000000000021,6.7580000000000355,1,1,1,1,-1,45.97701149425287,34.67432950191582,68.58237547892696,1,-0.011437259828501745,-0.014326042302099575,0.0028887824735978306
2014-06-25,sh.600188,6.9600,7.29,6.83,7.01,24993543,177108288.0000,3,0.844376,1,1.300600,32.667610,0.851943,0.546767,4.767651,0,6.771999999999944,6.731000000000021,6.7565000000000355,1,1,1,1,1,58.30059653717442,42.99675056986285,88.90828847179758,1,0.010882657117474714,-0.009284302418184717,0.02016695953565943
2014-06-26,sh.600188,6.9600,6.99,6.86,6.95,12025126,83315437.0000,3,0.406254,1,-0.855900,32.388002,0.844651,0.542087,4.726844,0,6.851999999999944,6.770000000000022,6.751000000000035,1,1,1,1,1,64.6442601484068,56.30728939327813,81.31820165866414,1,0.02345942786298405,-0.0027355563619509632,0.026194984224935013
2014-06-27,sh.600188,6.9500,6.95,6.83,6.85,8647533,59482612.0000,3,0.292146,1,-1.438800,31.921987,0.832498,0.534288,4.658832,0,6.889999999999944,6.792000000000021,6.754000000000035,-1,1,1,1,1,55.274261603375514,59.40637276298568,47.01003928415517,-1,0.02506847129193801,0.002825249168826832,0.022243222123111177
2014-06-30,sh.600188,6.8700,6.98,6.76,6.92,8026898,55265827.0000,3,0.271181,1,1.021900,32.248197,0.841005,0.539747,4.706440,0,6.929999999999945,6.8090000000000215,6.7600000000000335,-1,1,1,1,1,51.476793248945135,57.13177166690926,40.16683641301688,-1,0.03162748285260708,0.008585695905582882,0.023041786947024197
2014-07-01,sh.600188,6.9100,7.11,6.82,6.91,10023312,69638058.0000,3,0.338628,1,-0.144500,32.201596,0.839790,0.538967,4.699639,0,6.927999999999943,6.836000000000022,6.764000000000033,-1,1,1,1,1,49.78902953586496,52.18002812939531,45.00703234880427,-1,0.035608161621192735,0.013990189048704853,0.021617972572487883
2014-07-02,sh.600188,6.9100,7.22,6.83,7.06,20640225,145576549.0000,3,0.697310,1,2.170800,32.900618,0.858020,0.550667,4.801657,0,6.937999999999944,6.855000000000021,6.775000000000032,1,1,1,1,1,58.64978902953584,53.30520393811542,69.33895921237668,1,0.05028694798836142,0.021249540836636167,0.02903740715172525
2014-07-03,sh.600188,7.0000,7.11,6.97,7.0,12148783,85535279.0000,3,0.410435,1,-0.849900,32.621009,0.850728,0.545987,4.760850,0,6.947999999999945,6.900000000000022,6.783000000000032,1,1,1,1,1,61.37271448663851,56.60384435067987,70.91045475855579,1,0.05642802621918186,0.028285237913145307,0.028142788306036552
2014-07-04,sh.600188,7.0100,7.09,6.95,7.0,8436416,59146344.0000,3,0.285016,1,0.000000,32.621009,0.850728,0.545987,4.760850,0,6.977999999999945,6.9340000000000215,6.797500000000032,1,1,1,1,1,62.30230309423343,60.774935536802694,65.35703820909491,1,0.06059635786761142,0.03474746190403853,0.025848895963572885
2014-07-07,sh.600188,6.9800,7.04,6.83,6.97,10036405,69642593.0000,3,0.339070,1,-0.428600,32.481205,0.847082,0.543647,4.740446,0,6.9879999999999445,6.959000000000022,6.8165000000000315,-1,1,1,1,1,51.8811582809224,58.51872528726488,38.60602426823745,-1,0.06077842559367319,0.039953654641965465,0.020824770951707726
2014-07-08,sh.600188,6.9300,6.96,6.82,6.88,6709334,46118940.0000,3,0.226668,1,-1.291200,32.061792,0.836144,0.536627,4.679235,0,6.981999999999944,6.955000000000021,6.826000000000032,-1,-1,1,1,1,40.13236601039101,51.438609128515715,17.5198797741416,-1,0.053048952437810826,0.04257271420113454,0.010476238236676289
2014-07-09,sh.600188,6.8700,6.96,6.62,6.63,11848182,80912683.0000,3,0.400279,1,-3.633700,30.896756,0.805761,0.517128,4.509205,0,6.895999999999944,6.917000000000021,6.824000000000032,-1,-1,-1,-1,1,22.458754899279896,38.157426396864544,-8.9385880958894,-1,0.026445530991619393,0.03934727755923151,-0.012901746567612116
2014-07-10,sh.600188,6.6000,6.78,6.58,6.62,9033619,60142065.0000,3,0.305192,1,-0.150800,30.850154,0.804546,0.516348,4.502404,0,6.819999999999943,6.884000000000022,6.827000000000032,-1,-1,-1,-1,-1,11.33454106280192,24.641887324157718,-15.280151459909675,-1,0.004503300160652479,0.0323784820795157,-0.02787518191886322
2014-07-11,sh.600188,6.6300,6.7,6.61,6.64,6258893,41642060.0000,3,0.211451,1,0.302100,30.943357,0.806976,0.517908,4.516006,0,6.747999999999943,6.863000000000021,6.827500000000032,-1,-1,-1,-1,-1,5.76388888888885,13.185728283656998,-9.079789900647445,-1,-0.011143784395353684,0.02367402878454182,-0.034817813179895504
2014-07-14,sh.600188,6.6500,6.74,6.59,6.73,7222865,48173625.0000,3,0.244017,1,1.355400,31.362770,0.817914,0.524928,4.577217,0,6.699999999999943,6.844000000000021,6.826500000000031,1,-1,-1,-1,-1,13.020833333333329,10.039754428341475,18.982991143317037,1,-0.016096414353531152,0.015719940156927223,-0.031816354510458375
2014-07-15,sh.600188,6.7400,6.88,6.68,6.88,11925918,81126015.0000,3,0.402905,1,2.228800,32.061792,0.836144,0.536627,4.679235,0,6.699999999999943,6.841000000000021,6.838500000000032,1,1,1,-1,-1,29.80542452830186,16.196715583508123,57.022842417889336,1,-0.007827433103060777,0.011010465504929623,-0.0188378986079904
2014-07-16,sh.600188,6.8600,6.93,6.78,6.79,8053715,55092077.0000,3,0.272087,1,-1.308100,31.642379,0.825206,0.529608,4.618024,0,6.731999999999944,6.814000000000021,6.834500000000031,1,-1,-1,-1,-1,40.40591472438032,27.744057528671945,65.72962911579705,1,-0.008439172201945233,0.0071205379635546516,-0.015559710165499886
2014-07-17,sh.600188,6.7900,6.81,6.64,6.73,6148096,41412266.0000,3,0.207707,1,-0.883700,31.362770,0.817914,0.524928,4.577217,0,6.753999999999944,6.787000000000022,6.84350000000003,-1,-1,-1,-1,-1,43.46297994177163,37.891439731484716,54.606060362345445,1,-0.013608606855465055,0.0029747089997507097,-0.016583315855215764
2014-07-18,sh.600188,6.7000,6.84,6.66,6.74,5119627,34596870.0000,3,0.172962,1,0.148600,31.409371,0.819129,0.525708,4.584018,0,6.773999999999944,6.761000000000021,6.84750000000003,-1,-1,-1,1,-1,38.63014313276802,40.83301259964011,34.22440419902385,-1,-0.016705929084228188,-0.0009614186170450699,-0.01574451046718312
2014-07-21,sh.600188,6.7200,6.78,6.67,6.68,5579229,37477634.0000,3,0.188489,1,-0.890200,31.129763,0.811837,0.521028,4.543211,0,6.763999999999944,6.732000000000022,6.8455000000000314,-1,-1,-1,1,-1,33.67658276125096,38.58990194526365,23.8499443932256,-1,-0.0237285498721862,-0.005514844868073296,-0.018213705004112905
2014-07-22,sh.600188,6.6700,6.88,6.62,6.82,12267913,83440277.0000,3,0.414459,1,2.095800,31.782183,0.828852,0.531948,4.638428,0,6.751999999999944,6.726000000000022,6.8405000000000316,1,1,-1,1,-1,45.664160401002526,39.32362876500728,58.345223672993015,1,-0.017792101203239596,-0.007970296135106556,-0.00982180506813304
2014-07-23,sh.600188,6.8700,7.17,6.81,7.02,25536199,179375172.0000,3,0.862715,1,2.932500,32.714212,0.853159,0.547547,4.774452,0,6.797999999999945,6.765000000000022,6.841000000000032,1,1,1,1,-1,56.34171635986517,45.227486507372994,78.57017606484952,1,0.003016137511214545,-0.005773009405842336,0.008789146917056881
2014-07-24,sh.600188,7.0200,7.37,6.98,7.3,33884962,243179974.0000,3,1.144770,1,3.988600,34.019052,0.887188,0.569387,4.964886,0,6.911999999999945,6.833000000000022,6.858500000000033,1,1,1,1,1,77.91166687718412,59.972514546017386,113.78997153951757,1,0.04162069903950538,0.003705732283227207,0.03791496675627817
2014-07-25,sh.600188,7.2500,7.47,7.19,7.35,26994518,197782873.0000,3,0.911983,1,0.684900,34.252059,0.893264,0.573287,4.998892,0,7.033999999999945,6.904000000000022,6.8835000000000335,1,1,1,1,1,83.68197500043338,72.64511941249434,105.75568617631146,1,0.07538073215666241,0.01804073225791425,0.05733999989874816
2014-07-28,sh.600188,7.3600,7.85,7.28,7.52,33494041,251870638.0000,3,1.131563,1,2.312900,35.044284,0.913925,0.586546,5.114513,0,7.201999999999944,6.983000000000021,6.913500000000035,1,1,1,1,1,83.35957522471149,81.65107236744312,86.77658093924825,1,0.11453311443185132,0.037339208692701666,0.07719390573914967
2014-07-29,sh.600188,7.5000,7.51,7.35,7.4,23802764,176319629.0000,3,0.804153,1,-1.595700,34.485067,0.899341,0.577187,5.032898,0,7.317999999999944,7.035000000000021,6.938000000000035,1,1,1,1,1,74.155906264945,80.39915216336341,61.66941446810819,-1,0.13433018755991277,0.05673740446614389,0.07759278309376888
2014-07-30,sh.600188,7.3500,7.52,7.3,7.31,17810968,131620911.0000,3,0.601726,1,-1.216200,34.065654,0.888403,0.570167,4.971688,0,7.3759999999999435,7.08700000000002,6.950500000000035,-1,1,1,1,1,64.22764227642277,73.9143745886932,44.85417765188188,-1,0.1411303994116997,0.07361600345525506,0.06751439595644464
2014-07-31,sh.600188,7.2900,7.53,7.25,7.52,18052537,133496285.0000,3,0.609887,1,2.872800,35.044284,0.913925,0.586546,5.114513,0,7.419999999999943,7.16600000000002,6.976500000000035,1,1,1,1,1,64.22764227642277,67.53706360593031,57.60879961740767,-1,0.16160201383219697,0.09121320553064344,0.07038880830155353
2014-08-01,sh.600188,7.4800,7.8,7.43,7.47,30886633,233883924.0000,3,1.043474,1,-0.664900,34.811277,0.907848,0.582646,5.080507,0,7.443999999999943,7.23900000000002,7.0000000000000355,1,1,1,1,1,66.12466124661245,64.8599819331528,68.65401987353175,1,0.17181080559945627,0.10733272554440601,0.06447808005505026
2014-08-04,sh.600188,7.4100,7.76,7.38,7.73,26082097,198928134.0000,3,0.881158,1,3.480600,36.022914,0.939447,0.602926,5.257339,0,7.485999999999943,7.344000000000021,7.038000000000035,1,1,1,1,1,76.91265374192206,69.08831908831922,92.56132304912774,1,0.1985919295698224,0.12558456634948928,0.07300736322033313
2014-08-05,sh.600188,7.7000,8.15,7.7,7.83,33177972,263041852.0000,3,1.120885,1,1.293700,36.488929,0.951600,0.610726,5.325351,0,7.571999999999943,7.44500000000002,7.085500000000036,1,1,1,1,1,76.73893405600724,73.25874968151403,83.69930280499366,1,0.22528834373954165,0.14552532182749975,0.0797630219120419
2014-08-06,sh.600188,7.7700,7.85,7.61,7.81,14584877,112793553.0000,3,0.492736,1,-0.255400,36.395726,0.949169,0.609166,5.311748,0,7.671999999999943,7.5240000000000204,7.144500000000036,1,1,1,1,1,75.23148148148147,76.29435642647037,73.10573159150366,-1,0.24204150761907073,0.16482855898581394,0.07721294863325678
2014-08-07,sh.600188,7.7200,7.9,7.55,7.74,20267226,157526402.0000,3,0.684708,1,-0.896300,36.069516,0.940662,0.603706,5.264140,0,7.7159999999999425,7.568000000000021,7.200500000000036,1,1,1,1,1,63.89245014245011,71.95428855997973,47.76877330739086,-1,0.24682485245210284,0.18122781767907173,0.06559703477303111
2014-08-08,sh.600188,7.7200,7.77,7.62,7.68,7297487,56009813.0000,3,0.246538,1,-0.775200,35.789907,0.933370,0.599026,5.223332,0,7.757999999999943,7.601000000000022,7.252500000000038,-1,1,1,1,1,55.60185185185181,64.90859449192793,36.98836657169957,-1,0.24297334367510892,0.19357692287827916,0.049396420796829765
2014-08-11,sh.600188,7.6800,7.89,7.65,7.88,12168846,94987100.0000,3,0.411112,1,2.604200,36.721936,0.957677,0.614626,5.359357,0,7.7879999999999425,7.637000000000022,7.310000000000038,1,1,1,1,1,57.40740740740738,58.967236467236575,54.287749287748994,-1,0.25314126877945764,0.20548979205851486,0.047651476720942776
2014-08-12,sh.600188,7.8300,7.87,7.68,7.73,12925654,100050461.0000,3,0.436680,1,-1.903600,36.022914,0.939447,0.602926,5.257339,0,7.767999999999944,7.670000000000021,7.352500000000037,-1,1,1,1,1,57.03703703703702,56.68209876543221,57.74691358024664,1,0.2462569791172866,0.2136432294702692,0.03261374964701741
2014-08-13,sh.600188,7.6800,7.96,7.57,7.89,26255784,204244998.0000,3,0.887026,1,2.069900,36.768537,0.958892,0.615406,5.366158,0,7.783999999999944,7.728000000000021,7.407500000000037,1,1,1,1,1,63.18903318903316,59.21115921115932,71.14478114478085,1,0.2508204903037079,0.22107868163695693,0.02974180866675097
2014-08-14,sh.600188,7.8100,7.84,7.62,7.64,13070957,101062261.0000,3,0.441589,1,-3.168600,35.603501,0.928509,0.595906,5.196128,0,7.763999999999943,7.7400000000000215,7.453000000000037,-1,-1,1,1,1,51.11111111111108,57.11239377906055,39.108545775212136,-1,0.23159451769701533,0.2231818488489686,0.008412668848046728
2014-08-15,sh.600188,7.6200,7.79,7.6,7.7,10200998,78605506.0000,3,0.344631,1,0.785300,35.883110,0.935801,0.600586,5.236935,0,7.767999999999944,7.763000000000022,7.501000000000036,-1,-1,1,1,1,41.66666666666663,51.98893698893709,21.022126022125704,-1,0.21867850476929895,0.22228118003303468,-0.0036026752637357273
2014-08-18,sh.600188,7.7500,7.79,7.67,7.77,9674851,74806711.0000,3,0.326855,1,0.909100,36.209320,0.944308,0.606046,5.284543,0,7.745999999999944,7.767000000000022,7.555500000000036,1,1,1,-1,1,37.47492345053317,43.41756707610376,25.58963619939199,-1,0.21165110427300515,0.22015516488102876,-0.008504060608023611
2014-08-19,sh.600188,7.7700,8.0,7.72,7.87,17735477,139746589.0000,3,0.599176,1,1.287000,36.675334,0.956461,0.613846,5.352556,0,7.773999999999944,7.771000000000022,7.608000000000037,1,1,1,1,1,49.92321589882565,43.02160200534195,63.72644368579307,1,0.21171053574430765,0.21846623905368454,-0.006755703309376887
2014-08-20,sh.600188,7.8000,7.88,7.73,7.79,8461419,65835954.0000,3,0.285861,1,-1.016500,36.302523,0.946739,0.607606,5.298146,0,7.753999999999944,7.769000000000022,7.646500000000036,1,1,1,-1,1,58.64414613138377,48.68076182691433,78.57091474032266,1,0.202962676803085,0.21536552660356462,-0.01240284980047962
2014-08-21,sh.600188,7.7700,7.78,7.62,7.67,8248792,63423766.0000,3,0.278677,1,-1.540400,35.743305,0.932155,0.598246,5.216531,0,7.759999999999944,7.7620000000000235,7.665000000000035,-1,-1,1,-1,1,48.50990525409128,52.35908909476703,40.81153757273978,-1,0.18422332661491314,0.20913708660583433,-0.024913759990921186
2014-08-22,sh.600188,7.6600,7.73,7.61,7.67,7029515,53884933.0000,3,0.237485,1,0.000000,35.743305,0.932155,0.598246,5.216531,0,7.753999999999944,7.761000000000022,7.681000000000035,-1,-1,-1,-1,1,32.55813953488366,46.570730306786366,4.5329579910782485,-1,0.1674420884148926,0.20079808696764598,-0.03335599855275337
2014-08-25,sh.600188,7.7300,7.78,7.62,7.68,7686515,59193944.0000,3,0.259681,1,0.130400,8.387214,0.917487,0.581421,6.996865,0,7.735999999999945,7.741000000000023,7.689000000000034,-1,-1,-1,-1,1,24.031007751937892,35.03301751363774,2.026988228538201,-1,0.15318394351841036,0.19127525827779884,-0.038091314759388484
2014-08-26,sh.600188,7.6200,7.7,7.48,7.49,8120460,61604322.0000,3,0.274342,1,-2.474000,8.179718,0.894789,0.567037,6.823766,0,7.659999999999944,7.717000000000022,7.693500000000034,-1,-1,-1,-1,-1,16.92009540846742,24.503080898429786,1.7541244285426956,-1,0.1251106511520117,0.17804233685264143,-0.05293168570062973
2014-08-27,sh.600188,7.5000,7.55,7.38,7.48,5235284,39066247.0000,3,0.176869,1,-0.133500,8.168797,0.893594,0.566280,6.814655,0,7.597999999999945,7.6760000000000215,7.702000000000034,-1,-1,-1,-1,-1,14.544501509992854,18.498534890132852,6.636434749712855,-1,0.10089242321649117,0.16261235412541136,-0.061719930908920195
2014-08-28,sh.600188,7.4800,7.7,7.42,7.51,6624714,50152687.0000,3,0.223809,1,0.401100,8.201560,0.897178,0.568551,6.841987,0,7.565999999999944,7.6630000000000225,7.701500000000033,-1,-1,-1,-1,-1,13.006617038875106,14.82373798577859,9.372375145068137,-1,0.08316141929872956,0.146722167160075,-0.06356074786134544
2014-08-29,sh.600188,7.5000,7.65,7.4,7.65,5420982,41013679.0000,3,0.183143,1,1.864200,8.354452,0.913903,0.579150,6.969534,0,7.561999999999943,7.658000000000023,7.710500000000033,1,-1,-1,-1,-1,26.881720430107567,18.14427965965864,44.356601971005425,1,0.07948998979850419,0.13327573168776083,-0.05378574188925664
2014-09-01,sh.600188,7.6500,7.71,7.58,7.7,6963461,53421220.0000,3,0.235254,1,0.653600,8.409056,0.919876,0.582936,7.015086,0,7.565999999999944,7.651000000000023,7.709000000000033,1,1,-1,-1,-1,42.83870967741939,27.575682382134147,73.36476426798987,1,0.07969624885333015,0.12255983512087469,-0.04286358626754454
2014-09-02,sh.600188,7.7100,7.93,7.67,7.92,16338238,127780343.0000,3,0.551971,1,2.857100,8.649315,0.946159,0.599591,7.215517,0,7.651999999999944,7.656000000000023,7.713500000000032,1,1,1,-1,-1,68.57673509286418,46.09905506679718,113.53209514499821,1,0.09649948601761427,0.1173477653002226,-0.020848279282608337
2014-09-03,sh.600188,7.9800,8.59,7.97,8.49,38546195,321822512.0000,3,1.302245,1,7.197000,9.271803,1.014253,0.642743,7.734816,0,7.853999999999944,7.726000000000022,7.7475000000000325,1,1,1,1,1,84.63911845730031,65.35152107586143,123.2143132201781,1,0.1540347916475504,0.12468517056968817,0.029349621077862237
2014-09-04,sh.600188,8.5300,8.53,8.23,8.4,20798646,173722880.0000,3,0.702662,1,-1.060100,9.173516,1.003502,0.635930,7.652821,0,8.031999999999943,7.799000000000023,7.780500000000032,1,1,1,1,1,91.404958677686,81.54027074261695,111.13433454782407,1,0.19017744088299882,0.1377836246323503,0.05239381625064851
2014-09-05,sh.600188,8.3400,8.5,8.3,8.39,14122829,118602328.0000,3,0.477126,1,-0.119000,9.162595,1.002307,0.635173,7.643711,0,8.179999999999945,7.871000000000022,7.816000000000031,1,1,1,1,1,86.50137741046836,87.51515151515169,84.47382920110172,-1,0.21552934622834385,0.15333276895154901,0.06219657727679484
2014-09-09,sh.600188,8.3800,9.06,8.33,8.73,25027775,217912164.0000,3,0.845539,1,4.052400,9.533904,1.042925,0.660913,7.953468,0,8.385999999999944,7.976000000000023,7.8585000000000305,1,1,1,1,1,82.70857929948843,86.87163846254775,74.3824609733698,-1,0.26005828236810746,0.1746778716348607,0.08538041073324676
2014-09-10,sh.600188,8.6500,8.75,8.48,8.66,17280243,148588794.0000,3,0.583796,1,-0.801800,9.457458,1.034562,0.655613,7.889694,0,8.533999999999944,8.093000000000023,7.905000000000031,1,1,1,1,1,79.91061056504653,83.04018909166791,73.65145351180377,-1,0.2863979527640108,0.19702188786069072,0.08937606490332009
2014-09-11,sh.600188,8.6700,8.75,8.43,8.44,15879534,136235236.0000,3,0.536474,1,-2.540400,9.217199,1.008280,0.638958,7.689263,0,8.523999999999942,8.189000000000023,7.932500000000031,-1,1,1,1,1,72.97045324153758,78.52988103535766,61.851597653897414,-1,0.2862207947805846,0.21486166924466948,0.07135912553591511
2014-09-12,sh.600188,8.4000,8.57,8.36,8.55,7679856,65075526.0000,3,0.259456,1,1.303300,9.337328,1.021421,0.647286,7.789479,0,8.553999999999942,8.293000000000022,7.978000000000033,-1,1,1,1,1,68.03158580267014,73.63754986975157,56.81965766850729,-1,0.2915951491265547,0.23020836522104654,0.06138678390550817
2014-09-15,sh.600188,8.5300,8.77,8.45,8.69,14318976,124318008.0000,3,0.483752,1,1.637400,9.490220,1.038146,0.657884,7.917026,0,8.613999999999942,8.397000000000022,8.027500000000034,1,1,1,1,1,67.19081263806927,69.39761722742581,62.7772034593562,-1,0.30365089513406396,0.24489687120365003,0.05875402393041393
2014-09-16,sh.600188,8.7500,8.75,8.21,8.24,13745788,117107774.0000,3,0.464388,1,-5.178400,8.998782,0.984387,0.623817,7.507053,0,8.515999999999941,8.45100000000002,8.051000000000034,-1,-1,1,1,1,54.56415923546806,63.26218589206931,37.16810592226557,-1,0.27373843522388874,0.25066518400769777,0.02307325121619097
2014-09-17,sh.600188,8.2400,8.39,8.2,8.32,6842888,56780754.0000,3,0.231180,1,0.970900,9.086149,0.993944,0.629873,7.579937,0,8.44799999999994,8.49100000000002,8.073500000000033,-1,-1,1,-1,1,37.368475179318914,53.0411490176189,6.0231275027189355,-1,0.2535649873145065,0.2512451446690595,0.00231984264544699
2014-09-18,sh.600188,8.2500,8.58,8.25,8.41,8995573,75883516.0000,3,0.303907,1,1.081700,9.184436,1.004696,0.636687,7.661932,0,8.441999999999942,8.48300000000002,8.104500000000034,-1,-1,1,-1,1,21.04757840836363,37.66007094105036,-12.177406657009826,-1,0.24204943710271642,0.2494060031557909,-0.00735656605307447
2014-09-19,sh.600188,8.4000,8.51,8.28,8.46,8990914,75555794.0000,3,0.303749,1,0.594500,9.239041,1.010669,0.640472,7.707484,0,8.423999999999943,8.489000000000019,8.144000000000034,1,-1,1,-1,1,22.86821705426367,27.09475688064889,14.415137401493233,-1,0.23425748822336168,0.24637630016930506,-0.012118811945943386
2014-09-22,sh.600188,8.4500,8.63,8.35,8.41,10157841,86034648.0000,3,0.343173,1,-0.591000,9.184436,1.004696,0.636687,7.661932,0,8.367999999999943,8.491000000000017,8.181000000000035,1,-1,1,-1,1,30.497756017951975,24.804517160193246,41.884233733469436,1,0.22149447997630745,0.24139993613070554,-0.019905456154398093
2014-09-23,sh.600188,8.4100,8.55,8.34,8.44,6580310,55537480.0000,3,0.222309,1,0.356700,9.217199,1.008280,0.638958,7.689263,0,8.407999999999943,8.462000000000018,8.219000000000033,1,-1,1,-1,1,36.39330885352928,29.91976064191513,49.34040527675757,1,0.211363980865638,0.23539274507769203,-0.02402876421205402
2014-09-24,sh.600188,8.4600,8.73,8.38,8.67,15487111,132869121.0000,3,0.523217,1,2.725100,9.468379,1.035757,0.656370,7.898805,0,8.477999999999943,8.463000000000019,8.278000000000032,1,1,1,1,1,53.801169590643354,40.23074482070836,80.94201913051334,1,0.21936585215083326,0.23218736649232027,-0.012821514341487011
2014-09-25,sh.600188,8.6700,8.73,8.54,8.57,11875825,102646620.0000,3,0.401213,1,-1.153400,9.359170,1.023810,0.648800,7.807700,0,8.509999999999945,8.476000000000019,8.332500000000033,1,1,1,1,1,63.15789473684219,51.117457727005096,87.23876875651636,1,0.21515802079705892,0.228781497353268,-0.013623476556209074
2014-09-26,sh.600188,8.5500,8.69,8.5,8.62,7359635,63427969.0000,3,0.248638,1,0.583400,9.413774,1.029784,0.652585,7.853252,0,8.541999999999943,8.48300000000002,8.388000000000034,1,1,1,1,1,74.57735247208934,63.84547226652512,96.0411128832178,1,0.2133979475620844,0.22570478739503128,-0.012306839832946864
2014-09-29,sh.600188,8.6300,8.84,8.58,8.82,15589867,136066437.0000,3,0.526688,1,2.320200,9.632191,1.053677,0.667726,8.035462,0,8.623999999999942,8.49600000000002,8.446500000000032,1,1,1,1,1,79.38363902179695,72.37296207690964,93.40499291157155,1,0.2255415033174497,0.22567213057951496,-0.00013062726206525266
2014-09-30,sh.600188,9.0500,9.14,8.87,8.88,23066837,207992370.0000,3,0.779290,1,0.680300,9.697716,1.060844,0.672269,8.090126,0,8.711999999999943,8.56000000000002,8.505500000000033,1,1,1,1,1,81.34171773918965,78.43423641102547,87.15668039551801,1,0.23727173642131305,0.22799205174787457,0.009279684673438482
2014-10-08,sh.600188,8.8900,8.93,8.74,8.82,11149814,98075486.0000,3,0.376685,1,-0.675700,9.632191,1.053677,0.667726,8.035462,0,8.741999999999944,8.610000000000019,8.550500000000033,1,1,1,1,1,76.81740484278377,79.18092053459027,72.09037345917076,-1,0.23897181379418164,0.23018800415713597,0.00878380963704567
2014-10-09,sh.600188,8.8200,8.93,8.68,8.88,14435013,127398256.0000,3,0.487673,1,0.680300,9.697716,1.060844,0.672269,8.090126,0,8.803999999999943,8.65700000000002,8.570000000000032,1,1,1,1,1,67.0257381761171,75.06162025269698,50.95397402295734,-1,0.2423667825188609,0.23262375982948097,0.009743022689379932
2014-10-10,sh.600188,8.9200,9.14,8.91,8.92,16417235,147906507.0000,3,0.554640,1,0.450500,9.741400,1.065623,0.675297,8.126568,0,8.863999999999944,8.703000000000019,8.596000000000032,1,1,1,1,1,67.59689922480621,70.48001408123584,61.83066951194695,-1,0.24545552687558825,0.23519011323870243,0.010265413636885823
2014-10-13,sh.600188,8.9600,9.4,8.83,9.38,24987587,228686028.0000,3,0.844181,1,5.157000,10.243759,1.120577,0.710122,8.545651,0,8.975999999999946,8.800000000000018,8.645500000000032,1,1,1,1,1,79.34640522875819,71.32301420989397,95.39318726648662,1,0.2817734259940998,0.24450677578978192,0.03726665020431791
2014-10-14,sh.600188,9.3000,9.36,9.15,9.3,13741229,127132162.0000,3,0.464234,1,-0.852900,10.156392,1.111020,0.704065,8.472767,0,9.059999999999945,8.886000000000019,8.674000000000033,1,1,1,1,1,86.47603485838782,77.80644643731755,103.81521170052835,1,0.300634760904682,0.25573237281276195,0.04490238809192004
2014-10-15,sh.600188,9.2800,9.29,9.12,9.14,9437501,86628670.0000,3,0.318837,1,-1.720400,9.981659,1.091905,0.691952,8.326999,0,9.123999999999945,8.933000000000018,8.698000000000032,1,1,1,1,1,86.01307189542489,83.9451706608571,90.14887436456044,1,0.2992225901263108,0.2644304162754717,0.0347921738508391
2014-10-16,sh.600188,9.1100,9.3,8.9,8.93,10469253,95324358.0000,3,0.353693,1,-2.297600,9.752321,1.066818,0.676054,8.135678,0,9.133999999999945,8.969000000000019,8.722500000000034,-1,-1,1,1,1,67.56097560975611,80.01669412118974,42.649538586888866,-1,0.2779541077201628,0.26713515456440995,0.010818953155752875
2014-10-17,sh.600188,8.8900,8.99,8.67,8.69,10012050,87940195.0000,3,0.338247,1,-2.687600,9.490220,1.038146,0.657884,7.917026,0,9.087999999999944,8.976000000000019,8.729500000000034,-1,-1,-1,1,1,38.84458798925886,64.13954516481341,-11.745326361850232,-1,0.2389778994792202,0.261503703547372,-0.0225258040681518
2014-10-20,sh.600188,8.7300,8.87,8.68,8.76,5806895,50949283.0000,3,0.196180,1,0.805500,9.566666,1.046509,0.663184,7.980799,0,8.963999999999944,8.97000000000002,8.733000000000033,-1,-1,1,-1,1,19.250473326651022,41.8853456418888,-26.019271303824524,-1,0.21130163490891718,0.251463289819681,-0.040161654910763844
2014-10-21,sh.600188,8.7700,8.86,8.72,8.73,4914060,43221101.0000,3,0.166017,1,-0.342500,9.533904,1.042925,0.660913,7.953468,0,8.849999999999943,8.955000000000021,8.757500000000032,-1,-1,-1,-1,1,7.762557077625559,21.952539464511943,-20.61740769614721,-1,0.1848167936084355,0.23813399057743193,-0.05331719696899642
2014-10-22,sh.600188,8.7100,8.8,8.5,8.5,7365486,63719851.0000,3,0.248836,1,-2.634600,9.282724,1.015448,0.643500,7.743926,0,8.721999999999943,8.923000000000021,8.766500000000033,-1,-1,-1,-1,-1,6.8493150684931585,11.287448490923376,-2.0269517763672766,-1,0.14361280918659602,0.21922975429926475,-0.07561694511266873
2014-10-23,sh.600188,8.5000,8.5,8.16,8.2,11323472,93860051.0000,3,0.382552,1,-3.529400,8.955098,0.979609,0.620789,7.470611,0,8.575999999999942,8.855000000000022,8.756000000000032,-1,-1,-1,-1,-1,3.8149948446015554,6.1422889969068875,-0.8395934600091088,-1,0.08576224806764188,0.19253625305294017,-0.1067740049852983
2014-10-24,sh.600188,8.2600,8.34,8.2,8.29,4890379,40433677.0000,3,0.165217,1,1.097600,9.053386,0.990360,0.627602,7.552606,0,8.495999999999942,8.792000000000021,8.74750000000003,-1,-1,-1,-1,-1,4.686379928315359,5.116896613803488,3.8253465573391026,-1,0.04663987399361602,0.16335697724107534,-0.11671710324745932
2014-10-27,sh.600188,8.3600,8.36,8.05,8.11,8562993,69482771.0000,3,0.289292,1,-2.171300,10.457098,0.984832,0.611739,3.379773,0,8.365999999999943,8.665000000000022,8.73250000000003,-1,-1,-1,-1,-1,6.286379928315324,4.929251567077543,9.000636650790888,1,0.0010979584200221382,0.1309051734768647,-0.12980721505684256
2014-10-28,sh.600188,8.1100,8.39,8.1,8.38,8891841,73365121.0000,3,0.300402,1,3.329200,10.805238,1.017619,0.632105,3.492293,0,8.295999999999943,8.573000000000022,8.72950000000003,1,-1,-1,-1,-1,14.011111111111049,8.327956989247374,25.3774193548384,1,-0.01305708037319242,0.10211272270685327,-0.1151698030800457
2014-10-29,sh.600188,8.4000,8.59,8.35,8.56,9841925,83574562.0000,3,0.332500,1,2.148000,11.037332,1.039477,0.645682,3.567306,0,8.307999999999943,8.515000000000022,8.72400000000003,1,1,-1,-1,-1,28.48510638297869,16.26086580746848,52.93358753399911,1,-0.00963943748613083,0.07976229066825645,-0.08940172815438728
2014-10-30,sh.600188,8.5300,8.66,8.42,8.63,11038153,94509421.0000,3,0.372913,1,0.817800,11.127590,1.047978,0.650963,3.596478,0,8.393999999999945,8.485000000000023,8.72700000000003,1,1,-1,-1,-1,50.46234215533649,30.986186549808867,89.41465336639175,1,-0.0012679003240609887,0.06355625246979296,-0.06482415279385395
2014-10-31,sh.600188,8.6100,9.07,8.55,8.97,20288426,179992313.0000,3,0.685424,1,3.939700,11.565989,1.089265,0.676609,3.738170,0,8.529999999999944,8.513000000000023,8.74450000000003,1,1,1,1,-1,71.7277016324607,50.22505005692542,114.73300478353123,1,0.03242795244193708,0.057330592464221786,-0.024902640022284706
2014-11-03,sh.600188,9.0000,9.15,8.86,8.99,16052252,144388207.0000,3,0.542309,1,0.223000,11.591777,1.091694,0.678117,3.746505,0,8.705999999999944,8.536000000000021,8.753000000000032,1,1,1,1,-1,82.12744373433044,68.10582917404267,110.170672854906,1,0.06005372936752629,0.05787521984488268,0.002178509522643604
2014-11-04,sh.600188,8.9200,9.25,8.84,9.13,22387555,203923785.0000,3,0.756341,1,1.557300,11.772294,1.108695,0.688678,3.804849,0,8.855999999999945,8.57600000000002,8.765500000000031,1,1,1,1,1,88.5502079619727,80.8017844429214,104.04705500007529,1,0.09218157477227606,0.06473649083036136,0.027445083941914708
2014-11-05,sh.600188,9.1800,9.2,8.9,8.92,13341268,120222815.0000,3,0.450722,1,-2.300100,11.501518,1.083194,0.672837,3.717333,0,8.927999999999944,8.61800000000002,8.77050000000003,-1,1,1,1,1,82.65151515151516,84.44305561593954,79.06843422266638,-1,0.09955032459340707,0.0716992575829705,0.027851067010436575
2014-11-06,sh.600188,8.9000,8.91,8.7,8.82,9497586,83580151.0000,3,0.320867,1,-1.121100,11.372578,1.071050,0.665294,3.675659,0,8.965999999999944,8.680000000000021,8.76750000000003,-1,1,1,1,1,75.55555555555556,82.25242622301458,62.161814220637524,-1,0.09621187702200373,0.07660178147077715,0.019610095551226586
2014-11-07,sh.600188,8.8400,9.05,8.78,8.88,11349333,100880300.0000,3,0.383426,1,0.680300,11.449942,1.078336,0.669820,3.700664,0,8.947999999999945,8.739000000000022,8.765500000000031,-1,1,1,1,1,68.16425120772948,75.4571073049335,53.57853901332143,-1,0.09728617733475708,0.08073866064357313,0.016547516691183956
2014-11-10,sh.600188,8.8300,9.05,8.83,9.02,14665377,131238602.0000,3,0.495455,1,1.576600,11.630459,1.095337,0.680380,3.759007,0,8.953999999999946,8.830000000000021,8.747500000000032,1,1,1,1,1,68.81239935587763,70.84406870638766,64.74906065485757,-1,0.10818728239648756,0.08622838499415601,0.021958897402331548
2014-11-11,sh.600188,9.1400,9.5,9.0,9.13,34197014,316257840.0000,3,1.155312,1,1.219500,11.772294,1.108695,0.688678,3.804849,0,8.953999999999946,8.90500000000002,8.739000000000031,1,1,1,1,1,69.33709071390234,68.77124709250324,70.46877795670054,1,0.12427005949731473,0.09383671989478776,0.030433339602526976
2014-11-12,sh.600188,9.1400,9.47,9.06,9.43,27311248,254237477.0000,3,0.922684,1,3.285900,12.159116,1.145125,0.711307,3.929871,0,9.055999999999944,8.992000000000022,8.753500000000031,1,1,1,1,1,77.60558804418453,71.91835937132159,88.98004538991043,1,0.1593859668042601,0.10694656927668222,0.05243939752757787
2014-11-13,sh.600188,9.4200,9.48,9.04,9.23,23872940,220815269.0000,3,0.806524,1,-2.120900,11.901235,1.120838,0.696221,3.846523,0,9.137999999999945,9.052000000000023,8.76850000000003,1,1,1,1,1,74.87410656270309,73.93892844026341,76.74446280758244,1,0.16912764954555115,0.11938278533045601,0.049744864215095136
2014-11-14,sh.600188,9.1800,9.47,9.1,9.45,23223174,216542777.0000,3,0.784572,1,2.383500,12.184905,1.147554,0.712815,3.938206,0,9.251999999999944,9.100000000000023,8.80650000000003,1,1,1,1,1,84.21052631578947,78.89674030755913,94.83809833225013,1,0.19238249899191295,0.1339827280627474,0.05839977092916554
2014-11-17,sh.600188,9.4900,9.49,9.24,9.3,16853109,157588633.0000,3,0.569366,1,-1.587300,11.991493,1.129339,0.701501,3.875695,0,9.307999999999945,9.131000000000023,8.833500000000031,-1,1,1,1,1,78.33333333333337,79.13932207060874,76.72135585878263,-1,0.19644390526479505,0.14647496350315695,0.0499689417616381
2014-11-18,sh.600188,9.3300,9.33,8.86,8.96,18870097,169533059.0000,3,0.637508,1,-3.655900,11.553095,1.088051,0.675854,3.734003,0,9.273999999999944,9.114000000000024,8.84500000000003,-1,-1,1,1,1,67.0833333333334,76.54239766081885,48.1652046783625,-1,0.17026473462087388,0.15123291772670033,0.019031816894173548
2014-11-19,sh.600188,8.9600,8.96,8.78,8.85,9012278,79682845.0000,3,0.304471,1,-1.227700,11.411260,1.074693,0.667557,3.688161,0,9.157999999999944,9.107000000000024,8.862500000000031,-1,-1,-1,1,1,39.07407407407418,61.49691358024709,-5.771604938271636,-1,0.13903872075887413,0.1487940783331351,-0.009755357574260964
2014-11-20,sh.600188,8.8300,8.95,8.79,8.85,7822209,69375769.0000,3,0.264266,1,0.000000,11.411260,1.074693,0.667557,3.688161,0,9.081999999999944,9.110000000000023,8.895000000000032,-1,-1,-1,-1,1,17.314814814814895,41.1574074074076,-30.37037037037051,-1,0.11298940823726156,0.1416331443139604,-0.028643736076698845
2014-11-21,sh.600188,8.8300,8.96,8.7,8.94,7653337,67764761.0000,3,0.258560,1,1.016900,11.527307,1.085622,0.674346,3.725668,0,8.979999999999944,9.116000000000023,8.927500000000032,-1,-1,1,-1,1,16.481481481481506,24.2901234567903,0.8641975308639118,-1,0.09847226129597253,0.13300096771036282,-0.03452870641439029
2014-11-24,sh.600188,8.9400,8.94,8.94,8.94,0,0.0000,3,,0,0.000000,11.527307,1.085622,0.674346,3.725668,0,8.907999999999944,9.108000000000022,8.969000000000031,1,-1,-1,-1,-1,23.367323019221768,19.054539771839497,31.992889513986306,1,0.08597623721039405,0.12359602161036906,-0.037619784399975015
2014-11-25,sh.600188,9.3000,9.57,9.16,9.55,33534348,312338336.0000,3,1.132925,1,6.823300,12.313845,1.159697,0.720358,3.979880,0,9.025999999999945,9.150000000000023,9.027500000000032,1,1,1,-1,-1,52.693632086910156,30.847478862537915,96.38593853565465,1,0.12386708743154706,0.12365023477460466,0.00021685265694240674
2014-11-26,sh.600188,9.5700,9.85,9.33,9.79,34289939,330035920.0000,3,1.158452,1,2.513100,12.623303,1.188841,0.738462,4.079898,0,9.213999999999945,9.186000000000021,9.08900000000003,1,1,1,1,1,74.28783498546086,50.11626336386437,122.63097822865386,1,0.17128735940046624,0.13317765969977696,0.03810969970068928
2014-11-27,sh.600188,9.8100,10.48,9.71,10.2,40460543,409851072.0000,3,1.366919,1,4.187900,13.151961,1.238629,0.769388,4.250762,0,9.483999999999943,9.28300000000002,9.16750000000003,1,1,1,1,1,92.25114034742928,73.07753580660021,130.59834942908745,1,0.2391945541407825,0.15438103858797808,0.08481351555280442
2014-11-28,sh.600188,10.2500,10.63,9.78,10.58,40539801,408528160.0000,3,1.369597,1,3.725500,13.641936,1.284774,0.798051,4.409124,0,9.811999999999944,9.39600000000002,9.248000000000031,1,1,1,1,1,92.15386601395697,86.23094711561582,103.99970381063926,1,0.31998572319213103,0.18750197550880868,0.13248374768332236
2014-12-01,sh.600188,10.4800,11.64,10.15,11.62,64927502,736902768.0000,3,2.193512,1,9.829900,14.982920,1.411066,0.876499,4.842535,0,10.347999999999944,9.628000000000021,9.379500000000032,1,1,1,1,1,93.66623907912508,92.69041514683722,95.61788694370077,1,0.4626000496774658,0.24252159034254012,0.2200784593349257
2014-12-02,sh.600188,11.6900,12.49,11.17,11.87,59044545,686228528.0000,3,1.994762,1,2.151500,15.305272,1.441425,0.895356,4.946720,0,10.811999999999943,9.919000000000022,9.516500000000033,1,1,1,1,1,93.456738421965,93.09228117168247,94.18565292253007,1,0.5890061453605355,0.3118185013461392,0.27718764401439633
2014-12-03,sh.600188,11.7000,12.62,11.6,12.08,51814718,632780144.0000,3,1.750509,1,1.769200,15.576047,1.466926,0.911197,5.034236,0,11.269999999999943,10.242000000000022,9.674500000000034,1,1,1,1,1,89.72845954564765,92.28381234891269,84.61775393911759,-1,0.6980820762192312,0.3890712163207576,0.30901085989847366
2014-12-04,sh.600188,12.1700,13.19,12.16,13.17,52068599,658096464.0000,3,1.759086,1,9.023200,16.981502,1.599289,0.993416,5.488484,0,11.863999999999942,10.674000000000024,9.892000000000033,1,1,1,1,1,89.79835417016415,90.99451737925904,87.40602775197436,-1,0.8625366422627181,0.4837643015091497,0.3787723407535684
2014-12-05,sh.600188,13.1000,14.0,12.62,13.41,61528663,818591408.0000,3,2.078685,1,1.822300,17.290960,1.628433,1.011519,5.588502,0,12.429999999999941,11.121000000000024,10.118500000000033,1,1,1,1,1,91.18793963866544,90.2382511181592,93.08731667967791,1,1.0006986339804058,0.587151168003401,0.41354746597700487
2014-12-08,sh.600188,13.0600,13.69,12.73,13.29,42275570,557316432.0000,3,1.428238,1,-0.894900,17.136231,1.613861,1.002467,5.538493,0,12.763999999999943,11.556000000000022,10.332000000000033,1,1,1,1,1,90.71196766529363,90.56608715804119,91.00372867979851,1,1.0879685860785333,0.6873146516184274,0.4006539344601059
2014-12-09,sh.600188,13.0000,13.67,11.96,11.96,51868163,667388256.0000,3,1.752315,1,-10.007500,15.421318,1.452354,0.902145,4.984227,0,12.781999999999943,11.797000000000022,10.473500000000033,-1,1,1,1,1,75.01801455957582,85.63930728784509,53.77542910303728,-1,1.0378471116701888,0.7574211436287797,0.2804259680414092
2014-12-10,sh.600188,11.7200,12.25,11.53,12.19,27754990,330812784.0000,3,0.937675,1,1.923100,15.717882,1.480284,0.919494,5.080078,0,12.803999999999942,12.037000000000024,10.611500000000031,-1,1,1,1,1,64.78437702089734,76.83811974858905,40.6768915655139,-1,1.0050984110748171,0.8069565971179872,0.19814181395682995
2014-12-11,sh.600188,12.0200,12.28,11.8,11.97,19545529,235057249.0000,3,0.660326,1,-1.804800,15.434213,1.453568,0.902899,4.988395,0,12.563999999999941,12.214000000000024,10.748500000000032,-1,-1,1,1,1,52.276428153205444,64.02627324455965,28.776737970497038,-1,0.9504366267214639,0.8356526030386825,0.1147840236827814
2014-12-12,sh.600188,12.0400,12.26,11.85,12.11,19023686,229832652.0000,3,0.642696,1,1.169600,15.614730,1.470569,0.913460,5.046738,0,12.303999999999942,12.367000000000022,10.881500000000035,-1,-1,1,-1,1,45.865759905081354,54.30885502639483,28.97956966245441,-1,0.9079473469378225,0.8501115518185105,0.05783579511931203
2014-12-15,sh.600188,12.1600,12.17,11.72,12.07,15629353,186554348.0000,3,0.528022,1,-0.330300,15.563153,1.465711,0.910442,5.030069,0,12.059999999999942,12.412000000000024,11.020000000000033,1,-1,1,-1,1,34.11687438468176,44.0863541476563,14.177914858732677,-1,0.861120163666449,0.8523132741880982,0.008806889478350732
2014-12-16,sh.600188,12.0700,13.24,11.9,13.2,44121660,559610128.0000,3,1.490607,1,9.362100,17.020184,1.602932,0.995678,5.500987,0,12.307999999999941,12.545000000000023,11.232000000000031,1,1,1,-1,1,40.896410637902214,40.29301497588856,42.103201961929514,1,0.9047613145089155,0.8628028822522616,0.041958432256653855
2014-12-17,sh.600188,13.1000,13.1,12.45,12.69,34102451,436021584.0000,3,1.152118,1,-3.863600,16.362586,1.541001,0.957209,5.288448,0,12.40799999999994,12.606000000000023,11.424000000000031,1,1,1,-1,1,45.479082321187626,40.164122447923994,56.10900206771488,1,0.8879586684224279,0.8678340394862949,0.020124628936132982
2014-12-18,sh.600188,12.6100,13.35,12.38,12.75,27277696,353217536.0000,3,0.921550,1,0.472800,16.439951,1.548287,0.961735,5.313453,0,12.563999999999941,12.564000000000023,11.619000000000032,1,1,1,-1,1,57.01879342230223,47.79809546046415,75.4601893459784,1,0.8694613397971462,0.8681594995484652,0.0013018402486810743
2014-12-19,sh.600188,12.5500,13.2,12.25,12.99,33696575,433676128.0000,3,1.138405,1,1.882400,16.749409,1.577431,0.979838,5.413471,0,12.739999999999942,12.522000000000023,11.821500000000032,1,1,1,1,1,57.22311443331288,53.24033005893437,65.18868318206991,1,0.8642060385688239,0.867368807352537,-0.0031627687837130214
2014-12-22,sh.600188,13.2700,13.97,12.99,13.67,52275961,709768992.0000,3,1.766092,1,5.234800,17.626206,1.660006,1.031131,5.696855,0,13.059999999999942,12.560000000000024,12.058000000000032,1,1,1,1,1,70.8035661932297,61.68182468294839,89.04704921379232,1,0.9044851497025466,0.8747920758225389,0.029693073880007637
2014-12-23,sh.600188,13.6000,13.6,12.3,12.58,26544203,339771184.0000,3,0.896770,1,-7.973700,16.220751,1.527643,0.948912,5.242607,0,12.935999999999941,12.622000000000025,12.209500000000032,-1,-1,1,1,1,64.71714644014325,64.24794235556207,65.6555546093056,1,0.8387837678306465,0.8675904142241604,-0.028806646393513935
2014-12-24,sh.600188,12.5900,12.75,11.71,12.05,21816184,265542695.0000,3,0.737038,1,-4.213000,15.537365,1.463283,0.908934,5.021734,0,12.807999999999941,12.608000000000024,12.322500000000034,-1,-1,-1,1,1,46.990462680873264,60.8370584380822,19.29727116645539,-1,0.7354703345369291,0.8411663982867141,-0.10569606374978502
2014-12-25,sh.600188,12.2500,12.42,12.0,12.41,16281189,198281203.0000,3,0.550044,1,2.987500,16.001552,1.506999,0.936089,5.171761,0,12.739999999999942,12.652000000000024,12.433000000000034,-1,-1,-1,1,1,28.079973779088842,46.59586096670191,-8.951800596137304,-1,0.6748632818476974,0.8079057749989108,-0.13304249315121341
2014-12-26,sh.600188,12.2700,12.7,12.22,12.65,19838061,248451359.0000,3,0.670209,1,1.933900,16.311010,1.536143,0.954192,5.271779,0,12.67199999999994,12.706000000000024,12.536500000000034,-1,-1,1,-1,1,29.203539823008867,34.75799209432379,18.094635280379023,-1,0.6388336732524582,0.7740913546496203,-0.1352576813971621
2014-12-29,sh.600188,12.7000,13.7,12.7,13.03,36878660,488625120.0000,3,1.245909,1,3.004000,16.800985,1.582288,0.982855,5.430141,0,12.54399999999994,12.802000000000024,12.607000000000033,1,1,1,-1,-1,43.65781710914454,33.64711023708088,63.67923085327186,1,0.6336385819228258,0.7460008001042614,-0.11236221818143555
2014-12-30,sh.600188,13.0300,13.05,12.45,12.62,20874198,264933010.0000,3,0.705214,1,-3.146600,16.272328,1.532500,0.951929,5.259277,0,12.55199999999994,12.744000000000025,12.644500000000033,1,-1,-1,-1,-1,46.75516224188789,39.87217305801389,60.52114060963588,1,0.5896408484660167,0.7147288097766125,-0.12508796131059574
2014-12-31,sh.600188,12.7500,13.29,12.57,13.18,25485496,331026144.0000,3,0.861002,1,4.437400,16.994396,1.600504,0.994170,5.492652,0,12.777999999999938,12.793000000000024,12.699500000000032,1,1,1,-1,1,54.57227138643066,48.328416912487825,67.05998033431632,1,0.5931225006184757,0.6904075479449852,-0.09728504732650944
2015-01-05,sh.600188,13.3600,14.5,13.36,14.5,36498336,516776496.0000,3,1.233060,1,10.015200,18.696414,1.760797,1.093738,6.042750,0,13.195999999999938,12.968000000000023,12.766000000000034,1,1,1,1,1,68.43657817109145,56.588003933136804,92.13372664700074,1,0.694390205289281,0.6912040794138443,0.0031861258754366517
2015-01-06,sh.600188,15.6000,15.95,15.12,15.45,95075561,1483127856.0000,3,3.212034,1,6.551700,19.921352,1.876159,1.165396,6.438655,0,13.755999999999938,13.214000000000024,12.868000000000034,1,1,1,1,1,84.41726498580734,69.14203818110995,114.96771859520211,1,0.8416011966377539,0.7212835028586262,0.12031769377912771
2015-01-07,sh.600188,14.8000,15.56,14.67,15.29,46883371,708557744.0000,3,1.583908,1,-1.035600,19.715047,1.856730,1.153328,6.371976,0,14.207999999999936,13.376000000000024,12.968000000000035,1,1,1,1,1,90.88050314465413,81.24478210051778,110.1519452329268,1,0.9345830138294335,0.7639434050527877,0.17063960877664586
2015-01-08,sh.600188,15.1800,16.43,14.73,15.45,63791537,998694336.0000,3,2.155134,1,1.046400,19.921352,1.876159,1.165396,6.438655,0,14.773999999999935,13.663000000000025,13.142500000000036,1,1,1,1,1,83.50653775714471,86.26810196253552,77.98340934636309,-1,1.0095450299901003,0.8130637300402502,0.19648129994985009
2015-01-09,sh.600188,14.9600,15.5,14.66,14.73,39756084,597567136.0000,3,1.343120,1,-4.660200,18.992978,1.788727,1.111087,6.138601,0,15.083999999999936,13.931000000000026,13.269500000000036,-1,1,1,1,1,73.97733953189487,82.78812681123138,56.35576497322185,-1,0.999335270230052,0.8503180380782106,0.14901723215184137
2015-01-12,sh.600188,14.5000,15.18,14.17,14.89,32158200,474162544.0000,3,1.086433,1,1.086200,19.199284,1.808156,1.123156,6.205280,0,15.161999999999935,14.179000000000025,13.415500000000037,-1,1,1,1,1,66.26819633161676,74.58402454021892,49.63653991441245,-1,0.9927112673385015,0.8787966839302688,0.11391458340823268
2015-01-13,sh.600188,14.6700,15.07,14.58,14.74,19879883,294828528.0000,3,0.671622,1,-1.007400,19.005872,1.789941,1.111841,6.142768,0,15.019999999999934,14.388000000000025,13.547000000000036,-1,1,1,1,1,59.488057866529864,66.57786457668062,45.30844444622835,-1,0.9642427606019481,0.8958858992646046,0.06835686133734353
2015-01-14,sh.600188,14.7000,14.89,13.5,13.86,33462705,472394368.0000,3,1.130504,1,-5.970100,17.871193,1.683079,1.045462,5.776036,0,14.733999999999934,14.471000000000027,13.636500000000037,-1,-1,1,1,1,50.754636741566266,58.83696364657109,34.58998293155662,-1,0.8607504232943697,0.8888588040705576,-0.028108380776187936
2015-01-15,sh.600188,13.8800,14.41,13.4,14.39,24301074,336902192.0000,3,0.820988,1,3.824000,18.554580,1.747439,1.085440,5.996909,0,14.521999999999935,14.648000000000025,13.696000000000037,-1,-1,1,-1,1,41.50262205357692,50.58177222055781,23.344321719615152,-1,0.8121367638847943,0.873514396033405,-0.061377632148610695
2015-01-16,sh.600188,14.3000,14.68,14.2,14.47,24611898,356337968.0000,3,0.831489,1,0.555900,18.657732,1.757154,1.091475,6.030248,0,14.469999999999933,14.777000000000024,13.78500000000004,1,-1,1,-1,1,34.09456969055167,42.11727616189842,18.049156747858177,-1,0.7711757855566681,0.8530466739380576,-0.08187088838138945
2015-01-19,sh.600188,13.5400,13.9,13.02,13.02,28744946,384447744.0000,3,0.971120,1,-10.020700,16.788091,1.581074,0.982101,5.425973,0,14.095999999999933,14.629000000000024,13.798500000000038,-1,-1,-1,-1,1,22.954673317494684,32.85062168720789,3.162776578068275,-1,0.614626007259055,0.8053625406022571,-0.19073653334320206
2015-01-20,sh.600188,13.0000,13.28,12.77,13.09,21731090,283734416.0000,3,0.734163,1,0.537600,16.878349,1.589574,0.987381,5.455145,0,13.76599999999993,14.393000000000026,13.803500000000037,-1,-1,-1,-1,-1,14.685566917347534,23.911603308464763,-3.7665058648869234,-1,0.4905528076554102,0.7424005940128877,-0.2518477863574775
2015-01-21,sh.600188,13.0900,13.87,12.93,13.85,31176037,419594688.0000,3,1.053252,1,5.806000,17.858299,1.681864,1.044708,5.771868,0,13.76399999999993,14.249000000000027,13.812500000000037,1,-1,1,-1,-1,16.101202986448943,17.91381440709719,12.475980145152455,-1,0.44838089562799155,0.6835966543359084,-0.2352157587079169
2015-01-22,sh.600188,13.8100,14.7,13.6,14.35,34642521,494064816.0000,3,1.170363,1,3.610100,18.503003,1.742582,1.082423,5.980239,0,13.75599999999993,14.139000000000028,13.901000000000039,1,1,1,-1,-1,37.95459164481685,22.913787182871243,68.03620056870807,1,0.45011650990134733,0.6369006254489962,-0.18678411554764884
2015-01-23,sh.600188,14.4800,14.57,14.04,14.2,22922233,327132512.0000,3,0.774405,1,-1.045300,18.309592,1.724366,1.071109,5.917728,0,13.70199999999993,14.086000000000027,14.008500000000037,1,1,1,-1,-1,55.76483952634056,36.606878052535585,94.08076247395051,1,0.43438097681179677,0.5963966957215563,-0.16201571890975952
2015-01-26,sh.600188,14.1900,14.5,13.82,14.35,22325518,318307440.0000,3,0.754246,1,1.056300,18.503003,1.742582,1.082423,5.980239,0,13.967999999999929,14.032000000000028,14.105500000000038,1,1,1,-1,-1,67.42079363512484,53.71340826876088,94.83556436785277,1,0.42906816909990475,0.5629309903972259,-0.1338628212973212
2015-01-27,sh.600188,14.3600,14.68,13.87,14.2,22271821,318732736.0000,3,0.752431,1,-1.045300,18.309592,1.724366,1.071109,5.917728,0,14.18999999999993,13.978000000000028,14.183000000000039,1,1,1,1,1,70.26515972632514,64.48359762926366,81.82828392044811,1,0.4080502352048345,0.5319548393587477,-0.12390460415391313
2015-01-28,sh.600188,14.0700,14.07,13.51,13.6,22475562,309448432.0000,3,0.759315,1,-4.225300,17.535947,1.651506,1.025851,5.667683,0,14.13999999999993,13.95200000000003,14.21150000000004,-1,-1,-1,1,-1,63.87558249421583,67.18717861855541,57.252390245536674,-1,0.3390697999855643,0.49337783148411096,-0.15430803149854666
2015-01-29,sh.600188,13.3000,13.8,13.21,13.47,13563636,183576964.0000,3,0.458234,1,-0.955900,17.368324,1.635719,1.016045,5.613507,0,13.963999999999931,13.860000000000031,14.254000000000042,-1,-1,-1,1,-1,51.122625215889535,61.75445581214364,29.85896402338132,-1,0.27079088578259736,0.44886044234380823,-0.17806955656121087
2015-01-30,sh.600188,13.6600,13.85,13.33,13.34,11979544,162979714.0000,3,0.404717,1,-0.965100,17.200701,1.619933,1.006239,5.559330,0,13.79199999999993,13.747000000000032,14.26200000000004,-1,-1,-1,1,-1,36.26943005181355,50.42254592063978,7.9631983141611045,-1,0.20383970359186598,0.39985629459341976,-0.19601659100155377
2015-02-02,sh.600188,13.3300,13.55,13.17,13.22,8318382,111030051.0000,3,0.281028,1,-0.899500,17.045972,1.605361,0.997187,5.509321,0,13.565999999999931,13.767000000000033,14.198000000000041,-1,-1,-1,-1,-1,27.39576319975029,38.262606155817934,5.662077287615006,-1,0.13948946451261257,0.34778292857725834,-0.20829346406464577
2015-02-03,sh.600188,13.5500,13.95,13.52,13.75,14866490,203471946.0000,3,0.502250,1,4.009100,17.729359,1.669721,1.037165,5.730194,0,13.475999999999932,13.833000000000032,14.113000000000042,1,-1,-1,-1,-1,27.94211875982117,30.53577067046181,22.754814938539887,-1,0.12976218928513283,0.30417878071883325,-0.17441659143370042
2015-02-04,sh.600188,14.0000,14.25,13.72,13.75,19888823,278915616.0000,3,0.671924,1,0.000000,17.729359,1.669721,1.037165,5.730194,0,13.505999999999933,13.823000000000032,14.03600000000004,1,-1,-1,-1,-1,30.901091183158957,28.74632438091028,35.210624787656315,1,0.12066233331733223,0.26747549123853304,-0.1468131579212008
2015-02-05,sh.600188,13.9900,14.1,13.15,13.18,16453237,222649856.0000,3,0.555856,1,-4.145500,16.994396,1.600504,0.994170,5.492652,0,13.447999999999933,13.706000000000035,13.922500000000042,-1,-1,-1,-1,-1,26.093292357413944,28.312167433464833,21.655542205312166,-1,0.06668766173780405,0.22731792533838724,-0.1606302636005832
2015-02-06,sh.600188,13.1000,13.15,12.58,12.61,13710186,175377576.0000,3,0.463185,1,-4.324700,16.259434,1.531286,0.951175,5.255109,0,13.301999999999932,13.547000000000034,13.816500000000042,-1,-1,-1,-1,-1,13.933317256262354,23.64256693227856,-5.485182095770057,-1,-0.021830245189036646,0.17748829123290247,-0.1993185364219391
2015-02-09,sh.600188,12.5100,12.67,12.1,12.38,12830850,158451843.0000,3,0.433478,1,-1.823900,15.962870,1.503356,0.933826,5.159259,0,13.133999999999933,13.350000000000033,13.691000000000042,-1,-1,-1,-1,-1,5.470870518750175,15.165826710808966,-13.919041865367408,-1,-0.10928068229480559,0.12013449652736086,-0.22941517882216644
2015-02-10,sh.600188,12.3600,12.68,12.28,12.58,9208040,115433120.0000,3,0.311085,1,1.615500,16.220751,1.527643,0.948912,5.242607,0,12.899999999999931,13.188000000000034,13.583000000000041,-1,-1,-1,-1,-1,12.259136212624641,10.554441329212532,15.668525979448862,1,-0.16059620216633697,0.06398835678862129,-0.22458455895495827
2015-02-11,sh.600188,12.6100,13.01,12.55,12.68,8067755,103042866.0000,3,0.272561,1,0.794900,16.349692,1.539786,0.956455,5.284281,0,12.685999999999932,13.096000000000036,13.52400000000004,-1,-1,-1,-1,-1,20.77519379844968,12.835066843274973,36.6554477087991,1,-0.1909933051749011,0.012992024395916804,-0.20398532957081789
2015-02-12,sh.600188,12.7100,12.8,12.37,12.59,6518492,81828509.0000,3,0.220221,1,-0.709800,16.233645,1.528857,0.949666,5.246774,0,12.567999999999932,13.008000000000035,13.43400000000004,1,-1,-1,-1,-1,24.031007751938034,19.02177925433759,34.04946474713892,1,-0.2198116245670807,-0.0335687053966827,-0.186242919170398
2015-02-13,sh.600188,12.6600,12.98,12.66,12.75,10261849,131779820.0000,3,0.346686,1,1.270800,16.439951,1.548287,0.961735,5.313453,0,12.595999999999933,12.949000000000035,13.348000000000042,1,-1,-1,-1,-1,26.666666666666714,23.82428940568495,32.35142118863024,1,-0.22712157138924916,-0.07227927859519599,-0.15484229279405315
2015-02-16,sh.600188,12.7800,12.88,12.68,12.76,9026768,115258454.0000,3,0.304960,1,0.078400,16.452845,1.549501,0.962489,5.317620,0,12.671999999999931,12.903000000000034,13.335000000000042,1,-1,-1,-1,-1,27.906976744186096,26.20155038759709,31.317829457364105,1,-0.2294627368893618,-0.10371597025402915,-0.12574676663533266
2015-02-17,sh.600188,12.8100,12.99,12.76,12.85,8715657,112197094.0000,3,0.294450,1,0.705300,16.568891,1.560430,0.969278,5.355127,0,12.725999999999932,12.813000000000034,13.323000000000041,1,1,-1,-1,-1,32.810077519379895,29.127906976744374,40.174418604650945,1,-0.22150253621977,-0.1272732834471773,-0.0942292527725927
2015-02-25,sh.600188,12.8800,12.88,12.58,12.63,8158342,103408951.0000,3,0.275622,1,-1.712100,16.285222,1.533715,0.952683,5.263444,0,12.715999999999934,12.701000000000032,13.262000000000043,-1,-1,-1,1,-1,39.55795496493178,33.425003076166064,51.823858742463216,1,-0.23029152388638963,-0.14787693153501977,-0.08241459235136986
2015-02-26,sh.600188,12.6800,13.11,12.33,13.04,21626303,276237360.0000,3,0.730623,1,3.246200,16.813879,1.583503,0.983610,5.434308,0,12.805999999999932,12.687000000000031,13.196500000000043,1,1,-1,1,-1,60.34849913562791,44.238843873313336,92.56780966025705,1,-0.2018465253472872,-0.15867085029747324,-0.043175675049813955
2015-02-27,sh.600188,12.9500,13.21,12.9,13.12,16703489,218329036.0000,3,0.564311,1,0.613500,16.917032,1.593217,0.989644,5.467647,0,12.879999999999933,12.738000000000032,13.142500000000044,1,1,-1,1,-1,77.95602601734828,59.287493372636135,115.29309130677257,1,-0.17087854614602627,-0.16111238946718384,-0.009766156678842425
2015-03-02,sh.600188,13.0900,13.55,12.91,13.34,20599084,272817760.0000,3,0.695920,1,1.676800,17.200701,1.619933,1.006239,5.559330,0,12.995999999999933,12.834000000000032,13.092000000000045,1,1,1,1,-1,88.72625760725197,75.67692758674286,114.82491764827017,1,-0.1271186929695851,-0.1543136501676641,0.02719495719807899
2015-03-03,sh.600188,13.1800,13.24,12.85,12.9,18186366,237588776.0000,3,0.614408,1,-3.298400,16.633362,1.566502,0.973049,5.375964,0,13.005999999999933,12.866000000000032,13.027000000000044,-1,1,-1,1,-1,73.27692578882423,79.9864031378083,59.8579710908561,-1,-0.12648497674337555,-0.1487479154828064,0.022262938739430832
2015-03-04,sh.600188,12.8000,13.2,12.8,13.01,12832411,166860864.0000,3,0.433530,1,0.852700,16.775197,1.579860,0.981347,5.421806,0,13.081999999999931,12.89900000000003,12.997500000000045,-1,1,1,1,1,61.74863387978143,74.58393909195269,36.07802345543891,-1,-0.11577212241522439,-0.14215275686929,0.026380634454065605
2015-03-05,sh.600188,13.0300,13.08,12.51,12.57,13314022,169059354.0000,3,0.449801,1,-3.382000,16.207857,1.526429,0.948157,5.238439,0,12.987999999999932,12.897000000000029,12.952500000000047,-1,-1,-1,1,1,40.71038251366123,58.5786473940891,4.973852752805485,-1,-0.1411592351505444,-0.14195405252554089,0.0007948173749964815
2015-03-06,sh.600188,12.5800,13.0,12.58,12.74,13514621,173165071.0000,3,0.456578,1,1.352400,16.427057,1.547072,0.960981,5.309286,0,12.911999999999932,12.89600000000003,12.922500000000046,-1,-1,-1,1,-1,36.33879781420768,46.26593806921692,16.484517304189197,-1,-0.14587951737735594,-0.14273914549590389,-0.003140371881452053
2015-03-09,sh.600188,12.6000,12.69,12.21,12.68,15250079,189522209.0000,3,0.515209,1,-0.471000,16.349692,1.539786,0.956455,5.284281,0,12.779999999999932,12.888000000000028,12.895500000000045,-1,-1,-1,-1,-1,29.45110513008729,35.5000951526522,17.35312508495747,-1,-0.152701624337082,-0.1447316412641395,-0.0079699830729425
2015-03-10,sh.600188,12.6800,12.76,12.55,12.64,10531806,133399637.0000,3,0.355807,1,-0.315500,16.298116,1.534929,0.953438,5.267611,0,12.727999999999932,12.86700000000003,12.840000000000042,-1,-1,-1,-1,-1,33.590245493842275,33.12671614604589,34.51730418943505,1,-0.15949727367205568,-0.14768476774572276,-0.011812505926332928
2015-03-11,sh.600188,12.6800,12.7,12.22,12.32,20260775,251900431.0000,3,0.684490,1,-2.531700,15.885505,1.496070,0.929300,5.134254,0,12.589999999999932,12.83600000000003,12.768500000000042,-1,-1,-1,-1,-1,25.124378109452735,29.388576244460904,16.595981839436398,-1,-0.18853093313766855,-0.1558540008241119,-0.032676932313556645
2015-03-12,sh.600188,12.3500,12.89,12.13,12.57,22620324,281752816.0000,3,0.764205,1,2.029200,16.207857,1.526429,0.948157,5.238439,0,12.589999999999932,12.78900000000003,12.738000000000042,-1,-1,-1,-1,-1,23.76147431854812,27.492032640614514,16.30035767441533,-1,-0.18918658162910162,-0.16252051698510986,-0.026666064643991766
2015-03-13,sh.600188,12.7000,13.83,12.6,13.83,39943705,534921280.0000,3,1.349459,1,10.023900,17.832511,1.679436,1.043200,5.763534,0,12.807999999999932,12.860000000000031,12.799000000000042,1,1,1,-1,1,46.39829023894614,31.761380888982472,75.67210893887346,1,-0.08703147339157269,-0.1474227082664024,0.060391234874829725
2015-03-16,sh.600188,14.1000,14.5,13.62,14.3,67508689,949723600.0000,3,2.280714,1,3.398400,18.438533,1.736510,1.078652,5.959402,0,13.131999999999934,12.956000000000031,12.895000000000042,1,1,1,1,1,74.182365642519,48.11404340000456,126.31901012754787,1,0.031489269226339545,-0.11164031276785402,0.14312958199419357
2015-03-17,sh.600188,14.2400,14.44,13.93,14.41,45075237,637676096.0000,3,1.522822,1,0.769200,18.580368,1.749868,1.086949,6.005244,0,13.485999999999933,13.107000000000031,12.98650000000004,1,1,1,1,1,95.92123769338964,72.16729785828507,143.4291173635988,1,0.13276347761101093,-0.06275955469208103,0.19552303230309195
2015-03-18,sh.600188,14.3300,14.95,14.21,14.61,44011088,640356320.0000,3,1.486871,1,1.387900,18.838249,1.774155,1.102035,6.088592,0,13.943999999999932,13.26700000000003,13.083000000000041,1,1,1,1,1,91.90232516383882,87.33530949991597,101.03635649168453,1,0.22655080922166881,-0.00489748190933105,0.23144829113099985
2015-03-19,sh.600188,14.6500,14.96,14.4,14.62,41126219,602091408.0000,3,1.389409,1,0.068400,18.851143,1.775369,1.102789,6.092759,0,14.353999999999932,13.472000000000032,13.184500000000039,1,1,1,1,1,90.71055326043295,92.84470537255395,86.44224903619093,-1,0.2982468575294863,0.05573138597843243,0.2425154715510539
2015-03-20,sh.600188,14.5300,14.56,14.18,14.31,30796049,441455424.0000,3,1.040414,1,-2.120400,18.451427,1.737724,1.079406,5.963570,0,14.449999999999932,13.62900000000003,13.26250000000004,-1,1,1,1,1,84.32031008529017,88.97772950318745,75.00547124949563,-1,0.32629080583299697,0.10984326994934535,0.21644753588365162
2015-03-23,sh.600188,14.3500,14.71,14.2,14.49,33755771,489098016.0000,3,1.140405,1,1.257900,18.683520,1.759582,1.092983,6.038583,0,14.487999999999932,13.81000000000003,13.349000000000041,1,1,1,1,1,82.8032979976443,85.94472044778927,76.52045309735436,-1,0.35890312081913045,0.15965524012330237,0.19924788069582808
2015-03-24,sh.600188,14.4800,14.79,14.0,14.73,44300456,637900144.0000,3,1.496647,1,1.656300,18.992978,1.788727,1.111087,6.138601,0,14.551999999999932,14.01900000000003,13.44300000000004,1,1,1,1,1,84.09893992932864,83.74084933742115,84.81512111314359,1,0.3995093149442308,0.20762605508748805,0.19188325985674276
2015-03-25,sh.600188,14.5800,15.15,14.35,14.87,53064941,785741248.0000,3,1.792747,1,0.950400,19.173495,1.805727,1.121647,6.196945,0,14.603999999999933,14.274000000000033,13.55500000000004,1,1,1,1,1,88.09487517032726,84.99903769910019,94.28655011278138,1,0.4379385631625379,0.253688556702498,0.18425000646003986
2015-03-26,sh.600188,14.7500,15.27,14.6,15.01,45768056,684763344.0000,3,1.546229,1,0.941500,19.354013,1.822728,1.132207,6.255289,0,14.681999999999935,14.518000000000033,13.65350000000004,1,1,1,1,1,88.37827453499871,86.85736321155166,91.42009718189283,1,0.4742242868302995,0.29779570272805833,0.17642858410224116
2015-03-27,sh.600188,15.1300,15.6,14.87,14.94,42517016,647825104.0000,3,1.436395,1,-0.466400,19.263754,1.814228,1.126927,6.226117,0,14.807999999999932,14.62900000000003,13.74450000000004,1,1,1,1,1,77.91369133390974,84.79561367974536,64.14984664223849,-1,0.49166496164885665,0.336569554512218,0.15509540713663866
2015-03-30,sh.600188,14.7900,15.66,14.71,15.62,55049908,842958144.0000,3,1.859807,1,4.551500,33.633884,2.092555,1.201848,8.312988,0,15.033999999999931,14.76100000000003,13.85850000000004,1,1,1,1,1,80.77060920145836,82.35419169012238,77.60344422413033,-1,0.5539713027557163,0.38004990416091766,0.1739213985947986
2015-03-31,sh.600188,15.7100,16.25,15.32,15.35,59402501,938711456.0000,3,2.006855,1,-1.728500,33.052504,2.056385,1.181073,8.169293,0,15.15799999999993,14.855000000000029,13.981000000000043,1,1,1,1,1,72.68980112065027,77.12470055200623,63.82000225793837,-1,0.5749352873521936,0.41902698079917283,0.15590830655302074
2015-04-01,sh.600188,15.0600,15.8,15.05,15.59,31106073,481256640.0000,3,1.050888,1,1.563500,33.569286,2.088536,1.199540,8.297022,0,15.30199999999993,14.953000000000028,14.110000000000042,1,1,1,1,1,76.08567603748328,76.51536211986406,75.22630387272173,-1,0.603953391667357,0.45601226297280967,0.14794112869454729
2015-04-02,sh.600188,15.5100,16.09,15.46,15.91,37237199,589590144.0000,3,1.258022,1,2.052600,34.258329,2.131406,1.224161,8.467326,0,15.481999999999932,15.082000000000027,14.277000000000044,1,1,1,1,1,71.85185185185189,73.54244300332859,68.47066954889848,-1,0.645332779473625,0.4938763662729727,0.15145641320065228
2015-04-03,sh.600188,15.8700,16.25,15.65,16.09,34916800,557748144.0000,3,1.179630,1,1.131400,34.645915,2.155520,1.238011,8.563123,0,15.711999999999932,15.260000000000028,14.444500000000042,1,1,1,1,1,82.81481481481485,76.91744756805012,94.60954930834433,1,0.6847572824047621,0.5320525494993306,0.15270473290543152
2015-04-07,sh.600188,16.0900,17.25,16.09,16.75,42101640,702839776.0000,3,1.422362,1,4.101900,36.067065,2.243938,1.288793,8.914376,0,15.937999999999931,15.486000000000027,14.648000000000042,1,1,1,1,1,86.84546615581102,80.50404427415937,99.52830991911432,1,0.7604914965826648,0.5777403389159974,0.18275115766666739
2015-04-08,sh.600188,16.7000,16.76,15.51,16.05,37419755,604671968.0000,3,1.264189,1,-4.179100,34.559785,2.150161,1.234933,8.541834,0,16.077999999999932,15.618000000000029,14.818500000000043,-1,1,1,1,1,76.78816357020655,82.14948151361092,66.06552768339779,-1,0.755320393769539,0.6132563498867057,0.14206404388283322
2015-04-09,sh.600188,16.1400,16.37,15.2,15.77,30613993,483616128.0000,3,1.034264,1,-1.744500,33.956873,2.112650,1.213389,8.392818,0,16.11399999999993,15.70800000000003,14.991000000000042,-1,1,1,1,1,59.735961762099215,74.45653049603905,30.294824294219552,-1,0.7203251377903701,0.6346701074674386,0.08565503032293154
2015-04-10,sh.600188,15.5400,16.1,15.45,15.96,24714296,393033232.0000,3,0.834948,1,1.204800,34.365992,2.138104,1.228008,8.493936,0,16.12399999999993,15.803000000000031,15.160500000000042,-1,1,1,1,1,48.55395434061311,61.69269322430642,22.276476573226503,-1,0.6998550638717589,0.6477070987483027,0.05214796512345621
2015-04-13,sh.600188,15.9500,16.23,15.62,16.0,26144230,415929488.0000,3,0.883257,1,0.250600,34.452122,2.143463,1.231086,8.515224,0,16.10599999999993,15.909000000000031,15.269000000000043,-1,1,1,1,1,44.70890002386067,50.99960537552445,32.1274893205331,-1,0.6790325835780138,0.6539721957142449,0.02506038786376885
2015-04-14,sh.600188,15.8500,15.94,15.47,15.62,27877674,437604624.0000,3,0.941820,1,-2.375000,33.633884,2.092555,1.201848,8.312988,0,15.879999999999933,15.909000000000031,15.335000000000042,-1,-1,1,-1,1,39.434502505368656,44.232452289947595,29.838602936210776,-1,0.6246670211418532,0.6481111607997666,-0.023444139657913365
2015-04-15,sh.600188,15.5700,15.78,14.63,14.77,27289061,416001264.0000,3,0.921934,1,-5.441700,31.803615,1.978684,1.136446,7.860617,0,15.623999999999933,15.851000000000033,15.35300000000004,-1,-1,-1,-1,1,24.811473513763577,36.318292014331085,1.7978365126285638,-1,0.5071479392201681,0.6199185164838469,-0.11277057726367878
2015-04-16,sh.600188,14.7600,15.17,14.58,15.1,21207046,317066528.0000,3,0.716459,1,2.234300,32.514190,2.022893,1.161838,8.036243,0,15.489999999999933,15.802000000000032,15.37750000000004,-1,-1,-1,-1,1,16.90941926339472,27.05179842750911,-3.3753390648340584,-1,0.4356199070681903,0.5830587946007155,-0.1474388875325252
2015-04-17,sh.600188,15.1900,15.8,15.13,15.51,32559480,506250832.0000,3,1.099990,1,2.715200,33.397026,2.077819,1.193384,8.254446,0,15.399999999999931,15.762000000000032,15.42200000000004,1,-1,1,-1,-1,19.88354251841687,20.534811765191847,18.581004024866914,-1,0.40732164931871395,0.5479113655443152,-0.14058971622560124
2015-04-20,sh.600188,15.2800,16.19,14.97,15.38,44354521,695553216.0000,3,1.498474,1,-0.838200,33.117102,2.060404,1.183382,8.185259,0,15.27599999999993,15.691000000000031,15.47550000000004,1,-1,-1,-1,-1,30.334787937097,22.375916572969658,46.252530665351685,1,0.37013843712959194,0.5123567798613705,-0.14221834273177858
2015-04-21,sh.600188,15.1900,15.91,15.1,15.84,37216060,579779792.0000,3,1.257308,1,2.990900,34.107601,2.122028,1.218775,8.430072,0,15.319999999999931,15.600000000000032,15.543000000000038,1,1,1,-1,-1,47.30658994436444,32.50830679995956,76.90315623317419,1,0.3734833456751012,0.48458209302411664,-0.11109874734901543
2015-04-22,sh.600188,15.9000,16.69,15.76,16.35,50239872,815343408.0000,3,1.697304,1,3.219700,35.205762,2.190351,1.258016,8.701495,0,15.635999999999934,15.63000000000003,15.624000000000038,1,1,1,1,1,63.65818836103555,47.09985541416578,96.7748542547751,1,0.4125315407386747,0.47017198256702825,-0.05764044182835354
2015-04-23,sh.600188,16.3500,17.5,16.03,17.05,66686423,1119508688.0000,3,2.252935,1,4.281300,36.713042,2.284127,1.311876,9.074036,0,16.025999999999932,15.75800000000003,15.733000000000038,1,1,1,1,1,79.62211949085837,63.52896593208624,111.80842660840261,1,0.49426409766040713,0.47499040558570405,0.019273692074703086
2015-04-24,sh.600188,16.9000,18.1,16.6,17.29,59739594,1045289904.0000,3,2.018243,1,1.407600,37.229824,2.316279,1.330343,9.201764,0,16.38199999999993,15.891000000000028,15.84700000000004,1,1,1,1,1,81.82131112789916,75.03387299326448,95.39618739716855,1,0.5718122365858633,0.4943547717857359,0.07745746480012744
2015-04-27,sh.600188,17.2900,17.97,17.15,17.62,46165671,811293328.0000,3,1.559662,1,1.908600,37.940399,2.360488,1.355734,9.377391,0,16.829999999999934,16.05300000000003,15.98100000000004,1,1,1,1,1,82.64710460772106,81.36351174215964,85.21429033884388,1,0.6523777330478477,0.5259593640381582,0.1264183690096895
2015-04-28,sh.600188,17.4600,17.68,16.13,16.56,39074944,661125888.0000,3,1.320108,1,-6.015900,35.657946,2.218484,1.274174,8.813257,0,16.973999999999933,16.147000000000027,16.02800000000004,-1,1,1,1,1,73.20075757575756,79.22305777045938,61.15615718635394,-1,0.6235059398707943,0.5454686792046854,0.07803726066610883
2015-04-29,sh.600188,16.3800,17.0,16.1,16.79,24716932,413036448.0000,3,0.835037,1,1.388900,36.912497,2.337150,1.442193,-42.074382,0,17.061999999999934,16.349000000000025,16.10000000000004,-1,1,1,1,1,66.92020040662211,74.25602086336703,52.24855949313229,-1,0.612127686642383,0.558800480692225,0.05332720595015805
2015-04-30,sh.600188,16.7400,16.96,16.14,16.16,27181172,447799760.0000,3,0.918289,1,-3.752200,35.527454,2.249455,1.388079,-40.495653,0,16.883999999999933,16.455000000000027,16.12850000000004,-1,-1,1,1,1,50.80537806176782,63.642112014715956,25.13191015587155,-1,0.5459808764304661,0.5562365598398732,-0.01025568340940708
2015-05-04,sh.600188,16.2000,16.32,15.78,16.07,17939330,287673872.0000,3,0.606063,1,-0.556900,35.329590,2.236927,1.380348,-40.270120,0,16.63999999999993,16.511000000000028,16.13650000000004,-1,-1,-1,1,1,42.83315583954562,53.519578102645305,21.460311313346253,-1,0.48075496100596915,0.5411402400730924,-0.06038527906712321
2015-05-05,sh.600188,16.1000,16.38,15.08,15.2,20527375,323065648.0000,3,0.693497,1,-5.413800,33.416912,2.115824,1.305618,-38.089970,0,16.155999999999928,16.493000000000027,16.09200000000004,-1,-1,-1,-1,1,24.775337532060565,39.47129047779145,-4.6165683594011995,-1,0.35477163739981243,0.5038665195384364,-0.14909488213862399
2015-05-06,sh.600188,15.2200,15.5,14.51,14.69,17826446,268910864.0000,3,0.602249,1,-3.355300,32.295686,2.044833,1.261812,-36.811952,0,15.781999999999929,16.378000000000025,15.989000000000042,-1,-1,-1,-1,-1,13.773590281236634,27.12736121761439,-12.933951591518877,-1,0.211340011926044,0.44536121801595796,-0.23402120608991395
2015-05-07,sh.600188,14.5500,14.8,14.11,14.24,18540696,267289091.0000,3,0.626379,1,-3.063300,31.306370,1.982193,1.223158,-35.684288,0,15.27199999999993,16.167000000000026,15.898500000000041,-1,-1,-1,-1,-1,4.0818609579283684,14.210262923741972,-16.17494297369884,-1,0.06065893770100139,0.36842076195296664,-0.30776182425196524
2015-05-08,sh.600188,14.4000,14.6,14.01,14.55,18521287,266341626.0000,3,0.625723,1,2.177000,31.987899,2.025345,1.249786,-36.461123,0,14.949999999999928,15.917000000000026,15.837500000000043,-1,-1,-1,-1,-1,7.302812192124654,8.386087810430002,5.136260955513958,-1,-0.03335796019840309,0.2880650175226927,-0.3214229777210958
2015-05-11,sh.600188,14.6900,15.0,14.38,14.99,34664073,507491552.0000,3,1.171091,1,3.024100,32.955231,2.086592,1.287580,-37.563727,0,14.733999999999929,15.68700000000003,15.789000000000044,1,-1,-1,-1,-1,14.532502091658891,8.639058413904088,26.319389447168497,1,-0.07153806014581754,0.21614440198899065,-0.2876824621348082
2015-05-12,sh.600188,14.8700,15.15,14.77,15.0,27954101,417492224.0000,3,0.944402,1,0.066700,32.977216,2.087984,1.288439,-37.588787,0,14.693999999999928,15.42500000000003,15.739000000000043,1,-1,-1,-1,-1,24.48324293484824,15.43951907287738,42.57069065878996,1,-0.09983827451891081,0.15294786668741034,-0.25278614120632115
2015-05-13,sh.600188,14.9900,15.09,14.71,14.84,22231929,329815184.0000,3,0.751084,1,-1.066700,32.625459,2.065712,1.274696,-37.187839,0,14.72399999999993,15.253000000000029,15.700000000000042,1,-1,-1,-1,-1,29.31631946284001,22.777354829782496,42.394248728955034,1,-0.13363658179676108,0.09563097699057604,-0.22926755878733712
2015-05-14,sh.600188,14.7200,14.99,14.43,14.98,24331685,357633616.0000,3,0.822022,1,0.943400,32.933246,2.085200,1.286721,-37.538668,0,14.871999999999929,15.072000000000028,15.710500000000044,1,-1,-1,-1,-1,34.0580770518366,29.285879816508398,43.602471522493005,1,-0.1474257218942583,0.047019637213609175,-0.19444535910786748
2015-05-15,sh.600188,14.8500,14.98,14.38,14.43,19196172,280983616.0000,3,0.648524,1,-3.671600,31.724081,2.008641,1.239479,-36.160413,0,14.847999999999928,14.89900000000003,15.677000000000044,-1,-1,-1,-1,-1,28.928460749958322,30.76761908821176,25.25014407345145,-1,-0.200423757903474,-0.0024690418098074624,-0.19795471609366655
2015-05-18,sh.600188,14.1300,14.58,14.05,14.3,13241101,189598158.0000,3,0.447338,1,-0.900900,31.438279,1.990545,1.228312,-35.834643,0,14.709999999999928,14.722000000000032,15.616500000000045,-1,-1,-1,-1,-1,26.037625425952736,29.674721075916,18.763434126026205,-1,-0.2500327746297426,-0.051981788373794496,-0.1980509862559481
2015-05-19,sh.600188,14.3000,14.82,14.3,14.79,17149652,251260374.0000,3,0.579384,1,3.426600,32.515535,2.058752,1.270401,-37.062544,0,14.667999999999926,14.681000000000031,15.587000000000046,1,1,-1,-1,-1,35.20188628908098,30.05599082166413,45.49367722391468,1,-0.2469625424394426,-0.09097793918692412,-0.15598460325251848
2015-05-20,sh.600188,14.7900,15.09,14.7,14.72,23829610,355350592.0000,3,0.805060,1,-0.473300,32.361641,2.049008,1.264388,-36.887129,0,14.643999999999926,14.684000000000031,15.531000000000049,1,1,-1,-1,-1,50.05494721142906,37.098152975487714,75.96853568331174,1,-0.24732674750471162,-0.12224770085048162,-0.12507904665423
2015-05-21,sh.600188,14.7200,15.17,14.41,15.13,32407609,478873456.0000,3,1.094859,1,2.785300,33.263018,2.106080,1.299606,-37.914556,0,14.673999999999925,14.77300000000003,15.470000000000047,1,1,-1,-1,-1,75.71010860484549,53.65564736845196,119.81903107763254,1,-0.21208700221391652,-0.1402155611231686,-0.07187144109074792
2015-05-22,sh.600188,15.1700,15.59,14.88,15.55,40339299,618133840.0000,3,1.362823,1,2.775900,34.186380,2.164544,1.335682,-38.967042,0,14.897999999999925,14.87300000000003,15.395000000000048,1,1,1,1,-1,85.37062352851835,70.37855978159774,115.35475102235955,1,-0.14855629576427454,-0.14188370805138978,-0.006672587712884759
2015-05-25,sh.600188,15.5100,15.95,15.35,15.94,36411641,573117424.0000,3,1.230131,1,2.508000,35.043788,2.218831,1.369181,-39.944350,0,15.225999999999924,14.968000000000028,15.327500000000047,1,1,1,1,-1,97.76828434723178,86.28300549353197,120.73884205463142,1,-0.06597746540328053,-0.12670245952176792,0.06072499411848739
2015-05-26,sh.600188,15.9900,16.07,15.61,16.05,46833634,743270496.0000,3,1.582228,1,0.690100,35.285621,2.234143,1.378630,-40.220002,0,15.477999999999927,15.07300000000003,15.249000000000047,1,1,1,1,1,98.62872753440763,93.92254513671935,108.04109232978419,1,0.008247857134856318,-0.09971239619044307,0.10796025332529939
2015-05-27,sh.600188,15.9000,16.8,15.68,16.61,65050002,1057512496.0000,3,2.197650,1,3.489100,36.516770,2.312094,1.426732,-41.623316,0,15.855999999999927,15.250000000000028,15.251500000000046,1,1,1,1,1,97.19149809717817,97.86283665960595,95.84882097232261,-1,0.11097997186262987,-0.057573922579828476,0.16855389444245833
2015-05-28,sh.600188,16.3500,16.5,14.95,14.95,51906058,824479104.0000,3,1.753595,1,-9.994000,32.867291,2.081024,1.284144,-37.463491,0,15.819999999999927,15.247000000000028,15.159500000000046,-1,-1,-1,1,1,74.94269426942695,90.25430663367102,44.3194695409388,-1,0.05778171449136771,-0.03450279516558924,0.09228450965695695
2015-05-29,sh.600188,14.8000,15.05,14.0,14.47,32610371,475227840.0000,3,1.101709,1,-3.210700,31.812021,2.014209,1.242914,-36.260649,0,15.603999999999928,15.251000000000028,15.075000000000045,-1,-1,-1,1,1,47.53463203463204,73.22294146707915,-3.8419868302621865,-1,-0.02284691124954996,-0.03217161838238138,0.009324707132831421
2015-06-01,sh.600188,14.5800,15.92,14.3,15.92,47255665,724662032.0000,3,1.596486,1,10.020700,34.999818,2.216047,1.367464,-39.894232,0,15.599999999999929,15.413000000000025,15.067500000000047,1,1,1,1,1,39.36147186147188,53.946266055177055,10.191883474061527,-1,0.029912392357987372,-0.01975481623430763,0.049667208592295
2015-06-02,sh.600188,16.0800,16.27,15.5,15.93,48668327,772044496.0000,3,1.644211,1,0.062800,35.021803,2.217439,1.368322,-39.919291,0,15.575999999999931,15.527000000000026,15.104000000000047,1,1,1,1,1,51.428571428571445,46.10822510822521,62.06926406926391,1,0.071704867921067,-0.001462879403232701,0.0731677473242997
2015-06-03,sh.600188,15.9300,15.95,15.3,15.52,34969324,545750432.0000,3,1.181404,1,-2.573800,34.120426,2.160368,1.333105,-38.891864,0,15.35799999999993,15.607000000000028,15.145500000000046,1,-1,1,-1,1,63.92857142857142,51.57287157287167,88.63997113997094,1,0.0709245582577136,0.01301460812895656,0.05790995012875704
2015-06-04,sh.600188,15.5200,16.94,14.34,16.9,67000859,1065578688.0000,3,2.263558,1,8.891700,37.154329,2.352462,1.451642,-42.350033,0,15.747999999999928,15.78400000000003,15.278500000000045,1,1,1,-1,1,73.95124716553285,63.10279667422534,95.64814814814788,1,0.17959041754417093,0.046329770011999435,0.13326064753217148
2015-06-05,sh.600188,17.1200,17.66,16.62,17.43,89136175,1541153008.0000,3,3.011378,1,3.136100,38.319524,2.426238,1.497166,-43.678170,0,16.33999999999993,15.972000000000028,15.422500000000046,1,1,1,1,1,82.21367235418757,73.36449698276404,99.91202309703462,1,0.30496007461995234,0.09805583093359002,0.20690424368636232
2015-06-08,sh.600188,17.2900,17.98,16.88,17.72,59506746,1041813376.0000,3,2.010377,1,1.663800,38.957084,2.466605,1.522076,-44.404887,0,16.69999999999993,16.150000000000027,15.559000000000044,1,1,1,1,1,95.27421315342183,83.81304422438085,118.19655101150377,1,0.42284273956969365,0.16301321266081076,0.2598295269088829
2015-06-09,sh.600188,17.8000,19.0,17.07,18.31,65921853,1190923312.0000,3,2.227105,1,3.329600,40.254188,2.548733,1.572755,-45.883379,0,17.17599999999993,16.376000000000026,15.724500000000043,1,1,1,1,1,91.12772789265087,89.53853780008684,94.30610807777893,1,0.55744775923608,0.24190012197586463,0.3155476372602154
2015-06-10,sh.600188,17.6000,18.36,17.3,17.66,42065229,750881392.0000,3,1.421132,1,-3.550000,38.825175,2.458253,1.516922,-44.254531,0,17.60399999999993,16.481000000000027,15.865500000000045,1,1,1,1,1,84.28911222780569,90.23035109129289,72.4066345008313,-1,0.6047029996101863,0.314460697502729,0.2902423021074573
2015-06-11,sh.600188,17.5000,17.63,17.0,17.31,33536745,577889968.0000,3,1.133006,1,-1.981900,38.055707,2.409534,1.486859,-43.377460,0,17.685999999999932,16.717000000000027,15.982000000000046,-1,1,1,1,1,74.48085106382979,83.2992303947622,56.84409240196496,-1,0.6069149058906369,0.37295153918031054,0.23396336671032636
2015-06-12,sh.600188,17.3700,18.01,17.35,17.6,39730581,705413328.0000,3,1.342258,1,1.675300,38.693266,2.449901,1.511769,-44.104176,0,17.71999999999993,17.030000000000026,16.140500000000046,-1,1,1,1,1,69.0665449121846,75.94550273460679,55.308629267340194,-1,0.624865374846653,0.42333430631357905,0.201531068533074
2015-06-15,sh.600188,17.7300,18.27,17.25,17.87,41813158,745498928.0000,3,1.412616,1,1.534100,39.286856,2.487485,1.534961,-44.780774,0,17.749999999999932,17.22500000000003,16.319000000000045,1,1,1,1,1,69.91690256597573,71.15476618066347,67.44117533660025,-1,0.6533466211814591,0.46933676928715506,0.18400985189430408
2015-06-16,sh.600188,17.7900,18.8,17.51,18.16,56237722,1030700336.0000,3,1.899936,1,1.622800,39.924416,2.527853,1.559870,-45.507491,0,17.71999999999993,17.44800000000003,16.487500000000047,1,1,1,1,1,75.8941344778255,71.62586065199538,84.43068212948575,1,0.6913493455613633,0.5137392845419967,0.1776100610193666
2015-06-17,sh.600188,18.1800,19.08,17.46,19.05,65934492,1216487184.0000,3,2.227532,1,4.900900,41.881064,2.651740,1.636318,-47.737759,0,17.99799999999993,17.801000000000027,16.704000000000043,1,1,1,1,1,85.50193656443008,77.10432453607721,102.29716062113582,1,0.7842420857956327,0.5678398447927239,0.21640224100290884
2015-06-18,sh.600188,19.1000,19.44,17.3,17.47,50789630,952715936.0000,3,1.715877,1,-8.197600,38.407464,2.431806,1.500602,-43.778407,0,18.02999999999993,17.858000000000025,16.821000000000044,-1,-1,1,1,1,67.9338705773056,76.44331387318717,50.91498398554248,-1,0.7220441804430457,0.5986807119227883,0.12336346852025748
2015-06-19,sh.600188,17.4800,17.65,15.72,15.72,32780846,546236464.0000,3,1.107468,1,-10.017200,34.560122,2.188207,1.350284,-39.393048,0,17.65399999999993,17.687000000000026,16.829500000000046,-1,-1,-1,-1,1,40.60912093495939,64.68164269223179,-7.535922579585403,-1,0.5254840645064789,0.5840413824395264,-0.058557317933047526
2015-06-23,sh.600188,15.3500,16.0,14.23,15.99,29065092,443041936.0000,3,0.981935,1,1.717600,35.153712,2.225791,1.373476,-40.069646,0,17.277999999999928,17.514000000000028,16.832000000000043,-1,-1,-1,-1,1,18.942688339731294,42.4952266173322,-28.162388215470514,-1,0.3870340128239107,0.5446399085164033,-0.15760589569249261
2015-06-24,sh.600188,16.1300,16.76,15.7,16.64,37660445,613600016.0000,3,1.272321,1,4.065000,36.582724,2.316270,1.429309,-41.698494,0,16.973999999999926,17.347000000000026,16.861500000000042,-1,-1,-1,-1,1,26.67946257197698,28.74375728222266,22.550873151485618,-1,0.326002957940716,0.5009125184012658,-0.17490956046054984
2015-06-25,sh.600188,16.6000,16.67,15.08,15.33,32297484,518304016.0000,3,1.091139,1,-7.872600,33.702714,2.133920,1.316785,-38.415740,0,16.229999999999926,17.114000000000026,16.797500000000042,-1,-1,-1,-1,-1,33.71721049264236,26.446453801450314,48.258723875026455,1,0.16997004647449998,0.43472402401591265,-0.26475397754141267
2015-06-26,sh.600188,14.8000,15.22,13.8,13.8,30005234,430121152.0000,3,1.013697,1,-9.980400,30.339038,1.920945,1.185364,-34.581684,0,15.495999999999928,16.763000000000027,16.740000000000045,-1,-1,-1,-1,-1,22.456813819577746,27.61782896139913,12.134783535934979,-1,-0.07626622372238856,0.3325259744682524,-0.40879219819064094
2015-06-29,sh.600188,14.1000,14.3,12.42,12.81,31855840,425402816.0000,3,1.076218,1,-7.173900,28.162542,1.783138,1.100327,-32.100824,0,14.913999999999927,16.284000000000027,16.657000000000043,-1,-1,-1,-1,-1,8.889599772517256,21.687874694912555,-16.706950072273344,-1,-0.34729160665473735,0.19656245824365443,-0.5438540648983918
2015-06-30,sh.600188,12.8200,13.9,11.66,13.75,28073876,361803280.0000,3,0.948448,1,7.338000,30.229114,1.913986,1.181069,-34.456388,0,14.465999999999928,15.872000000000028,16.54850000000004,-1,-1,-1,-1,-1,10.80643625630774,14.050949949467684,4.3174088699878475,-1,-0.48068993679655136,0.06111197923561326,-0.5418019160321647
2015-07-01,sh.600188,13.5000,13.86,12.38,12.38,26362265,351829792.0000,3,0.890623,1,-9.963600,27.217195,1.723283,1.063392,-31.023278,0,13.613999999999928,15.294000000000029,16.37100000000004,-1,-1,-1,-1,-1,13.891269161192062,11.195768396672456,19.28227069023127,1,-0.6890140993088387,-0.08891323647327715,-0.6001008628355615
2015-07-02,sh.600188,12.3900,12.55,11.14,11.28,24894644,293520176.0000,3,0.841041,1,-8.885300,24.798866,1.570164,0.968906,-28.266767,0,12.803999999999927,14.517000000000028,16.15900000000004,-1,-1,-1,-1,-1,12.756263187476401,12.484656201658836,13.299477159111532,1,-0.9321283109716418,-0.2575562513729501,-0.6745720595986917
2015-07-03,sh.600188,10.9500,11.2,10.15,10.15,25578060,268482960.0000,3,0.864129,1,-10.017700,22.314583,1.412869,0.871844,-25.435079,0,12.073999999999929,13.785000000000029,15.82150000000004,-1,-1,-1,-1,-1,3.801678783020533,10.149737043896435,-8.89443773873127,-1,-1.202122313716325,-0.44646946384162506,-0.7556528498746999
2015-07-06,sh.600188,11.0000,11.0,9.2,9.84,32621390,325651744.0000,3,1.102081,1,-3.054200,21.633053,1.369718,0.845216,-24.658244,0,11.479999999999928,13.197000000000028,15.44200000000004,-1,-1,-1,-1,-1,3.5387153666723687,6.698885779056536,-2.7816254580959665,-1,-1.4246860216933133,-0.6421127754119627,-0.7825732462813506
2015-07-07,sh.600188,9.4100,10.82,8.86,10.82,59751088,593531936.0000,3,2.018631,1,9.959300,23.787565,1.506133,0.929394,-27.114045,0,10.893999999999927,12.68000000000003,15.09700000000004,-1,-1,-1,-1,-1,11.187213065147356,6.175869071613522,21.209901052215024,1,-1.5046469208582671,-0.8146196045012235,-0.6900273163570436
2015-07-08,sh.600188,9.8200,10.39,9.74,9.74,31830185,317185072.0000,3,1.075351,1,-9.981500,21.413205,1.355798,0.836627,-24.407652,0,10.365999999999927,11.990000000000029,14.66850000000004,-1,-1,-1,-1,-1,15.79937239428782,10.175100275369283,27.047916632124892,1,-1.636301221675728,-0.9789559279361244,-0.6573452937396036
2015-07-09,sh.600188,9.7400,10.71,8.78,10.71,27540951,280334096.0000,3,0.930444,1,9.958900,23.545732,1.490821,0.919946,-26.838394,0,10.251999999999928,11.528000000000029,14.321000000000037,1,-1,-1,-1,-1,24.632092277732344,17.206225912389275,39.483825008418485,1,-1.6434229534082032,-1.1118493330305401,-0.5315736203776631
2015-07-10,sh.600188,10.8000,11.78,10.8,11.78,34809476,402797392.0000,3,1.176004,1,9.990700,25.898107,1.639764,1.011854,-29.519727,0,10.577999999999928,11.326000000000029,14.044500000000037,1,1,-1,-1,-1,35.79799870112115,25.409821124380542,56.57435385460238,1,-1.5449180656953772,-1.1984630795635076,-0.34645498613186954
2015-07-13,sh.600188,11.9500,12.96,11.38,12.96,49735524,611345904.0000,3,1.680266,1,10.017000,28.492314,1.804018,1.113212,-32.476712,0,11.201999999999929,11.341000000000028,13.812500000000034,1,1,-1,-1,-1,58.61366089429041,39.681250624381406,96.47848143410843,1,-1.3560049136047532,-1.2299714463717568,-0.12603346723299635
2015-07-14,sh.600188,12.4000,12.88,11.7,11.77,39221738,481990256.0000,3,1.325068,1,-9.182100,25.876122,1.638372,1.010995,-29.494668,0,11.391999999999928,11.143000000000027,13.507500000000032,1,1,-1,1,-1,70.80277168179936,55.07147709240375,102.26536086059058,1,-1.2874717612419602,-1.2414715093457975,-0.046000251896162636
2015-07-15,sh.600188,11.7900,11.8,10.59,10.59,24994218,276123824.0000,3,0.844405,1,-10.025500,23.281914,1.474117,0.909638,-26.537683,0,11.561999999999927,10.964000000000029,13.129000000000033,-1,-1,-1,1,-1,65.70533348403221,65.04058868670744,67.03482307868174,1,-1.313236707268354,-1.2558245489303088,-0.05741215833804514
2015-07-16,sh.600188,10.5900,11.2,10.03,10.77,19744822,212243328.0000,3,0.667059,1,1.699700,23.677641,1.499173,0.925099,-26.988749,0,11.573999999999927,10.913000000000029,12.715000000000034,-1,-1,-1,1,-1,54.14673046251992,63.55161187611727,35.33696763532522,-1,-1.3040982837019293,-1.2654792958846328,-0.038618987817296446
2015-07-17,sh.600188,10.8100,11.58,10.78,11.54,18352556,205213250.0000,3,0.620023,1,7.149500,25.370471,1.606356,0.991239,-28.918306,0,11.525999999999927,11.052000000000026,12.418500000000034,1,1,-1,1,-1,52.31259968102072,57.38822120919105,42.16135662468007,-1,-1.220652529811403,-1.256513942669987,0.03586141285858391
2015-07-20,sh.600188,11.5000,11.99,11.15,11.45,21653651,250652057.0000,3,0.731547,1,-0.779900,25.172608,1.593828,0.983509,-28.692774,0,11.223999999999927,11.213000000000026,12.205000000000032,1,1,-1,1,-1,59.17065390749599,55.209994683678985,67.09197235513,1,-1.1485437194434809,-1.2349198980246858,0.08637617858120494
2015-07-21,sh.600188,11.1900,11.74,11.05,11.45,18837064,215923221.0000,3,0.636392,1,0.000000,25.172608,1.593828,0.983509,-28.692774,0,11.159999999999929,11.276000000000026,11.978000000000032,1,1,-1,-1,-1,64.59330143540667,58.69218500797458,76.39553429027087,1,-1.078959395429374,-1.2037277975056235,0.12476840207624962
2015-07-22,sh.600188,11.2400,11.55,10.91,11.44,19829179,223750336.0000,3,0.669909,1,-0.087300,25.150623,1.592436,0.982650,-28.667715,0,11.329999999999927,11.446000000000026,11.718000000000032,1,-1,-1,-1,-1,58.624687688815555,60.79621434390619,54.28163437863428,-1,-1.0129436498863615,-1.1655709679817712,0.15262731809540964
2015-07-23,sh.600188,11.4900,11.89,11.33,11.84,24212610,282298944.0000,3,0.817999,1,3.496500,26.030015,1.648116,1.017008,-29.670082,0,11.54399999999993,11.559000000000026,11.543500000000032,1,1,1,-1,1,57.924403002542014,60.3807973755882,53.01161425644963,-1,-0.917769562638858,-1.1160106869131885,0.1982411242743305
2015-07-24,sh.600188,11.8500,12.99,11.7,12.06,40515172,497447600.0000,3,1.368765,1,1.858100,26.513681,1.678739,1.035905,-30.221384,0,11.647999999999929,11.587000000000026,11.45650000000003,1,1,1,1,1,59.492897334194254,58.68066267518407,61.11736665221463,1,-0.8151942001214252,-1.055847389554836,0.24065318943341074
2015-07-27,sh.600188,11.4000,11.8,10.85,10.85,26012854,295900416.0000,3,0.878819,1,-10.033200,23.853519,1.510309,0.931971,-27.189222,0,11.527999999999931,11.376000000000024,11.358500000000031,-1,-1,-1,1,1,52.686175937029184,56.701158757921945,44.65621029524365,-1,-0.822063141737436,-1.009090539991356,0.1870273982539199
2015-07-28,sh.600188,10.0500,10.8,9.8,10.37,23630171,242063472.0000,3,0.798322,1,-4.424000,22.798248,1.443493,0.890741,-25.986381,0,11.31199999999993,11.236000000000026,11.18950000000003,-1,-1,-1,1,1,38.050707447259164,50.076593572827655,13.99893519612219,-1,-0.8563671485108078,-0.9785458616952463,0.12217871318443851
2015-07-29,sh.600188,10.7500,10.98,10.35,10.92,12959245,137139386.0000,3,0.437815,1,5.303800,24.007413,1.520052,0.937984,-27.364637,0,11.207999999999931,11.269000000000025,11.11650000000003,-1,-1,-1,-1,1,26.893586376344974,39.21015658687789,2.2604459552791383,-1,-0.8296096934356907,-0.9487586280433351,0.11914893460764442
2015-07-30,sh.600188,10.7500,11.27,10.3,10.39,15057766,163225942.0000,3,0.508712,1,-4.853500,22.842218,1.446277,0.892459,-26.036499,0,10.917999999999932,11.231000000000027,11.072000000000031,-1,-1,-1,-1,-1,23.82445141065828,29.589581744754266,12.294190742466306,-1,-0.8414708361154641,-0.9273010696577609,0.0858302335422968
2015-07-31,sh.600188,10.1800,10.55,10.18,10.52,11791407,122180139.0000,3,0.398361,1,1.251200,23.128020,1.464373,0.903625,-26.362269,0,10.609999999999932,11.129000000000026,11.09050000000003,-1,-1,-1,-1,-1,25.39184952978054,25.369962438928056,25.435623711485505,1,-0.830803972561263,-0.9080016502384614,0.07719767767719832
2015-08-03,sh.600188,10.5900,11.3,10.38,11.27,16806015,179664140.0000,3,0.567775,1,7.129300,24.776881,1.568772,0.968047,-28.241708,0,10.693999999999932,11.111000000000026,11.162000000000031,1,1,1,-1,-1,29.04911180773247,26.088470916057222,34.97039359108296,1,-0.7531498319126868,-0.8770312865733064,0.12388145466061962
2015-08-04,sh.600188,11.1900,12.28,10.8,12.09,30878986,354940128.0000,3,1.043216,1,7.276000,26.579636,1.682915,1.038482,-30.296562,0,11.037999999999931,11.175000000000026,11.225500000000032,1,1,1,-1,-1,46.812957157784716,33.75130616509937,72.9362591431554,1,-0.6183136837474184,-0.8252877660081288,0.20697408226071046
2015-08-05,sh.600188,11.8000,12.04,11.5,11.56,14472382,170467647.0000,3,0.488935,1,-4.383800,25.414441,1.609140,0.992957,-28.968425,0,11.165999999999931,11.187000000000026,11.316500000000032,1,1,1,-1,-1,57.680250783699044,44.5141065830722,84.01253918495273,1,-0.5479057194156862,-0.7698113566896403,0.22190563727395407
2015-08-06,sh.600188,11.5000,12.72,11.23,12.29,27716956,338190912.0000,3,0.936390,1,6.314900,27.019332,1.710755,1.055661,-30.797746,0,11.545999999999932,11.232000000000024,11.39550000000003,1,1,1,1,1,70.7444067505475,58.41253823067721,95.40814379028807,1,-0.4282652263419262,-0.7015021306200975,0.27323690427817127
2015-08-07,sh.600188,12.2000,13.08,12.04,12.68,32590170,409971584.0000,3,1.101027,1,3.173300,27.876740,1.765043,1.089161,-31.775054,0,11.97799999999993,11.294000000000025,11.440500000000032,1,1,1,1,1,76.08375481487452,68.16947078304048,91.91232287854262,1,-0.2985381707845143,-0.6209093386529808,0.32237116786846653
2015-08-10,sh.600188,12.6400,13.2,12.5,13.04,25430278,327675392.0000,3,0.859137,1,2.839100,28.668193,1.815154,1.120083,-32.677185,0,12.33199999999993,11.513000000000025,11.44450000000003,1,1,1,1,1,89.26027913549568,78.69614690030602,110.38854360587499,1,-0.1647800711793117,-0.529683485158247,0.36490341397893533
2015-08-11,sh.600188,13.0500,13.19,12.58,12.63,20921504,269223536.0000,3,0.706812,1,-3.144200,27.766815,1.758083,1.084866,-31.649758,0,12.43999999999993,11.739000000000024,11.48750000000003,1,1,1,1,1,87.87756420610565,84.40719938549206,94.8182938473328,1,-0.09081255643245001,-0.44190929941308765,0.35109674298063764
2015-08-12,sh.600188,12.3000,13.15,12.25,12.83,19747897,252699806.0000,3,0.667163,1,1.583500,28.206512,1.785922,1.102045,-32.150942,0,12.69399999999993,11.930000000000025,11.599500000000031,1,1,1,1,1,87.85871964679914,88.33218766280028,86.91178361479686,-1,-0.015871482981976825,-0.3567017361268655,0.3408302531448887
2015-08-13,sh.600188,12.6000,13.04,12.3,12.91,15944201,203468196.0000,3,0.538659,1,0.623500,28.382390,1.797058,1.108917,-32.351416,0,12.81799999999993,12.182000000000023,11.70650000000003,1,1,1,1,1,86.19682808072271,87.31103731120929,83.96840961974956,-1,0.04940567123684936,-0.2754802546541225,0.32488592589097187
2015-08-14,sh.600188,12.9400,13.26,12.46,12.67,18788016,242644181.0000,3,0.634735,1,-1.859000,27.854755,1.763651,1.088302,-31.749995,0,12.815999999999928,12.397000000000023,11.76300000000003,-1,1,1,1,1,84.49363886340007,86.18306219697409,81.11479219625201,-1,0.08084041404377196,-0.2042161209145436,0.28505653495831557
2015-08-17,sh.600188,12.5000,12.77,12.36,12.74,14401503,181168642.0000,3,0.486541,1,0.552500,28.008648,1.773395,1.094314,-31.925409,0,12.75599999999993,12.544000000000024,11.82750000000003,-1,1,1,1,1,80.0389362241804,83.57646772276784,72.96387322700551,-1,0.11013156109713051,-0.14134658451220877,0.2514781456093393
2015-08-18,sh.600188,12.8000,13.09,11.6,11.71,24570399,307686752.0000,3,0.830087,1,-8.084800,25.744213,1.630020,1.005842,-29.344313,0,12.571999999999928,12.506000000000023,11.84050000000003,-1,-1,-1,1,1,58.01527227094932,74.18261578617671,25.680585240494537,-1,0.04966016279309926,-0.10314523505114717,0.15280539784424643
2015-08-19,sh.600188,11.0900,11.96,10.98,11.82,12974148,149167914.0000,3,0.438319,1,0.939400,25.986046,1.645332,1.015290,-29.619964,0,12.36999999999993,12.532000000000021,11.85950000000003,-1,-1,-1,-1,1,44.95722063780141,61.00380971097716,12.864042491449922,-1,0.010491287622784284,-0.08041793051636088,0.09090921813914517
2015-08-20,sh.600188,11.6800,11.95,11.37,11.42,9928982,115557487.0000,3,0.335441,1,-3.384100,25.106653,1.589652,0.980932,-28.617596,0,12.071999999999928,12.445000000000023,11.83850000000003,-1,-1,-1,-1,1,26.595223691412443,43.189238866721176,-6.592806659205024,-1,-0.0522249682812852,-0.07477933806934575,0.022554369788060552
2015-08-21,sh.600188,11.3500,11.62,10.5,10.52,10702522,118623161.0000,3,0.361574,1,-7.880900,23.128020,1.464373,0.903625,-26.362269,0,11.641999999999928,12.229000000000024,11.76150000000003,-1,-1,-1,-1,-1,18.95499618611746,30.16914683844389,-3.4733051185354,-1,-0.17256135147357554,-0.09433574075019172,-0.07822561072338383
2015-08-24,sh.600188,10.0100,10.47,9.47,9.47,8072829,77595599.0000,3,0.272733,1,-9.981000,20.819615,1.318214,0.813435,-23.731054,0,10.987999999999927,11.872000000000023,11.692500000000031,-1,-1,-1,-1,-1,6.674294431731492,17.40817143642058,-14.793459577646686,-1,-0.3486361662085766,-0.14519582584186871,-0.2034403403667079
2015-08-25,sh.600188,8.5700,9.1,8.52,8.52,8020200,69034901.0000,3,0.270955,1,-10.031700,18.731058,1.185975,0.731834,-21.350431,0,10.349999999999927,11.461000000000023,11.600000000000032,-1,-1,-1,-1,-1,0.2415458937198013,8.623612170523034,-16.522586659886663,-1,-0.5583969336937358,-0.22783604741224212,-0.33056088628149366
2015-08-26,sh.600188,8.4000,8.82,7.67,7.68,21616593,174690765.0000,3,0.730295,1,-9.859200,16.884334,1.069048,0.659681,-19.245459,0,9.521999999999926,10.946000000000023,11.438000000000033,-1,-1,-1,-1,-1,0.05963029218843016,2.325156872546691,-4.471422868528092,-1,-0.7833844645303287,-0.33894573083585944,-0.4444387336944693
2015-08-27,sh.600188,7.9000,8.09,7.38,8.03,11419195,89672957.0000,3,0.385786,1,4.557300,17.653803,1.117768,0.689744,-20.122530,0,8.843999999999927,10.458000000000023,11.320000000000032,-1,-1,-1,-1,-1,3.854142843268404,1.3851063430589952,8.792215843687222,1,-0.9228090603193362,-0.45571839673255476,-0.4670906635867814
2015-08-28,sh.600188,8.1400,8.67,8.14,8.66,14253336,119506479.0000,3,0.481535,1,7.845600,19.038846,1.205463,0.743859,-21.701259,0,8.471999999999927,10.057000000000023,11.22700000000003,1,-1,-1,-1,-1,11.326413713087435,5.080062282848206,23.819116573565893,1,-0.9712721019167709,-0.558829137769398,-0.4124429641473729
2015-08-31,sh.600188,8.5600,8.73,8.0,8.7,18417356,154442797.0000,3,0.622212,1,0.461900,20.593658,1.228576,0.755507,6.200988,0,8.317999999999927,9.653000000000024,11.09850000000003,1,-1,-1,-1,-1,20.873770320462317,12.018108958939502,38.58509304350795,1,-0.9949822102689865,-0.6460597522693157,-0.3489224579996708
2015-09-01,sh.600188,8.5000,9.22,7.93,9.12,25750516,226042945.0000,3,0.869956,1,4.827600,21.587835,1.287887,0.791980,6.500346,0,8.437999999999928,9.394000000000025,10.95000000000003,1,-1,-1,-1,-1,29.770723852533326,20.65696929536114,47.9982329668777,1,-0.9687154038752066,-0.7105908825904939,-0.25812452128471275
2015-09-02,sh.600188,8.5700,10.03,8.46,10.03,35006790,335058384.0000,3,1.182670,1,9.978100,23.741884,1.416393,0.871005,7.148955,0,8.907999999999927,9.215000000000027,10.87350000000003,1,1,-1,-1,-1,43.131786316047624,31.25876016301454,66.87783862211379,1,-0.8645039127817871,-0.7413734886287525,-0.12313042415303455
2015-09-07,sh.600188,9.9400,10.4,9.4,9.45,11945231,118471089.0000,3,0.403558,1,-5.782700,22.368974,1.334488,0.820637,6.735556,0,9.191999999999927,9.018000000000026,10.731500000000029,1,1,-1,1,-1,55.85489650386294,42.91913555748141,81.726418396626,1,-0.8192726429760384,-0.7569533194982097,-0.06231932347782876
2015-09-08,sh.600188,9.2700,9.83,9.05,9.66,7010426,65960330.0000,3,0.236840,1,2.222200,22.866062,1.364143,0.838874,6.885235,0,9.391999999999928,8.932000000000027,10.580500000000029,1,1,-1,1,-1,68.32899333461926,55.77189205151006,93.44319590083764,1,-0.7577464612994422,-0.7571119478584561,-0.0006345134409860842
2015-09-09,sh.600188,9.7200,9.97,9.66,9.91,8600569,84693473.0000,3,0.290562,1,2.588000,23.457834,1.399447,0.860584,7.063424,0,9.633999999999926,8.976000000000026,10.42400000000003,1,1,-1,1,-1,75.42060481364796,66.53483155071017,93.19215133952352,1,-0.6809638806548222,-0.7418823344177293,0.060918453762907165
2015-09-10,sh.600188,9.6600,10.15,9.65,9.69,6919550,68346467.0000,3,0.233770,1,-2.220000,22.937075,1.368380,0.841479,6.906618,0,9.747999999999927,9.093000000000027,10.27700000000003,-1,1,-1,1,-1,78.58719646799118,74.11226487208624,87.53705965980103,1,-0.6305961735326289,-0.7196251022407092,0.08902892870808032
2015-09-11,sh.600188,9.6000,9.79,9.4,9.62,5772358,55358777.0000,3,0.195013,1,-0.722400,22.771379,1.358495,0.835400,6.856725,0,9.665999999999926,9.287000000000026,10.116500000000029,-1,1,-1,1,-1,76.22865109794351,76.74548412652764,75.19498504077526,-1,-0.5895320591373778,-0.6936064936200429,0.10407443448266507
2015-09-14,sh.600188,9.6800,9.89,8.66,8.68,9505143,87354816.0000,3,0.321122,1,-9.771300,20.546317,1.225752,0.753771,6.186733,0,9.511999999999926,9.352000000000027,9.90500000000003,-1,-1,-1,1,-1,58.42516377546002,71.08033711379834,33.11481709878339,-1,-0.6256267608603299,-0.6800105470681003,0.0543837862077704
2015-09-15,sh.600188,8.3800,8.82,8.12,8.16,6180456,51996845.0000,3,0.208801,1,-5.990800,19.315431,1.152320,0.708614,5.816099,0,9.211999999999923,9.302000000000026,9.67950000000003,-1,-1,-1,-1,-1,36.0323886639676,56.8954011791238,-5.693636366344791,-1,-0.6882579173571113,-0.6816600211259025,-0.006597896231208766
2015-09-16,sh.600188,8.2800,8.98,8.18,8.98,6207361,53241774.0000,3,0.209710,1,10.049000,21.256443,1.268117,0.779823,6.400560,0,9.025999999999925,9.330000000000027,9.491500000000029,-1,-1,-1,-1,-1,25.798470535312656,40.08534099158018,-2.775270377222398,-1,-0.6640714112807196,-0.678142299156866,0.01407088787614641
2015-09-17,sh.600188,8.9000,9.26,8.67,8.69,7309396,65813290.0000,3,0.246941,1,-3.229400,20.569988,1.227164,0.754639,6.193861,0,8.825999999999926,9.287000000000026,9.340500000000029,-1,-1,-1,-1,-1,24.01034637876745,28.613735192682658,14.803568750937039,-1,-0.6606880072461596,-0.6746514407747247,0.013963433528565106
2015-09-18,sh.600188,8.6400,9.15,8.64,8.93,5563706,49726447.0000,3,0.187964,1,2.761800,21.138088,1.261056,0.775481,6.364922,0,8.687999999999926,9.177000000000026,9.19600000000003,1,-1,-1,-1,-1,34.20692535937547,28.00524742448528,46.61028122915584,1,-0.6313626849142828,-0.6659936896026364,0.03463100468835356
2015-09-21,sh.600188,8.9000,9.36,8.71,9.27,5946345,54254935.0000,3,0.200891,1,3.807400,21.942898,1.309069,0.805006,6.607260,0,8.805999999999926,9.159000000000026,9.08850000000003,1,1,1,-1,-1,40.51724137931034,32.91150437248451,55.728715392962,1,-0.5740694815498308,-0.6476088479920753,0.07353936644224446
2015-09-22,sh.600188,9.3000,9.65,9.2,9.39,7749788,73181515.0000,3,0.261819,1,1.294500,22.226949,1.326015,0.815427,6.692791,0,9.051999999999927,9.132000000000026,9.03200000000003,1,1,1,-1,1,53.03776683087028,42.58731118985212,73.9386781129066,1,-0.5130668922295349,-0.6207004568395672,0.10763356461003226
2015-09-23,sh.600188,9.1500,9.32,8.88,9.01,6093568,55291850.0000,3,0.205865,1,-4.046900,21.327455,1.272353,0.782428,6.421943,0,9.057999999999925,9.042000000000026,9.00900000000003,-1,-1,1,1,1,56.49810284526825,50.01770368514971,69.45890116550532,1,-0.48973931493039125,-0.594508228457732,0.10476891352734075
2015-09-24,sh.600188,9.0400,9.35,9.02,9.21,4430028,40545584.0000,3,0.149664,1,2.219800,21.800873,1.300596,0.799796,6.564494,0,9.161999999999926,8.994000000000028,9.04350000000003,1,1,1,1,1,58.14199437811363,55.89262135141747,62.64074043150596,1,-0.44992723226091513,-0.5655920292183686,0.11566479695745346
2015-09-25,sh.600188,9.1400,9.21,8.68,8.88,5180742,46388125.0000,3,0.175026,1,-3.583100,21.019734,1.253995,0.771139,6.329284,0,9.151999999999926,8.920000000000027,9.103500000000029,-1,-1,-1,1,1,53.8458697980134,56.161989007131844,49.213631379776515,-1,-0.43993284005820854,-0.5404601913863366,0.10052735132812807
2015-09-28,sh.600188,8.8900,9.0,8.6,8.87,3478019,30608209.0000,3,0.117501,1,-0.112600,20.996063,1.252583,0.770270,6.322157,0,9.071999999999928,8.939000000000027,9.14550000000003,-1,-1,-1,1,-1,52.73129967617933,54.906387950768874,48.38112312700025,-1,-0.42788671693576674,-0.5179454964962227,0.09005877956045594
2015-09-29,sh.600188,8.6700,8.67,8.32,8.38,6026795,50902648.0000,3,0.203609,1,-5.524200,19.836190,1.183387,0.727719,5.972906,0,8.869999999999928,8.961000000000027,9.13150000000003,-1,-1,-1,-1,-1,33.707752106690634,46.76164052696121,7.599975266149485,-1,-0.45266098837048396,-0.504888594871075,0.052227606500590995
2015-09-30,sh.600188,8.3800,8.5,8.37,8.4,3075418,25922984.0000,3,0.103900,1,0.238700,19.883532,1.186211,0.729456,5.987161,0,8.747999999999928,8.903000000000027,9.11650000000003,-1,-1,-1,-1,-1,19.155030433225907,35.19802740536537,-12.930963511053022,-1,-0.4653170587153994,-0.49697428763993984,0.031657228924540426
2015-10-08,sh.600188,8.7700,8.88,8.6,8.68,5689133,49731449.0000,3,0.192202,1,3.333300,20.546317,1.225752,0.753771,6.186733,0,8.641999999999928,8.902000000000026,9.09450000000003,1,-1,-1,-1,-1,12.531328320801995,21.79803695357293,-6.002088944739874,-1,-0.4475938425045456,-0.48709819861286097,0.039504356108315375
2015-10-09,sh.600188,8.7100,9.55,8.6,9.55,15279737,141608339.0000,3,0.516211,1,10.023000,22.605682,1.348609,0.829321,6.806832,0,8.775999999999929,8.964000000000025,9.070500000000031,1,1,1,-1,-1,41.85463659147868,24.513665115168944,76.53657954409815,1,-0.35920563786635995,-0.4615196864635608,0.10231404859720084
2015-10-12,sh.600188,9.5300,9.96,9.32,9.79,19545458,189861424.0000,3,0.660324,1,2.513100,23.173783,1.382501,0.850163,6.977894,0,8.959999999999928,9.016000000000025,9.08750000000003,1,1,1,-1,-1,69.72767284063814,41.371212584306356,126.44059335330168,1,-0.2667168092995045,-0.4225591110307495,0.15584230173124503
2015-10-13,sh.600188,9.5100,9.77,9.46,9.7,10849090,104167351.0000,3,0.366526,1,-0.919300,22.960746,1.369792,0.842347,6.913745,0,9.223999999999927,9.047000000000025,9.089500000000031,1,1,1,1,1,88.75389693746554,66.77873545652754,132.70421989934155,1,-0.198394031256532,-0.377726095075906,0.179332063819374
2015-10-14,sh.600188,9.6500,10.1,9.58,9.8,17869065,177391767.0000,3,0.603689,1,1.030900,23.197454,1.383913,0.851031,6.985021,0,9.503999999999929,9.126000000000024,9.084000000000032,1,1,1,1,1,85.64218507353608,81.37458495054666,94.17738531951491,1,-0.1346266805817642,-0.32910621217707764,0.19447953159531345
2015-10-15,sh.600188,9.7600,10.01,9.68,10.0,12540243,123639926.0000,3,0.423660,1,2.040800,23.670872,1.412157,0.868399,7.127573,0,9.767999999999928,9.205000000000023,9.099500000000031,1,1,1,1,1,87.22481045035168,87.20696415378451,87.26050304348601,1,-0.06717788241114242,-0.2767205462238906,0.20954266381274816
2015-10-16,sh.600188,10.0500,10.2,9.82,10.12,15267710,152623028.0000,3,0.515804,1,1.200000,23.954922,1.429102,0.878820,7.213103,0,9.881999999999927,9.329000000000025,9.124500000000031,1,1,1,1,1,91.0909235795681,87.98597303448537,97.30082466973357,1,-0.003995172933747071,-0.22217547156586187,0.2181802986321148
2015-10-19,sh.600188,10.0800,10.14,9.75,9.84,10761079,107026081.0000,3,0.363552,1,-2.766800,23.292138,1.389562,0.854505,7.013531,0,9.891999999999928,9.426000000000025,9.182500000000031,-1,1,1,1,1,90.15152405847766,89.4890860294659,91.4764001165012,1,0.023216296576277884,-0.17309711793743393,0.19631341451371181
2015-10-20,sh.600188,9.9000,10.08,9.81,10.05,9155433,90977431.0000,3,0.309307,1,2.134100,23.789226,1.419217,0.872741,7.163210,0,9.961999999999927,9.593000000000025,9.277000000000033,1,1,1,1,1,88.89918323450763,90.0472102908512,86.6031291218205,-1,0.061023387541951024,-0.12627301684155695,0.18729640438350798
2015-10-21,sh.600188,10.0200,10.05,9.1,9.18,9998912,96586010.0000,3,0.337803,1,-8.656700,21.729860,1.296360,0.797191,6.543112,0,9.837999999999926,9.671000000000024,9.287000000000033,-1,-1,-1,1,1,69.06762295081968,82.70611008126839,41.79064868992228,-1,0.020547195135662832,-0.09690897444611299,0.11745616958177582
2015-10-22,sh.600188,9.2900,9.64,9.08,9.55,8920494,83583962.0000,3,0.301370,1,4.030500,22.605682,1.348609,0.829321,6.806832,0,9.747999999999928,9.758000000000022,9.330000000000034,-1,-1,1,-1,1,56.27976190476193,71.41552269669648,26.00824032089284,-1,0.01811659202377669,-0.07390386115213506,0.09202045317591175
2015-10-23,sh.600188,9.3000,9.82,9.3,9.71,8701490,83572450.0000,3,0.293971,1,1.675400,22.984416,1.371204,0.843216,6.920873,0,9.66599999999993,9.774000000000024,9.369000000000034,1,-1,1,-1,1,44.82142857142861,56.722937809003476,21.018410096278885,-1,0.02876934922074703,-0.053369219077558636,0.08213856829830567
2015-10-26,sh.600188,9.8900,9.98,9.71,9.85,8632989,85044004.0000,3,0.291657,1,1.441800,23.315809,1.390974,0.855373,7.020659,0,9.667999999999928,9.780000000000024,9.398000000000033,1,1,1,-1,1,55.65476190476195,52.25198412698423,62.46031746031737,1,0.0479557618483355,-0.03310422289237981,0.08105998474071531
2015-10-27,sh.600188,9.7700,9.84,9.3,9.65,9819166,93356021.0000,3,0.331731,1,-2.030500,27.530727,1.498987,0.890314,19.781836,0,9.587999999999926,9.775000000000023,9.411000000000033,1,-1,1,-1,1,58.63095238095241,53.03571428571439,69.82142857142844,1,0.04648693115088065,-0.01718599208372772,0.06367292323460837
2015-10-28,sh.600188,9.6500,9.83,9.5,9.59,11028653,106812407.0000,3,0.372592,1,-0.621800,27.359551,1.489667,0.884779,19.658840,0,9.669999999999927,9.754000000000024,9.440000000000035,-1,-1,1,-1,1,55.059523809523796,56.44841269841279,52.28174603174581,-1,0.04002004748591226,-0.005744784169799724,0.045764831655711984
2015-10-29,sh.600188,9.6500,9.7,9.52,9.57,6847243,65816730.0000,3,0.231327,1,-0.208600,27.302493,1.486560,0.882934,19.617842,0,9.673999999999928,9.711000000000023,9.458000000000034,-1,-1,1,-1,1,47.551662174303665,53.74737945492669,35.16022761305763,-1,0.03290189022719581,0.0019845507095993826,0.030917339517596426
2015-10-30,sh.600188,9.4800,9.48,9.02,9.2,12498168,115063659.0000,3,0.422238,1,-3.866200,26.246911,1.429086,0.848797,18.859367,0,9.571999999999928,9.619000000000025,9.474000000000034,-1,-1,-1,-1,1,36.24775381850849,46.28631326744539,16.170634920634697,-1,-0.0025656334396302327,0.0010745138797534593,-0.003640147319383692
2015-11-02,sh.600188,9.0500,9.19,8.95,8.97,6237619,56468196.0000,3,0.210732,1,-2.500000,25.590738,1.393359,0.827577,18.387883,0,9.395999999999928,9.532000000000023,9.479000000000033,-1,-1,-1,-1,-1,21.675242995997706,35.15821966293669,-5.290710337880256,-1,-0.04867191969210616,-0.008874772834618464,-0.0397971468574877
2015-11-03,sh.600188,8.9800,9.1,8.96,9.02,6302068,56888119.0000,3,0.212909,1,0.557400,25.733384,1.401126,0.832190,18.490380,0,9.269999999999929,9.429000000000023,9.511000000000035,-1,-1,-1,-1,-1,8.531810132835963,22.15160231578079,-18.70777423305369,-1,-0.08025180869684156,-0.023150180007063086,-0.05710162868977848
2015-11-04,sh.600188,9.0300,9.48,9.03,9.47,13059682,120845088.0000,3,0.441208,1,4.988900,27.017200,1.471027,0.873708,19.412849,0,9.245999999999928,9.458000000000023,9.564500000000034,1,1,-1,-1,-1,19.699911738746728,16.6356549558602,25.828425304519783,1,-0.0681819005530091,-0.03215652411625229,-0.03602537643675681
2015-11-05,sh.600188,9.4100,10.23,9.4,9.76,24710385,242141975.0000,3,0.834816,1,3.062300,27.844549,1.516074,0.900463,20.007329,0,9.283999999999926,9.479000000000024,9.618500000000033,1,1,1,-1,-1,40.187601132686076,22.806441001422986,74.94992139521227,1,-0.03481451496393184,-0.0326881222857882,-0.002126392678143643
2015-11-06,sh.600188,9.7900,10.05,9.67,10.02,15793743,155137515.0000,3,0.533576,1,2.663900,28.586309,1.556461,0.924451,20.540311,0,9.447999999999926,9.510000000000023,9.642000000000033,1,1,1,-1,-1,65.78681229773458,41.89144172305586,113.57755344709204,1,0.012465510953024506,-0.023657395638025658,0.03612290659105016
2015-11-09,sh.600188,9.8700,10.85,9.83,10.48,25146517,262602453.0000,3,0.849550,1,4.590800,29.898655,1.627915,0.966891,21.483279,0,9.749999999999925,9.573000000000025,9.676500000000033,1,1,1,1,1,75.80043859649118,60.59161734230401,106.2180811048655,1,0.0860613658913465,-0.001713643332151224,0.08777500922349772
2015-11-10,sh.600188,10.4200,10.82,10.18,10.7,20772323,217990406.0000,3,0.701772,1,2.099200,30.526298,1.662089,0.987188,21.934264,0,10.085999999999927,9.678000000000024,9.726500000000033,1,1,1,1,1,85.4084429824561,75.66523129222736,104.89486636291355,1,0.16029103724312144,0.03068729278290331,0.12960374446021813
2015-11-11,sh.600188,10.6700,10.83,10.45,10.52,13919850,147825479.0000,3,0.470268,1,-1.682200,30.012772,1.634129,0.970581,21.565277,0,10.295999999999927,9.771000000000024,9.762500000000033,1,1,1,1,1,85.08771929824559,82.09886695906437,91.06542397660803,1,0.20226253431652808,0.06500234108962827,0.1372601932268998
2015-11-12,sh.600188,10.5000,10.79,10.41,10.47,10589330,112012683.0000,3,0.357750,1,-0.475300,29.870125,1.626362,0.965968,21.462780,0,10.437999999999928,9.861000000000024,9.786000000000033,1,1,1,1,1,84.91228070175437,85.13614766081876,84.4645467836256,-1,0.22885259573510552,0.09777239201872373,0.1310802037163818
2015-11-13,sh.600188,10.2900,10.44,10.01,10.12,8294717,84714219.0000,3,0.280229,1,-3.342900,28.871602,1.571995,0.933677,20.745304,0,10.457999999999926,9.953000000000024,9.786000000000033,-1,1,1,1,1,74.66908010767658,81.55636003589224,60.89452025124527,-1,0.21915703022846245,0.12204931966067148,0.09710771056779097
2015-11-16,sh.600188,10.0000,10.26,9.8,10.25,8871690,89256746.0000,3,0.299721,1,1.284600,29.242482,1.592188,0.945671,21.011795,0,10.411999999999926,10.081000000000024,9.806500000000032,-1,1,1,1,1,69.46954280287612,76.35030120410242,55.70802600042353,-1,0.219433643803276,0.14152618448919238,0.07790745931408363
2015-11-17,sh.600188,10.2700,10.75,10.13,10.18,14060067,146943529.0000,3,0.475005,1,-0.682900,29.042777,1.581315,0.939213,20.868300,0,10.307999999999925,10.197000000000026,9.813000000000033,-1,-1,1,1,1,60.73391061896805,68.29084450984031,45.62004283722354,-1,0.21156564995102656,0.1555340775815592,0.05603157236946735
2015-11-18,sh.600188,10.1400,10.33,10.04,10.08,7035901,71471961.0000,3,0.237701,1,-0.982300,28.757485,1.565781,0.929987,20.663307,0,10.219999999999924,10.258000000000026,9.858000000000033,-1,-1,1,-1,1,51.857277731035744,60.68691038429336,34.19801242452051,-1,0.1950130547681983,0.16342987301888703,0.03158318174931127
2015-11-19,sh.600188,10.0000,10.21,9.99,10.2,6163388,62383577.0000,3,0.208224,1,1.190500,29.099836,1.584421,0.941058,20.909299,0,10.165999999999926,10.302000000000024,9.890500000000031,1,-1,1,-1,1,42.21136808512606,51.60085214504335,23.432399965291495,-1,0.1893947758669139,0.1686228535884924,0.02077192227842148
2015-11-20,sh.600188,10.2000,10.29,10.13,10.25,6998100,71498406.0000,3,0.236424,1,0.490200,29.242482,1.592188,0.945671,21.011795,0,10.191999999999926,10.325000000000026,9.91750000000003,1,-1,1,-1,1,38.84344039848394,44.304028738215315,27.92226371902119,-1,0.1868232493674249,0.1722629327442789,0.014560316623145997
2015-11-23,sh.600188,10.2500,10.46,10.07,10.08,7539353,77432156.0000,3,0.254710,1,-1.658500,28.757485,1.565781,0.929987,20.663307,0,10.157999999999927,10.285000000000025,9.929000000000032,-1,-1,1,-1,1,36.32300816766828,39.125938883759495,30.71714673548584,-1,0.1691182271884255,0.17163399163310822,-0.002515764444682711
2015-11-24,sh.600188,10.0400,10.1,9.8,9.95,7579634,75119885.0000,3,0.256070,1,-1.289700,28.386604,1.545588,0.917993,20.396816,0,10.111999999999927,10.210000000000026,9.944000000000031,-1,-1,1,-1,1,28.67510051976062,34.613849695304346,16.797602168673166,-1,0.14294912745059385,0.16589701879660534,-0.022947891346011495
2015-11-25,sh.600188,9.9400,10.1,9.91,10.07,5702269,57144751.0000,3,0.192646,1,1.206000,28.728955,1.564228,0.929064,20.642807,0,10.109999999999927,10.165000000000026,9.96800000000003,-1,-1,1,-1,1,23.585677934170434,29.52792887386651,11.70117605477828,-1,0.13038987121781354,0.15879558928084697,-0.028405718063033436
2015-11-26,sh.600188,10.1000,10.51,10.1,10.37,13860834,143952917.0000,3,0.468275,1,2.979100,29.584833,1.610829,0.956742,21.257787,0,10.143999999999927,10.155000000000026,10.008000000000031,1,1,1,-1,1,34.52418926103125,28.928322571654167,45.715922639785425,1,0.14299569757426234,0.15563561093953004,-0.012639913365267708
2015-11-27,sh.600188,10.3200,10.5,9.35,9.4,11800794,118428521.0000,3,0.398678,1,-9.353900,26.817496,1.460153,0.867249,19.269354,0,9.973999999999927,10.083000000000027,10.018000000000033,-1,-1,-1,-1,-1,30.66416040100245,29.59134253206811,32.809796138871135,1,0.07386355927718746,0.13928120060706153,-0.06541764132987407
2015-11-30,sh.600188,9.3200,9.5,9.0,9.35,6803641,62984933.0000,3,0.229854,1,-0.531900,26.674849,1.452386,0.862636,19.166857,0,9.827999999999928,9.993000000000027,10.037000000000031,-1,-1,-1,-1,-1,28.916745506149425,31.36836505606111,24.01350640632606,-1,0.01486984910965461,0.11439893030758015,-0.09952908119792554
2015-12-01,sh.600188,9.3500,9.49,9.21,9.46,5290715,49575680.0000,3,0.178742,1,1.176500,26.988671,1.469473,0.872785,19.392349,0,9.72999999999993,9.921000000000026,10.059000000000031,-1,-1,-1,-1,-1,19.071270892462948,26.21739226653834,4.779028144312164,-1,-0.02274482237897857,0.08697017977026841,-0.10971500214924698
2015-12-02,sh.600188,9.4000,9.81,9.3,9.77,7184215,68595215.0000,3,0.242712,1,3.277000,27.873078,1.517627,0.901386,20.027828,0,9.669999999999927,9.890000000000025,10.074000000000032,1,-1,-1,-1,-1,34.87858719646797,27.622201198360177,49.391359192683545,1,-0.02722646160934339,0.06413085149434605,-0.09135731310368944
2015-12-03,sh.600188,9.7400,10.3,9.5,9.97,9798908,97737066.0000,3,0.331046,1,2.047100,28.443663,1.548694,0.919838,20.437814,0,9.589999999999929,9.867000000000026,10.084500000000032,1,1,-1,-1,-1,48.565121412803535,34.17165983391155,77.35204457058751,1,-0.01447302839542175,0.048410075516392495,-0.06288310391181424
2015-12-04,sh.600188,9.9000,10.06,9.57,9.75,6938654,68161667.0000,3,0.234416,1,-2.206600,27.816019,1.514521,0.899541,19.986829,0,9.659999999999929,9.817000000000025,10.071000000000032,1,-1,-1,-1,-1,54.96688741721854,46.13686534216341,72.62693156732878,1,-0.021865945069466264,0.03435487139922074,-0.056220816468687006
2015-12-07,sh.600188,9.7300,9.79,9.51,9.58,8341062,80039883.0000,3,0.281795,1,-1.743600,27.331022,1.488114,0.883856,19.638341,0,9.705999999999928,9.767000000000026,10.026000000000034,-1,-1,-1,-1,-1,50.77262693156734,51.43487858719653,49.44812362030895,-1,-0.040970185254892044,0.019289860068398182,-0.060260045323290226
2015-12-08,sh.600188,9.5400,9.54,9.24,9.25,5665582,52855790.0000,3,0.191406,1,-3.444700,26.389557,1.436853,0.853410,18.961864,0,9.663999999999927,9.697000000000026,9.953500000000034,-1,-1,-1,-1,-1,34.87858719646798,46.87270051508468,10.890360559234594,-1,-0.08179578442860347,-0.000927268831002151,-0.08086851559760132
2015-12-09,sh.600188,9.2000,9.35,9.17,9.31,4600510,42654100.0000,3,0.155424,1,0.648700,26.560732,1.446173,0.858946,19.084860,0,9.571999999999928,9.621000000000027,9.893000000000033,-1,-1,-1,-1,-1,25.2111846946284,36.954132940887966,1.7252882021092688,-1,-0.1080631822492748,-0.022354451514656683,-0.08570873073461813
2015-12-10,sh.600188,9.2100,9.42,9.21,9.26,6187223,57609176.0000,3,0.209029,1,-0.537100,26.418086,1.438406,0.854333,18.982363,0,9.429999999999929,9.510000000000026,9.832500000000033,-1,-1,-1,-1,-1,19.074319352465036,26.38803041452053,4.446897228354047,-1,-0.13140016706889668,-0.04416359462550468,-0.087236572443392
2015-12-11,sh.600188,9.2000,9.39,9.03,9.26,5081422,46691690.0000,3,0.171671,1,0.000000,26.418086,1.438406,0.854333,18.982363,0,9.331999999999928,9.496000000000027,9.789500000000032,-1,-1,-1,-1,-1,19.592300962379696,21.292601669824432,16.191699547490224,-1,-0.1481866917330592,-0.06496821404701558,-0.08321847768604362
2015-12-14,sh.600188,9.1400,9.89,9.13,9.58,14115028,134549962.0000,3,0.476862,1,3.455700,27.331022,1.488114,0.883856,19.638341,0,9.331999999999928,9.519000000000027,9.756000000000032,1,1,-1,-1,-1,27.139107611548543,21.935242642131147,37.54683755038334,1,-0.1341227245413581,-0.07879911614588408,-0.05532360839547401
2015-12-15,sh.600188,9.5000,9.56,9.31,9.37,7984509,75312902.0000,3,0.269749,1,-2.192100,26.731908,1.455493,0.864482,19.207856,0,9.355999999999927,9.510000000000028,9.715500000000032,1,-1,-1,-1,-1,29.39632545931757,25.375911344415325,37.43715368912206,1,-0.1383276194818599,-0.09070481681307925,-0.04762280266878065
2015-12-16,sh.600188,9.3600,9.6,9.36,9.46,7485439,71195151.0000,3,0.252888,1,0.960500,26.988671,1.469473,0.872785,19.392349,0,9.385999999999928,9.479000000000028,9.684500000000032,1,-1,-1,-1,-1,37.275437657671446,31.270290242845906,49.28573248732253,1,-0.13286618253231808,-0.09913708995692702,-0.033729092575391056
2015-12-17,sh.600188,9.5000,9.87,9.5,9.73,9982829,96957931.0000,3,0.337260,1,2.854100,27.758961,1.511414,0.897695,19.945831,0,9.479999999999928,9.455000000000028,9.661000000000033,1,1,1,1,-1,49.971525065350136,38.881096060779775,72.15238307449086,1,-0.10553467287062723,-0.10041660653966707,-0.0051180663309601665
2015-12-18,sh.600188,9.6500,9.75,9.54,9.71,7644204,73654944.0000,3,0.258252,1,-0.205500,27.701902,1.508307,0.895850,19.904832,0,9.569999999999927,9.451000000000027,9.634000000000032,1,1,1,1,-1,67.40422969820129,51.550397473741015,99.11189414712186,1,-0.08451386418559181,-0.09723605806885202,0.012722193883260208
2015-12-21,sh.600188,9.6800,10.4,9.62,10.25,20377190,206265678.0000,3,0.688423,1,5.561300,29.242482,1.592188,0.945671,21.011795,0,9.703999999999928,9.518000000000027,9.642500000000032,1,1,1,1,1,83.17207038986025,66.84927505113728,115.81766106730618,1,-0.02400452559548505,-0.08258975157417862,0.058585225978693575
2015-12-22,sh.600188,10.2300,10.35,9.97,10.07,13949867,140992526.0000,3,0.471282,1,-1.756100,28.728955,1.564228,0.929064,20.642807,0,9.843999999999928,9.600000000000028,9.648500000000032,1,1,1,1,1,81.34442369716517,77.30690792840896,89.4194552346776,1,0.009317657352266195,-0.06420826978888966,0.07352592714115586
2015-12-23,sh.600188,10.0800,10.16,9.88,9.93,10322322,103378183.0000,3,0.348729,1,-1.390300,28.329546,1.542481,0.916147,20.355817,0,9.937999999999928,9.66200000000003,9.641500000000033,-1,1,1,1,1,76.88564476885644,80.46737961862733,69.72217506931466,-1,0.024150505446918658,-0.046536514741728,0.07068702018864666
2015-12-24,sh.600188,9.9800,10.1,9.73,9.83,8066368,79677060.0000,3,0.272514,1,-1.007100,28.044253,1.526947,0.906921,20.150824,0,9.957999999999927,9.719000000000028,9.614500000000033,-1,1,1,1,1,65.57464988409293,74.60157278337157,47.52080408553567,-1,0.027519255316553526,-0.03172536073007169,0.05924461604662522
2015-12-25,sh.600188,9.8300,10.01,9.76,9.99,6212322,61507184.0000,3,0.209877,1,1.627700,28.500721,1.551801,0.921683,20.478813,0,10.013999999999928,9.792000000000026,9.644000000000034,-1,1,1,1,1,61.065620664690705,67.84197177254674,47.51291844897864,-1,0.042608512276334665,-0.016858586128790418,0.05946709840512508
2015-12-28,sh.600188,9.9800,10.0,9.51,9.53,9357685,91250051.0000,3,0.316140,1,-4.604600,27.188376,1.480347,0.879243,19.535845,0,9.869999999999928,9.787000000000027,9.653000000000034,-1,-1,-1,1,1,44.61652839443055,57.085599647738114,19.678385887815423,-1,0.01724985590834116,-0.010036897721364102,0.027286753629705264
2015-12-29,sh.600188,9.3800,9.79,9.38,9.69,5763597,55121676.0000,3,0.194717,1,1.678900,27.644844,1.505200,0.894005,19.863834,0,9.793999999999928,9.819000000000027,9.664500000000034,-1,-1,1,-1,1,36.3745439366054,47.3522309985756,14.419169812665004,-1,0.009948915951556003,-0.00603973498678008,0.015988650938336083
2015-12-30,sh.600188,9.6900,9.77,9.6,9.65,4889833,47354762.0000,3,0.165198,1,-0.412800,27.530727,1.498987,0.890314,19.781836,0,9.737999999999927,9.838000000000028,9.658500000000034,-1,-1,-1,-1,1,24.402966314730957,35.13134621525568,2.9462065136815028,-1,0.0009245451483597122,-0.004646878959752122,0.005571424108111834
2015-12-31,sh.600188,9.6800,9.9,9.4,9.45,6248818,60284051.0000,3,0.211121,1,-2.072500,26.960142,1.467920,0.871862,19.371850,0,9.661999999999926,9.810000000000027,9.632500000000032,-1,-1,-1,-1,1,21.24183006535937,27.339780105565293,9.045929984947527,-1,-0.02211078291851365,-0.008139659751504427,-0.013971123167009223
2016-01-04,sh.600188,9.3200,9.58,8.54,8.56,6722470,62323035.0000,3,0.227124,1,-9.418000,24.421038,1.329671,0.789750,17.547411,0,9.375999999999927,9.695000000000027,9.573000000000032,-1,-1,-1,-1,-1,11.479435236341269,19.04141053881058,-3.6445153685973537,-1,-0.1109035808863652,-0.028692443978476583,-0.08221113690788862
2016-01-05,sh.600188,8.3400,8.78,8.21,8.7,8973401,76572258.0000,3,0.303173,1,1.635500,24.820448,1.351418,0.802667,17.834402,0,9.209999999999926,9.540000000000028,9.529000000000032,-1,-1,-1,-1,-1,11.031974200644925,14.584413167448568,3.927096267037637,-1,-0.1680386382015051,-0.056561682823082285,-0.11147695537842282
2016-01-06,sh.600188,8.7500,9.57,8.63,9.57,23271659,217842140.0000,3,0.786250,1,10.000000,27.302493,1.486560,0.882934,19.617842,0,9.185999999999925,9.490000000000027,9.545000000000032,1,1,1,-1,-1,32.73028315385589,18.413897530280746,61.36305440100619,1,-0.14148589235779419,-0.07354652473002467,-0.06793936762776952
2016-01-07,sh.600188,9.4900,9.6,8.61,8.64,5666965,52643026.0000,3,0.191463,1,-9.717900,24.649272,1.342098,0.797131,17.711406,0,8.983999999999927,9.361000000000026,9.511500000000032,-1,-1,-1,-1,-1,40.32492199158863,28.029059782029865,64.91664641070616,1,-0.19325811835080842,-0.09748884345418142,-0.095769274896627
2016-01-08,sh.600188,9.1300,9.5,8.88,9.5,20573988,192623209.0000,3,0.695107,1,9.953700,27.102788,1.475687,0.876475,19.474347,0,8.993999999999925,9.328000000000026,9.523500000000032,1,1,-1,-1,-1,55.97119998423536,43.00880170989334,81.8959965329194,1,-0.1630140433498859,-0.11059388343332231,-0.05242015991656358
2016-01-11,sh.600188,9.5000,9.65,8.89,8.93,21453701,198274780.0000,3,0.724829,1,-6.000000,25.476621,1.387145,0.823887,18.305886,0,9.067999999999925,9.222000000000026,9.507000000000033,-1,-1,-1,-1,-1,46.186492763630675,47.494204913151606,43.57106846458882,-1,-0.18293091856739707,-0.12506129046013725,-0.05786962810725982
2016-01-12,sh.600188,8.7300,8.99,8.21,8.85,12888237,110590981.0000,3,0.435438,1,-0.895900,25.248387,1.374719,0.816506,18.141891,0,9.097999999999926,9.154000000000025,9.470500000000033,-1,-1,-1,-1,-1,50.84680396240339,51.00149890342319,50.5374140803638,-1,-0.20283239153191523,-0.14061551067449285,-0.062216880857422385
2016-01-13,sh.600188,8.7900,9.37,8.6,8.75,12881848,116697216.0000,3,0.435223,1,-1.129900,24.963094,1.359185,0.807280,17.936898,0,8.933999999999926,9.060000000000025,9.439500000000033,-1,-1,-1,-1,-1,37.4753451676528,44.836213964562326,22.753607573833747,-1,-0.22409044138694334,-0.15731049681698295,-0.06677994456996039
2016-01-14,sh.600188,8.2300,9.19,8.23,8.99,9074985,79584324.0000,3,0.306605,1,2.742900,25.647796,1.396466,0.829423,18.428882,0,9.003999999999927,8.994000000000025,9.416000000000032,-1,-1,-1,1,-1,41.329717291255704,43.21728880710401,37.55457425955909,-1,-0.21904657228319735,-0.16965771191022583,-0.04938886037297152
2016-01-15,sh.600188,8.7000,8.93,8.26,8.43,9607115,81875283.0000,3,0.324583,1,-6.229100,24.050158,1.309478,0.777757,17.280920,0,8.789999999999926,8.892000000000024,9.351000000000033,-1,-1,-1,-1,-1,33.79903572211259,37.53469939367375,26.32770837899028,-1,-0.2572709304237577,-0.1871803556129322,-0.0700905748108255
2016-01-18,sh.600188,8.2000,8.5,7.9,8.4,8875262,72917534.0000,3,0.299857,1,-0.355900,23.964570,1.304818,0.774989,17.219422,0,8.683999999999926,8.876000000000024,9.285500000000033,-1,-1,-1,-1,-1,32.671957671957635,35.93357022844203,26.14873255898884,-1,-0.28668008930398337,-0.20708030235114244,-0.07959978695284092
2016-01-19,sh.600188,8.3400,8.7,8.23,8.52,9995770,85293527.0000,3,0.337714,1,1.428600,24.306921,1.323458,0.786060,17.465414,0,8.617999999999927,8.858000000000024,9.199000000000034,-1,-1,-1,-1,-1,26.425925925925878,30.96563977333209,17.34649823111345,-1,-0.2968817939616635,-0.22504060067324666,-0.07184119328841682
2016-01-20,sh.600188,8.6500,8.76,8.25,8.51,9691829,82780286.0000,3,0.327446,1,-0.117400,24.278392,1.321905,0.785137,17.444915,0,8.569999999999926,8.752000000000026,9.121000000000034,-1,-1,-1,-1,-1,32.95238095238091,30.683421516754862,37.49029982363302,1,-0.30228903500159454,-0.24049028753891624,-0.0617987474626783
2016-01-21,sh.600188,8.3100,8.75,8.09,8.17,10305892,87695062.0000,3,0.348192,1,-3.995300,23.308398,1.269091,0.753769,16.747938,0,8.405999999999926,8.705000000000025,9.033000000000033,-1,-1,-1,-1,-1,28.571428571428527,29.316578483245156,27.08112874779527,-1,-0.3302030952465351,-0.25843284908044,-0.07177024616609512
2016-01-22,sh.600188,8.3000,8.81,8.3,8.51,10741028,92040817.0000,3,0.362893,1,4.161600,24.278392,1.321905,0.785137,17.444915,0,8.421999999999926,8.606000000000027,8.96700000000003,1,-1,-1,-1,-1,30.59410430838999,30.705971277399858,30.37037037037026,-1,-0.32118758010799553,-0.2709837952859511,-0.050203784822044406
2016-01-25,sh.600188,8.7000,9.21,8.6,9.01,14503555,130049206.0000,3,0.490013,1,5.875400,25.704855,1.399572,0.831268,18.469880,0,8.543999999999926,8.614000000000026,8.918000000000031,1,1,1,-1,-1,44.145124716553276,34.43688586545731,63.561602418745196,1,-0.2705778451121841,-0.2709026052511977,0.00032476013901361345
2016-01-26,sh.600188,8.8900,9.2,8.7,8.87,14138575,126788269.0000,3,0.477682,1,-1.553800,25.305445,1.377825,0.818351,18.182890,0,8.613999999999926,8.616000000000026,8.88500000000003,1,1,-1,-1,-1,63.684201415935284,46.1411434802929,98.77031728722005,1,-0.23901092629652432,-0.26452426946026303,0.02551334316373871
2016-01-27,sh.600188,8.8200,9.51,8.81,9.49,18477817,171291618.0000,3,0.624287,1,6.989900,27.074259,1.474133,0.875553,19.453847,0,8.809999999999928,8.690000000000026,8.875000000000032,1,1,1,1,-1,82.77125652783512,63.533527553441274,121.2467144766228,1,-0.16209654914697147,-0.2440387253976047,0.08194217625063324
2016-01-28,sh.600188,9.2100,9.65,9.08,9.09,17450976,162915006.0000,3,0.589594,1,-4.215000,25.933089,1.411999,0.838649,18.633875,0,8.993999999999925,8.700000000000028,8.847000000000032,1,1,1,1,1,80.26785516729089,75.57443770368714,89.65469009449839,1,-0.13189757503667288,-0.22161049532541835,0.08971292028874547
2016-01-29,sh.600188,9.0000,9.37,8.28,9.18,11804538,104019039.0000,3,0.398825,1,0.990100,26.189852,1.425979,0.846952,18.818369,0,9.127999999999926,8.775000000000029,8.833500000000033,1,1,1,1,1,78.87651961565003,80.63854377025872,75.35247130643265,-1,-0.09955481668773025,-0.19719935959788074,0.09764454291015048
2016-02-01,sh.600188,9.0200,9.02,8.32,8.56,8463417,73239544.0000,3,0.285943,1,-6.753800,24.421038,1.329671,0.789750,17.547411,0,9.037999999999927,8.791000000000029,8.833500000000033,-1,-1,-1,1,1,55.99999999999998,71.71479159431367,24.57041681137261,-1,-0.12253921038371196,-0.18226732975504698,0.059728119371335014
2016-02-02,sh.600188,8.4200,8.68,8.31,8.59,10022703,85136751.0000,3,0.338624,1,0.350500,24.506626,1.334331,0.792518,17.608909,0,8.981999999999928,8.798000000000028,8.828000000000033,-1,-1,-1,1,1,44.017094017094,59.63120454424804,12.78887296278593,-1,-0.13675730561123522,-0.17316532492628461,0.03640801931504939
2016-02-03,sh.600188,8.4100,8.43,8.13,8.32,7309875,60334247.0000,3,0.246969,1,-3.143200,23.736336,1.292391,0.767608,17.055428,0,8.747999999999928,8.779000000000028,8.765500000000033,-1,-1,-1,-1,-1,24.89316239316238,41.63675213675216,-8.594017094017175,-1,-0.16787681263437904,-0.1721076224679035,0.004230809833524474
2016-02-04,sh.600188,8.4300,8.47,8.21,8.42,12417364,103773795.0000,3,0.419530,1,1.201900,24.021629,1.307924,0.776834,17.260421,0,8.613999999999928,8.804000000000027,8.754500000000032,-1,-1,-1,-1,-1,21.210076473234327,30.040110961163606,3.5500074973757734,-1,-0.18236785873360262,-0.17415966972104333,-0.008208189012559292
2016-02-05,sh.600188,8.3600,8.45,8.2,8.22,5837990,48663375.0000,3,0.197241,1,-2.375300,23.451044,1.276857,0.758382,16.850435,0,8.421999999999928,8.775000000000027,8.690500000000032,-1,-1,-1,-1,-1,12.49999999999996,19.53441295546559,-1.5688259109313023,-1,-0.20759739218759599,-0.18084721421435385,-0.02675017797324214
2016-02-15,sh.600188,8.0000,8.26,7.9,8.18,5679423,45960259.0000,3,0.191883,1,-0.486600,23.336927,1.270644,0.754691,16.768437,0,8.345999999999927,8.692000000000027,8.65300000000003,-1,-1,-1,-1,-1,13.666666666666623,15.79224771330034,9.415504573399193,-1,-0.22818922162092292,-0.19031561569566766,-0.037873605925255266
2016-02-16,sh.600188,8.1800,8.52,8.18,8.42,7568463,63404204.0000,3,0.255706,1,2.934000,24.021629,1.307924,0.776834,17.260421,0,8.311999999999927,8.647000000000027,8.631500000000031,1,-1,-1,-1,-1,17.211779448621517,14.459482038429401,22.71637426900575,1,-0.22257667520405988,-0.1967678275973461,-0.025808847606713786
2016-02-17,sh.600188,8.4100,8.59,8.35,8.52,6813413,57664942.0000,3,0.230196,1,1.187700,24.306921,1.323458,0.786060,17.465414,0,8.351999999999927,8.550000000000027,8.620000000000031,1,-1,-1,-1,-1,29.297052154194972,20.058499423161074,47.77415761626277,1,-0.20766568669849583,-0.19894739941757605,-0.008718287280919779
2016-02-18,sh.600188,8.6800,9.13,8.58,8.69,11324293,99554491.0000,3,0.382600,1,1.995300,24.791919,1.349865,0.801744,17.813902,0,8.405999999999926,8.510000000000026,8.60500000000003,1,1,1,-1,-1,45.372932913002536,30.627254838606376,74.86428906179486,1,-0.18005547420326984,-0.19516901437471482,0.015113540171444978
2016-02-19,sh.600188,8.6200,8.7,8.49,8.58,5807636,49917416.0000,3,0.196215,1,-1.265800,24.478097,1.332778,0.791596,17.588410,0,8.477999999999927,8.450000000000028,8.612500000000031,1,1,-1,1,-1,53.89635529008345,42.85544678576036,75.97817229872963,1,-0.16514655587563354,-0.18916452267489856,0.024017966799265017
2016-02-22,sh.600188,8.6700,9.3,8.6,8.87,18208752,163096472.0000,3,0.615196,1,3.380000,25.305445,1.377825,0.818351,18.182890,0,8.615999999999925,8.481000000000027,8.636000000000031,1,1,1,1,-1,62.93263646922174,54.06730822410261,80.66329295946001,1,-0.12844986424143912,-0.17702159098820666,0.048571726746767546
2016-02-23,sh.600188,8.7000,9.2,8.7,9.17,17915349,161526396.0000,3,0.605283,1,3.382200,26.161323,1.424426,0.846029,18.797869,0,8.765999999999925,8.539000000000026,8.66850000000003,1,1,1,1,1,71.76151761517607,62.863503124827126,89.55754659587397,1,-0.07430345496403312,-0.15647796378337195,0.08217450881933883
2016-02-24,sh.600188,9.1000,9.58,8.91,9.32,15476945,143063304.0000,3,0.522900,1,1.635800,26.589262,1.447726,0.859868,19.105359,0,8.925999999999927,8.639000000000028,8.70900000000003,1,1,1,1,1,81.50793650793645,72.06736353077812,100.3890824622531,1,-0.019068479547673434,-0.12899606693623225,0.10992758738855882
2016-02-25,sh.600188,9.2700,9.44,8.81,8.9,16515353,150580009.0000,3,0.557983,1,-4.506400,25.391033,1.382485,0.821119,18.244388,0,8.967999999999927,8.687000000000028,8.745500000000032,-1,1,1,1,1,78.25396825396824,77.17447412569362,80.41295651051746,1,-0.00908018280211742,-0.10501289010940928,0.09593270730729186
2016-02-26,sh.600188,9.1500,9.79,9.0,9.79,26876486,257943269.0000,3,0.908042,1,10.000000,27.930136,1.520734,0.903231,20.068827,0,9.209999999999926,8.844000000000028,8.809500000000032,1,1,1,1,1,81.34920634920634,80.37037037037038,83.30687830687827,1,0.0698460346800367,-0.0700411051515201,0.1398871398315568
2016-02-29,sh.600188,9.6900,10.77,9.07,10.49,44613285,453516624.0000,3,1.507292,1,7.150200,29.927184,1.629469,0.967813,21.503779,0,9.533999999999928,9.075000000000028,8.883500000000032,1,1,1,1,1,82.65118719664174,80.75145393327215,86.45065372338095,1,0.18672730439192442,-0.018687423242831194,0.2054147276347556
2016-03-01,sh.600188,10.4900,10.49,10.49,10.49,0,0.0000,3,,0,0.000000,29.927184,1.629469,0.967813,21.503779,0,9.797999999999927,9.282000000000027,8.964500000000033,1,1,1,1,1,92.04968343724325,85.35002566103047,105.44899898966881,1,0.27617300226429364,0.04028466185859377,0.23588834040569986
2016-03-02,sh.600188,10.1200,11.54,10.03,11.54,39009336,429180064.0000,3,1.317959,1,10.009500,32.922755,1.792571,1.064687,23.656206,0,10.241999999999928,9.584000000000026,9.067000000000032,1,1,1,1,1,92.04968343724325,88.91685135704277,98.3153475976442,1,0.42686495356299403,0.11760072019947385,0.30926423336352016
2016-03-03,sh.600188,11.6100,12.1,11.21,11.44,34907118,403878768.0000,3,1.179362,1,-0.866600,32.637463,1.777037,1.055461,23.451213,0,10.749999999999927,9.859000000000027,9.184500000000032,1,1,1,1,1,89.62071846282372,91.24002844577011,86.38209849693092,-1,0.5320866823176686,0.2004979126231128,0.33158876969455586
2016-03-04,sh.600188,11.3100,11.5,10.82,11.04,33008823,369598496.0000,3,1.115227,1,-3.496500,31.496293,1.714903,1.018557,22.631241,0,10.999999999999927,10.105000000000027,9.27750000000003,1,1,1,1,1,83.3221288515406,88.33084358386922,73.30469938688336,-1,0.5765528608882242,0.2757089022761351,0.3008439586120891
2016-03-07,sh.600188,11.2900,11.32,10.79,11.29,33138761,365102496.0000,3,1.119617,1,2.264500,32.209524,1.753737,1.041622,23.143724,0,11.159999999999927,10.347000000000026,9.41400000000003,1,1,1,1,1,75.1154419214494,82.68609641193795,59.97413294047229,-1,0.6247636519518984,0.3455198522112878,0.27924379974061064
2016-03-08,sh.600188,11.5400,11.56,10.6,10.94,21623308,237944073.0000,3,0.730559,1,-3.100100,31.211000,1.699370,1.009331,22.426248,0,11.249999999999925,10.524000000000026,9.53150000000003,-1,1,1,1,1,69.64836998629237,76.02864691976083,56.88781611935542,-1,0.6274955976348142,0.40191500129599306,0.22558059633882116
2016-03-09,sh.600188,10.1800,10.44,9.85,9.94,22034768,222752180.0000,3,0.744461,1,-9.140800,28.358075,1.544034,0.917070,20.376316,0,10.929999999999925,10.586000000000023,9.61250000000003,-1,-1,1,1,1,56.81472039742456,67.19284410172216,36.05847298882935,-1,0.5427129841654761,0.43007459786988966,0.11263838629558642
2016-03-10,sh.600188,9.9800,10.15,9.7,9.77,15082930,150332472.0000,3,0.509588,1,-1.710300,27.873078,1.517627,0.901386,20.027828,0,10.595999999999927,10.673000000000023,9.680000000000032,-1,-1,1,-1,1,39.388844071190114,55.28397815163573,7.598575910298891,-1,0.4565418427388952,0.4353680468436908,0.021173795895204406
2016-03-11,sh.600188,9.7500,10.34,9.66,10.31,24181493,244403574.0000,3,0.816989,1,5.527100,29.413657,1.601508,0.951206,21.134791,0,10.449999999999928,10.725000000000023,9.784500000000032,-1,-1,1,-1,1,26.688078379493145,40.963880949369326,-1.8635267602592194,-1,0.42690300723101515,0.43367503892115566,-0.006772031690140512
2016-03-14,sh.600188,10.4300,11.23,10.01,10.86,29636239,314392992.0000,3,1.001282,1,5.334600,30.982766,1.686943,1.001950,22.262253,0,10.363999999999928,10.762000000000024,9.918500000000032,1,1,1,-1,1,32.973994120723525,33.01697219046898,32.88803798123263,-1,0.4426913496994178,0.43547830107680807,0.007213048622609741
2016-03-15,sh.600188,10.5500,10.77,10.3,10.38,12866763,134698299.0000,3,0.434713,1,-4.419900,29.613362,1.612382,0.957665,21.278286,0,10.251999999999928,10.751000000000023,10.016500000000033,1,-1,1,-1,1,35.10928961748633,31.590454039234384,42.14696077399024,1,0.4117256197279442,0.4307277648070353,-0.019002145079091093
2016-03-16,sh.600188,10.5800,10.8,10.11,10.48,14087048,147436445.0000,3,0.475941,1,0.963400,29.898655,1.627915,0.966891,21.483279,0,10.359999999999928,10.645000000000023,10.114500000000032,1,-1,1,-1,1,40.61547310900201,36.23291894907067,49.38058142886469,1,0.3907498983004043,0.42273219150570907,-0.03198229320530477
2016-03-17,sh.600188,10.5700,11.25,10.49,11.02,21947636,238812866.0000,3,0.741517,1,5.152700,31.439234,1.711797,1.016711,22.590242,0,10.609999999999928,10.603000000000023,10.231000000000032,1,1,1,1,1,48.0816796088582,41.26881411178223,61.70741060301016,1,0.4129398613038937,0.42077372546534597,-0.007833864161452264
2016-03-18,sh.600188,11.1800,11.35,10.98,11.03,23784033,264932244.0000,3,0.803561,1,0.090700,31.467763,1.713350,1.017634,22.610741,0,10.753999999999929,10.602000000000023,10.35350000000003,1,1,1,1,1,62.28070175438594,50.325951490748764,86.19020228166028,1,0.42641701338578564,0.4219023830494339,0.004514630336351744
2016-03-21,sh.600188,11.1500,11.18,10.67,11.13,27999935,307123760.0000,3,0.945998,1,0.906600,31.753056,1.728883,1.026860,22.815735,0,10.807999999999929,10.586000000000023,10.46650000000003,1,1,1,1,1,76.88881968234195,62.417067015195414,105.83232501663502,1,0.44009379050537945,0.425540664540623,0.014553125964756441
2016-03-22,sh.600188,10.9400,11.07,10.71,10.99,17484286,190860616.0000,3,0.590719,1,-1.257900,31.353646,1.707136,1.013944,22.528744,0,10.929999999999929,10.591000000000024,10.557500000000031,1,1,1,1,1,79.26191217689195,72.81047787120667,92.16478078826253,1,0.4346258091545714,0.4273576934634127,0.007268115691158705
2016-03-23,sh.600188,11.0000,11.28,10.85,11.08,20684206,229384690.0000,3,0.698831,1,0.818900,31.610410,1.721117,1.022247,22.713238,0,11.04999999999993,10.705000000000023,10.645500000000032,1,1,1,1,1,83.23471400394482,79.79514862105962,90.1138447697152,1,0.43256826468707743,0.4283998077081456,0.0041684569789318116
2016-03-24,sh.600188,10.8500,10.85,10.23,10.29,22318458,232721429.0000,3,0.754045,1,-7.130000,29.356599,1.598402,0.949361,21.093792,0,10.903999999999929,10.757000000000025,10.715000000000032,-1,-1,-1,1,1,61.205805293061324,74.56747715796608,34.4824615632518,-1,0.36300673252950233,0.41532119267241696,-0.05231446014291463
2016-03-25,sh.600188,10.2300,10.49,10.1,10.4,11273328,116099267.0000,3,0.380878,1,1.069000,29.670421,1.615489,0.959510,21.319285,0,10.77799999999993,10.766000000000025,10.745500000000032,-1,-1,-1,1,1,42.97306367570433,62.471194324236876,3.976802378639235,-1,0.3131450565367633,0.3948859654452862,-0.08174090890852292
2016-03-28,sh.600188,10.4000,10.42,10.04,10.1,13205110,135069857.0000,3,0.446144,1,-2.884600,28.814543,1.568888,0.931832,20.704305,0,10.571999999999928,10.690000000000024,10.726000000000031,-1,-1,-1,-1,-1,16.49189168660516,40.22358688512366,-30.97149871043183,-1,0.2465794123084155,0.36522465481791205,-0.11864524250949654
2016-03-29,sh.600188,10.1100,10.29,9.95,10.01,14333199,144838209.0000,3,0.484258,1,-0.891100,28.557780,1.554908,0.923528,20.519812,0,10.375999999999928,10.653000000000025,10.70200000000003,-1,-1,-1,-1,-1,10.955288985823382,23.473414782711007,-14.080962607951868,-1,0.18443733307186427,0.3290671904687025,-0.1446298573968382
2016-03-30,sh.600188,10.2200,10.29,10.03,10.27,9991873,101635018.0000,3,0.337583,1,2.597400,58.768057,1.523924,0.731979,16.409697,0,10.213999999999928,10.632000000000025,10.638500000000032,1,-1,-1,-1,-1,10.574336604870988,12.673839092433226,6.375331629746512,-1,0.1543894096463969,0.2941316343042414,-0.13974222465784447
2016-03-31,sh.600188,10.2700,10.67,10.12,10.62,25071247,261436129.0000,3,0.847050,1,3.408000,60.770864,1.575859,0.756925,16.968937,0,10.279999999999927,10.592000000000025,10.597500000000032,1,1,1,-1,-1,25.839598997493752,15.78974152939609,45.93931393368908,1,0.15700839374728304,0.2667069861928497,-0.10969859244556668
2016-04-01,sh.600188,10.5500,11.0,10.52,10.77,25693769,277329552.0000,3,0.868083,1,1.412400,61.629209,1.598117,0.767616,17.208611,0,10.353999999999928,10.566000000000026,10.584000000000033,1,1,1,-1,-1,44.96240601503761,27.125447205800835,80.63632363351115,1,0.1692368468890333,0.24721295833208642,-0.07797611144305314
2016-04-05,sh.600188,10.6600,11.1,10.61,10.82,19339190,209867317.0000,3,0.653389,1,0.464200,61.915324,1.605536,0.771180,17.288502,0,10.497999999999928,10.535000000000025,10.560500000000033,1,1,1,-1,-1,59.14786967418549,43.31662489557234,90.8103592314118,1,0.18087752274779412,0.23394587121522797,-0.05306834846743386
2016-04-06,sh.600188,10.7200,10.81,10.49,10.67,11439334,121255255.0000,3,0.386486,1,-1.386300,61.056979,1.583278,0.760489,17.048828,0,10.629999999999928,10.503000000000025,10.547000000000033,1,1,1,1,1,63.22545494170212,55.77857687697513,78.1192110711561,1,0.1759706161100958,0.22235082019420155,-0.04638020408410576
2016-04-07,sh.600188,10.6400,10.92,10.38,10.5,15221659,163408069.0000,3,0.514275,1,-1.593300,60.084187,1.558052,0.748372,16.777197,0,10.675999999999927,10.445000000000025,10.575000000000033,-1,1,-1,1,1,58.61610548109408,60.32981003232729,55.18869637862767,-1,0.15655955687987522,0.20919256753133628,-0.05263301065146106
2016-04-08,sh.600188,10.3000,10.54,10.1,10.27,11877148,121809711.0000,3,0.401278,1,-2.190500,58.768057,1.523924,0.731979,16.409697,0,10.605999999999929,10.443000000000024,10.600000000000033,-1,-1,-1,1,1,46.086956521739154,55.97617231484517,26.308524935527117,-1,0.12121972919944746,0.1915979998649585,-0.07037827066551106
2016-04-11,sh.600188,10.5500,11.29,10.55,10.8,21964424,240240484.0000,3,0.742084,1,5.160700,61.800878,1.602568,0.769754,17.256546,0,10.611999999999929,10.483000000000024,10.624500000000033,1,1,1,1,-1,46.36166991131305,50.354910638048814,38.37518845784153,-1,0.1344296108834495,0.1801643220686567,-0.045734711185207194
2016-04-12,sh.600188,10.9400,10.99,10.45,10.92,15789406,169280642.0000,3,0.533457,1,1.111100,62.487555,1.620375,0.778307,17.448285,0,10.63199999999993,10.565000000000024,10.627500000000033,1,1,1,1,1,53.96461447077936,48.804413634610576,64.28501614311692,1,0.15281992148050705,0.17469544195102676,-0.021875520470519716
2016-04-13,sh.600188,11.3300,12.01,11.33,11.81,54888340,647793184.0000,3,1.854443,1,8.150200,67.580405,1.752438,0.841740,18.870353,0,10.85999999999993,10.745000000000024,10.699000000000034,1,1,1,1,1,74.53218408911157,58.286156157068056,107.02423995319857,1,0.23648389791432045,0.1870531331436855,0.04943076477063496
2016-04-14,sh.600188,11.5800,11.68,11.29,11.47,22415717,256937383.0000,3,0.757331,1,-2.878900,65.634822,1.701987,0.817507,18.327091,0,11.05399999999993,10.865000000000025,10.748500000000034,1,1,1,1,1,77.2971550458462,68.59798453524577,94.69549606704706,1,0.2722151170813909,0.20408552993122658,0.06812958715016432
2016-04-15,sh.600188,11.3500,11.53,11.15,11.32,16699086,189920198.0000,3,0.564191,1,-1.307800,64.776476,1.679729,0.806816,18.087417,0,11.263999999999928,10.935000000000025,10.763500000000032,1,1,1,1,1,75.04363001745205,75.62432305080334,73.88224395074946,-1,0.2851416834706182,0.22029676063910492,0.06484492283151327
2016-04-18,sh.600188,11.2000,11.24,10.78,11.09,15210427,167025124.0000,3,0.513895,1,-2.031800,63.460346,1.645600,0.790423,17.719916,0,11.321999999999928,10.967000000000025,10.766500000000033,-1,1,1,1,1,62.47818499127402,71.60632335152415,44.22190827077375,-1,0.27367227897818225,0.23097186430692038,0.04270041467126187
2016-04-19,sh.600188,11.1900,11.32,10.94,11.18,10629710,118652069.0000,3,0.359133,1,0.811500,63.975354,1.658955,0.796838,17.863721,0,11.373999999999928,11.003000000000025,10.769000000000034,-1,1,1,1,1,57.41710296684119,64.97963932518915,42.292030250145274,-1,0.2687469930769488,0.23852689006092606,0.030220103016022765
2016-04-20,sh.600188,11.2900,11.48,10.37,10.66,19765820,215136325.0000,3,0.667803,1,-4.651200,60.999756,1.581794,0.759776,17.032850,0,11.143999999999929,11.002000000000026,10.752500000000033,-1,-1,-1,1,1,45.89877835951135,55.26468877254225,27.166957533449548,-1,0.22034402556940869,0.2348903171626226,-0.014546291593213911
2016-04-21,sh.600188,10.7100,11.1,10.69,10.8,17166751,186991929.0000,3,0.579991,1,1.313300,61.800878,1.602568,0.769754,17.256546,0,11.009999999999929,11.032000000000025,10.738500000000034,-1,-1,1,-1,1,37.3611288468906,46.89233672441444,18.298713091842913,-1,0.191078520820545,0.2261279578942071,-0.03504943707366209
2016-04-22,sh.600188,10.5800,10.83,10.3,10.53,10562113,110812297.0000,3,0.356849,1,-2.500000,60.255856,1.562504,0.750510,16.825132,0,10.85199999999993,11.058000000000025,10.750500000000034,-1,-1,-1,-1,1,22.99639210684383,35.41876643774866,-1.848356554965818,-1,0.14443371201934774,0.20978910871923523,-0.06535539669988749
2016-04-25,sh.600188,10.5800,10.97,10.33,10.95,12307581,132300940.0000,3,0.415821,1,3.988600,62.659224,1.624826,0.780445,17.496220,0,10.82399999999993,11.073000000000025,10.778000000000032,1,-1,1,-1,1,25.89383349973849,28.750451484491037,20.1805975302334,-1,0.139746939174886,0.19578067481036537,-0.056033735635479365
2016-04-26,sh.600188,11.0300,11.08,10.62,10.87,7144433,77376252.0000,3,0.241380,1,-0.730600,62.201439,1.612955,0.774743,17.368394,0,10.76199999999993,11.068000000000026,10.816500000000033,1,-1,1,-1,-1,30.92211204339344,26.60411254999198,39.55811103019636,1,0.12810064205543625,0.18224466825937954,-0.05414402620394329
2016-04-27,sh.600188,10.8400,10.93,10.47,10.58,12311118,130799073.0000,3,0.415940,1,-2.667900,60.541971,1.569923,0.754074,16.905024,0,10.74599999999993,10.945000000000025,10.845000000000034,-1,-1,-1,-1,-1,34.02675712493199,30.2809008893547,41.51846959608657,1,0.09438231078458159,0.16467219676441996,-0.07028988597983837
2016-04-28,sh.600188,10.3100,10.57,10.23,10.52,7276982,75628457.0000,3,0.245858,1,-0.567100,60.198633,1.561020,0.749798,16.809154,0,10.68999999999993,10.850000000000026,10.857500000000034,-1,-1,-1,-1,-1,29.089525156121073,31.34613144148223,24.576312585398767,-1,0.062102908099044285,0.14415833903134484,-0.08205543093230055
2016-04-29,sh.600188,10.4100,10.63,10.35,10.56,6364571,66945578.0000,3,0.215032,1,0.380200,55.895601,1.495460,0.720055,13.872955,0,10.69599999999993,10.774000000000026,10.854500000000034,-1,-1,-1,-1,-1,24.121409214092115,29.079230498381786,14.205766645512774,-1,0.03929593553232458,0.12318585833154079,-0.08388992279921621
2016-05-03,sh.600188,10.5400,10.84,10.35,10.81,14495028,152637068.0000,3,0.489725,1,2.367400,57.218887,1.530864,0.737102,14.201387,0,10.66799999999993,10.746000000000027,10.856500000000034,1,1,-1,-1,-1,31.999999999999986,28.403644790071116,39.192710419857725,1,0.040922427845778486,0.10673317223438833,-0.06581074438860984
2016-05-04,sh.600188,10.6400,10.7,10.5,10.56,9167809,97127888.0000,3,0.309741,1,-2.312700,55.895601,1.495460,0.720055,13.872955,0,10.60599999999993,10.684000000000026,10.843500000000034,-1,-1,-1,-1,-1,36.91034482758623,31.010584680559504,48.70986512163968,1,0.02178737278827647,0.08974401234516596,-0.06795663955688949
2016-05-05,sh.600188,10.5200,10.64,10.4,10.57,7362491,77366560.0000,3,0.248747,1,0.094700,55.948532,1.496876,0.720737,13.886092,0,10.603999999999932,10.675000000000026,10.838500000000035,-1,-1,-1,-1,-1,41.44367816091956,36.78467432950199,50.7616858237547,1,0.007344952184384468,0.07326420031300966,-0.0659192481286252
2016-05-06,sh.600188,10.5400,10.6,9.98,10.01,10593078,108949658.0000,3,0.357895,1,-5.298000,52.984372,1.417572,0.682552,13.150405,0,10.501999999999931,10.596000000000027,10.814000000000034,-1,-1,-1,-1,-1,26.886102403343784,35.08004179728325,10.498223615464852,-1,-0.04872640244469828,0.048866079761468076,-0.09759248220616636
2016-05-09,sh.600188,9.9000,9.98,9.01,9.01,17870845,164896357.0000,3,0.603780,1,-9.990000,47.691228,1.275956,0.614365,11.836678,0,10.191999999999931,10.444000000000027,10.751000000000033,-1,-1,-1,-1,-1,14.24242424242423,27.52406826889592,-12.32086381051915,-1,-0.17187374407779998,0.004718114993614464,-0.17659185907141445
2016-05-10,sh.600188,8.9300,9.05,8.85,8.99,6879671,61620351.0000,3,0.232435,1,-0.222000,47.585365,1.273124,0.613002,11.810404,0,9.82799999999993,10.248000000000026,10.660500000000033,-1,-1,-1,-1,-1,3.1526806526806497,14.760402432816285,-20.06276290759062,-1,-0.26799347049601074,-0.04982420210431058,-0.21816926839170017
2016-05-11,sh.600188,9.0500,9.09,8.81,9.0,8143360,73360955.0000,3,0.275129,1,0.111200,47.638296,1.274540,0.613684,11.823541,0,9.51599999999993,10.061000000000025,10.564500000000034,-1,-1,-1,-1,-1,5.363458380699768,7.586187758601613,0.917999624896078,-1,-0.3394491710174474,-0.10774919588693795,-0.2316999751305095
2016-05-12,sh.600188,8.7800,8.95,8.65,8.92,5239834,46267655.0000,3,0.177032,1,-0.888900,47.214845,1.263211,0.608229,11.718443,0,9.18599999999993,9.895000000000026,10.420000000000034,-1,-1,-1,-1,-1,9.473047421795654,5.996395485058755,16.42635129526945,1,-0.39794638172777397,-0.16578863305510516,-0.2321577486726688
2016-05-13,sh.600188,8.8900,9.05,8.85,8.91,5617684,50252150.0000,3,0.189798,1,-0.112100,47.161913,1.261795,0.607547,11.705306,0,8.965999999999932,9.734000000000027,10.292000000000034,-1,-1,-1,-1,-1,11.18683971777972,8.674448506758445,16.211622139822268,1,-0.44004024901674654,-0.22063895624743343,-0.2194012927693131
2016-05-16,sh.600188,8.9000,8.94,8.71,8.93,5479751,48436642.0000,3,0.185137,1,0.224500,47.267776,1.264627,0.608910,11.731580,0,8.949999999999932,9.571000000000026,10.172500000000033,-1,-1,-1,-1,-1,12.619816609124987,11.093234582900186,15.672980661574588,1,-0.46640962938255903,-0.2697930908744586,-0.19661653850810046
2016-05-17,sh.600188,9.0000,9.35,9.0,9.22,13213824,121913528.0000,3,0.446439,1,3.247500,48.802788,1.305695,0.628685,12.112561,0,8.995999999999931,9.412000000000026,10.079000000000033,1,-1,-1,-1,-1,18.057966261496443,13.954874196133781,26.26415039222176,1,-0.45862028773887786,-0.3075585302473424,-0.15106175749153544
2016-05-18,sh.600188,9.1000,9.55,9.01,9.28,10474749,97265158.0000,3,0.353897,1,0.650800,49.120376,1.314192,0.632776,12.191385,0,9.051999999999932,9.284000000000026,9.984000000000034,1,-1,-1,-1,-1,24.86981499115338,18.515865953925,37.57771306561014,1,-0.442504760379995,-0.33454777627387294,-0.10795698410612203
2016-05-19,sh.600188,9.4500,9.55,9.13,9.19,6869747,64185469.0000,3,0.232099,1,-0.969800,48.643993,1.301447,0.626639,12.073149,0,9.10599999999993,9.146000000000026,9.910500000000033,1,1,-1,-1,-1,33.850804049164246,25.59286176727142,50.36668861294989,1,-0.43201533284377724,-0.3540412875878538,-0.07797404525592344
2016-05-20,sh.600188,9.0800,9.27,8.88,9.25,4275306,38970311.0000,3,0.144444,1,0.652900,48.961582,1.309944,0.630730,12.151973,0,9.17399999999993,9.070000000000025,9.833000000000032,1,1,-1,1,-1,46.5252875779191,35.08196887274564,69.41192498826602,1,-0.4140875439439622,-0.36605053885907546,-0.04803700508488673
2016-05-23,sh.600188,9.2000,9.35,9.11,9.28,4434379,40928914.0000,3,0.149819,1,0.324300,49.120376,1.314192,0.632776,12.191385,0,9.24399999999993,9.097000000000026,9.770500000000032,1,1,-1,1,-1,59.089390142021635,46.48849392303506,84.29118257999478,1,-0.3929294467267983,-0.37142632043262,-0.021503126294178276
2016-05-24,sh.600188,9.1900,9.2,8.8,8.99,6637260,59865896.0000,3,0.224245,1,-3.125000,47.585365,1.273124,0.613002,11.810404,0,9.197999999999931,9.097000000000026,9.672500000000033,-1,-1,-1,1,-1,58.14814814814807,54.58760862269633,65.26922719905154,1,-0.39500866461389883,-0.3761427892688758,-0.018865875345023042
2016-05-25,sh.600188,9.0600,9.29,9.0,9.19,7448885,68054285.0000,3,0.251666,1,2.224700,48.643993,1.301447,0.626639,12.073149,0,9.17999999999993,9.116000000000025,9.588500000000034,1,1,-1,1,-1,54.97354497354487,57.40369442123825,50.1132460781581,-1,-0.37618174227913315,-0.37615057987092726,-3.1162408205887004e-05
2016-05-26,sh.600188,9.1900,9.34,9.09,9.3,8804629,81260181.0000,3,0.297471,1,1.197000,49.226239,1.317025,0.634140,12.217659,0,9.20199999999993,9.154000000000025,9.524500000000033,1,1,-1,1,-1,55.052910052909986,56.058201058201035,53.04232804232788,-1,-0.34836940435555164,-0.37059434476785214,0.022224940412300498
2016-05-27,sh.600188,9.2800,9.31,9.11,9.21,5000977,46048884.0000,3,0.168962,1,-0.967700,48.749856,1.304279,0.628003,12.099424,0,9.19399999999993,9.184000000000026,9.459000000000033,1,1,-1,1,-1,60.682539682539634,56.90299823633156,68.24162257495577,1,-0.32978857658801,-0.3624331911318837,0.03264461454387374
2016-05-30,sh.600188,9.1600,9.17,8.9,9.02,4171063,37735194.0000,3,0.140922,1,-2.063000,47.744159,1.277372,0.615047,11.849816,0,9.14199999999993,9.193000000000024,9.382000000000033,-1,-1,-1,-1,-1,51.412698412698354,55.71604938271605,42.80599647266297,-1,-0.3266293687748316,-0.3552724266604733,0.0286430578856417
2016-05-31,sh.600188,9.0100,9.33,9.01,9.31,9472219,87668195.0000,3,0.320026,1,3.215100,49.279171,1.318441,0.634822,12.230796,0,9.20599999999993,9.202000000000025,9.307000000000034,1,1,1,1,-1,50.6666666666666,54.25396825396825,43.492063492063295,-1,-0.29729803081550443,-0.34367754749147955,0.04637951667597512
2016-06-01,sh.600188,9.2600,9.52,9.26,9.38,9754561,91844602.0000,3,0.329565,1,0.751900,49.649691,1.328354,0.639595,12.322757,0,9.243999999999932,9.212000000000025,9.248000000000033,1,1,1,1,-1,59.29629629629627,53.79188712522046,70.30511463844788,1,-0.26534558049619683,-0.328011154092423,0.06266557359622615
2016-06-02,sh.600188,9.4000,9.74,9.38,9.57,10582244,101597146.0000,3,0.357529,1,2.025600,50.655388,1.355261,0.652550,12.572365,0,9.297999999999933,9.250000000000025,9.198000000000032,1,1,1,1,1,76.82348305752564,62.26214867349623,105.94615182558445,1,-0.22213103303239556,-0.3068351298804175,0.08470409684802194
2016-06-03,sh.600188,9.6000,9.6,9.38,9.5,6253748,59102844.0000,3,0.211287,1,-0.731400,50.284868,1.345348,0.647777,12.480405,0,9.355999999999932,9.275000000000025,9.172500000000033,1,1,1,1,1,78.97951142631996,71.69976359338068,93.53900709219852,1,-0.1913261194008431,-0.2837333277845026,0.09240720838365951
2016-06-06,sh.600188,9.5300,9.55,9.35,9.5,6079745,57374385.0000,3,0.205409,1,0.000000,50.284868,1.345348,0.647777,12.480405,0,9.451999999999932,9.297000000000025,9.197000000000035,1,1,1,1,1,75.93718338399185,77.24672595594588,73.3180982400838,-1,-0.16501086092141115,-0.2599888344118843,0.09497797349047316
2016-06-07,sh.600188,9.4800,9.5,9.38,9.43,5588988,52643231.0000,3,0.188828,1,-0.736800,49.914348,1.335435,0.643004,12.388444,0,9.475999999999932,9.341000000000026,9.219000000000033,-1,1,1,1,1,69.66396487673077,74.86021989568091,59.27145483883049,-1,-0.14809707309938958,-0.23761048214938535,0.08951340904999577
2016-06-08,sh.600188,9.3800,9.44,9.3,9.35,4977466,46531199.0000,3,0.168167,1,-0.848400,49.490896,1.324105,0.637549,12.283346,0,9.469999999999931,9.357000000000024,9.236500000000033,-1,-1,1,1,1,62.698412698412625,69.43318698637847,49.22886412248093,-1,-0.13953958038299774,-0.21799630179610782,0.07845672141311008
2016-06-13,sh.600188,9.2500,9.28,8.88,8.89,5076884,46351664.0000,3,0.171526,1,-4.919800,47.056050,1.258962,0.606183,11.679031,0,9.333999999999932,9.316000000000026,9.235000000000033,-1,-1,-1,1,1,39.276485788113625,57.21295445441907,3.4035484555027296,-1,-0.16793995411935292,-0.20798503226075685,0.04004507814140393
2016-06-14,sh.600188,9.0000,9.02,8.78,8.83,3896635,34539798.0000,3,0.131651,1,-0.674900,46.738462,1.250465,0.602092,11.600208,0,9.199999999999932,9.278000000000024,9.231000000000034,-1,-1,-1,-1,-1,19.980850867478747,40.65191645133506,-21.361280300233886,-1,-0.19306343833878437,-0.20500071347636234,0.011937275137577974
2016-06-15,sh.600188,8.6600,9.0,8.65,8.99,6479530,57600466.0000,3,0.218916,1,1.812000,47.585365,1.273124,0.613002,11.810404,0,9.097999999999931,9.275000000000023,9.234000000000034,-1,-1,-1,-1,-1,12.521261527155483,23.92619939424935,-10.288614207032246,-1,-0.19778339391424993,-0.20355724956393986,0.005773855649689935
2016-06-16,sh.600188,9.0000,9.0,8.8,8.84,4481378,39761514.0000,3,0.151407,1,-1.668500,46.791393,1.251882,0.602774,11.613345,0,8.979999999999933,9.228000000000025,9.215000000000035,-1,-1,-1,-1,-1,17.94406218144749,16.815391525360635,20.201403493621193,1,-0.21119323496153086,-0.20508444664345807,-0.006108788318072794
2016-06-17,sh.600188,8.9500,9.4,8.94,9.28,10854702,99705195.0000,3,0.366734,1,4.977400,49.120376,1.314192,0.632776,12.191385,0,8.965999999999934,9.218000000000025,9.215000000000035,1,1,1,-1,-1,38.313214228231075,22.926179312278077,69.08728406013708,1,-0.1841930450702396,-0.20090616632881436,0.01671312125857477
2016-06-20,sh.600188,9.1600,9.32,9.15,9.22,6625322,61213483.0000,3,0.223841,1,-0.646500,48.802788,1.305695,0.628685,12.112561,0,9.031999999999933,9.183000000000025,9.216500000000035,1,1,1,-1,-1,49.02677182252262,35.09468274406712,76.89094997943361,1,-0.1657263088868035,-0.19387019484041218,0.02814388595360867
2016-06-21,sh.600188,9.2700,9.68,9.25,9.3,11735994,111344691.0000,3,0.396509,1,0.867700,49.226239,1.317025,0.634140,12.217659,0,9.125999999999934,9.163000000000023,9.219000000000035,1,1,1,-1,-1,64.25197297450747,50.53065300842045,91.69461290668151,1,-0.14298768300078457,-0.18369369247248665,0.04070600947170208
2016-06-22,sh.600188,9.2700,10.23,9.25,10.23,14727493,148327681.0000,3,0.497579,1,10.000000,54.148863,1.448727,0.697554,13.439425,0,9.373999999999933,9.236000000000024,9.266500000000034,1,1,1,1,1,75.48004314994607,62.919595982325454,100.60093748518729,1,-0.049354996816573404,-0.156825953341304,0.1074709565247306
2016-06-23,sh.600188,10.5000,11.01,10.11,10.72,23338636,247039187.0000,3,0.788513,1,4.789800,56.742504,1.518119,0.730965,14.083151,0,9.749999999999932,9.365000000000023,9.353000000000034,1,1,1,1,1,83.60622017442819,74.44607876629398,101.9265029906966,1,0.06365471454503435,-0.11272981976403633,0.1763845343090707
2016-06-24,sh.600188,10.6000,10.87,10.11,10.53,24815821,259089853.0000,3,0.838421,1,-1.772400,55.736806,1.491212,0.718010,13.833543,0,9.999999999999932,9.483000000000024,9.420000000000034,1,1,1,1,1,89.12429378531071,82.73685236989506,101.899176616142,1,0.13631298168538208,-0.06292125947415264,0.19923424115953473
2016-06-27,sh.600188,10.4000,11.58,10.4,11.27,25828855,290569552.0000,3,0.872647,1,7.027500,59.653733,1.596007,0.768468,14.805701,0,10.40999999999993,9.721000000000023,9.518500000000035,1,1,1,1,1,85.59755885925837,86.10935760633248,84.57396136511016,-1,0.25071688919778623,-0.00019362973976487508,0.2509105189375511
2016-06-28,sh.600188,10.9800,11.74,10.84,11.27,15115367,170319594.0000,3,0.510684,1,0.000000,59.653733,1.596007,0.768468,14.805701,0,10.803999999999931,9.965000000000023,9.621500000000035,1,1,1,1,1,84.36480587105743,86.3622195052089,80.36997860275449,-1,0.33749240774228895,0.0673435777566459,0.27014882998564305
2016-06-29,sh.600188,11.2700,11.64,10.78,10.96,14849748,163892430.0000,3,0.501710,1,-2.750700,58.012858,1.552107,0.747330,14.398446,0,10.94999999999993,10.162000000000024,9.718500000000034,1,1,1,1,1,81.85875260229231,83.94037244420277,77.6955129184714,-1,0.37690351306641645,0.1292555648186,0.24764794824781644
2016-06-30,sh.600188,10.8400,11.12,10.71,10.94,10403705,113840100.0000,3,0.351498,1,-0.091300,57.906995,1.549274,0.745966,14.372171,0,10.99399999999993,10.372000000000023,9.800000000000034,-1,1,1,1,1,75.08947723233433,80.43767856856142,64.39307455988015,-1,0.4018905213623398,0.18378255612734798,0.21810796523499185
2016-07-01,sh.600188,10.8600,11.38,10.86,11.26,12539908,140185534.0000,3,0.423671,1,2.925100,59.600802,1.594591,0.767786,14.792564,0,11.13999999999993,10.570000000000023,9.894000000000034,1,1,1,1,1,73.9925726070304,76.98026748055241,68.01718285998635,-1,0.4424143538293759,0.23550891566775356,0.20690543816162232
2016-07-04,sh.600188,11.3000,12.39,11.25,12.39,22459753,270551104.0000,3,0.758822,1,10.035500,65.582054,1.754617,0.844838,16.277075,0,11.36399999999993,10.887000000000024,10.035000000000034,1,1,1,1,1,83.27828689274467,77.45344557736986,94.92796952349428,1,0.5592644863453806,0.300260029803279,0.25900445654210164
2016-07-05,sh.600188,12.3000,12.87,12.15,12.38,20942824,262078458.0000,3,0.707571,1,-0.080700,65.529123,1.753201,0.844156,16.263938,0,11.585999999999931,11.195000000000023,10.179000000000034,1,1,1,1,1,87.65642279261975,81.64242743079835,99.68441351626254,1,0.6436426302101097,0.36893654988464514,0.27470608032546456
2016-07-06,sh.600188,12.5000,12.9,12.04,12.58,17794188,220430195.0000,3,0.601192,1,1.615500,66.587752,1.781524,0.857793,16.526683,0,11.90999999999993,11.430000000000023,10.333000000000034,1,1,1,1,1,90.25894758713832,87.06455242416764,96.64773791307968,1,0.7183703197883435,0.4388233038653848,0.2795470159229587
2016-07-07,sh.600188,12.4100,12.85,12.16,12.4,17353239,215915498.0000,3,0.586294,1,-1.430800,65.634986,1.756033,0.845520,16.290212,0,12.20199999999993,11.598000000000024,10.481500000000034,1,1,1,1,1,83.59228092047165,87.16921710007664,76.4384085612617,-1,0.7543721242181469,0.5019330679359373,0.25243905628220964
2016-07-08,sh.600188,12.2800,12.36,11.88,12.01,15548560,186603169.0000,3,0.525321,1,-3.145200,63.570660,1.700803,0.818927,15.777859,0,12.351999999999931,11.746000000000024,10.614500000000033,-1,1,1,1,1,75.96373218114267,83.2716535629176,61.347889417592796,-1,0.7428707217147945,0.5501205986917087,0.1927501230230858
2016-07-11,sh.600188,12.0500,12.9,11.95,12.73,29417634,366521712.0000,3,0.993900,1,5.995000,67.381723,1.802766,0.868021,16.723742,0,12.41999999999993,11.892000000000024,10.806500000000032,1,1,1,1,1,77.1993911719939,78.9184680912028,73.76123733357608,-1,0.7828297856028819,0.5966624360739433,0.18616734952893854
2016-07-12,sh.600188,12.7000,13.9,12.52,13.57,32282038,435501600.0000,3,1.090676,1,6.598600,71.827964,1.921723,0.925298,17.827273,0,12.65799999999993,12.122000000000025,11.043500000000032,1,1,1,1,1,80.41778197659158,77.86030177657612,85.53274237662251,1,0.8722241543402394,0.6517747797272025,0.22044937461303682
2016-07-13,sh.600188,13.6100,13.7,12.96,13.41,18141452,240318827.0000,3,0.612924,1,-1.179100,70.981061,1.899065,0.914388,17.617076,0,12.82399999999993,12.367000000000024,11.26450000000003,1,1,1,1,1,88.59139809451194,82.0695237476992,101.63514678813746,1,0.919559068258792,0.7053316374335205,0.21422743082527151
2016-07-14,sh.600188,13.3800,13.38,13.0,13.29,10990534,144436351.0000,3,0.371324,1,-0.894900,70.345884,1.882071,0.906206,17.459429,0,13.00199999999993,12.602000000000023,11.48700000000003,1,1,1,1,1,83.50596114554436,84.17171373888267,82.17445595886775,-1,0.9365928718330565,0.7515838843134277,0.1850089875196288
2016-07-15,sh.600188,13.2800,13.78,12.55,12.82,24976614,324521984.0000,3,0.843856,1,-3.536500,67.858106,1.815511,0.874158,16.841978,0,13.16399999999993,12.758000000000024,11.66400000000003,-1,1,1,1,1,69.1324548293955,80.40993802315064,46.57748844188521,-1,0.901772143900267,0.7816215362307956,0.1201506076694715
2016-07-18,sh.600188,12.6800,12.7,12.21,12.41,22624282,281644048.0000,3,0.764380,1,-3.198100,65.687917,1.757449,0.846201,16.303350,0,13.099999999999929,12.760000000000023,11.82350000000003,-1,-1,1,1,1,49.91780310106477,67.5187396920016,14.715929919191097,-1,0.8315077884668813,0.7915987866780128,0.03990900178886858
2016-07-19,sh.600188,12.4800,12.55,12.2,12.48,12758706,158391681.0000,3,0.431064,1,0.564100,66.058437,1.767362,0.850975,16.395310,0,12.881999999999929,12.770000000000024,11.982500000000028,-1,-1,1,1,1,34.15841584158411,51.069557924014845,0.3361316767226299,-1,0.7725655408940924,0.7877921375212287,-0.015226596627136324
2016-07-20,sh.600188,12.4800,12.49,12.2,12.27,12214314,150414686.0000,3,0.412671,1,-1.682700,64.946877,1.737623,0.836655,16.119428,0,12.653999999999929,12.739000000000024,12.08450000000003,-1,-1,1,-1,1,25.08250825082502,36.38624239782468,2.4750399568256967,-1,0.7008294148368481,0.7703995929843526,-0.06957017814750444
2016-07-21,sh.600188,12.3000,12.85,12.25,12.66,23800686,298639680.0000,3,0.804126,1,3.178500,67.011203,1.792853,0.863248,16.631781,0,12.52799999999993,12.765000000000024,12.18150000000003,1,-1,1,-1,1,28.473385800118425,29.238103297509237,26.943950805336804,-1,0.6677503483836009,0.7498697440642023,-0.08211939568060134
2016-07-22,sh.600188,12.5500,12.66,12.3,12.45,11496217,142884982.0000,3,0.388409,1,-1.658800,65.899643,1.763114,0.848929,16.355899,0,12.453999999999928,12.809000000000022,12.277500000000028,-1,-1,1,-1,1,23.47435648542225,25.67675017878862,19.069569098689506,-1,0.6174718735454885,0.7233901699604595,-0.10591829641497097
2016-07-25,sh.600188,12.4800,12.73,12.2,12.33,13060630,162828412.0000,3,0.441264,1,-0.963900,65.264466,1.746120,0.840746,16.198251,0,12.437999999999928,12.769000000000023,12.330500000000029,-1,-1,-1,-1,1,19.781328954821124,23.909690413453987,11.524606037555401,-1,0.5614705399994406,0.6910062439682557,-0.12953570396881509
2016-07-26,sh.600188,12.3600,12.75,12.32,12.59,13835698,173533946.0000,3,0.467451,1,2.108700,66.640683,1.782940,0.858475,16.539820,0,12.459999999999928,12.671000000000024,12.396500000000028,1,-1,1,-1,1,15.87242491933481,19.70937011985945,8.198534518285527,-1,0.5319370673921444,0.6591924086530334,-0.127255341260889
2016-07-27,sh.600188,12.5000,12.69,11.43,11.84,17009860,204676278.0000,3,0.574692,1,-5.957100,62.670825,1.676728,0.807335,15.554525,0,12.37399999999993,12.514000000000024,12.440500000000029,-1,-1,-1,-1,-1,16.78606697190052,17.479940282018873,15.398320351663813,-1,0.4429072860913621,0.6159353841406991,-0.17302809804933705
2016-07-28,sh.600188,11.7400,12.0,11.47,11.75,11223434,131778969.0000,3,0.379193,1,-0.760100,62.194442,1.663983,0.801198,15.436290,0,12.191999999999931,12.360000000000024,12.481000000000028,-1,-1,-1,-1,-1,21.555188027347118,18.071226639527538,28.52311080298628,1,0.36092774477489264,0.5649338562675379,-0.20400611149264525
2016-07-29,sh.600188,11.7000,11.84,11.15,11.26,11650027,134819826.0000,3,0.393606,1,-4.170200,59.600802,1.594591,0.767786,14.792564,0,11.95399999999993,12.204000000000025,12.481000000000028,-1,-1,-1,-1,-1,15.484202671179313,17.941819223475704,10.568969566586532,-1,0.25349730363207534,0.5026465457404454,-0.24914924210837008
2016-08-01,sh.600188,11.2300,11.78,11.2,11.77,15942823,183506684.0000,3,0.538642,1,4.529300,62.300305,1.666815,0.802562,15.462564,0,11.841999999999931,12.140000000000025,12.45000000000003,-1,-1,-1,-1,-1,21.825462579397907,19.621617759308165,26.23315221957739,1,0.20712305711126966,0.4435418480146103,-0.23641879090334061
2016-08-02,sh.600188,12.0000,12.04,11.62,11.88,11226647,132730309.0000,3,0.379302,1,0.934600,62.882551,1.682393,0.810062,15.607074,0,11.69999999999993,12.080000000000025,12.42500000000003,1,-1,-1,-1,-1,28.627450980392116,21.9790387436565,41.92427545386335,1,0.17720451004099402,0.39027438041988705,-0.21306987037889302
2016-08-03,sh.600188,11.6800,11.87,11.63,11.71,8940604,105031182.0000,3,0.302066,1,-1.431000,61.982716,1.658318,0.798470,15.383741,0,11.673999999999932,12.024000000000026,12.38150000000003,1,-1,-1,-1,-1,38.137254901960766,29.530056153916984,55.35165239804832,1,0.13818337475754738,0.3398561792874191,-0.20167280452987174
2016-08-04,sh.600188,11.7200,11.78,11.32,11.62,9335715,107375236.0000,3,0.315415,1,-0.768600,61.506333,1.645573,0.792334,15.265505,0,11.64799999999993,11.920000000000027,12.34250000000003,-1,-1,-1,-1,-1,35.772058823529385,34.17892156862748,38.95833333333319,1,0.09885703372627042,0.29165635017518937,-0.19279931644891896
2016-08-05,sh.600188,11.5800,11.67,11.48,11.6,7494216,86893710.0000,3,0.253198,1,-0.172100,61.400471,1.642740,0.790970,15.239231,0,11.715999999999932,11.835000000000026,12.32200000000003,-1,-1,-1,-1,-1,30.833333333333275,34.91421568627453,22.671568627450768,-1,0.06532378039719333,0.24638983621959015,-0.18106605582239682
2016-08-08,sh.600188,11.6400,12.76,11.64,12.76,28268742,349202976.0000,3,0.955083,1,10.000000,67.540518,1.807015,0.870067,16.763154,0,11.913999999999932,11.878000000000027,12.32350000000003,1,1,1,1,-1,52.499999999999936,39.70179738562092,78.09640522875796,1,0.13084247046247732,0.2232803630681676,-0.09243789260569027
2016-08-09,sh.600188,12.7300,13.25,12.57,12.99,28162432,364537680.0000,3,0.951492,1,1.802500,68.757941,1.839586,0.885750,17.065311,0,12.135999999999932,11.918000000000026,12.294500000000031,1,1,1,1,-1,71.91468253968249,51.74933862433861,112.24537037037025,1,0.1990312735567894,0.21843054516589194,-0.019399271609102542
2016-08-10,sh.600188,12.9900,13.99,12.81,13.21,28588401,384396240.0000,3,0.965883,1,1.693600,69.922432,1.870742,0.900751,17.354331,0,12.435999999999932,12.055000000000026,12.284500000000032,1,1,1,1,1,86.71808629555106,70.37758961174454,119.39907966316409,1,0.2677372443736221,0.22829188500743797,0.03944535936618415
2016-08-11,sh.600188,13.2500,13.33,12.8,13.12,17684687,230057380.0000,3,0.597492,1,-0.681300,69.446049,1.857996,0.894614,17.236096,0,12.735999999999931,12.192000000000027,12.276000000000032,1,1,1,1,1,76.32382106257614,78.31886329926995,72.33373658918853,-1,0.31133608482129915,0.2449007249702102,0.06643535985108895
2016-08-12,sh.600188,12.9800,13.38,12.78,13.28,16181458,211893584.0000,3,0.546704,1,1.219500,70.292952,1.880655,0.905524,17.446292,0,13.071999999999932,12.394000000000027,12.299000000000031,1,1,1,1,1,71.58688508968511,78.20959748260414,58.34146030384707,-1,0.35471026369259917,0.266862632714688,0.08784763097791115
2016-08-15,sh.600188,13.2000,13.63,12.61,13.27,26090569,343994160.0000,3,0.881492,1,-0.075300,70.240021,1.879238,0.904842,17.433155,0,13.173999999999932,12.544000000000027,12.342000000000033,1,1,1,1,1,71.75305062220606,73.2212522581558,68.8166473503066,-1,0.38385287946136515,0.29026068206402345,0.0935921973973417
2016-08-16,sh.600188,13.0300,13.95,13.03,13.52,29302277,397778672.0000,3,0.990002,1,1.883900,71.563307,1.914642,0.921889,17.761586,0,13.279999999999934,12.708000000000027,12.394000000000034,1,1,1,1,1,76.27965043695376,73.20652871628168,82.4258938782979,1,0.4222540413376201,0.3166593539187428,0.10559468741887734
2016-08-17,sh.600188,13.3900,13.39,13.02,13.08,15270331,201341757.0000,3,0.515921,1,-3.254400,69.234324,1.852332,0.891887,17.183546,0,13.253999999999934,12.845000000000027,12.434500000000034,-1,1,1,1,1,73.05857717693516,73.69709274536503,71.78154604007543,-1,0.412428694758189,0.335813222086632,0.076615472671557
2016-08-18,sh.600188,13.0300,13.48,12.51,12.57,26277603,339873968.0000,3,0.887811,1,-3.899100,66.534820,1.780108,0.857111,16.513546,0,13.143999999999934,12.940000000000026,12.430000000000033,-1,-1,1,1,1,61.90549725024778,70.41457495471228,44.88734184131877,-1,0.35934697085968104,0.34051997184124183,0.018826999018439206
2016-08-19,sh.600188,12.5600,12.68,12.22,12.41,19223777,237578245.0000,3,0.649492,1,-1.272900,65.687917,1.757449,0.846201,16.303350,0,12.969999999999933,13.021000000000026,12.428000000000035,-1,-1,-1,-1,1,38.017983760753715,57.66068606264559,-1.267420843030024,-1,0.3009000707014806,0.33259599161328957,-0.03169592091180895
2016-08-22,sh.600188,12.3900,12.54,12.1,12.42,17277346,212994383.0000,3,0.583730,1,0.080600,65.740849,1.758865,0.846883,16.316487,0,12.799999999999935,12.987000000000027,12.432500000000033,-1,-1,-1,-1,1,22.413382764386455,40.778954591796015,-14.317760890432666,-1,0.2524769999712486,0.3165721932848814,-0.06409519331363278
2016-08-23,sh.600188,12.3000,12.39,12.15,12.34,9631089,118148829.0000,3,0.325394,1,-0.644100,65.317397,1.747536,0.841428,16.211389,0,12.563999999999936,12.922000000000025,12.420000000000034,-1,-1,-1,-1,1,13.54621772700866,24.659194750716313,-8.679736320406647,-1,0.20527969954190795,0.2943136945362867,-0.08903399499437875
2016-08-24,sh.600188,12.3300,12.45,12.21,12.28,6776869,83492246.0000,3,0.228962,1,-0.486200,64.999808,1.739039,0.837337,16.132565,0,12.403999999999936,12.829000000000025,12.442000000000032,-1,-1,-1,-1,-1,13.211306544639855,16.390302345345027,6.853314943229513,-1,0.1611760630284138,0.26768616823471214,-0.10651010520629833
2016-08-25,sh.600188,12.1300,12.56,11.91,12.35,13544274,166889498.0000,3,0.457605,1,0.570000,65.370329,1.748952,0.842110,16.224526,0,12.359999999999937,12.752000000000024,12.472000000000033,-1,-1,-1,-1,-1,14.757110051227668,13.838211440958766,16.59490727176547,1,0.1303692131898817,0.24022277722574606,-0.10985356403586435
2016-08-26,sh.600188,12.4000,12.49,12.2,12.24,10067672,124234701.0000,3,0.340145,1,-0.890700,64.788083,1.733374,0.834610,16.080016,0,12.325999999999938,12.648000000000023,12.521000000000033,-1,-1,-1,-1,-1,15.824942589648439,14.597786395172024,18.27925497860127,1,0.09597217456208718,0.21137265669301428,-0.1154004821309271
2016-08-29,sh.600188,12.1800,12.44,12.18,12.29,6287800,77280197.0000,3,0.212439,1,0.408500,64.163485,1.773946,0.885463,-14.551175,0,12.299999999999937,12.550000000000022,12.547000000000033,-1,-1,-1,-1,-1,20.649639898422162,17.077230846432794,27.794458002400894,1,0.07191783176752331,0.1834816917079161,-0.11156385994039278
2016-08-30,sh.600188,12.3200,12.42,12.23,12.29,6242515,77023981.0000,3,0.210909,1,0.000000,64.163485,1.773946,0.885463,-14.551175,0,12.289999999999937,12.427000000000024,12.567500000000033,1,-1,-1,-1,-1,21.528037966779,19.334206818283235,25.915700263770532,1,0.0522522602701585,0.15723580542036458,-0.10498354515020608
2016-08-31,sh.600188,12.3100,12.47,12.25,12.44,8877224,109839266.0000,3,0.299925,1,1.220500,64.946603,1.795597,0.896271,-14.728772,0,12.321999999999935,12.363000000000024,12.604000000000031,1,1,-1,-1,-1,39.079604047756824,27.085760637652697,63.067290867965085,1,0.04821510584606692,0.13543166550550506,-0.08721655965943814
2016-09-01,sh.600188,12.3900,12.42,12.09,12.1,10411910,126879562.0000,3,0.351775,1,-2.733100,63.171535,1.746521,0.871774,-14.326217,0,12.271999999999936,12.316000000000022,12.628000000000032,-1,-1,-1,-1,-1,40.755253239329576,33.7876317512885,54.69049621541173,1,0.01738012610245221,0.1118213576248945,-0.09444123152244228
2016-09-02,sh.600188,12.0300,12.21,11.95,12.14,6962756,84249097.0000,3,0.235243,1,0.330600,63.380367,1.752295,0.874656,-14.373577,0,12.251999999999935,12.289000000000023,12.655000000000033,-1,-1,-1,-1,-1,44.482184482184415,41.43901392309031,50.56852560037264,1,-0.0037855147348810902,0.08869998315293938,-0.09248549788782047
2016-09-05,sh.600188,12.2600,12.66,12.22,12.35,16554696,206490755.0000,3,0.559314,1,1.729819,64.476732,1.782607,0.889786,-14.622214,0,12.263999999999935,12.282000000000021,12.634500000000033,1,1,-1,-1,-1,41.094017094017026,42.11048493851038,39.06108140503031,-1,-0.0035730052514821864,0.07024538547205507,-0.07381839072353726
2016-09-06,sh.600188,12.3500,12.62,12.24,12.52,11325955,140943125.0000,3,0.382657,1,1.376519,65.364266,1.807145,0.902034,-14.823491,0,12.309999999999937,12.300000000000022,12.611000000000033,1,1,-1,1,-1,58.461538461538396,48.012580012579996,79.3594553594552,1,0.010195462352337259,0.058235400848111504,-0.048039938495774245
2016-09-07,sh.600188,12.4400,12.44,12.1,12.27,12798516,157369404.0000,3,0.432409,1,-1.996805,64.059069,1.771059,0.884022,-14.527495,0,12.275999999999936,12.29900000000002,12.564000000000032,-1,-1,-1,-1,-1,61.690140845070346,53.748565466875306,77.57329160146043,1,0.0009235157473259648,0.046773023827954396,-0.04584950808062843
2016-09-08,sh.600188,12.1100,12.5,12.06,12.49,12251980,151903550.0000,3,0.413943,1,1.792985,65.207643,1.802814,0.899873,-14.787972,0,12.353999999999937,12.31300000000002,12.532500000000033,1,1,-1,1,-1,67.48669796557117,62.54612575739335,77.36784238192679,1,0.011198503270493987,0.03965811971646231,-0.028459616445968325
2016-09-09,sh.600188,12.4900,12.65,12.17,12.23,11432202,141610333.0000,3,0.386247,1,-2.081667,63.850238,1.765286,0.881141,-14.480135,0,12.371999999999938,12.312000000000022,12.480000000000032,-1,-1,-1,1,-1,53.5211267605634,60.899321857068344,38.76473656755351,-1,-0.0016196518412172622,0.0314025654049264,-0.03302221724614366
2016-09-12,sh.600188,11.9600,11.96,11.31,11.38,12698809,147128061.0000,3,0.429040,1,-6.950119,59.412568,1.642596,0.819900,-13.473748,0,12.177999999999937,12.221000000000021,12.385500000000032,-1,-1,-1,-1,-1,40.226047643888045,53.74462412334091,13.188894684982301,-1,-0.07945017619550754,0.00923201708483961,-0.08868219328034715
2016-09-13,sh.600188,11.4400,11.52,11.23,11.35,7628023,86688137.0000,3,0.257719,1,-0.263618,59.255944,1.638266,0.817739,-13.438229,0,11.943999999999939,12.12700000000002,12.277000000000031,-1,-1,-1,-1,-1,17.671137765034477,37.13943738982868,-21.265461484553924,-1,-0.14191625452213863,-0.02099763723655604,-0.12091861728558259
2016-09-14,sh.600188,11.2300,11.47,11.16,11.27,5143167,58098488.0000,3,0.173766,1,-0.704845,58.838281,1.626719,0.811975,-13.343510,0,11.743999999999938,12.010000000000021,12.18650000000003,-1,-1,-1,-1,-1,6.970042303375582,21.622409237432745,-22.334691564738744,-1,-0.195621401307708,-0.05592239005078643,-0.13969901125692158
2016-09-19,sh.600188,11.3100,11.48,11.3,11.44,5237768,59776434.0000,3,0.176962,1,1.508422,59.725815,1.651257,0.824223,-13.544787,0,11.533999999999937,11.94400000000002,12.130000000000031,-1,-1,-1,-1,-1,11.463869463869386,12.035016510759858,10.321575370088443,-1,-0.22190752598235441,-0.08911941723710004,-0.13278810874525437
2016-09-20,sh.600188,11.5100,11.65,11.38,11.61,7997347,92309815.0000,3,0.270197,1,1.486015,60.613349,1.675795,0.836471,-13.746065,0,11.409999999999936,11.891000000000021,12.090000000000032,1,-1,-1,-1,-1,18.73378076062632,12.389230842623805,31.422880596631355,1,-0.22641195385015678,-0.11657792455971139,-0.10983402929044539
2016-09-21,sh.600188,11.5400,11.57,11.37,11.47,5998144,68622583.0000,3,0.202652,1,-1.205852,59.882439,1.655587,0.826384,-13.580307,0,11.427999999999937,11.803000000000022,12.042500000000032,1,-1,-1,-1,-1,23.224459358687493,17.807369861061108,34.05863835394026,1,-0.2385289619648141,-0.14096813204073194,-0.09756082992408216
2016-09-22,sh.600188,11.5500,11.78,11.51,11.55,8756801,101748809.0000,3,0.295856,1,0.697471,60.300102,1.667134,0.832148,-13.675026,0,11.467999999999936,11.70600000000002,12.003000000000032,1,-1,-1,-1,-1,25.727069351230398,22.56176982351478,32.057668406661634,1,-0.23892229924023134,-0.1605589654806318,-0.07836333375959953
2016-09-23,sh.600188,11.5000,11.63,11.42,11.54,5871779,67760178.0000,3,0.198383,1,-0.086582,60.247894,1.665691,0.831428,-13.663186,0,11.521999999999936,11.63300000000002,11.966000000000033,1,-1,-1,-1,-1,24.161073825503323,24.370867511807116,23.741486452895735,-1,-0.2373054290230776,-0.17590825818912098,-0.06139717083395663
2016-09-26,sh.600188,11.5400,12.0,11.42,11.59,13718147,161134556.0000,3,0.463479,1,0.433277,60.508933,1.672908,0.835030,-13.722385,0,11.551999999999936,11.543000000000022,11.928000000000033,1,1,-1,1,-1,34.28944284648978,28.059195341074542,46.74993785732025,1,-0.22934571100082657,-0.1865957487514621,-0.042749962249364476
2016-09-27,sh.600188,11.6400,11.83,11.49,11.72,6965371,81165311.0000,3,0.235331,1,1.121657,61.187636,1.691672,0.844396,-13.876303,0,11.573999999999936,11.492000000000022,11.902000000000033,1,1,-1,1,-1,47.78683285394691,35.41244984198005,72.53559887788063,1,-0.21012546798053577,-0.19130169259727683,-0.01882377538325894
2016-09-28,sh.600188,11.8300,11.83,11.67,11.73,4194368,49182181.0000,3,0.141710,1,0.085318,61.239844,1.693115,0.845117,-13.888143,0,11.625999999999937,11.527000000000022,11.874000000000033,1,1,-1,1,-1,61.904761904761905,47.99367920173291,89.7269273108199,1,-0.19187455999619907,-0.19141626607706128,-0.00045829391913779216
2016-09-29,sh.600188,11.8800,12.47,11.88,12.25,16521613,202586740.0000,3,0.558197,1,4.433082,63.954654,1.768173,0.882581,-14.503815,0,11.765999999999938,11.617000000000022,11.872000000000032,1,1,1,1,-1,71.9067969067969,60.53279722183529,94.65479627672012,1,-0.1339073294102242,-0.17991447874369387,0.046007149333469666
2016-09-30,sh.600188,12.1200,12.5,12.05,12.45,11353263,140267790.0000,3,0.383580,1,1.632651,64.914444,1.794708,0.895827,-14.721479,0,11.947999999999936,11.735000000000024,11.872500000000032,1,1,1,1,1,81.54298176422066,71.7848468585932,101.05925157547557,1,-0.07101098260457128,-0.15813377951586935,0.08712279691129807
2016-10-10,sh.600188,12.7000,13.1,12.56,12.68,13204883,168717277.0000,3,0.446138,1,1.847394,66.113666,1.827863,0.912376,-14.993442,0,12.165999999999936,11.859000000000023,11.901500000000032,1,1,1,1,1,84.16478192937342,79.2048535334637,94.08463872119285,1,-0.002576397698666355,-0.12702230315242874,0.12444590545376238
2016-10-11,sh.600188,12.8300,12.85,12.55,12.85,12449469,158296244.0000,3,0.420616,1,1.340695,67.000048,1.852369,0.924608,-15.194458,0,12.391999999999936,11.983000000000022,11.937000000000033,1,1,1,1,1,85.47227073686224,83.72667814348549,88.96345592361575,1,0.06463105654611567,-0.08869163121271986,0.15332268775883554
2016-10-12,sh.600188,12.7300,12.79,12.6,12.75,6554170,83237013.0000,3,0.221438,1,-0.778213,66.478647,1.837954,0.917413,-15.076213,0,12.595999999999936,12.111000000000022,11.957000000000033,1,1,1,1,1,80.00275254610513,83.21326840411365,73.5817208300881,-1,0.1085727251818156,-0.04923875993381277,0.15781148511562837
2016-10-13,sh.600188,12.8300,13.07,12.57,12.62,10324325,132195074.0000,3,0.348816,1,-1.019609,65.800826,1.819214,0.908059,-14.922495,0,12.669999999999934,12.218000000000023,11.962000000000033,-1,1,1,1,1,78.57142857142854,81.3488172847987,73.01665114468821,-1,0.13139229205956582,-0.013112549535137054,0.14450484159470287
2016-10-14,sh.600188,12.6900,12.74,12.44,12.66,6143749,77052689.0000,3,0.207572,1,0.316957,66.009386,1.824980,0.910937,-14.969793,0,12.711999999999936,12.330000000000023,11.981500000000032,-1,1,1,1,1,74.42201518288472,77.66539876680618,67.93524801504182,-1,0.1509644052309138,0.019702841418073117,0.1312615638128407
2016-10-17,sh.600188,12.8000,12.94,12.4,12.5,9363202,118615812.0000,3,0.316344,1,-1.263822,65.175144,1.801916,0.899424,-14.780601,0,12.675999999999934,12.421000000000024,11.982000000000031,-1,1,1,1,1,67.38044564131518,73.45796313187621,55.22541066019309,-1,0.15181475708617675,0.04612522455169385,0.1056895325344829
2016-10-18,sh.600188,12.4300,12.66,12.3,12.65,9909073,123957879.0000,3,0.334786,1,1.199997,65.957246,1.823539,0.910217,-14.957969,0,12.635999999999935,12.514000000000024,12.003000000000032,1,1,1,1,1,64.6091731979116,68.80387800737056,56.21976357899368,-1,0.1627167164361829,0.06944352292859166,0.09327319350759125
2016-10-19,sh.600188,12.9100,13.09,12.55,12.65,12649279,162220955.0000,3,0.427367,1,0.000000,65.957246,1.823539,0.910217,-14.957969,0,12.615999999999934,12.606000000000025,12.066500000000033,1,1,1,1,1,59.4331897610586,63.80760286676186,50.684363549652076,-1,0.1694038160245217,0.08943558154777767,0.07996823447674403
2016-10-20,sh.600188,12.6600,12.7,12.44,12.5,5895361,73698160.0000,3,0.199180,1,-1.185768,65.175144,1.801916,0.899424,-14.780601,0,12.591999999999935,12.631000000000025,12.124000000000034,-1,-1,1,-1,1,48.419203747072565,57.48718890201432,30.283233437189054,-1,0.16074665682991984,0.10369779660420611,0.05704886022571373
2016-10-21,sh.600188,12.4500,12.58,12.3,12.44,5772959,71866539.0000,3,0.195044,1,-0.480003,64.862304,1.793267,0.895107,-14.709655,0,12.547999999999934,12.630000000000024,12.182500000000033,-1,-1,1,-1,1,33.288125376732886,47.046839628288076,5.770696873622498,-1,0.1473457867278256,0.11242739462893,0.034918392098895606
2016-10-24,sh.600188,12.5500,13.58,12.49,13.2,29211798,382413264.0000,3,0.986945,1,6.109327,68.824952,1.902823,0.949792,-15.608315,0,12.687999999999935,12.682000000000023,12.270500000000032,1,1,1,1,1,37.6780063291138,39.795111817639814,33.44379535206177,-1,0.19579415588740545,0.1291007468806251,0.06669340900678036
2016-10-25,sh.600188,13.2000,13.65,12.98,13.47,33549583,446759824.0000,3,1.133501,1,2.045458,70.232736,1.941744,0.969220,-15.927576,0,12.851999999999936,12.744000000000025,12.363500000000032,1,1,1,1,1,58.23356188466938,43.06656453017208,88.56755659366398,1,0.25305946897952936,0.15389249130040594,0.09916697767912341
2016-10-26,sh.600188,13.2800,13.28,12.98,13.1,14176640,185855025.0000,3,0.478970,1,-2.746844,68.303551,1.888408,0.942597,-15.490070,0,12.941999999999936,12.779000000000023,12.445000000000032,1,1,1,1,1,72.0794753086419,55.99701450747508,104.24439691097554,1,0.2655259169123365,0.17621917642279206,0.08930674048954446
2016-10-27,sh.600188,12.9200,13.21,12.65,12.86,13226132,170631182.0000,3,0.446856,1,-1.832067,67.052189,1.853811,0.925328,-15.206283,0,13.013999999999935,12.803000000000022,12.51050000000003,-1,1,1,1,1,62.469135802469054,64.26072433192682,58.885958743553516,-1,0.25312184145328587,0.19159970942889082,0.06152213202439505
2016-10-28,sh.600188,12.8000,12.97,12.7,12.81,9853066,126271736.0000,3,0.332894,1,-0.388797,66.791488,1.846603,0.921730,-15.147160,0,13.087999999999937,12.818000000000023,12.57400000000003,-1,-1,1,1,1,46.17283950617275,60.24048353909462,18.03755144032901,-1,0.23653036533632665,0.20058584061037799,0.03594452472594867
2016-10-31,sh.600188,12.6000,12.74,12.46,12.64,8131451,102364385.0000,3,0.274728,1,-1.327089,84.293025,1.754489,0.651292,-31.517379,0,12.975999999999937,12.832000000000022,12.62650000000003,-1,-1,1,1,1,34.814814814814746,47.818930041152235,8.806584362139759,-1,0.2072745892864436,0.2019235903455911,0.005350998940852503
2016-11-01,sh.600188,12.5800,12.88,12.47,12.56,11154315,140891835.0000,3,0.376858,1,-0.632911,83.759525,1.743385,0.647170,-31.317902,0,12.793999999999937,12.823000000000022,12.66850000000003,-1,-1,-1,-1,1,27.407407407407362,36.131687242798336,9.958847736625415,-1,0.17560952726119083,0.19666077772871104,-0.02105125046752021
2016-11-02,sh.600188,12.6000,12.84,12.41,12.46,12165951,153189699.0000,3,0.411037,1,-0.796181,83.092650,1.729504,0.642017,-31.068556,0,12.665999999999936,12.804000000000022,12.70500000000003,-1,-1,-1,-1,-1,18.76543209876539,26.99588477366255,2.304526748971078,-1,0.14082226183102264,0.18549307454917335,-0.04467081271815071
2016-11-03,sh.600188,12.4200,12.67,12.36,12.59,11854235,148459952.0000,3,0.400505,1,1.043340,83.959588,1.747549,0.648715,-31.392706,0,12.611999999999938,12.813000000000022,12.722000000000032,-1,-1,-1,-1,-1,16.313522825150702,20.828787443774534,7.282993587903043,-1,0.1223328400628727,0.17286102765191322,-0.05052818758904051
2016-11-04,sh.600188,12.6300,12.79,12.43,12.63,15550894,196132983.0000,3,0.525400,1,0.317712,84.226338,1.753101,0.650777,-31.492445,0,12.575999999999938,12.832000000000022,12.731000000000032,1,-1,-1,-1,-1,16.870513924777494,17.316489616231248,15.978562541869984,-1,0.10964360260847883,0.16021754264322635,-0.05057394003474752
2016-11-07,sh.600188,12.7400,13.28,12.74,12.91,22452141,290800848.0000,3,0.758565,1,2.216942,86.093588,1.791966,0.665204,-32.190615,0,12.629999999999939,12.803000000000022,12.742500000000032,1,1,1,-1,-1,32.847432872710954,22.010489874213103,54.521318869706654,1,0.12078857494354445,0.15233174910328998,-0.03154317415974553
2016-11-08,sh.600188,12.8000,12.96,12.65,12.73,16407874,209729883.0000,3,0.554354,1,-1.394270,84.893213,1.766982,0.655929,-31.741791,0,12.66399999999994,12.729000000000024,12.736500000000031,1,1,-1,-1,-1,40.310077519379895,30.00934143895617,60.91154968022735,1,0.11378490854003509,0.144622380990639,-0.03083747245060392
2016-11-09,sh.600188,12.6800,12.95,12.45,12.72,15887180,201685670.0000,3,0.536762,1,-0.078549,84.826525,1.765593,0.655414,-31.716857,0,12.715999999999939,12.691000000000024,12.735000000000031,1,1,-1,1,-1,46.37681159420297,39.844773995431325,59.440886791746266,1,0.10620329060520639,0.1369385629135525,-0.030735272308346107
2016-11-10,sh.600188,12.8200,13.04,12.71,12.85,14301008,184013119.0000,3,0.483172,1,1.022013,85.693463,1.783638,0.662112,-32.041007,0,12.76799999999994,12.690000000000023,12.74650000000003,1,1,1,1,1,44.20289855072469,43.6299292214359,45.348837209302275,1,0.10942335301404249,0.1314355209336505,-0.022012167919608
2016-11-11,sh.600188,12.9000,13.65,12.67,13.38,34323629,454146336.0000,3,1.159653,1,4.124511,89.227902,1.857204,0.689421,-33.362542,0,12.917999999999939,12.747000000000023,12.78250000000003,1,1,1,1,1,57.15369059656223,49.24446691383002,72.97213796202665,1,0.1529784064339097,0.13574409803370233,0.01723430840020737
2016-11-14,sh.600188,13.0800,14.2,13.03,13.8,33985106,465932096.0000,3,1.148215,1,3.139014,92.028778,1.915502,0.711062,-34.409797,0,13.095999999999938,12.863000000000023,12.84750000000003,1,1,1,1,1,70.19716885743178,57.18458600157296,96.2223345691494,1,0.21886366587757955,0.15236801160247776,0.06649565427510179
2016-11-15,sh.600188,13.6500,13.88,13.25,13.35,18979350,256863356.0000,3,0.641233,1,-3.260868,89.027839,1.853040,0.687875,-33.287739,0,13.219999999999937,12.942000000000021,12.88250000000003,1,1,1,1,1,70.37832827772162,65.90972924390526,79.31552634535436,1,0.23209156241176387,0.16831272176433498,0.06377884064742889
2016-11-16,sh.600188,13.3000,13.44,13.1,13.23,10969361,144952619.0000,3,0.370609,1,-0.898883,88.227589,1.836384,0.681692,-32.988523,0,13.321999999999937,13.01900000000002,12.911500000000029,-1,1,1,1,1,59.08765250143292,66.5543832121955,44.15419107990775,-1,0.23023773134980807,0.1806977236814296,0.04954000766837846
2016-11-17,sh.600188,13.1500,13.35,13.06,13.27,9035628,119503507.0000,3,0.305276,1,0.302350,88.494339,1.841936,0.683753,-33.088261,0,13.405999999999938,13.087000000000021,12.950000000000028,-1,1,1,1,1,48.61974359874139,59.36190812596538,27.135414544293397,-1,0.22935239098674032,0.19042865714249174,0.038923733844248576
2016-11-18,sh.600188,13.2600,13.27,12.95,13.01,9044179,118335683.0000,3,0.305565,1,-1.959308,86.760464,1.805847,0.670356,-32.439961,0,13.331999999999937,13.12500000000002,12.978500000000029,-1,-1,1,1,1,41.3516276567124,49.68634125229564,24.682200465545932,-1,0.2053043050500154,0.19340378672399647,0.011900518326018933
2016-11-21,sh.600188,12.9600,13.26,12.96,13.09,7403608,96882684.0000,3,0.250137,1,0.614911,87.293964,1.816951,0.674479,-32.639438,0,13.189999999999937,13.14300000000002,12.973000000000027,-1,-1,1,1,1,38.476190476190474,42.81585391054816,29.796863607475103,-1,0.19050532826141264,0.1928240950314797,-0.0023187667700670656
2016-11-22,sh.600188,13.1600,13.44,13.07,13.29,18720107,247683015.0000,3,0.632475,1,1.527882,88.627714,1.844712,0.684784,-33.138131,0,13.177999999999937,13.199000000000021,12.964000000000027,1,1,1,-1,1,36.364768129473994,38.73086208745902,31.632580213503942,-1,0.19269410338987036,0.19279809670315784,-0.00010399331328747596
2016-11-23,sh.600188,13.2300,13.24,12.98,12.99,13232868,173161117.0000,3,0.447084,1,-2.257338,86.627089,1.803071,0.669326,-32.390092,0,13.129999999999935,13.226000000000022,12.958500000000026,-1,-1,1,-1,1,32.669779022720185,35.83691254279495,26.335511982570665,-1,0.16828138756869038,0.18789475487626434,-0.01961336730757396
2016-11-24,sh.600188,13.1800,13.7,12.55,12.61,22491528,291500560.0000,3,0.759895,1,-2.925328,84.092963,1.750325,0.649746,-31.442576,0,12.997999999999937,13.202000000000021,12.946000000000026,-1,-1,-1,-1,1,21.691424044365167,30.241990398853176,4.5902913353891535,-1,0.11692348899006078,0.17370050169902362,-0.05677701270896285
2016-11-25,sh.600188,12.6000,12.67,12.15,12.66,13432298,167031174.0000,3,0.453822,1,0.396512,84.426400,1.757265,0.652322,-31.567249,0,12.927999999999937,13.13000000000002,12.938500000000028,-1,-1,-1,-1,-1,18.010388367409742,24.123863811498424,5.783437479232376,-1,0.07934196173911268,0.15482879370704145,-0.07548683196792877
2016-11-28,sh.600188,12.6400,12.75,12.37,12.66,14194031,178710534.0000,3,0.479557,1,0.000000,84.426400,1.757265,0.652322,-31.567249,0,12.841999999999937,13.016000000000023,12.939500000000029,-1,-1,-1,-1,-1,22.006452742980752,20.569421718251945,24.880514792438362,1,0.048993563331798384,0.13366174763199284,-0.08466818430019446
2016-11-29,sh.600188,12.5000,12.58,12.27,12.28,12561082,155704470.0000,3,0.424387,1,-3.001581,81.892275,1.704519,0.632742,-30.619733,0,12.639999999999937,12.909000000000024,12.925500000000028,-1,-1,-1,-1,-1,23.590030455590725,21.2022905219938,28.36551032278458,1,-0.005655393407058895,0.1057983194241825,-0.11145371283124139
2016-11-30,sh.600188,12.2200,12.26,11.7,11.79,16179349,192969065.0000,3,0.546633,1,-3.990226,78.624586,1.636505,0.607494,-29.397935,0,12.399999999999936,12.765000000000024,12.892000000000028,-1,-1,-1,-1,-1,15.263440860215006,20.286641352928886,5.217039874787247,-1,-0.08749539776477278,0.06713957598639145,-0.15463497375116422
2016-12-01,sh.600188,11.8300,11.96,11.7,11.79,12303248,145166358.0000,3,0.415676,1,0.000000,78.624586,1.636505,0.607494,-29.397935,0,12.235999999999937,12.617000000000024,12.852000000000027,-1,-1,-1,-1,-1,5.79569892473113,14.883056746845677,-12.379016719497965,-1,-0.15061796074856915,0.02358806863939933,-0.17420602938796848
2016-12-02,sh.600188,11.8100,11.89,11.46,11.58,12692822,148208534.0000,3,0.428838,1,-1.781171,77.224148,1.607356,0.596674,-28.874308,0,12.019999999999936,12.474000000000023,12.799500000000027,-1,-1,-1,-1,-1,4.785714285714241,8.61495135688685,-2.872759856630978,-1,-0.2151086529922992,-0.02415127568694038,-0.19095737730535883
2016-12-05,sh.600188,11.4800,11.74,11.42,11.69,7925358,92390773.0000,3,0.267765,1,0.949911,77.957711,1.622625,0.602342,-29.148589,0,11.825999999999937,12.334000000000023,12.738500000000027,-1,-1,-1,-1,-1,7.2330827067668695,5.938165305737471,9.822917508825668,1,-0.2544092391890409,-0.07020286838736049,-0.1842063708016804
2016-12-06,sh.600188,11.7000,11.78,11.64,11.67,6638332,77706996.0000,3,0.224282,1,-0.171082,77.824336,1.619849,0.601311,-29.098720,0,11.703999999999937,12.172000000000024,12.685500000000028,-1,-1,-1,-1,-1,9.388053467000791,7.135616819827358,13.892926761347658,1,-0.2838964877569854,-0.11294159226128547,-0.17095489549569992
2016-12-07,sh.600188,11.6500,11.95,11.65,11.94,8352016,98999940.0000,3,0.282180,1,2.313620,79.624899,1.657326,0.615223,-29.771955,0,11.733999999999936,12.067000000000025,12.646500000000028,1,-1,-1,-1,-1,20.63492063492059,12.41868560289614,37.06739069896949,1,-0.2822252837830721,-0.1467983305656428,-0.1354269532174293
2016-12-08,sh.600188,11.9400,11.94,11.7,11.79,6173355,72982747.0000,3,0.208572,1,-1.256278,78.624586,1.636505,0.607494,-29.397935,0,11.733999999999936,11.985000000000024,12.593500000000027,1,-1,-1,-1,-1,25.96073517126143,18.66123642439433,40.55973266499563,1,-0.2896655053558401,-0.17537176552368225,-0.11429373983215788
2016-12-09,sh.600188,11.7500,11.8,11.69,11.76,4053543,47572153.0000,3,0.136952,1,-0.254451,78.424524,1.632341,0.605949,-29.323131,0,11.769999999999936,11.895000000000026,12.512500000000028,-1,-1,-1,-1,-1,32.07587935355624,26.22384505324614,43.77994795417643,1,-0.29458686977489457,-0.1992147863739247,-0.09537208340096986
2016-12-12,sh.600188,11.8000,11.86,11.18,11.19,8306136,95141794.0000,3,0.280630,1,-4.846944,74.623335,1.553223,0.576579,-27.901857,0,11.669999999999936,11.748000000000026,12.382000000000026,-1,-1,-1,-1,-1,19.351939875230805,25.79618480001621,6.463450025659995,-1,-0.3405556097638982,-0.2274829510519194,-0.1130726587119788
2016-12-13,sh.600188,11.1200,11.15,10.86,11.08,7250812,79953046.0000,3,0.244975,1,-0.983017,73.889772,1.537954,0.570911,-27.627576,0,11.551999999999936,11.628000000000025,12.268500000000028,-1,-1,-1,-1,-1,16.74542358450402,22.724414271097075,4.787442211317909,-1,-0.3814649575072604,-0.2582793523429876,-0.1231856051642728
2016-12-14,sh.600188,11.0700,11.16,10.94,11.02,6087676,67247245.0000,3,0.205677,1,-0.541511,73.489647,1.529626,0.567819,-27.477968,0,11.367999999999935,11.551000000000027,12.158000000000028,-1,-1,-1,-1,-1,11.868275002831561,15.988546154188848,3.62773270011699,-1,-0.4139555865653666,-0.2894145991874634,-0.1245409873779032
2016-12-15,sh.600188,10.9900,11.2,10.96,11.11,4798104,53285495.0000,3,0.162108,1,0.816690,74.089835,1.542118,0.572457,-27.702380,0,11.231999999999935,11.483000000000025,12.05000000000003,-1,-1,-1,-1,-1,19.20489296636085,15.939530517898865,25.73561786328482,1,-0.42751427786086005,-0.31703453492214273,-0.11047974293871732
2016-12-16,sh.600188,11.1300,11.18,11.08,11.14,2807100,31236702.0000,3,0.094840,1,0.270033,74.289897,1.546282,0.574002,-27.777184,0,11.107999999999937,11.439000000000025,11.956500000000029,1,-1,-1,-1,-1,21.100917431192673,17.391361800128415,28.520028693321194,1,-0.4308720641708792,-0.33980204077189,-0.09107002339898917
2016-12-19,sh.600188,11.1800,11.24,11.11,11.18,3778918,42261420.0000,3,0.127674,1,0.359066,74.556647,1.551835,0.576063,-27.876923,0,11.105999999999936,11.388000000000025,11.861000000000029,1,-1,-1,-1,-1,25.99388379204895,22.09989806320088,33.7818552497451,1,-0.4254017022864698,-0.356921973074806,-0.06847972921166379
2016-12-20,sh.600188,11.1800,11.18,10.92,11.02,5658155,62222842.0000,3,0.191166,1,-1.431126,73.489647,1.529626,0.567819,-27.477968,0,11.093999999999937,11.323000000000025,11.747500000000029,-1,-1,-1,-1,-1,23.286895458149306,23.460565560463696,22.93955525352053,-1,-0.4290314563395796,-0.37134386972776073,-0.057687586611818886
2016-12-21,sh.600188,11.0400,11.18,11.0,11.13,8218939,91153350.0000,3,0.277684,1,0.998182,74.223210,1.544894,0.573487,-27.752249,0,11.11599999999994,11.242000000000024,11.654500000000029,1,-1,-1,-1,-1,23.724204326650845,24.334994525616423,22.502623928719686,-1,-0.4182111045995427,-0.3807173167021171,-0.03749378789742558
2016-12-22,sh.600188,11.1400,11.15,10.99,11.05,4357253,48084202.0000,3,0.147213,1,-0.718777,73.689710,1.533790,0.569365,-27.552772,0,11.103999999999939,11.168000000000024,11.57650000000003,-1,-1,-1,-1,-1,20.271604938271672,22.427568241023994,15.959678332767027,-1,-0.4113494489103431,-0.3868437431437623,-0.024505705766580788
2016-12-23,sh.600188,11.0100,11.05,10.67,10.7,6709388,72567913.0000,3,0.226682,1,-3.167424,71.355646,1.485208,0.551331,-26.680060,0,11.01599999999994,11.062000000000024,11.478500000000029,-1,-1,-1,-1,-1,17.087719298245638,20.361176187722773,10.540805519291368,-1,-0.42920599275601035,-0.3953161930662119,-0.03388979968979844
2016-12-26,sh.600188,10.6800,10.68,10.21,10.52,7644551,79451065.0000,3,0.258278,1,-1.682237,70.155271,1.460224,0.542056,-26.231237,0,10.88399999999994,10.995000000000024,11.37150000000003,-1,-1,-1,-1,-1,18.120081757792484,18.493135331436655,17.373974610504142,-1,-0.45266390040995574,-0.4067857345349607,-0.04587816587499505
2016-12-27,sh.600188,10.5000,10.81,10.44,10.78,7804709,82847200.0000,3,0.263689,1,2.471476,71.889147,1.496313,0.555453,-26.879537,0,10.835999999999942,10.965000000000025,11.29650000000003,-1,-1,-1,-1,-1,30.23335036620664,21.81371714074831,47.072616817123304,1,-0.4451432992794562,-0.4144572474838598,-0.03068605179559636
2016-12-28,sh.600188,10.7500,10.85,10.62,10.63,7130155,76585574.0000,3,0.240898,1,-1.391462,70.888834,1.475492,0.547724,-26.505518,0,10.735999999999942,10.926000000000025,11.23850000000003,-1,-1,-1,-1,-1,42.07119741100315,30.141543178334146,65.93050587634116,1,-0.4461440442708948,-0.4207946068412668,-0.02534943742962803
2016-12-29,sh.600188,10.7100,10.96,10.71,10.78,6879828,74479599.0000,3,0.232441,1,1.411097,71.889147,1.496313,0.555453,-26.879537,0,10.681999999999942,10.893000000000026,11.18800000000003,1,-1,-1,-1,-1,50.48543689320379,40.92999489013792,69.59632089933552,1,-0.42987802915853557,-0.4226112913047205,-0.007266737853815042
2016-12-30,sh.600188,10.7600,10.95,10.7,10.86,3531623,38222710.0000,3,0.119319,1,0.742114,72.422647,1.507417,0.559575,-27.079014,0,10.713999999999942,10.865000000000025,11.15200000000003,1,-1,-1,-1,-1,54.3756047109064,48.97741300503784,65.17198812264353,1,-0.40585333892340003,-0.4192597008284564,0.013406361905056396
2017-01-03,sh.600188,10.8000,10.93,10.78,10.88,4897105,53216061.0000,3,0.165452,1,0.184166,72.556022,1.510193,0.560606,-27.128884,0,10.785999999999943,10.835000000000026,11.11150000000003,1,1,-1,-1,-1,63.80742668401555,56.22282276270864,78.97663452662938,1,-0.380810025047742,-0.4115697656723135,0.03075974062457154
2017-01-04,sh.600188,10.8800,10.93,10.75,10.9,6835294,74005777.0000,3,0.230935,1,0.183819,72.689397,1.512969,0.561636,-27.178753,0,10.809999999999942,10.823000000000025,11.07300000000003,1,1,-1,-1,-1,69.82890984865098,62.67064708119104,84.14543538357084,1,-0.3552540381075797,-0.40030662015936674,0.04505258205178703
2017-01-05,sh.600188,10.9000,11.11,10.89,11.04,7200079,79285231.0000,3,0.243260,1,1.284407,73.623022,1.532402,0.568850,-27.527838,0,10.891999999999943,10.814000000000027,11.02800000000003,1,1,1,1,-1,78.23288082994156,70.62307245420276,93.45249758141918,1,-0.3200149709822959,-0.3842482903239526,0.06423331934165666
2017-01-06,sh.600188,11.0000,11.04,10.69,10.73,8733467,94321781.0000,3,0.295067,1,-2.807975,71.555709,1.489372,0.552877,-26.754864,0,10.881999999999943,10.782000000000028,10.97500000000003,-1,-1,-1,1,-1,74.46808510638294,74.17662526165856,75.05100479583172,1,-0.3134884657304937,-0.37009632540526083,0.056607859674767114
2017-01-09,sh.600188,10.6800,10.84,10.67,10.8,5634581,60812270.0000,3,0.190368,1,0.652383,72.022522,1.499089,0.556483,-26.929406,0,10.869999999999942,10.792000000000026,10.927000000000032,-1,1,-1,1,-1,67.91044776119406,73.53713789917292,56.657067485236354,-1,-0.2992185432029508,-0.35592076896479885,0.056702225761848024
2017-01-10,sh.600188,10.7900,11.07,10.79,10.95,6956425,76041161.0000,3,0.235028,1,1.388885,73.022834,1.519909,0.564212,-27.303426,0,10.88399999999994,10.835000000000027,10.915000000000031,1,1,1,1,-1,59.61868661229007,67.33240649328908,44.19124685029203,-1,-0.2726626945764945,-0.339269154087138,0.06660645951064348
2017-01-11,sh.600188,10.8900,11.15,10.78,10.81,7045898,77505532.0000,3,0.238051,1,-1.278533,72.089209,1.500477,0.556999,-26.954341,0,10.865999999999941,10.838000000000028,10.90150000000003,-1,-1,-1,1,-1,50.081649575253046,59.20359464957912,31.83775942660091,-1,-0.25991765426144653,-0.3233988541219997,0.06348119986055317
2017-01-12,sh.600188,10.8000,10.88,10.58,10.6,4717350,50581420.0000,3,0.159379,1,-1.942646,70.688771,1.471328,0.546178,-26.430714,0,10.777999999999942,10.835000000000027,10.88050000000003,-1,-1,-1,-1,-1,33.340792457333784,47.68037621495902,4.661624942083321,-1,-0.2637223360173344,-0.31146355050106667,0.04774121448373225
2017-01-13,sh.600188,10.6000,10.68,10.46,10.56,3975333,42078083.0000,3,0.134310,1,-0.377358,70.422021,1.465776,0.544117,-26.330975,0,10.743999999999943,10.813000000000027,10.853000000000028,-1,-1,-1,-1,-1,15.72273073989318,33.04839092416005,-18.928589628640566,-1,-0.2668887124811512,-0.3025485828970836,0.03565987041593238
2017-01-16,sh.600188,10.6100,10.76,9.92,10.32,8327114,87034728.0000,3,0.281338,1,-2.272734,68.821521,1.432463,0.531751,-25.732544,0,10.647999999999943,10.759000000000029,10.81200000000003,-1,-1,-1,-1,-1,16.840616918754943,21.968046705327353,6.585757345610119,-1,-0.28547332409831583,-0.29913353113733004,0.013660207039014216
2017-01-17,sh.600188,10.3200,10.44,10.2,10.39,4139189,42819244.0000,3,0.139846,1,0.678301,69.288333,1.442179,0.535358,-25.907086,0,10.535999999999945,10.71000000000003,10.772500000000027,-1,-1,-1,-1,-1,28.408153646753842,20.32383376846737,44.57679340332678,1,-0.29119661440694067,-0.29754614779125216,0.00634953338431149
2017-01-18,sh.600188,10.4300,10.59,10.35,10.54,4351733,45760654.0000,3,0.147026,1,1.443692,70.288646,1.463000,0.543087,-26.281106,0,10.481999999999944,10.67400000000003,10.748500000000027,1,-1,-1,-1,-1,40.379403794037906,28.542724786515617,64.05276180908248,1,-0.2803963818634756,-0.2941161946056968,0.013719812742221227
2017-01-19,sh.600188,10.4900,10.62,10.43,10.52,3976048,41984407.0000,3,0.134334,1,-0.189749,70.155271,1.460224,0.542056,-26.231237,0,10.465999999999942,10.62200000000003,10.718000000000028,1,-1,-1,-1,-1,45.7994579945799,38.1956718117906,61.00703036015851,1,-0.27033470244208857,-0.2893598961729752,0.019025193730886625
2017-01-20,sh.600188,10.5400,10.65,10.5,10.64,3793349,40182393.0000,3,0.128161,1,1.140683,70.955521,1.476880,0.548239,-26.530452,0,10.481999999999942,10.61300000000003,10.697500000000028,1,1,-1,-1,-1,52.574525745257404,46.251129177958454,65.2213188798553,1,-0.2497982333519193,-0.281447563608764,0.03164933025684469
2017-01-23,sh.600188,10.6500,10.86,10.62,10.83,5004893,53854011.0000,3,0.169094,1,1.785710,72.222584,1.503253,0.558029,-27.004210,0,10.583999999999943,10.61600000000003,10.704000000000029,1,1,1,-1,-1,60.43360433604334,52.93586269196027,75.42908762420947,1,-0.21570500847099616,-0.26829905258121045,0.05259404411021429
2017-01-24,sh.600188,10.8200,10.94,10.72,10.82,6095361,66029900.0000,3,0.205936,1,-0.092338,72.155897,1.501865,0.557514,-26.979276,0,10.669999999999941,10.603000000000028,10.719000000000028,1,1,1,1,-1,73.58520644029971,62.19777884053354,96.36006163983207,1,-0.18733333645920602,-0.25210590935680954,0.06477257289760352
2017-01-25,sh.600188,10.8300,10.94,10.74,10.78,4107177,44392029.0000,3,0.138764,1,-0.369685,71.889147,1.496313,0.555453,-26.879537,0,10.717999999999943,10.600000000000028,10.719000000000028,1,1,1,1,-1,82.17758648174718,72.0654657526968,102.40182793984795,1,-0.16616084885499127,-0.23491689725644588,0.0687560484014546
2017-01-26,sh.600188,10.8100,10.93,10.8,10.9,5422806,58964884.0000,3,0.183213,1,1.113171,72.689397,1.512969,0.561636,-27.178753,0,10.793999999999942,10.63000000000003,10.732500000000028,1,1,1,1,1,89.54248366013076,81.7684255273926,105.09059992560708,1,-0.13810649704137568,-0.21555481721343184,0.07744832017205616
2017-02-03,sh.600188,10.9700,10.99,10.73,10.8,4784051,51855950.0000,3,0.161633,1,-0.917426,72.022522,1.499089,0.556483,-26.929406,0,10.825999999999942,10.654000000000028,10.73350000000003,-1,1,1,1,1,85.44717465045095,85.72241493077634,84.89669408980015,-1,-0.12252993653735977,-0.19694984107821742,0.07441990454085765
2017-02-06,sh.600188,10.8000,10.85,10.65,10.8,4142188,44581752.0000,3,0.139947,1,0.000000,72.022522,1.499089,0.556483,-26.929406,0,10.819999999999942,10.702000000000028,10.73050000000003,-1,1,1,1,1,80.78009948705228,85.2565859325447,71.82712659606747,-1,-0.10892972603948614,-0.17934581807047117,0.07041609203098503
2017-02-07,sh.600188,10.7600,10.82,10.68,10.75,4269702,45904323.0000,3,0.144255,1,-0.462965,71.689084,1.492149,0.553907,-26.804733,0,10.805999999999942,10.738000000000028,10.724000000000029,-1,1,1,1,1,67.80157474382163,78.00961629377498,47.385491643914946,-1,-0.10102153005352221,-0.1636809604670814,0.06265943041355918
2017-02-08,sh.600188,10.7500,10.94,10.66,10.93,5267368,56888153.0000,3,0.177962,1,1.674422,72.889459,1.517133,0.563182,-27.253557,0,10.835999999999942,10.77700000000003,10.725500000000029,1,1,1,1,1,71.73681972789115,73.43949798625505,68.33146321116334,-1,-0.07931543314083278,-0.14680785500183166,0.06749242186099888
2017-02-09,sh.600188,10.9200,10.93,10.81,10.9,8319249,90467773.0000,3,0.281072,1,-0.274480,72.689397,1.512969,0.561636,-27.178753,0,10.835999999999942,10.81500000000003,10.71850000000003,1,1,1,1,1,73.52454495311638,71.02097980827642,78.53167524279627,1,-0.06379851466917152,-0.13020598693529964,0.06640747226612811
2017-02-10,sh.600188,10.9200,11.33,10.88,11.18,17663619,195513643.0000,3,0.596778,1,2.568814,74.556647,1.551835,0.576063,-27.876923,0,10.911999999999942,10.869000000000032,10.741000000000032,1,1,1,1,1,80.45731806236005,75.23956091445591,90.8928323581683,1,-0.028578153876056334,-0.10988042032345098,0.08130226644739465
2017-02-13,sh.600188,11.2900,11.55,11.14,11.23,19774008,223865863.0000,3,0.668079,1,0.447220,74.890085,1.558775,0.578640,-28.001596,0,10.997999999999942,10.909000000000031,10.76250000000003,1,1,1,1,1,72.68709886356945,75.55632062634866,66.94865533801101,-1,0.003330426846481771,-0.08723825088946444,0.09056867773594621
2017-02-14,sh.600188,11.1600,11.28,11.08,11.26,9479894,105868791.0000,3,0.320285,1,0.267148,75.090148,1.562939,0.580186,-28.076400,0,11.099999999999941,10.953000000000033,10.77800000000003,1,1,1,1,1,70.05446623093677,74.39962771895547,61.364143254899346,-1,0.030685235938538113,-0.06365355352386393,0.09433878946240204
2017-02-15,sh.600188,11.1900,11.24,11.04,11.06,10612183,117984810.0000,3,0.358540,1,-1.776197,73.756397,1.535178,0.569880,-27.577707,0,11.125999999999943,10.981000000000034,10.79050000000003,-1,1,1,1,1,59.25925925925922,67.33360811792186,43.11056154193395,-1,0.03581296117090815,-0.04376025058490951,0.07957321175581766
2017-02-16,sh.600188,11.0700,11.38,11.07,11.25,14705898,165562170.0000,3,0.496849,1,1.717898,75.023460,1.561551,0.579670,-28.051465,0,11.195999999999943,11.016000000000032,10.82300000000003,1,1,1,1,1,59.99999999999994,63.10457516339869,53.790849673202445,-1,0.054578979957854656,-0.024092404476356674,0.07867138443421133
2017-02-17,sh.600188,11.2500,11.28,10.97,10.97,9996860,110807048.0000,3,0.337751,1,-2.488887,73.156209,1.522686,0.565243,-27.353295,0,11.153999999999943,11.033000000000033,10.84350000000003,-1,-1,1,1,1,49.01789429879316,56.09238451935082,34.86891385767784,-1,0.04632353621591356,-0.010009216337902626,0.05633275255381619
2017-02-20,sh.600188,11.0300,11.12,10.94,11.11,9786044,107956188.0000,3,0.330629,1,1.276202,74.089835,1.542118,0.572457,-27.702380,0,11.129999999999942,11.064000000000032,10.88300000000003,-1,1,1,1,1,50.686641697877604,53.23484533222362,45.59023442918557,-1,0.050495783583727416,0.0020917836464233834,0.04840399993730403
2017-02-21,sh.600188,11.1500,11.58,11.03,11.22,19016564,213493051.0000,3,0.642488,1,0.990105,74.823397,1.557387,0.578124,-27.976661,0,11.121999999999941,11.111000000000033,10.92450000000003,1,1,1,1,1,46.213337224573166,48.63929107374803,41.36142952622343,-1,0.06196411660883783,0.014066250238906272,0.047897866369931555
2017-02-22,sh.600188,11.2000,11.26,11.1,11.19,12176082,136124173.0000,3,0.411378,1,-0.267386,74.623335,1.553223,0.576579,-27.901857,0,11.147999999999941,11.137000000000032,10.957000000000031,1,1,1,1,1,49.3647550950921,48.754911339181014,50.584442606914266,1,0.06784997163866535,0.02482299451885809,0.04302697711980726
2017-02-23,sh.600188,11.2000,11.28,11.06,11.15,9307163,103941885.0000,3,0.314449,1,-0.357462,74.356585,1.547670,0.574518,-27.802119,0,11.12799999999994,11.162000000000031,10.98850000000003,1,-1,1,-1,1,43.448322510822514,46.342138276829324,37.66069097880889,-1,0.06849729427868922,0.033557854470824315,0.03493943980786491
2017-02-24,sh.600188,11.1200,11.14,10.78,10.88,15481786,168759717.0000,3,0.523063,1,-2.421520,72.556022,1.510193,0.560606,-27.128884,0,11.10999999999994,11.13200000000003,11.00050000000003,-1,-1,-1,-1,1,29.866071428571473,40.89304967816209,7.812114929390233,-1,0.04668539840658603,0.03618336325797666,0.010502035148609375
2017-02-27,sh.600188,10.8800,10.94,10.69,10.73,10174136,110121306.0000,3,0.343741,1,-1.378682,71.555709,1.489372,0.552877,-26.754864,0,11.03399999999994,11.082000000000031,10.99550000000003,-1,-1,-1,-1,1,16.602294007490762,29.97222931562831,-10.137576608784336,-1,0.017098466901018128,0.03236638398658495,-0.015267917085566823
2017-02-28,sh.600188,10.7300,10.85,10.71,10.82,8605190,92749380.0000,3,0.290733,1,0.838771,72.155897,1.501865,0.557514,-26.979276,0,10.95399999999994,11.03800000000003,10.99550000000003,-1,-1,-1,-1,-1,10.533707865168656,19.00069110041036,-6.400258605314754,-1,0.0009024554148773234,0.026073598272243426,-0.025171142857366102
2017-03-01,sh.600188,10.8200,10.92,10.75,10.83,9723529,105497944.0000,3,0.328517,1,0.092424,72.222584,1.503253,0.558029,-27.004210,0,10.881999999999941,11.01500000000003,10.99800000000003,-1,-1,-1,-1,-1,11.610486891385847,12.915496254681818,9.000468164793904,-1,-0.010999290967880881,0.018659020424218565,-0.029658311392099446
2017-03-02,sh.600188,10.8300,10.9,10.72,10.75,6502960,70220804.0000,3,0.219707,1,-0.738688,71.689084,1.492149,0.553907,-26.804733,0,10.801999999999941,10.96500000000003,10.99050000000003,-1,-1,-1,-1,-1,12.359550561797816,11.501248439450835,14.076154806491775,1,-0.026580439376392206,0.00961112846409641,-0.03619156784048862
2017-03-03,sh.600188,10.6700,10.67,10.42,10.54,11887154,124997599.0000,3,0.401616,1,-1.953489,70.288646,1.463000,0.543087,-26.281106,0,10.733999999999941,10.92200000000003,10.97750000000003,-1,-1,-1,-1,-1,10.938912566188828,11.636316673124226,9.544104352318033,-1,-0.05523711759529526,-0.0033585207477819234,-0.051878596847513336
2017-03-06,sh.600188,10.5500,10.78,10.55,10.7,11018272,117701238.0000,3,0.372260,1,1.518025,71.355646,1.485208,0.551331,-26.680060,0,10.727999999999941,10.881000000000032,10.972500000000029,-1,-1,-1,-1,-1,16.54818005159947,13.282214393195432,23.080111368407543,1,-0.06429591542953261,-0.015545999684132061,-0.04874991574540055
2017-03-07,sh.600188,10.7100,10.73,10.59,10.65,7170151,76311942.0000,3,0.242249,1,-0.467292,71.022209,1.478268,0.548755,-26.555387,0,10.69399999999994,10.824000000000032,10.967500000000028,-1,-1,-1,-1,-1,23.215717722534063,16.900936780107514,35.845279607387155,1,-0.07464915116371174,-0.027366629980047998,-0.04728252118366374
2017-03-08,sh.600188,10.6200,10.64,10.43,10.5,7881868,82937356.0000,3,0.266295,1,-1.408447,70.021896,1.457447,0.541026,-26.181367,0,10.62799999999994,10.755000000000033,10.946000000000028,-1,-1,-1,-1,-1,23.471145564168822,21.07834777943418,28.25674113363811,1,-0.09387577003050573,-0.040668457990139545,-0.05320731204036619
2017-03-09,sh.600188,10.4300,10.43,10.15,10.29,11373597,116818505.0000,3,0.384265,1,-2.000000,68.621458,1.428299,0.530205,-25.657740,0,10.535999999999941,10.66900000000003,10.915500000000026,-1,-1,-1,-1,-1,18.525605381654813,21.737489556119296,12.101837032725847,-1,-0.12462168771781634,-0.05745910393567491,-0.06716258378214143
2017-03-10,sh.600188,10.3100,10.36,10.22,10.26,5228202,53830228.0000,3,0.176639,1,-0.291543,68.421396,1.424134,0.528659,-25.582936,0,10.47999999999994,10.607000000000031,10.869500000000027,-1,-1,-1,-1,-1,14.372781461388989,18.789844135737603,5.538656112691761,-1,-0.1496833418863055,-0.07590395152580103,-0.07377939036050447
2017-03-13,sh.600188,10.2600,10.47,10.16,10.42,8611857,89231686.0000,3,0.290958,1,1.559453,69.488396,1.446343,0.536903,-25.981890,0,10.42399999999994,10.576000000000032,10.829000000000025,-1,-1,-1,-1,-1,22.35738944599696,18.418592096346984,30.23498414529692,1,-0.15484921518769745,-0.0916930042581803,-0.06315621092951715
2017-03-14,sh.600188,10.4300,10.68,10.38,10.54,12493302,132022283.0000,3,0.422095,1,1.151630,70.288646,1.463000,0.543087,-26.281106,0,10.40199999999994,10.54800000000003,10.793000000000026,1,-1,-1,-1,-1,33.783549783549695,23.504573563645277,54.34150222335854,1,-0.14755923882625055,-0.10286625117179435,-0.0446929876544562
2017-03-15,sh.600188,10.5900,10.85,10.55,10.8,20317142,218620098.0000,3,0.686429,1,2.466795,72.022522,1.499089,0.556483,-26.929406,0,10.461999999999941,10.54500000000003,10.780000000000026,1,1,1,-1,-1,59.974025974025956,38.70498840119093,102.51210111969601,1,-0.1194253913769554,-0.10617807921282656,-0.013247312164128847
2017-03-16,sh.600188,10.8400,11.11,10.77,10.88,21477534,234499523.0000,3,0.725634,1,0.740740,72.556022,1.510193,0.560606,-27.128884,0,10.579999999999941,10.55800000000003,10.761500000000026,1,1,1,1,-1,73.63293650793655,55.79683742183746,109.30513468013471,1,-0.0896404637015582,-0.10287055611057289,0.013230092409014682
2017-03-17,sh.600188,10.8500,10.99,10.67,10.69,13326250,143740631.0000,3,0.450237,1,-1.746328,71.288959,1.483820,0.550816,-26.655125,0,10.665999999999942,10.57300000000003,10.747500000000027,1,1,-1,1,-1,75.04960317460326,69.55218855218864,86.04443241943252,1,-0.08043984556611683,-0.09838441400168167,0.017944568435564842
2017-03-20,sh.600188,11.4900,11.67,10.88,11.06,37573437,417465648.0000,3,1.269446,1,3.461187,73.756397,1.535178,0.569880,-27.577707,0,10.793999999999942,10.60900000000003,10.745000000000028,1,1,1,1,1,64.05336257309945,70.91196741854647,50.336152882205425,-1,-0.04279902115155565,-0.08726733543165646,0.04446831428010081
2017-03-21,sh.600188,10.9000,10.99,10.75,10.78,20022720,216770420.0000,3,0.676482,1,-2.531651,71.889147,1.496313,0.555453,-26.879537,0,10.841999999999942,10.62200000000003,10.723000000000027,-1,1,1,1,1,52.52192982456139,63.87496519075475,29.815859092174662,-1,-0.035156790956083483,-0.07684522653654187,0.041688435580458386
2017-03-22,sh.600188,10.6400,10.66,10.46,10.57,14473495,152998134.0000,3,0.488998,1,-1.948052,70.488709,1.467164,0.544632,-26.355910,0,10.795999999999943,10.62900000000003,10.692000000000027,-1,-1,-1,1,1,42.82270245149297,53.13266494971799,22.202777455042934,-1,-0.04552077822793876,-0.07058033687482125,0.025059558646882488
2017-03-23,sh.600188,10.5500,10.86,10.55,10.78,13113474,140652537.0000,3,0.443048,1,1.986755,71.889147,1.496313,0.555453,-26.879537,0,10.775999999999943,10.678000000000031,10.673500000000027,1,1,1,1,1,36.5530963169513,43.965909531001934,21.727469888850024,-1,-0.0363698192161106,-0.06373823334307913,0.027368414126968527
2017-03-24,sh.600188,10.7500,10.84,10.66,10.78,7294208,78253634.0000,3,0.246440,1,0.000000,71.889147,1.496313,0.555453,-26.879537,0,10.793999999999944,10.73000000000003,10.668500000000027,-1,1,1,1,1,33.07322415592858,37.48300764145767,24.25365718487039,-1,-0.02878579356050537,-0.05674774538656437,0.027961951826059005
2017-03-27,sh.600188,10.8100,10.96,10.78,10.84,12285289,133367618.0000,3,0.415067,1,0.556590,72.289272,1.504641,0.558545,-27.029145,0,10.749999999999943,10.77200000000003,10.674000000000028,1,1,1,-1,1,34.490771088225635,34.70569718703522,34.06091889060646,-1,-0.017729525100296684,-0.04894410132931083,0.03121457622901415
2017-03-28,sh.600188,10.9000,10.91,10.69,10.73,6616107,71445703.0000,3,0.223530,1,-1.014766,71.555709,1.489372,0.552877,-26.754864,0,10.739999999999943,10.791000000000032,10.669500000000028,-1,-1,1,-1,1,28.242253400815724,31.93541621499003,20.855927772467105,-1,-0.017640089410955184,-0.0426832989456397,0.025043209534684516
2017-03-29,sh.600188,10.7800,11.11,10.77,10.99,22925396,252166355.0000,3,0.774551,1,2.423115,73.289585,1.525462,0.566273,-27.403165,0,10.823999999999945,10.810000000000032,10.677500000000027,1,1,1,1,1,32.506887052341575,31.746637180461033,34.02738679610267,1,0.0033717486865167956,-0.0334722894192084,0.036844038105725195
2017-03-30,sh.600188,10.9000,11.35,10.9,11.15,25904252,288665616.0000,3,0.875194,1,1.455868,74.356585,1.547670,0.574518,-27.802119,0,10.897999999999943,10.837000000000033,10.697500000000028,1,1,1,1,1,41.04683195592286,33.93199080302677,55.276514261715036,1,0.03255912327927746,-0.020266006879511224,0.05282513015878868
2017-03-31,sh.600188,11.0800,11.46,11.03,11.4,20309887,228774873.0000,3,0.686184,1,2.242153,76.023773,1.582372,0.587399,-28.425485,0,11.021999999999943,10.908000000000033,10.74050000000003,1,1,1,1,1,64.94214876033057,46.165289256198385,102.49586776859495,1,0.07499870025902666,-0.0012130654518036459,0.07621176571083031
2017-04-05,sh.600188,11.5000,11.74,11.36,11.37,26170742,301964688.0000,3,0.884198,1,-0.263155,27.051258,1.579419,0.547641,-6.612680,0,11.127999999999941,10.939000000000034,10.77400000000003,1,1,1,1,1,74.03951446280986,60.00949839302115,102.0995466023873,1,0.10500123264761463,0.020029794168080012,0.08497143847953462
2017-04-06,sh.600188,11.3600,11.82,11.3,11.8,22737205,263242656.0000,3,0.768193,1,3.781885,28.074305,1.639151,0.568352,-6.862764,0,11.341999999999942,11.041000000000034,10.83150000000003,1,1,1,1,1,87.83964895013118,75.60710405775724,112.30473873487907,1,0.16161288927516892,0.0483464131894978,0.11326647608567113
2017-04-07,sh.600188,11.7800,11.92,11.6,11.8,14700076,172868176.0000,3,0.496653,1,0.000000,28.074305,1.639151,0.568352,-6.862764,0,11.503999999999943,11.164000000000033,10.89650000000003,1,1,1,1,1,86.66504577552804,82.84806972948974,94.29899786760467,1,0.20412500897738184,0.07950213234707461,0.12462287663030723
2017-04-10,sh.600188,11.8000,11.92,11.65,11.78,10106088,119003800.0000,3,0.341442,1,-0.169495,28.026721,1.636372,0.567389,-6.851132,0,11.629999999999942,11.264000000000035,10.97100000000003,1,1,1,1,1,92.50642450181533,89.00370640915823,99.51186068712954,1,0.23351057274433096,0.11030382042652588,0.12320675231780508
2017-04-11,sh.600188,11.7000,11.83,11.35,11.76,16849507,194784327.0000,3,0.569273,1,-0.169775,27.979138,1.633594,0.566425,-6.839500,0,11.701999999999943,11.362000000000034,11.046000000000031,1,1,1,1,1,88.69531552458382,89.28892860064245,87.50808937246657,-1,0.2522769195959924,0.1386984402604192,0.11357847933557322
2017-04-12,sh.600188,11.6800,11.94,11.46,11.83,15252806,179146061.0000,3,0.515327,1,0.595236,28.145680,1.643318,0.569797,-6.880211,0,11.793999999999944,11.461000000000034,11.116500000000032,1,1,1,1,1,88.73601556528386,89.97925186389439,86.2495429680628,-1,0.2696889928319557,0.16489655077472648,0.10479244205722921
2017-04-13,sh.600188,11.8500,12.08,11.75,11.97,16230024,193991693.0000,3,0.548343,1,1.183435,28.478765,1.662766,0.576540,-6.961634,0,11.827999999999943,11.585000000000033,11.188000000000033,1,1,1,1,1,89.42270887289493,88.95134665425427,90.36543331017626,1,0.29142564288483896,0.190202369196749,0.10122327368808998
2017-04-14,sh.600188,11.9300,12.05,11.66,11.67,10480115,123955298.0000,3,0.354078,1,-2.506267,27.765012,1.621092,0.562090,-6.787157,0,11.801999999999945,11.653000000000034,11.23150000000003,-1,1,1,1,1,80.74287921745552,86.30053455187817,69.62756854861021,-1,0.28120306793613103,0.2084025089446254,0.07280055899150564
2017-04-17,sh.600188,11.6300,11.65,11.16,11.26,9496489,108300738.0000,3,0.320846,1,-3.513281,26.789549,1.564139,0.542343,-6.548705,0,11.697999999999944,11.664000000000033,11.25050000000003,-1,-1,1,1,1,54.16663742382239,74.77740850472433,12.945095262018498,-1,0.23728278194570684,0.2141785635448417,0.023104218400865156
2017-04-18,sh.600188,11.3600,11.74,11.26,11.55,9881796,114066528.0000,3,0.333864,1,2.575488,27.479510,1.604423,0.556311,-6.717366,0,11.655999999999944,11.679000000000034,11.293500000000032,-1,-1,1,-1,1,38.07108350586612,57.660200049048065,-1.1071495804977616,-1,0.2233021273156517,0.21600327629900368,0.007298851016648011
2017-04-19,sh.600188,11.4700,11.56,11.05,11.24,8036967,90472634.0000,3,0.271535,1,-2.683986,26.741965,1.561360,0.541379,-6.537073,0,11.537999999999943,11.666000000000032,11.302500000000032,-1,-1,-1,-1,1,23.902490502321644,38.71340381067011,-5.719336114375281,-1,0.18507452465887653,0.20981752597097825,-0.02474300131210172
2017-04-20,sh.600188,11.3900,11.59,11.32,11.44,12105250,138251300.0000,3,0.408985,1,1.779358,27.217801,1.589143,0.551012,-6.653391,0,11.431999999999944,11.630000000000033,11.335500000000032,1,-1,1,-1,1,32.900661319825495,31.62474510933781,35.45249374080086,1,0.16896942827925265,0.20164790643263314,-0.032678478153380486
2017-04-21,sh.600188,11.5100,11.95,11.48,11.72,15617708,183942177.0000,3,0.527656,1,2.447559,27.883971,1.628038,0.564499,-6.816236,0,11.441999999999943,11.622000000000032,11.393000000000033,1,1,1,-1,1,40.453074433656916,32.41874208526807,56.5217391304346,1,0.17676208008120575,0.19667074116234767,-0.01990866108114192
2017-04-24,sh.600188,11.8000,11.93,11.31,11.41,14669441,170824206.0000,3,0.495618,1,-2.645055,27.146425,1.584975,0.549567,-6.635943,0,11.471999999999943,11.585000000000033,11.424500000000032,-1,-1,-1,-1,1,45.954692556634264,39.769476103372284,58.32512546315823,1,0.15612370664876352,0.18856133425963084,-0.032437627610867326
2017-04-25,sh.600188,11.2300,11.79,11.22,11.68,11081024,127441941.0000,3,0.374380,1,2.366349,27.788804,1.622481,0.562572,-6.792973,0,11.497999999999944,11.577000000000032,11.469500000000032,1,1,1,-1,1,53.72168284789641,46.70981661272925,67.74541531823074,1,0.15971331485241969,0.1827917303781886,-0.02307841552576892
2017-04-26,sh.600188,11.6200,11.86,11.48,11.64,11424343,133283969.0000,3,0.385980,1,-0.342465,27.693636,1.616925,0.560645,-6.769709,0,11.577999999999943,11.558000000000032,11.509500000000031,1,1,1,1,1,51.70550161812293,50.460625674217916,54.19525350593297,1,0.1575147080051149,0.17773632590357386,-0.020221617898458943
2017-04-27,sh.600188,11.5800,11.64,11.2,11.55,7869254,90237487.0000,3,0.265868,1,-0.773197,27.479510,1.604423,0.556311,-6.717366,0,11.599999999999943,11.516000000000032,11.550500000000032,-1,1,-1,1,1,58.57353469974828,54.66690638858926,66.38679132206632,1,0.14681762619591332,0.17155258596204176,-0.02473495976612844
2017-04-28,sh.600188,11.5000,11.93,11.48,11.81,15793949,186214732.0000,3,0.533610,1,2.251084,28.098097,1.640540,0.568834,-6.868579,0,11.617999999999943,11.530000000000033,11.591500000000032,1,1,1,1,1,66.33333333333337,58.870789883734915,81.25842023253028,1,0.1575043270440215,0.16874293417843772,-0.011238607134416212
2017-05-02,sh.600188,11.8800,11.99,11.76,11.97,16262534,193457655.0000,3,0.549442,1,1.354783,16.489779,1.510705,0.452423,-13.857928,0,11.729999999999944,11.601000000000031,11.632500000000032,1,1,1,1,1,79.29078014184402,68.06588272497528,101.7405749755815,1,0.17684571002138227,0.17036348934702664,0.006482220674355638
2017-05-03,sh.600188,11.8500,11.92,11.65,11.79,8667041,102129682.0000,3,0.292822,1,-1.503762,16.241813,1.487987,0.445620,-13.649538,0,11.751999999999944,11.625000000000032,11.652000000000031,1,1,1,1,1,85.66677639125793,77.09696328881184,102.8064025961501,1,0.1756249051173615,0.1714157725010936,0.004209132616267902
2017-05-04,sh.600188,11.6700,11.95,11.45,11.92,16006774,187231381.0000,3,0.540801,1,1.102630,16.420900,1.504394,0.450533,-13.800042,0,11.807999999999945,11.693000000000032,11.67950000000003,1,1,1,1,1,87.89837507855276,84.28531053721831,95.12450416122167,1,0.1830373809889423,0.17374009419866335,0.009297286790278941
2017-05-05,sh.600188,11.8000,11.81,11.2,11.23,15831928,182340790.0000,3,0.534893,1,-5.788595,15.470361,1.417311,0.424454,-13.001214,0,11.743999999999946,11.672000000000033,11.651000000000028,-1,-1,-1,1,1,56.54008438818562,76.70174528599883,16.216762592559206,-1,0.13171624520754222,0.16533532440043913,-0.03361907919289692
2017-05-08,sh.600188,11.0700,11.11,10.24,10.3,19085045,202694579.0000,3,0.644802,1,-8.281384,14.189200,1.299938,0.389303,-11.924533,0,11.441999999999945,11.530000000000033,11.576000000000029,-1,-1,-1,-1,-1,32.788426763110316,59.075628743282955,-19.78597719723497,-1,0.01581830412288454,0.1354319203449282,-0.11961361622204367
2017-05-09,sh.600188,10.1200,10.47,10.12,10.39,6671834,69027163.0000,3,0.225413,1,0.873788,14.313184,1.311297,0.392705,-12.028728,0,11.125999999999944,11.428000000000033,11.506500000000027,-1,-1,-1,-1,-1,7.221514152266241,32.18334176785412,-42.702141078909506,-1,-0.06798570446621,0.09474839538270056,-0.16273409984891057
2017-05-10,sh.600188,10.4000,10.45,10.14,10.2,4945613,51092631.0000,3,0.167091,1,-1.828686,14.051441,1.287317,0.385523,-11.808760,0,10.807999999999945,11.280000000000033,11.428500000000028,-1,-1,-1,-1,-1,7.38171632289279,15.797219079423174,-9.449289190167978,-1,-0.1480260450477946,0.04619350729660153,-0.19421955234439614
2017-05-11,sh.600188,10.0300,10.17,9.95,10.1,6312280,63686017.0000,3,0.213265,1,-0.980387,13.913682,1.274697,0.381744,-11.692988,0,10.443999999999944,11.126000000000033,11.342000000000027,-1,-1,-1,-1,-1,8.689839572192506,7.764356682450571,10.540805351676378,1,-0.2170260150755574,-0.006450397177830261,-0.21057561789772716
2017-05-12,sh.600188,10.0800,10.39,10.06,10.29,5000967,51216782.0000,3,0.168961,1,1.881184,14.175424,1.298676,0.388925,-11.912955,0,10.255999999999945,11.000000000000034,11.258000000000028,1,-1,-1,-1,-1,9.432560903149104,8.501372266078192,11.29493817729093,1,-0.2534558945551382,-0.05585149665329185,-0.1976043979018463
2017-05-15,sh.600188,10.2500,10.39,10.23,10.35,4330110,44701126.0000,3,0.146296,1,0.583094,14.258080,1.306248,0.391193,-11.982419,0,10.265999999999945,10.854000000000033,11.192000000000027,1,-1,-1,-1,-1,14.673202614379056,10.931867696573613,22.15587244998994,1,-0.27432311187326874,-0.09954581969728724,-0.1747772921759815
2017-05-16,sh.600188,10.3500,10.52,10.22,10.51,5792197,60239942.0000,3,0.195694,1,1.545892,14.478495,1.326442,0.397240,-12.167654,0,10.289999999999944,10.708000000000034,11.154500000000027,1,-1,-1,-1,-1,21.55555555555553,15.220439691027956,34.225787284610675,1,-0.27478234923792044,-0.13459312560541387,-0.14018922363250658
2017-05-17,sh.600188,10.5100,10.63,10.37,10.41,7319584,76693767.0000,3,0.247297,1,-0.951478,14.340736,1.313821,0.393461,-12.051882,0,10.331999999999942,10.570000000000032,11.097500000000027,1,-1,-1,-1,-1,24.243727598566295,20.15749525616702,32.41619228336484,1,-0.27998793578586323,-0.16367208764150373,-0.1163158481443595
2017-05-18,sh.600188,10.3200,10.62,10.31,10.47,6109473,64155340.0000,3,0.206413,1,0.576373,14.423391,1.321393,0.395728,-12.121345,0,10.405999999999942,10.425000000000033,11.059000000000026,1,1,-1,-1,-1,32.51958966753185,26.106290940551286,45.34618712149297,1,-0.2760893162916762,-0.18615553337153823,-0.08993378292013798
2017-05-19,sh.600188,10.4700,10.52,10.33,10.38,3360261,34983881.0000,3,0.113529,1,-0.859600,14.299408,1.310035,0.392327,-12.017150,0,10.423999999999943,10.340000000000032,11.006000000000025,-1,1,-1,1,-1,44.264687706747544,33.676001657615295,65.44205980501205,1,-0.2770680125137055,-0.20433802919997168,-0.07272998331373381
2017-05-22,sh.600188,10.3800,10.67,10.34,10.46,6963089,73184382.0000,3,0.235253,1,0.770712,14.409615,1.320131,0.395350,-12.109768,0,10.445999999999943,10.356000000000032,10.943000000000026,1,1,-1,1,-1,59.63207121929239,45.472116197857325,87.95198126216253,1,-0.26829556069320226,-0.2171295354986178,-0.051166025194584464
2017-05-23,sh.600188,10.4600,10.54,10.23,10.27,6700510,69396273.0000,3,0.226382,1,-1.816440,14.147873,1.296152,0.388169,-11.889801,0,10.397999999999943,10.344000000000031,10.886000000000028,-1,-1,-1,1,-1,59.504357298474986,54.467038741505036,69.57899441241489,1,-0.27352175301966497,-0.22840797900282722,-0.04511377401683775
2017-05-24,sh.600188,10.2300,10.34,10.08,10.32,5822314,59384340.0000,3,0.196711,1,0.486847,14.216752,1.302462,0.390059,-11.947687,0,10.379999999999942,10.356000000000032,10.818000000000026,-1,-1,-1,1,-1,52.633576199149985,57.256668238972516,43.38739211950492,-1,-0.2705106871441636,-0.2368285206310945,-0.0336821665130691
2017-05-25,sh.600188,10.2700,10.64,10.24,10.64,9005162,94438222.0000,3,0.304246,1,3.100781,14.657582,1.342849,0.402154,-12.318158,0,10.413999999999943,10.410000000000032,10.768000000000026,1,1,-1,1,-1,60.6608831671349,57.599605554920025,66.78343839156464,1,-0.23954178154775363,-0.23737117281442632,-0.002170608733327306
2017-05-26,sh.600188,10.6500,10.77,10.57,10.6,6639870,70929269.0000,3,0.224333,1,-0.375939,14.602478,1.337800,0.400642,-12.271849,0,10.457999999999943,10.441000000000031,10.720500000000026,1,1,-1,1,-1,70.96684129917998,61.42043355515502,90.05965678722988,1,-0.21573945629076263,-0.23304482950969357,0.01730537321893094
2017-05-31,sh.600188,10.7600,10.8,10.46,10.47,6426800,68350976.0000,3,0.217134,1,-1.226416,14.423391,1.321393,0.395728,-12.121345,0,10.459999999999942,10.453000000000031,10.653500000000026,1,1,-1,1,-1,74.8147465815115,68.8141570159422,86.81592571265011,1,-0.20500271192940822,-0.22743640599363651,0.022433694064228293
2017-06-01,sh.600188,10.4200,10.57,10.36,10.4,5624184,58872818.0000,3,0.190017,1,-0.668583,14.326960,1.312559,0.393083,-12.040305,0,10.485999999999944,10.442000000000032,10.575000000000026,-1,-1,-1,1,-1,57.99114331723024,67.92424373264065,38.124942486409424,-1,-0.1998385650716017,-0.22191683780922955,0.022078272737627858
2017-06-02,sh.600188,10.3500,10.88,10.3,10.8,9201194,98297778.0000,3,0.310869,1,3.846159,14.877996,1.363042,0.408201,-12.503393,0,10.581999999999942,10.481000000000032,10.525500000000026,1,1,1,1,1,62.870370370370345,65.2254200897041,58.160270931702826,-1,-0.16160638659244775,-0.2098547475658732,0.04824836097342544
2017-06-05,sh.600188,10.7600,11.05,10.74,10.91,7311225,79961883.0000,3,0.247015,1,1.018515,15.029532,1.376925,0.412359,-12.630743,0,10.635999999999942,10.52500000000003,10.475000000000026,1,1,1,1,1,73.33715158457422,64.73288842405834,90.54567790560597,1,-0.12103580360630062,-0.19209095877395868,0.07105515516765806
2017-06-06,sh.600188,10.9000,11.03,10.8,10.97,5469272,59848601.0000,3,0.184783,1,0.549958,15.112187,1.384497,0.414627,-12.700206,0,10.70999999999994,10.584000000000032,10.462000000000028,1,1,1,1,1,89.10652920962194,75.10468372152224,117.11022018582133,1,-0.08308408413161317,-0.1702895838454896,0.08720549971387642
2017-06-07,sh.600188,10.9600,11.14,10.92,11.08,7450287,82319387.0000,3,0.251713,1,1.002732,15.263722,1.398380,0.418784,-12.827555,0,10.83199999999994,10.646000000000031,10.501000000000028,1,1,1,1,1,90.55307009012506,84.3322502947738,102.99470968082758,1,-0.043628075037409175,-0.1449572820838735,0.10132920704646434
2017-06-08,sh.600188,11.1000,11.11,10.87,11.01,5217388,57374268.0000,3,0.176273,1,-0.631766,15.167291,1.389545,0.416138,-12.746515,0,10.95399999999994,10.72000000000003,10.532000000000028,1,1,1,1,1,90.54925183888413,90.06961704621044,91.50852142423153,1,-0.017802106943232587,-0.11952624705574533,0.10172414011251274
2017-06-09,sh.600188,11.0000,11.04,10.85,10.95,5755936,63010710.0000,3,0.194468,1,-0.544963,15.084635,1.381973,0.413871,-12.677052,0,10.983999999999941,10.783000000000031,10.569500000000028,-1,1,1,1,1,85.75871019267235,88.95367737389391,79.36877583022923,-1,-0.0021515381293539804,-0.09605130527046706,0.09389976714111307
2017-06-12,sh.600188,10.9200,11.28,10.91,11.14,8326269,92444961.0000,3,0.281309,1,1.735165,15.346378,1.405952,0.421052,-12.897019,0,11.02999999999994,10.83300000000003,10.62150000000003,1,1,1,1,1,82.88359788359783,86.39718663838482,75.85642037402386,-1,0.02529151764367832,-0.07178274068763799,0.0970742583313163
2017-06-13,sh.600188,11.1400,11.97,11.1,11.72,19217195,223476323.0000,3,0.649267,1,5.206462,16.145381,1.479153,0.442974,-13.568497,0,11.179999999999941,10.945000000000032,10.69300000000003,1,1,1,1,1,82.70839273833283,83.78356693820106,80.55804433859637,-1,0.09277207111093944,-0.0388717783279225,0.13164384943886193
2017-06-14,sh.600188,11.7000,11.85,11.51,11.7,10377856,121191269.0000,3,0.350623,1,-0.170652,16.117830,1.476629,0.442218,-13.545343,0,11.303999999999942,11.068000000000032,10.760500000000029,1,1,1,1,1,84.85885372112917,83.48361478102,87.60933160134752,1,0.14298877743302896,-0.0024996671757322037,0.14548844460876115
2017-06-15,sh.600188,11.6200,11.75,11.58,11.63,4992583,58170095.0000,3,0.168678,1,-0.598288,16.021398,1.467794,0.439572,-13.464302,0,11.427999999999944,11.191000000000031,10.81650000000003,1,1,1,1,1,80.40666634211249,82.65797093385822,75.90405715862101,-1,0.1751188034411264,0.03302402694763951,0.1420947764934869
2017-06-16,sh.600188,11.6600,11.85,11.59,11.6,6515101,76371528.0000,3,0.220117,1,-0.257951,15.980070,1.464008,0.438438,-13.429571,0,11.557999999999943,11.271000000000031,10.87600000000003,1,1,1,1,1,74.85537576088176,80.0402986080412,64.48553006656286,-1,0.1959030824680852,0.06559983805172864,0.13030324441635655
2017-06-19,sh.600188,11.6400,11.94,11.55,11.77,10567450,124438809.0000,3,0.357029,1,1.465518,16.214261,1.485463,0.444864,-13.626383,0,11.683999999999944,11.357000000000031,10.94100000000003,1,1,1,1,1,74.29221636538703,76.51808615612715,69.84047678390678,-1,0.22351580156364292,0.0971830307541115,0.12633277080953143
2017-06-20,sh.600188,11.7600,11.85,11.6,11.78,6955419,81667599.0000,3,0.234994,1,0.084956,16.228037,1.486725,0.445242,-13.637961,0,11.695999999999945,11.43800000000003,11.01100000000003,1,1,1,1,1,77.85154660154649,75.66637957593849,82.22188065276248,1,0.243400230466845,0.1264264706966582,0.11697375977018681
2017-06-21,sh.600188,11.8100,11.81,11.61,11.74,4438292,51877550.0000,3,0.149951,1,-0.339558,16.172933,1.481677,0.443730,-13.591652,0,11.703999999999944,11.50400000000003,11.07500000000003,1,1,1,1,1,81.54761904761895,77.89712733818422,88.84860246648842,1,0.25301452398967506,0.15174408135526157,0.10127044263441348
2017-06-22,sh.600188,11.8000,12.05,11.56,11.61,10737085,127511098.0000,3,0.362760,1,-1.107326,15.993846,1.465270,0.438816,-13.441148,0,11.699999999999942,11.56400000000003,11.14200000000003,-1,1,1,1,1,74.6345029239765,78.01122285771405,67.8810630565014,-1,0.2472933633709271,0.1708539377583947,0.07643942561253242
2017-06-23,sh.600188,11.5500,11.92,11.45,11.87,9387634,110013053.0000,3,0.317168,1,2.239451,16.352020,1.498084,0.448643,-13.742156,0,11.753999999999943,11.65600000000003,11.21950000000003,1,1,1,1,1,73.97347535505418,76.71853244221661,68.4833611807293,-1,0.26073355532637166,0.18882986127199008,0.07190369405438157
2017-06-26,sh.600188,11.8900,12.42,11.77,12.33,22505233,272987280.0000,3,0.760356,1,3.875316,16.985713,1.556139,0.466030,-14.274708,0,11.865999999999943,11.77500000000003,11.304000000000032,1,1,1,1,1,77.72592994513765,75.44463607472284,82.28851768596729,1,0.3049874543760609,0.21206137989280424,0.09292607448325665
2017-06-27,sh.600188,12.3400,12.47,12.2,12.3,15968358,197121676.0000,3,0.539503,1,-0.243307,16.944385,1.552353,0.464896,-14.239976,0,11.969999999999942,11.83300000000003,11.389000000000033,1,1,1,1,1,85.03587146560552,78.91175892193252,97.28409655295155,1,0.3337905097070042,0.23640720585564423,0.09738330385135996
2017-06-28,sh.600188,12.2200,12.41,12.16,12.33,9514457,116855213.0000,3,0.321453,1,0.243900,16.985713,1.556139,0.466030,-14.274708,0,12.08799999999994,11.89600000000003,11.482000000000033,1,1,1,1,1,86.77649754059696,83.1794329837801,93.9706266542307,1,0.35494628798957173,0.2601150222824297,0.09483126570714201
2017-06-29,sh.600188,12.3100,12.7,12.31,12.38,12803612,160104277.0000,3,0.432579,1,0.405517,17.054592,1.562450,0.467919,-14.332594,0,12.241999999999942,11.971000000000029,11.581000000000033,1,1,1,1,1,81.3359477124183,84.38277223954033,75.24229865817424,-1,0.37146496000024953,0.2823850098259937,0.08907995017425585
2017-06-30,sh.600188,12.4200,12.42,12.11,12.24,9477629,116060755.0000,3,0.320204,1,-1.130859,16.861729,1.544781,0.462628,-14.170513,0,12.315999999999942,12.035000000000029,11.653000000000032,-1,1,1,1,1,74.62483660130721,80.91242728477424,62.04965523437315,-1,0.3690056294103208,0.2997091337428591,0.06929649566746166
2017-07-03,sh.600188,12.2300,12.62,12.15,12.52,15872694,197402465.0000,3,0.536263,1,2.287587,17.247455,1.580119,0.473211,-14.494675,0,12.353999999999942,12.11000000000003,11.733500000000033,1,1,1,1,1,74.40000000000003,76.78692810457527,69.62614379084957,-1,0.38520979342778006,0.3168092656798433,0.06840052774793676
2017-07-04,sh.600188,12.4900,12.51,12.14,12.29,11743820,144363809.0000,3,0.396768,1,-1.837065,16.930609,1.551091,0.464518,-14.228399,0,12.351999999999943,12.16100000000003,11.799500000000034,-1,1,1,1,1,71.99999999999999,73.67494553376916,68.65010893246162,-1,0.3751679299835917,0.328480998540593,0.046686931442998736
2017-07-05,sh.600188,12.3700,12.74,12.3,12.58,16959995,212714830.0000,3,0.572998,1,2.359642,17.330111,1.587691,0.475479,-14.564138,0,12.401999999999942,12.24500000000003,11.874500000000033,1,1,1,1,1,80.13229974160204,75.5107665805341,89.37536606373794,1,0.3861588582824922,0.3400165704889728,0.046142287793519365
2017-07-06,sh.600188,12.7900,13.31,12.73,13.0,31478417,408133888.0000,3,1.063507,1,3.338634,17.908699,1.640698,0.491353,-15.050381,0,12.525999999999943,12.38400000000003,11.974000000000034,1,1,1,1,1,78.22234303164531,76.78488092441586,81.0972672461042,1,0.4238735871972157,0.3567879738306214,0.0670856133665943
2017-07-07,sh.600188,12.9500,13.32,12.66,13.25,24274622,315931008.0000,3,0.820125,1,1.923077,18.253098,1.672250,0.500802,-15.339811,0,12.727999999999941,12.52200000000003,12.089000000000034,1,1,1,1,1,87.22730170933126,81.86064816085961,97.96060880627456,1,0.46853471569510674,0.3791373222035185,0.08939739349158826
2017-07-10,sh.600188,13.0500,13.53,13.02,13.12,21646245,286289744.0000,3,0.731324,1,-0.981133,18.074011,1.655843,0.495889,-15.189308,0,12.847999999999942,12.601000000000031,12.188000000000034,1,1,1,1,1,81.73725548885595,82.39563340994425,80.42049964667933,-1,0.4878158310060474,0.40087302396402424,0.08694280704202317
2017-07-11,sh.600188,13.1800,13.21,12.67,12.68,17512361,225203658.0000,3,0.591660,1,-3.353655,17.467870,1.600312,0.479258,-14.679910,0,12.925999999999942,12.63900000000003,12.236000000000034,-1,1,1,1,1,68.49416055562018,79.15290591793587,47.17666983098883,-1,0.46226324806155894,0.4131510687835312,0.049112179278027746
2017-07-12,sh.600188,12.6800,13.08,12.44,13.04,16754080,213604907.0000,3,0.566041,1,2.839114,17.963803,1.645747,0.492865,-15.096690,0,13.017999999999944,12.710000000000031,12.303000000000035,1,1,1,1,1,58.92018779342718,69.71720127930118,37.326160821679196,-1,0.4656934095943761,0.4236595369457002,0.04203387264867592
2017-07-13,sh.600188,12.9000,13.31,12.9,13.0,18772746,246029804.0000,3,0.634242,1,-0.306748,17.908699,1.640698,0.491353,-15.050381,0,13.017999999999944,12.77200000000003,12.371500000000035,-1,1,1,1,1,55.834768804674525,61.08303905124071,45.33822831154215,-1,0.459882927495082,0.4309042150555765,0.02897871243950545
2017-07-14,sh.600188,12.8300,13.11,12.67,13.02,11953683,155098754.0000,3,0.403858,1,1.086959,17.936251,1.643223,0.492109,-15.073535,0,12.971999999999943,12.850000000000032,12.442500000000035,1,1,1,1,1,63.55760462052887,59.43752040621027,71.79777304916607,1,0.45168516599284203,0.43506040524302964,0.016624760749812395
2017-07-17,sh.600188,12.9900,13.56,12.35,13.21,33355671,439881120.0000,3,1.126930,1,1.459290,18.197994,1.667202,0.499290,-15.293503,0,12.989999999999943,12.91900000000003,12.514500000000035,1,1,1,1,1,65.80069277911001,61.73102206810455,73.94003420112091,1,0.4552717042347574,0.4391026650413752,0.016169039193382195
2017-07-18,sh.600188,13.0200,13.79,13.02,13.67,26212411,352610848.0000,3,0.885593,1,3.482211,18.831686,1.725258,0.516677,-15.826054,0,13.187999999999942,13.05700000000003,12.609000000000034,1,1,1,1,1,75.73274713562482,68.36368151175465,90.47087838336515,1,0.4895885452592239,0.44919984108494493,0.04038870417427898
2017-07-19,sh.600188,13.6600,14.55,13.6,14.43,46565717,660441888.0000,3,1.573235,1,5.559621,19.878656,1.821175,0.545402,-16.705923,0,13.465999999999942,13.24200000000003,12.743500000000035,1,1,1,1,1,86.14478114478112,75.89274035317207,106.64886272799922,1,0.5715223831529315,0.47366434949854225,0.09785803365438922
2017-07-20,sh.600188,14.3500,14.4,14.02,14.34,24689136,350960560.0000,3,0.834129,1,-0.623702,19.754673,1.809817,0.542000,-16.601728,0,13.733999999999943,13.37600000000003,12.880000000000033,1,1,1,1,1,92.22222222222219,84.69991683420945,107.26683299824768,1,0.6220229982189078,0.5033360792426154,0.11868691897629247
2017-07-21,sh.600188,14.1700,14.96,14.17,14.56,29169315,424739824.0000,3,0.985493,1,1.534172,20.057743,1.837582,0.550316,-16.856427,0,14.041999999999945,13.50700000000003,13.014500000000032,1,1,1,1,1,89.89144316730517,89.4194821781029,90.83536514570972,1,0.672050283547307,0.5370789201035537,0.13497136344375327
2017-07-24,sh.600188,14.4200,14.69,13.85,14.01,34615501,489401680.0000,3,1.169494,1,-3.777474,19.300068,1.768168,0.529528,-16.219680,0,14.201999999999945,13.596000000000029,13.098500000000033,-1,1,1,1,1,79.57680250783693,87.23015596578817,64.27009559193445,-1,0.6597121135504995,0.5616055587929429,0.09810655475755659
2017-07-25,sh.600188,14.0100,14.19,13.76,14.06,20378613,284387168.0000,3,0.688497,1,0.356889,19.368947,1.774479,0.531417,-16.277566,0,14.279999999999944,13.734000000000028,13.186500000000033,-1,1,1,1,1,71.2643678160919,80.24420449707809,53.30469445411953,-1,0.6465159733700894,0.5785876417083722,0.06792833166171719
2017-07-26,sh.600188,14.0800,14.1,13.85,13.95,21944623,306489568.0000,3,0.741405,1,-0.782366,19.217412,1.760596,0.527260,-16.150217,0,14.183999999999944,13.825000000000028,13.267500000000032,-1,1,1,1,1,63.47381864623237,71.43832965672048,47.54479662525614,-1,0.6200344849282278,0.5868770103523433,0.03315747457588447
2017-07-27,sh.600188,13.9400,13.95,13.01,13.22,37961852,509968384.0000,3,1.282552,1,-5.232972,18.211770,1.668464,0.499668,-15.305080,0,13.959999999999942,13.847000000000028,13.309500000000034,-1,-1,-1,1,1,53.38441890166022,62.70753512132824,34.73818646232418,-1,0.533987341733857,0.576299076628646,-0.04231173489478901
2017-07-28,sh.600188,13.2000,13.45,13.03,13.35,20464573,272513088.0000,3,0.691401,1,0.983359,18.390857,1.684871,0.504582,-15.455584,0,13.717999999999941,13.88000000000003,13.365000000000034,-1,-1,-1,-1,1,37.35730425385591,51.4051806005829,9.261551560401912,-1,0.47085653334243993,0.5552105679714048,-0.08435403462896485
2017-07-31,sh.600188,13.3600,14.55,13.36,14.26,47204032,658962688.0000,3,1.594801,1,6.816478,19.644466,1.799720,0.538977,-16.509110,0,13.76799999999994,13.985000000000028,13.452000000000035,1,1,1,-1,1,38.29059829059823,43.01077381537153,28.850247241051633,-1,0.48862177994925027,0.5418928103669739,-0.05327103041772363
2017-08-01,sh.600188,14.2100,14.24,13.55,13.77,32740846,450308592.0000,3,1.106158,1,-3.436183,18.969446,1.737878,0.520456,-15.941827,0,13.70999999999994,13.995000000000028,13.526000000000034,1,-1,1,-1,1,40.17094017094009,38.60628090513149,43.30025870255729,1,0.4578837619922016,0.5250910006920194,-0.06720723869981782
2017-08-02,sh.600188,13.7500,14.39,13.6,13.71,41968378,585929632.0000,3,1.417913,1,-0.435733,18.886790,1.730306,0.518189,-15.872363,0,13.661999999999939,13.923000000000027,13.582500000000033,1,-1,1,-1,1,46.32478632478626,41.595441595441606,55.783475783475566,1,0.4237968959347729,0.5048321797405702,-0.08103528380579728
2017-08-03,sh.600188,13.5600,13.82,13.36,13.79,25472036,346141424.0000,3,0.860580,1,0.583515,18.996997,1.740402,0.521212,-15.964981,0,13.775999999999936,13.868000000000027,13.622000000000034,1,-1,1,-1,1,40.43345543345537,42.30972730972732,36.680911680911464,-1,0.3986428339702943,0.483594310586515,-0.08495147661622066
2017-08-04,sh.600188,13.7200,14.48,13.7,13.77,46054769,649191520.0000,3,1.555973,1,-0.145029,18.969446,1.737878,0.520456,-15.941827,0,13.859999999999937,13.789000000000026,13.648000000000033,-1,-1,1,1,1,43.89221889221883,43.55015355015357,44.576349576349344,1,0.3727968556907708,0.46143481960736615,-0.08863796391659534
2017-08-07,sh.600188,13.8000,13.9,13.09,13.84,33963632,458195952.0000,3,1.147471,1,0.508349,19.065877,1.746713,0.523102,-16.022867,0,13.775999999999936,13.772000000000025,13.684000000000031,1,1,1,1,1,49.89177489177481,44.73914973914975,60.197025197024914,1,0.3538828059767205,0.439924416881237,-0.08604161090451651
2017-08-08,sh.600188,13.8700,14.09,13.51,13.57,30737310,426019520.0000,3,1.038468,1,-1.950870,18.693927,1.712637,0.512897,-15.710282,0,13.735999999999938,13.723000000000024,13.72850000000003,-1,-1,-1,1,1,46.536796536796466,46.77359677359678,46.063196063195846,-1,0.31349279203007896,0.4146380919110054,-0.10114529988092646
2017-08-09,sh.600188,13.6200,14.28,13.4,14.22,48976960,681930624.0000,3,1.654700,1,4.789982,19.589362,1.794672,0.537465,-16.462801,0,13.83799999999994,13.750000000000025,13.787500000000032,1,1,1,1,1,56.18307131465021,50.87054758107391,66.80811878180282,1,0.3301274786299455,0.39773596925479343,-0.06760849062484792
2017-08-10,sh.600188,14.0600,14.08,13.55,13.77,33185708,456644352.0000,3,1.121188,1,-3.164556,18.969446,1.737878,0.520456,-15.941827,0,13.833999999999941,13.805000000000026,13.82600000000003,-1,-1,-1,1,1,53.74281750453338,52.154228451993426,56.91999560961328,1,0.30350078034061134,0.378888931471957,-0.07538815113134567
2017-08-11,sh.600188,13.5200,13.75,12.44,12.54,38608437,502011904.0000,3,1.304397,1,-8.932466,17.275007,1.582643,0.473967,-14.517829,0,13.587999999999942,13.724000000000027,13.802000000000032,-1,-1,-1,-1,-1,43.25559231142582,51.06049371020322,27.645789513871023,-1,0.18106105056588362,0.3393233552907423,-0.1582623047248587
2017-08-14,sh.600188,12.4600,12.75,12.38,12.61,18984477,238943490.0000,3,0.641396,1,0.558211,17.371438,1.591478,0.476613,-14.598870,0,13.341999999999942,13.559000000000026,13.772000000000034,-1,-1,-1,-1,-1,20.80989473414927,39.269434850036234,-16.10918549762465,-1,0.08865315914048821,0.2891893160606915,-0.20053615692020327
2017-08-15,sh.600188,12.5900,12.65,12.38,12.5,15489842,193613702.0000,3,0.523329,1,-0.872321,17.219903,1.577595,0.472455,-14.471520,0,13.12799999999994,13.432000000000027,13.713500000000034,-1,-1,-1,-1,-1,7.189542483660039,23.75167650974512,-25.934725568510125,-1,0.006468592819844687,0.2326451714125221,-0.22617657859267742
2017-08-16,sh.600188,12.5200,12.63,12.21,12.4,15142528,187524031.0000,3,0.511594,1,-0.800003,17.082144,1.564974,0.468675,-14.355748,0,12.76399999999994,13.301000000000027,13.612000000000032,-1,-1,-1,-1,-1,8.345570239843275,12.11500248588427,0.8067057477612813,-1,-0.06597194880253632,0.17292174736951044,-0.23889369617204675
2017-08-17,sh.600188,12.6000,12.79,12.56,12.74,20787748,263388032.0000,3,0.702320,1,2.741937,17.550525,1.607885,0.481526,-14.749373,0,12.55799999999994,13.19600000000003,13.532000000000034,1,-1,-1,-1,-1,13.229398167149478,9.588170296884341,20.511853907679754,1,-0.09485303470266437,0.11936679095507546,-0.21421982565773984
2017-08-18,sh.600188,12.6200,12.78,12.52,12.69,11712256,148511558.0000,3,0.395702,1,-0.392466,17.481646,1.601574,0.479636,-14.691487,0,12.58799999999994,13.088000000000031,13.438500000000033,1,-1,-1,-1,-1,19.054104861421383,13.54302442280479,30.076265738654573,1,-0.12038832383008469,0.07141576799804343,-0.19180409182812813
2017-08-21,sh.600188,12.6400,12.92,12.63,12.8,14705371,187940614.0000,3,0.496825,1,0.866829,17.633181,1.615457,0.483794,-14.818837,0,12.625999999999939,12.984000000000032,13.378000000000034,1,-1,-1,-1,-1,25.764895330112648,19.349466119561246,38.59575375121545,1,-0.13024772900022796,0.03108306859838915,-0.16133079759861713
2017-08-22,sh.600188,12.7200,12.8,12.53,12.68,13574986,171587308.0000,3,0.458635,1,-0.937499,17.467870,1.600312,0.479258,-14.679910,0,12.661999999999939,12.895000000000033,13.309000000000035,1,-1,-1,-1,-1,25.608170365203524,23.4757235189126,29.873064057785378,1,-0.1460606791591701,-0.004345680953122703,-0.14171499820604738
2017-08-23,sh.600188,12.5100,12.58,12.12,12.25,17091739,210287233.0000,3,0.577449,1,-3.391169,16.875505,1.546043,0.463006,-14.182090,0,12.63199999999994,12.698000000000032,13.224000000000036,-1,-1,-1,-1,-1,20.537188473736204,23.97008472301754,13.671395975173532,-1,-0.19108722781179743,-0.04169399032485765,-0.14939323748693978
2017-08-24,sh.600188,12.2800,12.45,12.2,12.24,9530440,117252067.0000,3,0.321989,1,-0.081635,16.861729,1.544781,0.462628,-14.170513,0,12.53199999999994,12.545000000000034,13.175000000000034,-1,-1,-1,-1,-1,16.03638332075717,20.72724738656571,6.654655189140094,-1,-0.2249845268665709,-0.0783520976332003,-0.1466324292333706
2017-08-25,sh.600188,12.4300,12.83,12.37,12.75,25634448,323918032.0000,3,0.866067,1,4.166669,17.564301,1.609147,0.481904,-14.760951,0,12.54399999999994,12.566000000000034,13.145000000000033,1,1,-1,-1,-1,33.90848670756647,23.494019500686694,54.737421121326015,1,-0.2082945528853628,-0.1043405886836328,-0.10395396420173
2017-08-28,sh.600188,12.7800,13.05,12.69,12.99,24572914,316363648.0000,3,0.830203,1,1.882351,13.688669,1.572742,0.403916,327.996298,0,12.58199999999994,12.604000000000033,13.081500000000034,1,1,-1,-1,-1,62.43279569892471,37.45922190908286,112.3799432786084,1,-0.17369933620053857,-0.11821233818701396,-0.05548699801352461
2017-08-29,sh.600188,12.9200,13.24,12.8,12.89,18306701,237899579.0000,3,0.618497,1,-0.769818,13.583290,1.560634,0.400806,325.471307,0,12.623999999999942,12.643000000000033,13.037500000000033,1,1,-1,-1,-1,80.34946236559135,58.89691492402759,123.25455724871885,1,-0.15259255006626837,-0.12508838056286484,-0.027504169503403536
2017-08-30,sh.600188,12.8600,13.45,12.71,13.31,29733429,392583824.0000,3,1.004552,1,3.258340,14.025880,1.611485,0.413866,336.076268,0,12.835999999999942,12.734000000000034,13.017500000000032,1,1,1,1,-1,83.92402376910015,75.56876061120549,100.63455008488947,1,-0.10081267431928964,-0.1202332393141498,0.019420564994860154
2017-08-31,sh.600188,13.3000,13.53,13.13,13.49,24319316,324310192.0000,3,0.821635,1,1.352362,14.215561,1.633278,0.419463,340.621252,0,13.085999999999942,12.809000000000035,13.002500000000031,1,1,1,1,1,85.12893492596741,83.13414035355305,89.11852407079613,1,-0.04473655885576733,-0.1051339032224733,0.06039734436670598
2017-09-01,sh.600188,13.6800,14.44,13.68,13.95,53219294,747353200.0000,3,1.798028,1,3.409934,14.700303,1.688972,0.433766,352.236209,0,13.325999999999942,12.935000000000034,13.011500000000032,1,1,1,1,1,88.50537170757657,85.85277680088144,93.81056152096684,1,0.03640269467098989,-0.07682658364378067,0.11322927831477056
2017-09-04,sh.600188,14.1100,14.3,13.59,13.85,26765953,370265216.0000,3,0.904295,1,-0.716842,14.594924,1.676865,0.430657,349.711218,0,13.497999999999942,13.040000000000035,13.012000000000032,1,1,1,1,1,83.53713214314824,85.72381292556416,79.16377057831639,-1,0.09158128139798016,-0.043145010635428506,0.13472629203340866
2017-09-05,sh.600188,13.6700,13.93,13.53,13.8,18054499,247820104.0000,3,0.609976,1,-0.361012,14.542235,1.670811,0.429102,348.448723,0,13.679999999999941,13.152000000000035,13.023500000000032,1,1,1,1,1,74.95894909688009,82.3338176492017,60.209211992236874,-1,0.129780102549919,-0.008559987998359005,0.138340090548278
2017-09-06,sh.600188,13.6700,13.91,13.61,13.64,14784525,203022887.0000,3,0.499499,1,-1.159419,14.373629,1.651439,0.424127,344.408738,0,13.745999999999942,13.291000000000036,12.994500000000034,-1,1,1,1,1,69.11673131688123,75.87093751896992,55.60831891270385,-1,0.14546544558861996,0.022245098719036786,0.12322034686958316
2017-09-07,sh.600188,13.5800,13.75,13.32,13.38,15772261,212592694.0000,3,0.532870,1,-1.906160,14.099645,1.619960,0.416043,337.843762,0,13.723999999999942,13.405000000000038,12.975000000000033,-1,-1,1,1,1,57.403266620657924,67.15964901147315,37.89050183902748,-1,0.1353560653985575,0.04486729205494093,0.09048877334361656
2017-09-08,sh.600188,13.5600,13.78,13.4,13.48,17700777,240321437.0000,3,0.598026,1,0.747380,14.205024,1.632068,0.419152,340.368753,0,13.629999999999942,13.478000000000037,13.022000000000034,-1,1,1,1,1,48.42996631787784,58.31665475180572,28.656589450022082,-1,0.13387029954709995,0.06266789355337274,0.07120240599372721
2017-09-11,sh.600188,13.3300,13.98,13.27,13.97,20730490,284131616.0000,3,0.700385,1,3.635020,14.721378,1.691393,0.434388,352.741207,0,13.653999999999943,13.57600000000004,13.090000000000035,1,1,1,1,1,52.25653729699971,52.69659007851188,51.376431733975366,-1,0.17026896961166216,0.08418810876503062,0.08608086084663154
2017-09-12,sh.600188,13.9800,14.3,13.76,13.81,28934321,406522894.0000,3,0.977554,1,-1.145310,14.552773,1.672022,0.429413,348.701222,0,13.655999999999944,13.668000000000038,13.155500000000035,1,1,1,-1,1,56.41647913633085,52.36766091706952,64.5141155748535,1,0.1840825262763559,0.10416699226729567,0.07991553400906024
2017-09-13,sh.600188,13.7400,14.04,13.68,13.82,14147019,196090596.0000,3,0.477961,1,0.072406,14.563310,1.673232,0.429724,348.953721,0,13.691999999999945,13.719000000000037,13.226500000000035,1,1,1,-1,1,57.249771299102804,55.30759591081118,61.13412207568605,1,0.19360502763728427,0.1220545993412934,0.07155042829599087
2017-09-14,sh.600188,13.8200,13.94,13.38,13.48,19776400,267705718.0000,3,0.668151,1,-2.460204,14.205024,1.632068,0.419152,340.368753,0,13.711999999999943,13.718000000000037,13.263500000000036,-1,-1,1,-1,1,39.768431156558336,51.14489386399739,17.01550574168023,-1,0.1717368446278993,0.13199104839861459,0.0397457962292847
2017-09-15,sh.600188,13.4100,13.46,12.78,12.91,22113035,287927221.0000,3,0.747095,1,-4.228485,13.604366,1.563056,0.401428,325.976305,0,13.597999999999942,13.614000000000038,13.274500000000037,-1,-1,-1,-1,1,25.3165093673525,40.77823727433793,-5.606946446618366,-1,0.10717645230285022,0.1270281291794617,-0.01985167687661149
2017-09-18,sh.600188,12.8600,13.1,12.75,12.93,11262881,145436947.0000,3,0.380520,1,0.154922,13.625442,1.565477,0.402050,326.481304,0,13.38999999999994,13.52200000000004,13.281000000000038,-1,-1,-1,-1,1,13.517961439772284,26.20096732122776,-11.848050323138672,-1,0.056969005868090505,0.11301630451718747,-0.056047298649096966
2017-09-19,sh.600188,12.9800,13.09,12.84,12.95,10036562,130055611.0000,3,0.339088,1,0.154675,13.646517,1.567899,0.402672,326.986302,0,13.217999999999941,13.43700000000004,13.294500000000037,-1,-1,-1,-1,-1,11.022920203735081,16.619130336953344,-0.16950006270144513,-1,0.018578909591647985,0.09412882553207957,-0.07554991594043159
2017-09-20,sh.600188,12.9700,13.31,12.87,13.29,13921690,183155077.0000,3,0.470348,1,2.625484,14.004804,1.609064,0.413244,335.571270,0,13.111999999999941,13.40200000000004,13.346500000000038,1,-1,-1,-1,-1,19.784946236559037,14.77527596002219,29.80428678963273,1,0.01541198049082837,0.07838545652382933,-0.06297347603300096
2017-09-21,sh.600188,13.2600,13.26,12.9,12.91,9738354,127448050.0000,3,0.329013,1,-2.859293,13.604366,1.563056,0.401428,325.976305,0,12.997999999999939,13.355000000000041,13.380000000000038,-1,-1,-1,-1,-1,19.354838709677328,16.720901716657206,24.622712695717574,1,-0.01755825718634796,0.05919671378179388,-0.07675497096814184
2017-09-22,sh.600188,12.8100,12.96,12.61,12.82,11940344,152689709.0000,3,0.403408,1,-0.697135,13.509525,1.552159,0.398630,323.703814,0,12.979999999999938,13.28900000000004,13.383500000000037,-1,-1,-1,-1,-1,19.19577527517968,19.44518674047207,18.696952344594898,-1,-0.05036903306235452,0.037283564412964196,-0.08765259747531871
2017-09-25,sh.600188,12.7300,12.86,12.65,12.75,7674520,97810003.0000,3,0.259286,1,-0.546019,13.435760,1.543684,0.396453,321.936320,0,12.943999999999937,13.16700000000004,13.371500000000037,-1,-1,-1,-1,-1,10.846275312776532,16.465629765877903,-0.39243359342621176,-1,-0.08108552090751786,0.013609747348867784,-0.09469526825638565
2017-09-26,sh.600188,12.8000,13.1,12.8,13.08,9336723,121572787.0000,3,0.315444,1,2.588235,13.783509,1.583638,0.406714,330.268790,0,12.969999999999937,13.094000000000042,13.381000000000038,1,-1,-1,-1,-1,19.184863719276667,16.408971435744352,24.7366482863413,1,-0.07790230744253179,-0.0046926636094121316,-0.07320964383311966
2017-09-27,sh.600188,13.1300,13.36,13.04,13.17,9065772,119734316.0000,3,0.306290,1,0.688075,13.878350,1.594535,0.409513,332.541281,0,12.945999999999936,13.029000000000043,13.374000000000038,1,1,-1,-1,-1,37.0036361986826,22.34492507691199,66.32105844222382,1,-0.0673410740162037,-0.017222345690770448,-0.05011872832543326
2017-09-28,sh.600188,13.1300,13.18,12.89,13.03,8345095,108713469.0000,3,0.281941,1,-1.063025,13.730820,1.577585,0.405160,329.006294,0,12.969999999999937,12.98400000000004,13.351000000000036,1,1,-1,-1,-1,52.40689960194599,36.19846650663514,84.82376579256768,1,-0.06946727490422333,-0.027671331533461026,-0.041795943370762305
2017-09-29,sh.600188,13.0000,13.18,12.88,13.04,7473828,97142001.0000,3,0.252505,1,0.076748,13.741358,1.578795,0.405471,329.258793,0,13.013999999999935,12.997000000000039,13.305500000000038,1,1,-1,1,-1,59.738562091503184,49.71636596404398,79.78295434642159,1,-0.06954373115661205,-0.03604581145809123,-0.033497919698520826
2017-10-09,sh.600188,13.2000,13.29,13.03,13.06,10301054,135736586.0000,3,0.348024,1,0.153378,13.762434,1.581217,0.406092,329.763792,0,13.075999999999937,13.010000000000039,13.266000000000037,-1,1,-1,1,-1,57.77777777777775,56.641079823742366,60.051173685848525,1,-0.06721567003062923,-0.042279783172598825,-0.0249358868580304
2017-10-10,sh.600188,12.9700,13.0,12.62,12.79,9130893,116596800.0000,3,0.308490,1,-2.067385,13.477912,1.548527,0.397697,322.946317,0,13.017999999999939,12.994000000000039,13.215500000000038,-1,-1,-1,1,-1,47.11111111111108,54.87581699346407,31.581699346405088,-1,-0.08616416151277306,-0.05105665884063367,-0.03510750267213939
2017-10-11,sh.600188,12.8100,12.93,12.71,12.86,6475336,83073459.0000,3,0.218771,1,0.547300,13.551677,1.557002,0.399874,324.713810,0,12.955999999999937,12.95100000000004,13.176500000000038,-1,-1,-1,1,-1,39.111111111111086,48.000000000000036,21.333333333333186,-1,-0.09444387237185659,-0.059734101546878256,-0.03470977082497833
2017-10-12,sh.600188,12.8600,12.87,12.24,12.55,16543843,206368278.0000,3,0.558938,1,-2.410571,13.225003,1.519469,0.390234,316.886339,0,12.859999999999937,12.91500000000004,13.135000000000039,-1,-1,-1,-1,-1,28.337301587301535,38.18650793650797,8.638888888888658,-1,-0.12458388660764186,-0.07270405855903098,-0.05187982804861088
2017-10-13,sh.600188,12.5400,12.65,12.43,12.58,8606877,108063290.0000,3,0.290786,1,0.239042,13.256617,1.523102,0.391167,317.643836,0,12.767999999999937,12.891000000000043,13.09000000000004,-1,-1,-1,-1,-1,30.45634920634917,32.63492063492067,26.09920634920617,-1,-0.1443849360902938,-0.08704023406528354,-0.057344702025010255
2017-10-16,sh.600188,12.6800,12.69,12.45,12.6,9691778,121737555.0000,3,0.327439,1,0.158986,13.277693,1.525523,0.391789,318.148834,0,12.675999999999936,12.876000000000042,13.02150000000004,-1,-1,-1,-1,-1,30.059523809523757,29.61772486772489,30.943121693121498,1,-0.1566577248748171,-0.10096373222719025,-0.05569399264762685
2017-10-17,sh.600188,12.4300,12.55,12.42,12.48,5140288,64216951.0000,3,0.173666,1,-0.952388,13.151238,1.510994,0.388058,315.118845,0,12.613999999999937,12.816000000000042,12.955000000000041,-1,-1,-1,-1,-1,28.452380952380896,29.656084656084673,26.044973544973345,-1,-0.17406053403790622,-0.11558309258933344,-0.05847744144857278
2017-10-18,sh.600188,12.5000,12.55,12.22,12.25,6332053,78354280.0000,3,0.213930,1,-1.842945,12.908868,1.483147,0.380906,309.311367,0,12.491999999999937,12.724000000000043,12.876500000000041,-1,-1,-1,-1,-1,19.267912772585593,25.926605844830146,5.95052662809649,-1,-0.20405919609972578,-0.1332783132914119,-0.07078088280831388
2017-10-19,sh.600188,12.0600,12.23,11.93,11.95,7696972,92735948.0000,3,0.260044,1,-2.448981,12.592732,1.446825,0.371578,301.736394,0,12.371999999999938,12.616000000000042,12.800000000000043,-1,-1,-1,-1,-1,9.043823136731254,18.921372287232646,-10.711275164271534,-1,-0.2491685843692455,-0.1564563675069786,-0.09271221686226688
2017-10-20,sh.600188,11.9000,12.19,11.9,12.16,5779925,69904789.0000,3,0.195276,1,1.757322,12.814027,1.472251,0.378108,307.038875,0,12.287999999999936,12.528000000000043,12.762500000000042,-1,-1,-1,-1,-1,9.303563396471494,12.538433101929511,2.8338239855554583,-1,-0.2649190329066844,-0.17814890058691976,-0.08677013231976463
2017-10-23,sh.600188,12.1700,12.28,12.08,12.23,7010263,85347022.0000,3,0.236844,1,0.575655,12.887792,1.480726,0.380284,308.806368,0,12.213999999999936,12.445000000000043,12.727500000000042,1,-1,-1,-1,-1,19.048595607704623,12.46532738030252,32.21513206250883,1,-0.2686560620125782,-0.19625033287205146,-0.07240572914052673
2017-10-24,sh.600188,12.1700,12.31,12.09,12.21,3900014,47598902.0000,3,0.131763,1,-0.163528,12.866716,1.478305,0.379662,308.301370,0,12.159999999999936,12.387000000000043,12.690500000000043,1,-1,-1,-1,-1,29.211320491472602,19.187826498549637,49.25830847731853,1,-0.27011776787032815,-0.2110238198717068,-0.05909394799862136
2017-10-25,sh.600188,12.2300,12.36,12.19,12.31,4311235,53066341.0000,3,0.145656,1,0.819004,12.972095,1.490412,0.382772,310.826361,0,12.171999999999937,12.332000000000043,12.641500000000043,1,-1,-1,-1,-1,38.63211067175648,28.964008923644627,57.96831416798018,1,-0.26020750587431607,-0.22086055707222865,-0.03934694880208742
2017-10-26,sh.600188,12.4000,12.5,12.32,12.4,7582357,94147305.0000,3,0.256172,1,0.731106,13.066936,1.501308,0.385570,313.098853,0,12.261999999999937,12.317000000000045,12.616000000000044,1,1,-1,-1,-1,49.049545434773165,38.96432553266747,69.21998523898455,1,-0.24229824071078276,-0.22514809379993947,-0.017150146910843295
2017-10-27,sh.600188,12.4500,12.52,12.27,12.32,7107590,87969569.0000,3,0.240132,1,-0.645161,12.982633,1.491623,0.383083,311.078860,0,12.293999999999937,12.291000000000045,12.591000000000044,1,1,-1,1,-1,59.935086011035345,49.205580705855056,81.39409662139593,1,-0.23188729802470043,-0.22649593464489165,-0.005391363379808778
2017-10-30,sh.600188,12.3500,12.38,11.89,11.95,8021137,96155943.0000,3,0.270996,1,-3.003246,12.592732,1.446825,0.371578,301.736394,0,12.237999999999937,12.226000000000045,12.551000000000043,-1,-1,-1,1,-1,45.66581098226656,51.55014747602508,33.897137994749514,-1,-0.25060365577179056,-0.23131747887027143,-0.019286176901519125
2017-10-31,sh.600188,11.9700,12.12,11.81,11.95,8496656,101465304.0000,3,0.287062,1,0.000000,10.068426,1.347595,0.375254,12.715914,0,12.185999999999936,12.173000000000046,12.494500000000041,-1,-1,-1,1,-1,31.141534521816023,45.58081050503937,2.2629825553693195,-1,-0.262411586704447,-0.23753630043710655,-0.024875286267340424
2017-11-01,sh.600188,11.9900,12.07,11.93,11.97,8227195,98671583.0000,3,0.277958,1,0.167368,10.085277,1.349850,0.375882,12.737196,0,12.117999999999935,12.145000000000046,12.434500000000043,-1,-1,-1,-1,-1,17.11481007255639,31.307385192213058,-11.270340166756945,-1,-0.2670769276151681,-0.24344442587271886,-0.02363250174244924
2017-11-02,sh.600188,12.0600,12.3,12.06,12.25,11079166,135238026.0000,3,0.374313,1,2.339179,10.321190,1.381426,0.384675,13.035142,0,12.087999999999935,12.175000000000045,12.395500000000043,1,1,-1,-1,-1,34.741784037558595,27.666042877310403,48.89326635805497,1,-0.2453523151934789,-0.24382600373687086,-0.0015263114566080316
2017-11-03,sh.600188,12.2500,12.28,11.83,11.96,8698975,104320156.0000,3,0.293897,1,-2.367347,10.076851,1.348723,0.375568,12.726555,0,12.015999999999936,12.155000000000047,12.341500000000043,-1,-1,-1,-1,-1,35.211267605633786,29.02262057191632,47.58856167306871,1,-0.24866947280960972,-0.24479469755141864,-0.0038747752581910766
2017-11-06,sh.600188,11.9600,12.2,11.7,12.19,8494619,101636558.0000,3,0.286993,1,1.923073,10.270637,1.374660,0.382791,12.971296,0,12.063999999999936,12.151000000000046,12.298000000000043,1,1,-1,-1,-1,47.618229703423765,39.190427115538775,64.47383487919375,1,-0.2300869669782628,-0.24185315143678748,0.011766184458524676
2017-11-07,sh.600188,12.2000,12.58,12.07,12.5,18393133,227933894.0000,3,0.621417,1,2.543072,10.531826,1.409618,0.392525,13.301165,0,12.173999999999936,12.180000000000046,12.283500000000043,1,1,1,-1,-1,57.2639830111489,46.697826773402205,78.3962954866423,1,-0.18817660523600388,-0.23111784219663076,0.04294123696062688
2017-11-08,sh.600188,12.4500,12.67,12.42,12.61,14127244,177631484.0000,3,0.477293,1,0.879997,10.624506,1.422023,0.395980,13.418215,0,12.301999999999936,12.210000000000047,12.271000000000043,1,1,1,1,1,81.49320715325234,62.12513995594173,120.22934154787357,1,-0.14442146022157232,-0.21377856580161908,0.06935710558004676
2017-11-09,sh.600188,12.7000,12.97,12.55,12.66,14963457,191436132.0000,3,0.505544,1,0.396512,10.666634,1.427661,0.397550,13.471420,0,12.383999999999935,12.236000000000045,12.276500000000043,1,1,1,1,1,86.77135835996125,75.17618284145422,109.96170939697532,1,-0.10450593110517659,-0.1919240388623306,0.087418107757154
2017-11-10,sh.600188,12.6300,12.63,12.35,12.46,9605268,119592553.0000,3,0.324517,1,-1.579777,10.498124,1.405107,0.391269,13.258601,0,12.483999999999934,12.250000000000046,12.270500000000043,-1,1,1,1,1,76.41583461861076,81.56013337727484,66.12723710128262,-1,-0.08799654583044969,-0.1711385402559544,0.08314199442550471
2017-11-13,sh.600188,12.4700,12.78,12.47,12.74,13456067,170056519.0000,3,0.454617,1,2.247189,10.734037,1.436683,0.400062,13.556547,0,12.593999999999935,12.329000000000045,12.277500000000042,1,1,1,1,1,72.44094488188972,78.54271262015396,60.237409405361234,-1,-0.05172285029235191,-0.14725540226323391,0.09553255197088201
2017-11-14,sh.600188,12.7600,13.21,12.68,13.0,25214037,327363262.0000,3,0.851863,1,2.040818,10.953099,1.466003,0.408226,13.833212,0,12.693999999999935,12.434000000000044,12.303500000000044,1,1,1,1,1,75.94166623211828,74.93281524420631,77.95936820794222,1,-0.001973113328972431,-0.11819894447638161,0.11622583114740918
2017-11-15,sh.600188,12.8900,13.25,12.81,13.02,20137565,263598569.0000,3,0.680353,1,0.153850,10.969950,1.468258,0.408854,13.854494,0,12.775999999999936,12.539000000000044,12.342000000000045,1,1,1,1,1,84.38125644463202,77.58795585288006,97.96785762813593,1,0.038622528033549486,-0.08683464997439538,0.12545717800794487
2017-11-16,sh.600188,12.9600,13.12,12.84,12.85,10454669,135670504.0000,3,0.353214,1,-1.305684,10.826717,1.449087,0.403516,13.673598,0,12.813999999999936,12.599000000000043,12.387000000000045,1,1,1,1,1,81.81585131382177,80.71292466352408,84.02170461441713,1,0.05642683362488654,-0.05818235325453899,0.11460918687942553
2017-11-17,sh.600188,12.8000,13.08,12.45,12.5,13449120,169605613.0000,3,0.454382,1,-2.723738,10.531826,1.409618,0.392525,13.301165,0,12.821999999999935,12.653000000000043,12.404000000000044,-1,-1,1,1,1,65.26517222525965,77.15409332790453,41.487330019969875,-1,0.041812807138043695,-0.03818332117602245,0.07999612831406615
2017-11-20,sh.600188,12.5100,13.34,12.42,13.32,22290230,289297931.0000,3,0.753082,1,6.559998,11.222714,1.502089,0.418275,14.173722,0,12.937999999999935,12.766000000000043,12.458500000000045,1,1,1,1,1,69.53800811099877,72.20634388336013,64.20133656627607,-1,0.0952996774729904,-0.011486721446219879,0.10678639891921027
2017-11-21,sh.600188,13.2900,13.45,13.16,13.38,24788567,329123651.0000,3,0.837489,1,0.450454,11.273267,1.508855,0.420159,14.237567,0,13.013999999999934,12.854000000000042,12.517000000000044,1,1,1,1,1,76.01894652742111,70.27404228789324,87.50875500647683,1,0.14090563369013687,0.01899174958105147,0.1219138841090854
2017-11-22,sh.600188,13.4500,13.59,13.08,13.44,17096718,227550604.0000,3,0.577617,1,0.448427,11.323820,1.515621,0.422043,14.301413,0,13.097999999999933,12.937000000000044,12.573500000000044,1,1,1,1,1,93.17312914087108,79.57669459309706,120.36599823641913,1,0.17981735854755776,0.051156871374352736,0.12866048717320502
2017-11-23,sh.600188,13.4900,13.94,13.28,13.31,29319636,400462162.0000,3,0.990572,1,-0.967256,11.214289,1.500961,0.417961,14.163081,0,13.189999999999932,13.002000000000043,12.619000000000044,1,1,1,1,1,80.03074034058754,83.07427200295997,73.94367701584267,-1,0.1978841816290391,0.08050233342529,0.11738184820374908
2017-11-24,sh.600188,13.2100,13.6,12.83,13.48,17534673,231411128.0000,3,0.592414,1,1.277229,11.357522,1.520132,0.423299,14.343976,0,13.385999999999934,13.104000000000042,12.677000000000044,1,1,1,1,1,72.06423316355402,81.75603421500428,52.680631060653496,-1,0.22334526317004055,0.10907091937424011,0.11427434379580044
2017-11-27,sh.600188,13.5600,13.85,12.97,13.0,20459240,273975614.0000,3,0.691221,1,-3.560828,10.953099,1.466003,0.408226,13.833212,0,13.321999999999935,13.130000000000042,12.729500000000044,-1,-1,1,1,1,55.48245614035087,69.19247654816421,28.062415324724185,-1,0.2024575605235892,0.12774824760410994,0.07470931291947927
2017-11-28,sh.600188,13.0700,13.87,12.86,13.81,24347923,327376813.0000,3,0.822601,1,6.230772,11.635562,1.557346,0.433662,14.695127,0,13.407999999999934,13.211000000000041,12.822500000000044,1,1,1,1,1,66.44736842105262,64.66468590831924,70.01273344651938,1,0.24840072727610085,0.1518787435385081,0.09652198373759274
2017-11-29,sh.600188,13.7000,14.23,13.66,14.09,39553385,553399055.0000,3,1.336322,1,2.027514,11.871475,1.588922,0.442455,14.993073,0,13.537999999999935,13.31800000000004,12.928500000000046,1,1,1,1,1,73.95681884268679,65.2955478013635,91.27936092533335,1,0.30390149066024996,0.18228329296285647,0.12161819769739349
2017-11-30,sh.600188,14.0900,14.35,13.8,13.94,23819410,334062468.0000,3,0.804745,1,-1.064589,11.745093,1.572006,0.437744,14.833459,0,13.663999999999934,13.42700000000004,13.013000000000044,1,1,1,1,1,87.48967949171869,75.96462225181943,110.53979397151721,1,0.3319559179195082,0.21221781795418682,0.11973809996532137
2017-12-01,sh.600188,13.9600,13.99,13.54,13.89,25874194,354327689.0000,3,0.874167,1,-0.358675,11.702965,1.566368,0.436174,14.780255,0,13.745999999999933,13.566000000000042,13.109500000000045,1,1,1,1,1,80.25283738645554,80.56644524028708,79.62562167879244,-1,0.34616430488423156,0.23900711534019575,0.1071571895440358
2017-12-04,sh.600188,13.9700,14.19,13.67,13.74,25534316,356278472.0000,3,0.862684,1,-1.079918,11.576584,1.549452,0.431464,14.620641,0,13.89399999999993,13.608000000000043,13.187000000000046,-1,1,1,1,1,69.45391328061083,79.0654767195951,50.23078640264231,-1,0.34138552766417973,0.25948279780499256,0.08190272985918717
2017-12-05,sh.600188,13.6700,13.67,13.15,13.29,20996088,282152335.0000,3,0.709359,1,-3.275108,11.197438,1.498706,0.417333,14.141799,0,13.78999999999993,13.599000000000043,13.226500000000048,-1,-1,1,1,1,53.28947368421049,67.66540811709237,24.537604818446738,-1,0.297853602176513,0.2671569586792967,0.030696643497216347
2017-12-06,sh.600188,13.1200,13.36,12.84,13.29,19843676,259687213.0000,3,0.670424,1,0.000000,11.197438,1.498706,0.417333,14.141799,0,13.629999999999928,13.584000000000042,13.260500000000047,-1,-1,1,1,1,40.131578947368354,54.291655304063305,11.811426233978452,-1,0.2603530497041078,0.2657961768842589,-0.005443127180151108
2017-12-07,sh.600188,13.1000,13.35,12.59,12.62,15677464,204231971.0000,3,0.529667,1,-5.041385,10.632932,1.423150,0.396294,13.428856,0,13.365999999999929,13.515000000000043,13.258500000000046,-1,-1,-1,-1,1,20.743620414672957,38.05489101541735,-13.878920786815826,-1,0.17455799520630855,0.24754854054866882,-0.07299054534236027
2017-12-08,sh.600188,12.6300,13.2,12.38,13.13,23449308,299374341.0000,3,0.792241,1,4.041206,11.062630,1.480663,0.412309,13.971544,0,13.213999999999928,13.480000000000043,13.292000000000048,-1,-1,-1,-1,-1,23.34625644637661,28.073818602806053,13.891132133517722,-1,0.14603414344642118,0.22724566112821928,-0.0812115176817981
2017-12-11,sh.600188,13.1300,13.37,12.86,13.35,19853658,258737967.0000,3,0.670761,1,1.675554,11.247991,1.505472,0.419217,14.205644,0,13.135999999999928,13.515000000000043,13.322500000000048,1,-1,1,-1,-1,29.671396708198685,24.587091189749497,39.84000774509706,1,0.1395720471280324,0.2097109383281819,-0.07013889120014952
2017-12-12,sh.600188,13.1800,13.36,13.02,13.04,15272931,201625705.0000,3,0.516000,1,-2.322100,10.986801,1.470514,0.409482,13.875775,0,13.085999999999927,13.438000000000041,13.324500000000048,-1,-1,-1,-1,-1,40.27072758037219,31.096126911649236,58.6199289178181,1,0.10818924178310496,0.1894065990191665,-0.08121735723606155
2017-12-13,sh.600188,12.9300,13.56,12.89,13.55,15518653,206613760.0000,3,0.524302,1,3.911045,11.416500,1.528026,0.425498,14.418463,0,13.137999999999929,13.384000000000043,13.351000000000047,1,1,1,-1,-1,49.12733357638981,39.6898192883203,68.00236215252882,1,0.12305240862929523,0.17613576094119227,-0.053083352311897036
2017-12-14,sh.600188,13.4800,13.59,13.33,13.49,11446366,154178159.0000,3,0.386719,1,-0.442808,11.365947,1.521260,0.423613,14.354617,0,13.31199999999993,13.339000000000045,13.383000000000047,1,1,1,-1,-1,53.15646296659838,47.51817470778686,64.43303948422142,1,0.12850870848167517,0.16661035044928885,-0.038101641967613675
2017-12-15,sh.600188,13.4800,13.48,13.0,13.34,14300201,188503687.0000,3,0.483136,1,-1.111932,11.239565,1.504345,0.418903,14.195003,0,13.353999999999928,13.284000000000043,13.425000000000045,-1,1,-1,1,-1,66.79515182663066,56.35964945653969,87.66615656681257,1,0.11935328861124184,0.15715893808167944,-0.0378056494704376
2017-12-18,sh.600188,13.4600,14.2,13.27,14.17,33142640,458274593.0000,3,1.119733,1,6.221889,11.938878,1.597943,0.444967,15.078201,0,13.517999999999926,13.327000000000044,13.467500000000047,1,1,1,1,1,78.0320732845466,65.99456269259196,102.1070944684559,1,0.17703091362886347,0.16113333319111625,0.015897580437747222
2017-12-19,sh.600188,14.1200,14.57,14.0,14.34,43475084,621093172.0000,3,1.468818,1,1.199718,12.082111,1.617114,0.450305,15.259097,0,13.777999999999926,13.432000000000045,13.515500000000046,1,1,1,1,1,87.42265663259609,77.41662724792452,107.4347154019392,1,0.23376374333066252,0.1756594152190255,0.058104328111637016
2017-12-20,sh.600188,14.2000,14.27,13.92,14.04,24673723,348247505.0000,3,0.833608,1,-2.092052,11.829347,1.583283,0.440885,14.939869,0,13.875999999999925,13.507000000000044,13.545500000000047,1,1,1,1,1,87.88281733487209,84.44584908400499,94.7567538366063,1,0.2516169433154829,0.19085092083831698,0.06076602247716592
2017-12-21,sh.600188,13.9500,14.35,13.85,14.29,18957994,268139548.0000,3,0.640501,1,1.780627,12.039984,1.611475,0.448735,15.205892,0,14.035999999999925,13.674000000000044,13.594500000000048,1,1,1,1,1,82.97417821570662,86.09321739439167,76.7360998583365,-1,0.28268008355070684,0.20921675338079496,0.07346333016991188
2017-12-22,sh.600188,14.2200,14.45,14.14,14.21,16989676,242695487.0000,3,0.574001,1,-0.559832,11.972580,1.602454,0.446223,15.120765,0,14.209999999999923,13.782000000000044,13.631000000000046,1,1,1,1,1,79.3320821078571,83.39635921947867,71.20352788461398,-1,0.2974141098483809,0.22685622467431216,0.07055788517406875
2017-12-25,sh.600188,14.1600,14.64,13.91,14.04,31009617,444736681.0000,3,1.047668,1,-1.196341,11.829347,1.583283,0.440885,14.939869,0,14.183999999999923,13.851000000000045,13.683000000000046,-1,1,1,1,1,75.97048175995538,79.42558069450644,69.06028389085327,-1,0.29200727449928365,0.23988643463930645,0.0521208398599772
2017-12-26,sh.600188,14.1300,14.49,13.7,14.48,28431931,400457603.0000,3,0.960581,1,3.133900,12.200068,1.632902,0.454701,15.408070,0,14.211999999999923,13.995000000000044,13.716500000000048,1,1,1,1,1,78.17653890824619,77.82636759201962,78.87688154069932,1,0.31954314680982776,0.2558177770734107,0.06372536973641707
2017-12-27,sh.600188,14.4900,15.15,14.4,14.96,45274922,673249228.0000,3,1.529626,1,3.314920,12.604490,1.687031,0.469774,15.918834,0,14.395999999999924,14.136000000000044,13.760000000000048,1,1,1,1,1,82.3736596169948,78.8402267617322,89.44052532751999,1,0.3757659168900567,0.2798074050367399,0.09595851185331677
2017-12-28,sh.600188,14.8500,15.3,14.65,14.85,53784294,802882470.0000,3,1.817117,1,-0.735292,12.511810,1.674626,0.466320,15.801784,0,14.507999999999925,14.272000000000045,13.805500000000048,1,1,1,1,1,86.41306848398989,82.32108900307703,94.5970274458156,1,0.40675793428180285,0.3051975108857525,0.10156042339605037
2017-12-29,sh.600188,14.7900,14.79,14.43,14.52,22644311,330152851.0000,3,0.765044,1,-2.222222,12.233769,1.637412,0.455957,15.450633,0,14.569999999999926,14.390000000000047,13.83700000000005,-1,1,1,1,1,73.41510100431508,80.73394303510001,58.77741694274519,-1,0.4000792250100158,0.32417385371060514,0.07590537129941066
2018-01-02,sh.600188,14.5800,15.97,14.47,15.97,46679765,711956083.0000,3,1.577089,1,9.986224,13.455461,1.800928,0.501490,16.993569,0,14.955999999999927,14.570000000000046,13.948500000000049,1,1,1,1,1,76.36083743842362,78.72966897557627,71.62317436411828,-1,0.5059568262926906,0.36053044822702224,0.14542637806566833
2018-01-03,sh.600188,15.9500,16.35,15.73,16.3,46066841,736726383.0000,3,1.556381,1,2.066368,13.733502,1.838142,0.511853,17.344719,0,15.319999999999926,14.766000000000048,14.09900000000005,1,1,1,1,1,83.12106918238992,77.63233587504295,94.09853579708383,1,0.6094682594766354,0.4103180104769449,0.19915024899969053
2018-01-04,sh.600188,16.2000,16.2,15.79,16.16,46851290,749039255.0000,3,1.582884,1,-0.858892,13.615545,1.822354,0.507457,17.195746,0,15.559999999999926,14.978000000000048,14.24250000000005,1,1,1,1,1,96.98113207547168,85.4876795654285,119.96803709555803,1,0.6724533622905327,0.4627450808396624,0.20970828145087023
2018-01-05,sh.600188,15.9400,16.23,15.75,15.86,45272477,721411193.0000,3,1.529543,1,-1.856437,13.362781,1.788524,0.498036,16.876518,0,15.761999999999926,15.135000000000048,14.40450000000005,1,1,1,1,1,90.81761006289304,90.30660377358497,91.83962264150918,1,0.6902057549533822,0.5082372156624064,0.18196853929097578
2018-01-08,sh.600188,15.9000,17.45,15.9,17.39,80047615,1347507417.0000,3,2.704431,1,9.646909,14.651877,1.961061,0.546081,18.504581,0,16.335999999999927,15.45300000000005,14.61750000000005,1,1,1,1,1,90.91320754716979,92.90398322851159,86.93165618448617,-1,0.8183000141057182,0.5702497753510688,0.24805023875464938
2018-01-09,sh.600188,17.0500,17.13,16.6,17.07,56103472,946247082.0000,3,1.895471,1,-1.840136,14.382262,1.924975,0.536033,18.164071,0,16.555999999999926,15.756000000000048,14.803500000000048,1,1,1,1,1,89.15013918960717,90.29365226655675,86.86311303570804,-1,0.883806342340673,0.6329610887489896,0.2508452535916834
2018-01-10,sh.600188,16.8000,17.41,16.65,17.09,47660150,811751574.0000,3,1.610211,1,0.117167,14.399113,1.927230,0.536661,18.185353,0,16.713999999999928,16.01700000000005,15.006000000000046,1,1,1,1,1,91.34015126841098,90.46783266839606,93.08478846844082,1,0.9266525386234363,0.691699378723879,0.23495315989955734
2018-01-11,sh.600188,16.8800,16.91,16.16,16.36,45150145,743112688.0000,3,1.525410,1,-4.271501,13.784054,1.844908,0.513737,17.408565,0,16.753999999999927,16.15700000000005,15.146500000000046,-1,1,1,1,1,79.84257952448161,86.7776233275,65.97249191844483,-1,0.8914277347011161,0.7316450499193264,0.1597826847817897
2018-01-12,sh.600188,16.0600,16.89,16.01,16.48,37138657,611294755.0000,3,1.254740,1,0.733490,13.885160,1.858441,0.517505,17.536256,0,16.87799999999993,16.32000000000005,15.296000000000046,-1,1,1,1,1,73.14547313213922,81.44273464167735,56.55095011306295,-1,0.863243882799571,0.7579648164953754,0.10527906630419559
2018-01-15,sh.600188,16.3100,16.31,15.19,15.36,50490927,789514275.0000,3,1.705850,1,-6.796116,12.941508,1.732139,0.482335,16.344472,0,16.47199999999993,16.404000000000046,15.397000000000048,-1,-1,-1,1,1,46.29302436384915,66.42702567349006,6.0250217445673115,-1,0.7419802508789921,0.7547679033720988,-0.01278765249310665
2018-01-16,sh.600188,15.4300,15.75,15.3,15.57,39242258,609865529.0000,3,1.325810,1,1.367188,13.118443,1.755820,0.488930,16.567931,0,16.17199999999993,16.364000000000047,15.467000000000047,-1,-1,1,-1,1,30.59531587179032,50.01127112259297,-8.236594629814988,-1,0.6552696532104036,0.7348682533397597,-0.07959860012935605
2018-01-17,sh.600188,15.5700,16.16,15.22,15.87,41725840,655567241.0000,3,1.409719,1,1.926783,13.371207,1.789651,0.498350,16.887159,0,15.92799999999993,16.321000000000048,15.543500000000048,-1,-1,1,-1,1,18.141592920353986,31.67664438533123,-8.928510009600501,-1,0.60379816326253,0.7086542353243137,-0.10485607206178371
2018-01-18,sh.600188,15.7100,16.3,15.6,16.18,32422554,521497178.0000,3,1.095405,1,1.953374,13.632396,1.824610,0.508085,17.217028,0,15.891999999999928,16.323000000000047,15.650500000000047,1,-1,1,-1,1,30.235988200589976,26.324298997578172,38.05936660661359,1,0.5813199513288669,0.6831873785252244,-0.10186742719635744
2018-01-19,sh.600188,16.1200,17.02,16.01,16.58,40662278,673063852.0000,3,1.373786,1,2.472186,13.969414,1.869718,0.520646,17.642665,0,15.911999999999926,16.395000000000046,15.765000000000047,1,1,1,-1,1,45.502139307449006,31.293240142797732,73.91993763675157,1,0.5889929197417665,0.6643484867685328,-0.07535556702676627
2018-01-22,sh.600188,16.7000,17.35,16.4,16.77,36259684,612462862.0000,3,1.225043,1,1.145962,14.129498,1.891144,0.526612,17.844843,0,16.193999999999924,16.333000000000048,15.893000000000047,1,1,1,-1,1,59.19636450609898,44.97816400471273,87.63276550887149,1,0.6034490298117952,0.6521685953771852,-0.04871956556539003
2018-01-23,sh.600188,16.5900,16.78,16.18,16.63,33085961,543309456.0000,3,1.117818,1,-0.834832,14.011542,1.875356,0.522216,17.695870,0,16.405999999999928,16.289000000000048,16.022500000000043,1,1,1,1,1,66.81681681681675,57.17177354345498,86.1069033635403,1,0.5967300387861858,0.6410808840589853,-0.04435084527279953
2018-01-24,sh.600188,16.6300,16.66,16.07,16.48,27447741,448880093.0000,3,0.927329,1,-0.901982,13.885160,1.858441,0.517505,17.536256,0,16.527999999999928,16.228000000000044,16.122500000000045,-1,1,1,1,1,65.85335335335331,63.95551155875643,69.64903694254707,1,0.5726997177400683,0.6274046507952019,-0.054704933055133576
2018-01-25,sh.600188,16.6800,17.83,16.68,17.23,51179302,885390631.0000,3,1.729107,1,4.550971,14.517069,1.943018,0.541057,18.334326,0,16.73799999999993,16.315000000000047,16.236000000000047,1,1,1,1,1,67.88720538720537,66.85245851912522,69.95669912336567,1,0.6071751104504859,0.6233587427262587,-0.016183632275772797
2018-01-26,sh.600188,17.1000,17.5,16.84,17.26,31969711,546436901.0000,3,1.080105,1,0.174119,14.542346,1.946401,0.541999,18.366249,0,16.87399999999993,16.393000000000047,16.356500000000047,1,1,1,1,1,71.7186230117265,68.48639391742847,78.18308120032259,1,0.6296595336800106,0.6246189009170091,0.005040632763001485
2018-01-29,sh.600188,17.6800,18.9,17.68,18.3,72775142,1343182630.0000,3,2.458728,1,6.025487,15.418594,2.063681,0.574657,19.472906,0,17.17999999999993,16.687000000000047,16.545500000000047,1,1,1,1,1,79.7097663289568,73.10519824262963,92.91890250161117,1,0.7230628905273022,0.6443076988390677,0.07875519168823453
2018-01-30,sh.600188,18.0900,18.68,17.61,18.19,58987074,1070502374.0000,3,1.992894,1,-0.601086,15.325914,2.051276,0.571203,19.355855,0,17.49199999999993,16.949000000000048,16.656500000000044,1,1,1,1,1,80.1138067329972,77.18073202456024,85.97995614987113,1,0.7792271969970912,0.6712915984706724,0.10793559852641876
2018-01-31,sh.600188,17.9100,18.19,17.35,18.0,41427275,739346763.0000,3,1.399632,1,-1.044533,15.165830,2.029850,0.565237,19.153678,0,17.79599999999993,17.162000000000045,16.741500000000045,1,1,1,1,1,77.01287738221697,78.9454834813904,73.14766518387012,-1,0.7991937938381284,0.6968720375441636,0.10232175629396478
2018-02-01,sh.600188,18.0100,18.83,17.5,18.0,41253056,752748477.0000,3,1.393746,1,0.000000,15.165830,2.029850,0.565237,19.153678,0,17.94999999999993,17.344000000000044,16.833500000000043,1,1,1,1,1,71.8469532771317,76.3245457974487,62.89176823649768,-1,0.8057295173593033,0.7186435335071916,0.08708598385211175
2018-02-02,sh.600188,17.6800,19.58,17.55,19.25,66265278,1235164041.0000,3,2.238791,1,6.944445,16.219013,2.170812,0.604489,20.483794,0,18.347999999999928,17.611000000000047,17.003000000000043,1,1,1,1,1,75.88476731494573,74.91486599143155,77.82456996197408,1,0.901383095418808,0.7551914458895148,0.1461916495292932
2018-02-05,sh.600188,18.8600,20.64,18.7,19.67,70196834,1383312573.0000,3,2.371619,1,2.181818,16.572882,2.218175,0.617678,20.930713,0,18.62199999999993,17.901000000000046,17.117000000000044,1,1,1,1,1,79.19026250826055,75.64066103344608,86.28946545788946,1,0.9995574589079474,0.8040646484932014,0.1954928104147461
2018-02-06,sh.600188,18.8500,19.56,18.09,18.59,52415463,993223577.0000,3,1.770871,1,-5.490594,15.662932,2.096384,0.583764,19.781493,0,18.70199999999993,18.097000000000044,17.193000000000044,-1,1,1,1,1,72.53507696614919,75.8700355964519,65.86515970554379,-1,0.9789298809133093,0.8390376949772229,0.13989218593608643
2018-02-07,sh.600188,19.2200,20.0,17.4,17.46,64442932,1203252470.0000,3,2.177222,1,-6.078542,14.710855,1.968955,0.548279,18.579067,0,18.59399999999993,18.195000000000046,17.211500000000044,-1,-1,1,1,1,47.774243257947056,66.49986091078567,10.323007952269819,-1,0.861470326861518,0.8435242213540819,0.01794610550743614
2018-02-08,sh.600188,17.0600,17.37,15.75,16.39,56005535,932552632.0000,3,1.892162,1,-6.128292,13.809331,1.848291,0.514679,17.440488,0,18.27199999999993,18.111000000000047,17.213000000000044,-1,-1,-1,1,1,25.878682422111552,48.72933421540267,-19.82262116447069,-1,0.6742701597057099,0.8096734090244075,-0.13540324931869763
2018-02-09,sh.600188,15.8000,15.95,14.75,15.15,61980666,941813220.0000,3,2.094034,1,-7.565588,12.764574,1.708457,0.475741,16.121012,0,17.451999999999934,17.90000000000005,17.14650000000004,-1,-1,-1,-1,1,12.064965170363743,28.572630283474194,-20.950365055857155,-1,0.42100199273513894,0.7319391257665538,-0.3109371330314149
2018-02-12,sh.600188,15.1500,15.56,14.8,15.38,41424263,631764753.0000,3,1.399530,1,1.518155,12.958359,1.734394,0.482963,16.365754,0,16.59399999999993,17.608000000000047,17.14750000000004,-1,-1,-1,-1,-1,10.191733704602564,16.04512709902603,-1.5150530842443644,-1,0.236122352029021,0.6327757710190473,-0.39665341899002626
2018-02-13,sh.600188,15.5600,15.92,15.37,15.5,39702709,621448678.0000,3,1.341367,1,0.780233,13.059465,1.747927,0.486731,16.493445,0,15.975999999999932,17.33900000000005,17.14400000000004,-1,-1,-1,-1,-1,10.073571024335033,10.77675663310052,8.66719980680406,-1,0.09815542723614712,0.5258517022624672,-0.4276962750263201
2018-02-14,sh.600188,15.4500,16.4,15.03,16.25,40937155,641737892.0000,3,1.383073,1,4.838709,13.691374,1.832504,0.510283,17.291515,0,15.733999999999929,17.164000000000048,17.16300000000004,1,-1,-1,-1,-1,16.29881154499151,12.188038757976443,24.52035711902164,1,0.048772162202002534,0.4304357942503743,-0.3816636320483718
2018-02-22,sh.600188,16.4100,16.8,16.3,16.7,42487667,703113430.0000,3,1.435457,1,2.769236,14.070520,1.883250,0.524414,17.770357,0,15.79599999999993,17.034000000000045,17.18900000000004,1,-1,-1,-1,-1,23.769100169779275,16.713827579702013,37.879645349933796,1,0.04542319771995551,0.35343327494429055,-0.30801007722433504
2018-02-23,sh.600188,16.6600,17.44,16.46,17.13,35164712,593270626.0000,3,1.188049,1,2.574841,14.432815,1.931741,0.537917,18.227917,0,16.19199999999993,16.822000000000045,17.21650000000004,1,1,-1,-1,-1,34.635729107715505,24.901213607495503,54.10476010815551,1,0.07658371617168669,0.2980633631897698,-0.2214796470180831
2018-02-26,sh.600188,17.2000,17.4,16.61,17.16,38711983,657638052.0000,3,1.307895,1,0.175135,14.458091,1.935124,0.538859,18.259839,0,16.54799999999993,16.571000000000048,17.23600000000004,1,1,-1,-1,-1,41.44835206295307,33.28439378014935,57.776268628560516,1,0.10251764127009011,0.25895421880583386,-0.15643657753574375
2018-02-27,sh.600188,17.0000,17.13,15.72,15.94,52181612,846989140.0000,3,1.762970,1,-7.109559,13.430185,1.797545,0.500548,16.961646,0,16.63599999999993,16.306000000000047,17.201500000000042,-1,-1,-1,1,-1,45.158671151236184,40.41425077396832,54.64751190577192,1,0.02434601402502068,0.21203257784967122,-0.18768656382465054
2018-02-28,sh.600188,15.7400,16.0,15.2,15.74,38733915,603412556.0000,3,1.308636,1,-1.254704,13.261676,1.774991,0.494268,16.748827,0,16.533999999999928,16.134000000000047,17.16450000000004,-1,-1,-1,1,-1,42.31521803269013,42.97408041562653,40.997493266817344,-1,-0.053131426284082295,0.1589997770229205,-0.2121312033070028
2018-03-01,sh.600188,15.4000,15.92,15.32,15.59,36290456,567096952.0000,3,1.226083,1,-0.952984,13.135294,1.758076,0.489558,16.589213,0,16.31199999999993,16.054000000000045,17.08250000000004,-1,-1,-1,1,-1,36.98837820585029,41.487422463258945,27.99028969103297,-1,-0.1251934501583456,0.10216113158666729,-0.22735458174501288
2018-03-02,sh.600188,15.3500,15.42,15.01,15.07,31019775,470706687.0000,3,1.048012,1,-3.335474,12.697170,1.699436,0.473229,16.035885,0,15.899999999999931,16.046000000000042,16.973000000000038,-1,-1,-1,-1,-1,23.06545073480223,34.12301565778096,0.9503208888447716,-1,-0.2217070762688529,0.037387490015563254,-0.25909456628441613
2018-03-05,sh.600188,15.1500,15.3,14.19,14.49,41782763,615992240.0000,3,1.411642,1,-3.848706,12.208493,1.634029,0.455015,15.418711,0,15.365999999999932,15.957000000000045,16.782500000000038,-1,-1,-1,-1,-1,13.874715819160263,24.642848253271,-7.661549049061215,-1,-0.3410643950019434,-0.03830288698793809,-0.3027615080140053
2018-03-06,sh.600188,14.6500,15.48,14.32,15.46,54924405,815335902.0000,3,1.855636,1,6.694273,13.025763,1.743416,0.485475,16.450881,0,15.26999999999993,15.953000000000046,16.646000000000036,1,-1,-1,-1,-1,16.925609370053834,17.95525864133885,14.866310827483801,-1,-0.35331227269878696,-0.10130476413010786,-0.2520075085686791
2018-03-07,sh.600188,15.3000,15.4,14.64,14.73,38793616,581920990.0000,3,1.310653,1,-4.721866,12.410704,1.661094,0.462552,15.674093,0,15.06799999999993,15.801000000000045,16.482500000000037,-1,-1,-1,-1,-1,21.641025641025664,17.480450276746662,29.962176369583666,1,-0.417115455820829,-0.16446690246825207,-0.2526485533525769
2018-03-08,sh.600188,14.7700,14.98,14.53,14.88,30067649,443378320.0000,3,1.015844,1,1.018334,12.537086,1.678009,0.467262,15.833707,0,14.925999999999927,15.619000000000046,16.32650000000004,-1,-1,-1,-1,-1,25.72921159837051,21.43194886981674,34.323737055478055,1,-0.4503844402518222,-0.2216504100249661,-0.22873403022685612
2018-03-09,sh.600188,14.8400,14.95,14.57,14.7,32586072,478963127.0000,3,1.100929,1,-1.209679,12.385428,1.657711,0.461610,15.642170,0,14.851999999999927,15.376000000000044,16.09900000000004,-1,-1,-1,-1,-1,18.485883497899547,21.952040245765314,11.553570002168009,-1,-0.4856762720396155,-0.27445558242789597,-0.21122068961171953
2018-03-12,sh.600188,14.7500,15.09,14.57,14.98,46188489,687084963.0000,3,1.560491,1,1.904760,12.621341,1.689286,0.470402,15.940116,0,14.949999999999926,15.158000000000044,15.864500000000039,1,-1,-1,-1,-1,27.496224906031017,23.903773334100432,34.68112804989219,1,-0.48545561293273387,-0.31665558852886355,-0.16880002440387032
2018-03-13,sh.600188,14.8100,15.14,14.72,14.75,30710598,456470631.0000,3,1.037566,1,-1.535378,12.427555,1.663349,0.463180,15.695375,0,14.807999999999925,15.039000000000044,15.672500000000039,-1,-1,-1,-1,-1,31.121096603940362,25.701068335957046,41.961153139907,1,-0.49809805251642914,-0.35294408132637667,-0.14515397119005247
2018-03-14,sh.600188,14.6500,15.08,14.41,14.94,37127213,549480320.0000,3,1.254353,1,1.288133,12.587639,1.684776,0.469146,15.897553,0,14.849999999999923,14.959000000000042,15.54650000000004,1,-1,-1,-1,-1,44.71862864001059,34.44531671666073,65.26525248671032,1,-0.4871700715348055,-0.37978927936806245,-0.10738079216674307
2018-03-15,sh.600188,14.7800,14.94,14.65,14.82,25328308,374356558.0000,3,0.855724,1,-0.803212,12.486533,1.671243,0.465378,15.769861,0,14.837999999999923,14.882000000000042,15.46800000000004,-1,-1,-1,-1,-1,46.448895460859454,40.76287356827021,57.82093924603794,1,-0.4826291169590622,-0.4003572468862624,-0.08227187007279979
2018-03-16,sh.600188,14.8200,14.82,14.16,14.18,34244460,496594965.0000,3,1.156958,1,-4.318485,11.947304,1.599071,0.445281,15.088842,0,14.733999999999924,14.793000000000044,15.419500000000042,-1,-1,-1,-1,-1,36.163965233732675,42.44382977820098,23.60423614479606,-1,-0.524625473152323,-0.4252108921394745,-0.0994145810128485
2018-03-19,sh.600188,14.0200,14.03,13.41,13.51,43342137,589055725.0000,3,1.464326,1,-4.724965,11.382798,1.523515,0.424241,14.375899,0,14.439999999999923,14.695000000000041,15.326000000000041,-1,-1,-1,-1,-1,18.459162148539274,33.690674281043876,-12.003862116469932,-1,-0.6049972568005781,-0.4611681650716952,-0.14382909172888292
2018-03-20,sh.600188,13.3000,13.7,13.25,13.67,25910801,351564107.0000,3,0.875403,1,1.184307,11.517605,1.541558,0.429266,14.546154,0,14.223999999999924,14.516000000000039,15.234500000000043,-1,-1,-1,-1,-1,9.58749978850481,21.40354239025899,-14.044585415003553,-1,-0.6483085145671517,-0.49859623497078653,-0.14971227959636513
2018-03-21,sh.600188,13.8200,13.85,13.42,13.57,25274861,345654841.0000,3,0.853918,1,-0.731532,11.433351,1.530281,0.426126,14.439745,0,13.949999999999926,14.40000000000004,15.100500000000043,-1,-1,-1,-1,-1,14.726188260526627,14.257616732523642,15.663331316532595,1,-0.6828309129362111,-0.5354431705638715,-0.14738774237233965
2018-03-22,sh.600188,13.6100,13.8,13.53,13.69,21945023,299852958.0000,3,0.741419,1,0.884303,11.534456,1.543814,0.429894,14.567436,0,13.723999999999927,14.28100000000004,14.950000000000042,-1,-1,-1,-1,-1,20.81128747795415,15.041658508995267,32.350545415871906,1,-0.6925241776078526,-0.5668593719726677,-0.1256648056351849
2018-03-23,sh.600188,12.8800,13.15,12.32,12.44,45789782,580068543.0000,3,1.547020,1,-9.130753,10.481274,1.402852,0.390641,13.237320,0,13.375999999999928,14.05500000000004,14.715500000000043,-1,-1,-1,-1,-1,14.82231978685879,16.786598508446595,10.893762343683179,-1,-0.7919417020359738,-0.6118758379853289,-0.18006586405064495
2018-03-26,sh.600188,12.5100,12.76,12.35,12.73,29335563,370027003.0000,3,0.991110,1,2.331189,9.235488,1.368584,0.413482,16.892092,0,13.219999999999928,13.830000000000041,14.494000000000042,-1,-1,-1,-1,-1,14.130271631042516,16.587959631951893,9.214895629223761,-1,-0.8376740450832365,-0.6570354794049104,-0.18063856567832615
2018-03-27,sh.600188,12.9900,13.07,12.84,13.01,29793548,385574983.0000,3,1.006583,1,2.199534,9.438626,1.398687,0.422577,17.263638,0,13.087999999999928,13.65600000000004,14.347500000000043,-1,-1,-1,-1,-1,15.148756491766571,14.7004493032227,16.045370868854317,1,-0.8416219030822791,-0.6939527641403841,-0.14766913894189504
2018-03-28,sh.600188,12.8400,13.12,12.73,12.79,24418631,314517474.0000,3,0.824990,1,-1.691009,9.279018,1.375035,0.415431,16.971709,0,12.931999999999928,13.44100000000004,14.200000000000042,-1,-1,-1,-1,-1,19.996983442121177,16.425337188310163,27.140275949743206,1,-0.8526736789723302,-0.7256969471067733,-0.1269767318655568
2018-03-29,sh.600188,12.8600,13.65,12.64,13.47,41082412,540646889.0000,3,1.387981,1,5.316656,9.772351,1.448141,0.437518,17.874036,0,12.887999999999929,13.30600000000004,14.094000000000046,1,1,-1,-1,-1,37.462446616966524,24.20272885028483,63.9818821503299,1,-0.7973703845389242,-0.7400316345932035,-0.057338749945720635
2018-03-30,sh.600188,13.4100,13.84,13.33,13.77,34530170,468067382.0000,3,1.166611,1,2.227173,9.989998,1.480393,0.447262,18.272121,0,13.153999999999929,13.26500000000004,14.029000000000044,1,1,-1,-1,-1,60.27423460612317,39.244554888403705,102.33359404156211,1,-0.7210231266832494,-0.7362299330112128,0.01520680632796334
2018-04-02,sh.600188,13.7800,14.27,13.6,13.61,36060617,501347283.0000,3,1.218318,1,-1.161952,9.873920,1.463192,0.442065,18.059809,0,13.329999999999927,13.27500000000004,13.985000000000046,1,1,-1,1,-1,76.05884999073857,57.931843737942835,112.31286249633003,1,-0.6657536440136091,-0.7221346752116921,0.05638103119808291
2018-04-03,sh.600188,13.3400,13.44,13.05,13.35,23117667,306131510.0000,3,0.781037,1,-1.910355,9.685292,1.435240,0.433620,17.714802,0,13.397999999999929,13.243000000000041,13.879500000000046,-1,1,-1,1,-1,71.24853360147478,69.19387273277891,75.3578553388665,1,-0.6356051474033357,-0.7048287696500208,0.0692236222466851
2018-04-04,sh.600188,13.3600,13.6,13.1,13.12,18579991,248394859.0000,3,0.627730,1,-1.722850,9.518429,1.410513,0.426150,17.409603,0,13.463999999999928,13.198000000000041,13.799000000000046,-1,-1,-1,1,-1,53.33333333333332,66.8802389751823,26.239522049635383,-1,-0.6230887452453917,-0.688480764769095,0.06539201952370333
2018-04-09,sh.600188,13.0100,13.26,12.82,12.91,24616152,320160700.0000,3,0.831663,1,-1.600610,9.366077,1.387936,0.419329,17.130943,0,13.351999999999927,13.120000000000042,13.700500000000048,-1,-1,-1,1,-1,41.00427350427351,55.195380146360606,12.622060220099328,-1,-0.6229338575689916,-0.6753713833290743,0.05243752576008276
2018-04-10,sh.600188,13.0000,13.75,12.93,13.72,38288840,511982130.0000,3,1.293599,1,6.274209,9.953724,1.475018,0.445638,18.205774,0,13.341999999999928,13.248000000000042,13.65150000000005,1,1,1,1,-1,45.483325467988074,46.60697743519837,43.236021533567495,-1,-0.5510981608701702,-0.6505167388372934,0.09941857796712328
2018-04-11,sh.600188,13.8000,14.06,13.47,13.54,32940533,451480118.0000,3,1.112905,1,-1.311955,9.823135,1.455666,0.439792,17.966923,0,13.327999999999928,13.329000000000041,13.57950000000005,1,1,-1,-1,-1,50.21301976823452,45.56687291349877,59.50531347770601,1,-0.50289528555491,-0.6209924481808168,0.11809716262590675
2018-04-12,sh.600188,13.5000,13.69,13.4,13.55,23224434,313985161.0000,3,0.784644,1,0.073857,9.830390,1.456741,0.440116,17.980192,0,13.36799999999993,13.383000000000042,13.51950000000005,1,1,1,-1,-1,59.100204498977526,51.598849911733446,74.1029136734657,1,-0.45860077884859685,-0.5885141143143728,0.129913335465776
2018-04-13,sh.600188,13.5700,13.95,13.57,13.77,27674336,381567443.0000,3,0.934985,1,1.623618,9.989998,1.480393,0.447262,18.272121,0,13.49799999999993,13.481000000000043,13.46100000000005,1,1,1,1,1,58.85339538819548,56.055539885135914,64.44910639431461,1,-0.4011210282513602,-0.5510354971017704,0.14991446885041015
2018-04-16,sh.600188,13.7400,13.74,12.79,12.89,38078246,498184239.0000,3,1.286484,1,-6.390705,9.351567,1.385786,0.418679,17.104404,0,13.493999999999932,13.423000000000041,13.36450000000005,-1,-1,-1,1,1,42.70073966498766,53.55144651738696,20.99932596018907,-1,-0.42171528600849406,-0.5251714548831151,0.10345616887462106
2018-04-17,sh.600188,12.9300,13.25,12.8,12.93,24247358,316515761.0000,3,0.819204,1,0.310318,9.380586,1.390086,0.419978,17.157482,0,13.335999999999933,13.339000000000041,13.30200000000005,-1,-1,-1,-1,1,27.765873394437122,43.106669482540156,-2.9157187817689447,-1,-0.4298536328437592,-0.506107890475244,0.07625425763148475
2018-04-18,sh.600188,13.2900,13.53,13.12,13.22,29908538,397437350.0000,3,1.010468,1,2.242846,9.590978,1.421264,0.429398,17.542298,0,13.271999999999935,13.300000000000043,13.287500000000051,-1,-1,-1,-1,-1,17.21288217351218,29.226498410979058,-6.814350301421577,-1,-0.40819731047430885,-0.48652577447505696,0.07832846400074811
2018-04-19,sh.600188,13.2100,14.05,13.2,13.94,44254817,609546192.0000,3,1.495161,1,5.446289,10.113331,1.498670,0.452784,18.497703,0,13.349999999999934,13.359000000000043,13.301000000000053,1,1,1,-1,1,45.14435695538061,30.041037507776707,75.35099585058842,1,-0.3291423877008146,-0.45504909712020847,0.12590670941939386
2018-04-20,sh.600188,13.8300,14.27,13.79,13.88,37487966,525366415.0000,3,1.266541,1,-0.430412,10.069802,1.492219,0.450835,18.418086,0,13.371999999999934,13.435000000000041,13.316500000000053,1,1,1,-1,1,66.01936582251548,42.79220165046949,112.47369416660747,1,-0.26824018452840903,-0.4176873146018486,0.14944713007343957
2018-04-23,sh.600188,14.0600,14.45,13.9,14.3,31386474,446181900.0000,3,1.060401,1,3.025937,10.374508,1.537373,0.464477,18.975406,0,13.653999999999934,13.574000000000044,13.347000000000055,1,1,1,1,1,85.05456172423258,65.40609483404296,124.35149550461182,1,-0.18396364147847954,-0.3709425799771748,0.18697893849869524
2018-04-24,sh.600188,14.4600,15.05,14.46,14.65,59451852,880295390.0000,3,2.008597,1,2.447548,10.628429,1.575001,0.475845,19.439839,0,13.997999999999934,13.667000000000044,13.457500000000053,1,1,1,1,1,82.30446300869595,77.79279685181474,91.32779532245834,1,-0.0879183312088383,-0.31433773022350747,0.22641939901466918
2018-04-25,sh.600188,14.3800,14.44,13.97,14.2,32508576,461865211.0000,3,1.098311,1,-3.071671,10.301959,1.526622,0.461229,18.842711,0,14.193999999999935,13.733000000000043,13.531000000000052,1,1,1,1,1,78.5513736361375,81.97013278968875,71.713855329035,-1,-0.04756467408921772,-0.2609831189966495,0.21341844490743178
2018-04-26,sh.600188,14.2000,14.42,13.85,14.05,30006648,424147591.0000,3,1.013783,1,-1.056335,10.193135,1.510496,0.456357,18.643668,0,14.215999999999934,13.783000000000044,13.583000000000052,-1,1,1,1,1,66.8141592920354,75.88999864562304,48.662480584860106,-1,-0.02737232535915446,-0.21426096026915048,0.18688863490999602
2018-04-27,sh.600188,14.1800,14.44,14.03,14.43,26408441,377126044.0000,3,0.892216,1,2.704627,10.468821,1.551349,0.468700,19.147909,0,14.325999999999933,13.849000000000043,13.665000000000052,1,1,1,1,1,63.528679121599474,69.63140401659088,51.32322933161666,-1,0.01907321652746674,-0.16759412490982703,0.18666734143729377
2018-05-02,sh.600188,13.8000,13.89,13.3,13.46,40180221,543239206.0000,3,1.357500,1,-6.722108,9.153439,1.412697,0.459940,5.888945,0,14.157999999999936,13.906000000000043,13.66450000000005,-1,-1,-1,1,1,48.60441238156863,59.649083598401255,26.51506994790337,-1,-0.02213410212577749,-0.13850212035301712,0.11636801822723963
2018-05-03,sh.600188,13.5200,13.67,13.33,13.6,24883582,336039358.0000,3,0.840699,1,1.040121,9.248645,1.427391,0.464724,5.950197,0,13.947999999999936,13.973000000000042,13.656000000000052,-1,-1,-1,-1,1,37.22754879231565,49.78688009849467,12.108886179957622,-1,-0.042998706744407755,-0.11940143763129525,0.0764027308868875
2018-05-04,sh.600188,13.6000,13.65,13.38,13.45,19451698,262332764.0000,3,0.657181,1,-1.102945,9.146638,1.411648,0.459599,5.884570,0,13.797999999999936,13.996000000000041,13.64800000000005,-1,-1,-1,-1,1,15.936543501310346,33.92283489173163,-20.036039279532226,-1,-0.07082141740863968,-0.10968543358676414,0.03886401617812446
2018-05-07,sh.600188,13.5200,14.5,13.47,14.33,49662086,698262068.0000,3,1.677847,1,6.542752,9.745080,1.504009,0.489669,6.269583,0,13.853999999999937,14.035000000000043,13.697000000000049,1,1,1,-1,1,29.683397683397647,27.615829992341304,33.81853306551034,1,-0.021613325565418506,-0.09207101198249501,0.0704576864170765
2018-05-08,sh.600188,14.4200,14.54,14.16,14.38,24809856,355204010.0000,3,0.838208,1,0.348920,9.779082,1.509256,0.491378,6.291459,0,13.843999999999937,14.085000000000042,13.760000000000048,1,1,1,-1,1,43.04761904761901,29.555853410775757,70.03115032130552,1,0.021174932437851623,-0.06942182309842568,0.0905967555362773
2018-05-09,sh.600188,14.3900,14.7,14.29,14.46,27634951,400800232.0000,3,0.933654,1,0.556328,9.833486,1.517653,0.494111,6.326460,0,14.043999999999937,14.101000000000042,13.837500000000045,1,1,1,-1,1,67.80952380952384,46.846846846846915,109.73487773487767,1,0.060838953010922125,-0.04336966787655612,0.10420862088747825
2018-05-10,sh.600188,14.6800,15.05,14.61,14.87,43634331,649326662.0000,3,1.474198,1,2.835407,10.112305,1.560684,0.508121,6.505841,0,14.297999999999936,14.123000000000042,13.895000000000044,1,1,1,1,1,78.09523809523812,62.98412698412707,108.31746031746019,1,0.1239279839099261,-0.009910137519259676,0.13383812142918577
2018-05-11,sh.600188,14.8700,15.49,14.65,15.33,50432935,761187865.0000,3,1.703890,1,3.093477,10.425127,1.608964,0.523840,6.707097,0,14.673999999999936,14.236000000000042,13.984500000000043,1,1,1,1,1,88.42183083278974,78.10886424585065,109.0477640066679,1,0.20863958380048686,0.03379980674468963,0.17483977705579723
2018-05-14,sh.600188,15.3300,15.63,15.0,15.18,39274825,600242164.0000,3,1.326911,1,-0.978471,10.323120,1.593220,0.518714,6.641470,0,14.843999999999937,14.349000000000041,14.066000000000042,1,1,1,1,1,87.69834830673206,84.73847241158671,93.61810009702276,1,0.2606655998537697,0.07917296536650564,0.18149263448726405
2018-05-15,sh.600188,15.2400,15.3,14.57,15.07,32697759,486559144.0000,3,1.104703,1,-0.724642,10.248315,1.581675,0.514956,6.593344,0,14.981999999999937,14.41300000000004,14.131000000000043,1,1,1,1,1,83.01097770631802,86.37705228194666,76.27882855506073,-1,0.2896812466208267,0.12127462161736986,0.16840662500345688
2018-05-16,sh.600188,14.8800,15.21,14.69,14.81,36800178,547924264.0000,3,1.243304,1,-1.725277,10.071503,1.554387,0.506071,6.479590,0,15.051999999999936,14.54800000000004,14.227000000000043,-1,1,1,1,1,73.29814158252299,81.33582253185774,57.222779683853474,-1,0.2883723516762622,0.15469416762914834,0.13367818404711385
2018-05-17,sh.600188,14.8100,15.06,14.76,15.0,27250840,406603202.0000,3,0.920677,1,1.282914,10.200712,1.574329,0.512564,6.562718,0,15.077999999999935,14.68800000000004,14.330500000000043,-1,1,1,1,1,70.01368760064412,75.44093562982845,59.159191542275465,-1,0.2992172647347804,0.18359878705027474,0.11561847768450564
2018-05-18,sh.600188,14.9700,15.6,14.91,15.59,49625030,762800001.0000,3,1.676595,1,3.933334,10.601940,1.636252,0.532724,6.820851,0,15.129999999999935,14.90200000000004,14.44900000000004,1,1,1,1,1,77.22260015117156,73.51147644477963,84.64484756395544,1,0.3513696351967557,0.21715295667957094,0.13421667851718475
2018-05-21,sh.600188,15.2900,15.4,15.08,15.38,43057890,656690282.0000,3,1.454723,1,-1.347018,10.459130,1.614212,0.525548,6.728973,0,15.169999999999936,15.007000000000039,14.52100000000004,1,1,1,1,1,83.15184282668291,76.79604352616627,95.86344142771617,1,0.3714734053855189,0.24801704642076053,0.12345635896475834
2018-05-22,sh.600188,15.3300,15.51,14.95,15.18,37519700,571328338.0000,3,1.267613,1,-1.300389,10.323120,1.593220,0.518714,6.641470,0,15.191999999999936,15.08700000000004,14.586000000000041,-1,1,1,1,1,78.72312165267869,79.6991882101778,76.77098853768047,-1,0.3670364913694719,0.2718209354105028,0.09521555595896913
2018-05-23,sh.600188,14.6500,14.65,13.66,13.67,96044636,1346935528.0000,3,3.244894,1,-9.947301,9.296249,1.434738,0.467116,5.980823,0,14.963999999999936,15.008000000000038,14.554500000000042,-1,-1,-1,-1,1,46.46602253553608,69.44699567163264,0.5040762633429665,-1,0.2389216841902968,0.2652410851664616,-0.02631940097616481
2018-05-24,sh.600188,13.5800,13.78,13.33,13.7,43325686,589762802.0000,3,1.463770,1,0.219457,9.316650,1.437887,0.468141,5.993949,0,14.703999999999937,14.891000000000037,14.507000000000042,-1,-1,-1,-1,1,24.71391351541925,49.96768590121142,-25.793631256165085,-1,0.13821724341812036,0.23983631681679335,-0.10161907339867299
2018-05-25,sh.600188,13.7200,13.74,13.35,13.4,25170315,340136205.0000,3,0.850386,1,-2.189782,9.112636,1.406400,0.457890,5.862694,0,14.265999999999938,14.698000000000036,14.467000000000041,-1,-1,-1,-1,-1,6.559423725155242,25.91311992537027,-32.14796867527481,-1,0.033811003571905474,0.19863125416781577,-0.1648202505959103
2018-05-28,sh.600188,13.4700,13.71,13.44,13.53,21607414,293442772.0000,3,0.730012,1,0.970150,9.201042,1.420044,0.462332,5.919571,0,13.895999999999935,14.533000000000035,14.44100000000004,-1,-1,-1,-1,-1,9.327076549830805,13.533471263468515,0.9142871225553826,-1,-0.03800369720301511,0.1513042638936496,-0.1893079610966647
2018-05-29,sh.600188,13.7100,13.95,13.71,13.79,31263026,432332982.0000,3,1.056230,1,1.921657,9.377854,1.447333,0.471217,6.033325,0,13.617999999999935,14.405000000000035,14.40900000000004,1,-1,-1,-1,-1,10.719530102790008,8.868676792592103,14.421236723185817,1,-0.07309494485056689,0.1064244221448063,-0.1795193669953732
2018-05-30,sh.600188,13.4100,13.58,13.08,13.22,25885406,345670545.0000,3,0.874546,1,-4.133428,8.990227,1.387508,0.451739,5.783942,0,13.527999999999935,14.246000000000034,14.397000000000043,-1,-1,-1,-1,-1,11.543481807798983,10.530029486806683,13.570386449783584,1,-0.14522518223995284,0.056094501267854466,-0.20131968350780732
2018-05-31,sh.600188,13.4600,13.69,13.28,13.53,22979053,310552857.0000,3,0.776354,1,2.344928,9.201042,1.420044,0.462332,5.919571,0,13.493999999999934,14.099000000000036,14.39350000000004,1,-1,-1,-1,-1,14.779463751563599,12.34749188738428,19.64340747992224,1,-0.1753531439297582,0.009804972228331925,-0.18515811615809014
2018-06-01,sh.600188,13.6800,14.17,13.68,13.89,45587721,639010924.0000,3,1.540194,1,2.660758,9.445859,1.457828,0.474634,6.077076,0,13.591999999999933,13.929000000000036,14.41550000000004,1,-1,-1,-1,-1,19.135802469135815,15.152916009499549,27.10157538840835,1,-0.16824139717470743,-0.02580430165227595,-0.14243709552243147
2018-06-04,sh.600188,14.1400,14.61,14.09,14.25,34839787,499607926.0000,3,1.177072,1,2.591790,9.690676,1.495612,0.486935,6.234582,0,13.735999999999933,13.816000000000036,14.411500000000041,1,1,-1,-1,-1,42.12471494849414,25.346660389731266,75.68082406601988,1,-0.13203428621648072,-0.0470502985651169,-0.08498398765136382
2018-06-05,sh.600188,14.3600,14.43,13.99,14.35,29897828,425942621.0000,3,1.010106,1,0.701757,9.758681,1.506108,0.490352,6.278333,0,13.847999999999933,13.733000000000036,14.410000000000043,1,1,-1,1,-1,63.620720758225445,41.62707939195188,107.60800349077257,1,-0.09418501938349344,-0.05647724272879221,-0.03770777665470123
2018-06-06,sh.600188,14.2300,14.53,14.22,14.51,25126083,361598125.0000,3,0.848892,1,1.114982,9.867488,1.522900,0.495820,6.348335,0,14.105999999999934,13.817000000000036,14.412500000000042,1,1,1,1,-1,83.66429374297489,63.13657648323158,124.7197282624615,1,-0.0506941690797742,-0.05532062799898861,0.004626458919214413
2018-06-07,sh.600188,14.6700,14.98,14.57,14.64,30641365,451881325.0000,3,1.035227,1,0.895935,9.955895,1.536545,0.500262,6.405212,0,14.327999999999935,13.911000000000035,14.401000000000042,1,1,1,1,-1,86.1919504643963,77.82565498853229,102.9245414161243,1,-0.005672059365124937,-0.04539091427221588,0.03971885490709094
2018-06-08,sh.600188,14.5700,14.69,14.13,14.3,29806186,426789724.0000,3,1.007010,1,-2.322405,9.724678,1.500860,0.488644,6.256457,0,14.409999999999934,14.001000000000037,14.349500000000043,-1,1,-1,1,1,79.92661392042199,83.26095270926447,73.25793634273703,-1,0.002543805047949377,-0.035803970408182825,0.0383477754561322
2018-06-11,sh.600188,13.5500,14.2,13.46,14.01,31311499,435555345.0000,3,1.057868,1,1.374823,9.527465,1.470423,0.478734,6.129578,0,14.361999999999934,14.049000000000035,14.291000000000043,-1,-1,-1,1,1,65.08771929824562,77.06876122768804,41.125635439360764,-1,-0.014182156509304988,-0.031479607628407257,0.017297451119102268
2018-06-12,sh.600188,13.9900,14.55,13.92,14.39,34430106,492739002.0000,3,1.163231,1,2.712349,9.785883,1.510306,0.491719,6.295834,0,14.369999999999937,14.109000000000037,14.257000000000042,1,1,1,1,1,59.48400412796698,68.16611244887828,42.11978748614439,-1,0.0031884679858293907,-0.024545992505559926,0.027734460491389317
2018-06-13,sh.600188,14.4000,14.52,14.15,14.17,25099104,359367349.0000,3,0.847980,1,-1.528841,9.636272,1.487216,0.484202,6.199580,0,14.301999999999936,14.204000000000036,14.225000000000042,-1,-1,-1,1,1,53.65067079463362,59.40746474028216,42.13708290333655,-1,-0.0007882617457415364,-0.01979444635359625,0.019006184607854713
2018-06-14,sh.600188,14.1400,14.55,14.08,14.53,31707841,456589185.0000,3,1.071258,1,2.540576,9.881089,1.525000,0.496503,6.357086,0,14.279999999999935,14.304000000000036,14.201500000000042,1,1,1,-1,1,60.799793601651146,57.978156174750666,66.4430684554521,1,0.024822998569931087,-0.010870957368890781,0.03569395593882187
2018-06-15,sh.600188,14.4700,14.93,14.41,14.72,39941508,588924333.0000,3,1.349435,1,1.307643,10.010298,1.544941,0.502996,6.440213,0,14.363999999999937,14.387000000000038,14.158000000000044,1,1,1,-1,1,66.66666666666661,60.37237702098387,79.25524595803209,1,0.059762612793663905,0.0032557566636201556,0.05650685613004375
2018-06-19,sh.600188,14.4300,14.68,13.5,14.01,38948783,551391989.0000,3,1.315895,1,-4.823370,9.527465,1.470423,0.478734,6.129578,0,14.363999999999937,14.363000000000037,14.089500000000044,-1,-1,-1,1,1,63.15789473684205,63.541451668386685,62.39078087375279,-1,0.029817722367315724,0.008568149804359269,0.021249572562956454
2018-06-20,sh.600188,14.0700,14.2,13.6,14.19,31564240,439635812.0000,3,1.066406,1,1.284792,9.649873,1.489315,0.484885,6.208331,0,14.323999999999936,14.347000000000037,14.040000000000044,-1,-1,1,-1,1,55.70175438596487,61.842105263157926,43.421052631578746,-1,0.0203757971345091,0.010929679270389235,0.009446117864119865
2018-06-21,sh.600188,14.1500,14.77,14.08,14.36,42173186,609947112.0000,3,1.424833,1,1.198027,9.765481,1.507157,0.490694,6.282708,0,14.361999999999934,14.33200000000004,14.074500000000043,-1,1,1,1,1,48.478338703902544,55.7793292755699,33.876357560567826,-1,0.02630732811012315,0.014005209038336018,0.012302119071787134
2018-06-22,sh.600188,14.1000,14.55,13.65,14.48,36182811,510903702.0000,3,1.222446,1,0.835654,9.847087,1.519752,0.494795,6.335210,0,14.351999999999936,14.31600000000004,14.113500000000045,1,1,1,1,1,59.54618689581091,54.575426661892855,69.48770736364703,1,0.04022738995016084,0.01924964522070098,0.02097774472945986
2018-06-25,sh.600188,14.5800,14.67,13.94,14.01,28719508,409352874.0000,3,0.970296,1,-3.245852,9.527465,1.470423,0.478734,6.129578,0,14.209999999999937,14.287000000000038,14.144000000000045,-1,-1,-1,-1,1,55.42552685409826,54.483350817937314,57.309878926420154,1,0.013182112019133996,0.018036138580387585,-0.00485402656125359
2018-06-26,sh.600188,13.6800,13.76,12.9,13.41,36223358,483589513.0000,3,1.223816,1,-4.282658,9.119436,1.407450,0.458232,5.867069,0,14.089999999999938,14.227000000000038,14.138000000000048,-1,-1,-1,-1,-1,43.39174782524535,52.78782052505158,24.59960242563291,-1,-0.056020679659237516,0.003224774932462565,-0.05924545459170008
2018-06-27,sh.600188,13.4500,13.54,13.0,13.09,22856363,302277969.0000,3,0.772208,1,-2.386277,8.901821,1.373864,0.447297,5.727065,0,13.869999999999939,14.097000000000037,14.103000000000046,-1,-1,-1,-1,-1,23.38236476167508,40.7332131470063,-11.31933200898736,-1,-0.13512804431141845,-0.02444578891631364,-0.11068225539510482
2018-06-28,sh.600188,13.1500,13.2,12.75,12.77,21214624,276046091.0000,3,0.716742,1,-2.444612,8.684206,1.340278,0.436362,5.587060,0,13.55199999999994,13.957000000000036,14.080500000000043,-1,-1,-1,-1,-1,11.800063271116706,26.191391952679112,-16.982594092008107,-1,-0.22109389360516296,-0.0637754098540835,-0.15731848375107946
2018-06-29,sh.600188,12.7700,13.07,12.31,13.04,33427592,425018321.0000,3,1.129360,1,2.114326,8.867819,1.368616,0.445589,5.705189,0,13.263999999999935,13.808000000000035,14.056000000000045,-1,-1,-1,-1,-1,13.317277950652652,16.16656866114821,7.618696529661534,-1,-0.26438800466316614,-0.10389792881590004,-0.1604900758472661
2018-07-02,sh.600188,12.8600,12.95,12.17,12.3,33283648,418524035.0000,3,1.124497,1,-5.674845,8.364584,1.290949,0.420302,5.381428,0,12.921999999999937,13.566000000000036,13.976500000000048,-1,-1,-1,-1,-1,11.86407598020932,12.327139067326291,10.937949805975375,-1,-0.35432626256145205,-0.15398359556501046,-0.2003426669964416
2018-07-03,sh.600188,12.3200,12.39,11.75,12.22,31270482,377725845.0000,3,1.056482,1,-0.650406,8.310180,1.282553,0.417568,5.346427,0,12.683999999999937,13.387000000000038,13.875000000000048,-1,-1,-1,-1,-1,16.74590355175074,13.9757524942043,22.286205666843614,1,-0.42713456988846765,-0.2086137904297019,-0.21852077945876575
2018-07-04,sh.600188,12.1100,12.41,12.1,12.15,22387501,274266992.0000,3,0.756368,1,-0.572837,8.262576,1.275206,0.415176,5.315801,0,12.495999999999936,13.183000000000039,13.765000000000047,-1,-1,-1,-1,-1,11.420514681423699,13.343498071127982,7.574547902015134,-1,-0.4848945306730137,-0.26386993847836426,-0.22102459219464943
2018-07-05,sh.600188,12.0900,12.16,11.54,11.58,29826272,352417695.0000,3,1.007689,1,-4.691356,7.874949,1.215382,0.395699,5.066418,0,12.257999999999935,12.905000000000038,13.618500000000045,-1,-1,-1,-1,-1,10.179833105278863,12.782083779484495,4.9753317568676,-1,-0.5700922830748887,-0.32511440739766917,-0.24497787567721951
2018-07-06,sh.600188,11.5600,11.72,10.89,11.33,41696709,471438853.0000,3,1.408735,1,-2.158895,7.704938,1.189143,0.387156,4.957039,0,11.915999999999936,12.590000000000037,13.453000000000046,-1,-1,-1,-1,-1,10.102531953837818,10.567626580180187,9.172342701153081,-1,-0.6502889006766424,-0.3901493060534638,-0.26013959462317854
2018-07-09,sh.600188,11.4000,11.76,11.35,11.71,37464781,432133476.0000,3,1.265758,1,3.353929,7.963356,1.229026,0.400141,5.123295,0,11.797999999999934,12.360000000000037,13.323500000000044,-1,-1,-1,-1,-1,15.850787316980755,12.044384125365873,23.463593700210517,1,-0.6753969184480848,-0.447198828532388,-0.2281980899156968
2018-07-10,sh.600188,11.6700,11.92,11.59,11.82,30569372,359809953.0000,3,1.032795,1,0.939365,8.038161,1.240571,0.403900,5.171421,0,11.717999999999936,12.201000000000036,13.214000000000045,1,-1,-1,-1,-1,28.844715646372336,18.266011639063695,50.00212366098962,1,-0.6785966825886938,-0.4934783993436492,-0.1851182832450446
2018-07-11,sh.600188,11.4500,11.53,11.24,11.37,25614746,291853672.0000,3,0.865401,1,-3.807105,7.732139,1.193341,0.388523,4.974540,0,11.561999999999935,12.029000000000035,13.063000000000045,-1,-1,-1,-1,-1,31.073828370002833,25.256443777785368,42.708597554437766,1,-0.7092677606750541,-0.5366362716099302,-0.17263148906512393
2018-07-12,sh.600188,11.4900,11.85,11.44,11.81,30237699,353698012.0000,3,1.021589,1,3.869838,8.031360,1.239521,0.403558,5.167046,0,11.607999999999937,11.933000000000037,12.945000000000045,1,-1,-1,-1,-1,35.646094352783564,31.854879456386303,43.228524145578085,1,-0.6901152690256218,-0.5673320710930685,-0.12278319793255332
2018-07-13,sh.600188,11.7600,11.79,11.58,11.69,25751889,300327257.0000,3,0.870035,1,-1.016095,7.949755,1.226927,0.399458,5.114545,0,11.679999999999936,11.798000000000036,12.803000000000045,1,-1,-1,-1,-1,39.77004058199293,35.496654434926505,48.31681287612578,1,-0.676817843727342,-0.5892292256199232,-0.0875886181074188
2018-07-16,sh.600188,11.7500,11.96,11.73,11.89,41266627,489589377.0000,3,1.394204,1,1.710871,8.085764,1.247918,0.406292,5.202047,0,11.715999999999935,11.757000000000037,12.661500000000046,1,1,-1,-1,-1,54.360415602112056,43.258850178962916,76.56354644841034,1,-0.6427321932090049,-0.5999298191377396,-0.0428023740712653
2018-07-17,sh.600188,11.8000,11.81,11.32,11.5,40918466,468761206.0000,3,1.382442,1,-3.280070,7.820546,1.206985,0.392965,5.031417,0,11.651999999999935,11.685000000000036,12.536000000000048,-1,-1,-1,-1,-1,55.48418289819032,49.871546360765166,66.70945597304063,1,-0.6398134391765868,-0.6079065431455091,-0.03190689603107777
2018-07-18,sh.600188,11.4600,11.59,11.21,11.25,32619899,372278474.0000,3,1.102072,1,-2.173913,7.650534,1.180746,0.384423,4.922038,0,11.627999999999936,11.595000000000036,12.389000000000047,-1,-1,-1,1,-1,49.155276520095555,52.99995834013271,41.46591288002125,-1,-0.6501783647731081,-0.6163609074710289,-0.03381745730207919
2018-07-19,sh.600188,11.3100,11.44,11.19,11.32,25303665,285696531.0000,3,0.854891,1,0.622220,7.698137,1.188093,0.386815,4.952664,0,11.529999999999935,11.569000000000036,12.237000000000046,-1,-1,-1,-1,-1,32.85315758639769,45.830872334894586,6.897728089403913,-1,-0.6453055473370704,-0.6221498354442372,-0.023155711892833164
2018-07-20,sh.600188,11.2700,11.47,10.83,11.43,37772514,421635733.0000,3,1.276155,1,0.971737,7.772942,1.199638,0.390573,5.000791,0,11.477999999999936,11.579000000000036,12.084500000000046,-1,-1,-1,-1,-1,34.54177394298143,38.850069349824956,25.925183129294382,-1,-0.6253589747323449,-0.6227916633018588,-0.0025673114304861633
2018-07-23,sh.600188,11.2500,11.88,11.19,11.82,51536726,597190869.0000,3,1.741182,1,3.412068,8.038161,1.240571,0.403900,5.171421,0,11.463999999999936,11.590000000000035,11.975000000000048,1,1,-1,-1,-1,52.530360494962245,39.97509734144719,77.64088680199235,1,-0.5714936090194414,-0.6125320524453752,0.04103844342593388
2018-07-24,sh.600188,11.8300,12.45,11.83,12.34,68663189,836493944.0000,3,2.319805,1,4.399327,8.391785,1.295148,0.421669,5.398929,0,11.631999999999938,11.642000000000035,11.921500000000048,1,1,1,-1,-1,77.97261371499323,55.01491605097903,123.88800904302163,1,-0.4812971702526987,-0.5862850760068399,0.10498790575414119
2018-07-25,sh.600188,12.3200,12.5,12.07,12.24,42344924,519094713.0000,3,1.430635,1,-0.810376,8.323781,1.284652,0.418252,5.355178,0,11.829999999999938,11.729000000000035,11.879000000000048,1,1,1,1,-1,88.41721124559577,72.97339515185048,119.30484343308635,1,-0.41312278466334185,-0.5516526177381402,0.13852983307479838
2018-07-26,sh.600188,12.3000,12.46,12.06,12.15,31409726,384871319.0000,3,1.061186,1,-0.735295,8.262576,1.275206,0.415176,5.315801,0,11.995999999999936,11.763000000000035,11.848000000000047,1,1,1,1,1,85.56097681180849,83.98360059079924,88.71572925382699,1,-0.3621813397182514,-0.5137583621341625,0.1515770224159111
2018-07-27,sh.600188,12.2800,12.32,12.02,12.14,26955315,327237637.0000,3,0.910693,1,-0.082299,8.255776,1.274157,0.414835,5.311426,0,12.137999999999938,11.808000000000035,11.803000000000049,1,1,1,1,1,80.63872255489024,84.87230353743156,72.17156058980757,-1,-0.31894024935137644,-0.47479473957760526,0.15585449022622883
2018-07-30,sh.600188,12.0500,12.35,12.04,12.19,27314470,332855693.0000,3,0.922827,1,0.411855,8.289778,1.279404,0.416543,5.333302,0,12.211999999999936,11.838000000000035,11.797500000000047,-1,1,1,1,1,79.64071856287426,81.9468059765244,75.02854373557395,-1,-0.2774386514929841,-0.435323521960681,0.15788487046769695
2018-07-31,sh.600188,12.2500,12.25,11.94,12.1,22873112,276289702.0000,3,0.772774,1,-0.738304,8.228574,1.269958,0.413468,5.293925,0,12.163999999999938,11.898000000000035,11.791500000000047,-1,1,1,1,1,78.64271457085827,79.64071856287434,76.64670658682613,-1,-0.2489409477407616,-0.39804700711669716,0.14910605937593557
2018-08-01,sh.600188,12.1600,12.29,11.37,11.46,36966477,441172895.0000,3,1.248923,1,-5.289259,7.793344,1.202787,0.391599,5.013916,0,12.007999999999937,11.919000000000034,11.757000000000048,-1,-1,-1,1,1,65.0698602794411,74.4510978043913,46.3073852295407,-1,-0.27483088414297185,-0.3734037825219521,0.09857289837898026
2018-08-02,sh.600188,11.4100,11.55,11.1,11.38,36124167,409108267.0000,3,1.220465,1,-0.698080,7.738940,1.194391,0.388865,4.978915,0,11.853999999999939,11.925000000000034,11.747000000000046,-1,-1,-1,-1,1,44.59081836327348,62.767797737857705,8.236859614105015,-1,-0.29836481284392846,-0.35839598858634736,0.060031175742418896
2018-08-03,sh.600188,11.4000,11.82,11.33,11.44,33045807,382526480.0000,3,1.116462,1,0.527236,7.779743,1.200688,0.390915,5.005166,0,11.713999999999938,11.926000000000034,11.752500000000046,-1,-1,-1,-1,-1,27.33675506130599,45.66581123467361,-9.321357285429258,-1,-0.3086165824775122,-0.3484401073645803,0.039823524887068085
2018-08-06,sh.600188,11.5000,11.65,11.3,11.5,22547715,258363081.0000,3,0.761781,1,0.524479,7.820546,1.206985,0.392965,5.031417,0,11.575999999999938,11.894000000000034,11.742000000000045,-1,-1,-1,-1,-1,24.285714285714306,32.07109590343135,8.71495105028022,-1,-0.30834527284596014,-0.34042114046085625,0.032075867614896114
2018-08-07,sh.600188,11.7500,11.88,11.44,11.86,35618652,416453742.0000,3,1.203386,1,3.130432,8.065363,1.244769,0.405267,5.188922,0,11.527999999999938,11.846000000000034,11.744000000000046,1,1,1,-1,-1,36.246498599439754,29.289655982153437,50.16018383401239,1,-0.2759008533586087,-0.3275170830404067,0.05161622968179802
2018-08-08,sh.600188,11.7500,11.79,11.5,11.54,34910536,405873156.0000,3,1.179462,1,-2.698143,7.847747,1.211183,0.394332,5.048917,0,11.543999999999937,11.776000000000034,11.752500000000044,-1,-1,-1,-1,-1,39.884593837534986,33.4722689075631,52.709243697478755,1,-0.27286433263935983,-0.31658653296019734,0.04372220032083751
2018-08-09,sh.600188,11.4200,11.82,11.3,11.79,36887974,429642920.0000,3,1.246270,1,2.166378,8.017759,1.237422,0.402875,5.158296,0,11.625999999999937,11.740000000000032,11.751500000000044,1,1,1,-1,-1,48.760784313725445,41.63062558356682,63.02110177404269,1,-0.24743270720246358,-0.3027557678086506,0.055323060606187024
2018-08-10,sh.600188,11.7300,11.76,11.52,11.7,26333426,306809352.0000,3,0.889682,1,-0.763360,7.956555,1.227976,0.399800,5.118920,0,11.677999999999937,11.696000000000032,11.752000000000043,1,1,-1,-1,-1,46.94005602240893,45.19514472455654,50.42987861811372,1,-0.23186738576668908,-0.2885780914002583,0.056710705633569225
2018-08-13,sh.600188,11.5300,11.75,11.44,11.71,20281169,234640481.0000,3,0.685205,1,0.085472,7.963356,1.229026,0.400141,5.123295,0,11.719999999999938,11.648000000000033,11.743000000000045,-1,1,-1,1,-1,52.29355742296921,49.33146591970128,58.21774042950507,1,-0.21623224919146367,-0.27410892295849937,0.0578766737670357
2018-08-14,sh.600188,11.7100,11.87,11.65,11.79,33330163,392017345.0000,3,1.126069,1,0.683176,8.017759,1.237422,0.402875,5.158296,0,11.705999999999937,11.617000000000033,11.757500000000045,1,1,1,1,-1,63.38073691014864,54.20478345184234,81.73264382676125,1,-0.19513654675570002,-0.2583144477179395,0.06317790096223946
2018-08-15,sh.600188,11.7900,11.8,11.3,11.31,27544283,317276616.0000,3,0.930591,1,-4.071243,7.691337,1.187044,0.386473,4.948289,0,11.659999999999938,11.602000000000032,11.760500000000045,-1,-1,-1,1,-1,47.14872686475116,54.27434039928975,32.897499795673994,-1,-0.21467539474186026,-0.24958663712272364,0.03491124238086338
2018-08-16,sh.600188,11.1500,11.38,11.0,11.26,15472133,173529191.0000,3,0.522730,1,-0.442088,7.657334,1.181796,0.384764,4.926413,0,11.553999999999938,11.590000000000034,11.757500000000045,-1,-1,-1,-1,-1,39.9103769793424,50.146613584747485,19.437903768532237,-1,-0.23152576971971328,-0.24597446364212155,0.014448693922408273
2018-08-17,sh.600188,11.3800,11.45,11.2,11.23,19420199,220233241.0000,3,0.656117,1,-0.266436,7.636933,1.178647,0.383739,4.913288,0,11.45999999999994,11.569000000000035,11.747500000000043,-1,-1,-1,-1,-1,19.1353187042842,35.39814084945934,-13.390325586066083,-1,-0.24448232254031232,-0.2456760354217597,0.001193712881447373
2018-08-20,sh.600188,11.2400,11.43,11.12,11.42,13781177,155363034.0000,3,0.465601,1,1.691901,7.766142,1.198589,0.390232,4.996416,0,11.40199999999994,11.561000000000034,11.727500000000044,1,-1,-1,-1,-1,34.65256008359457,31.232751922407143,41.492176405969424,1,-0.23669064942209062,-0.24387895822182587,0.007188308799735255
2018-08-21,sh.600188,11.4200,11.46,11.24,11.39,20211142,230054900.0000,3,0.682839,1,-0.262695,7.745740,1.195440,0.389207,4.983290,0,11.32199999999994,11.514000000000035,11.680000000000044,1,-1,-1,-1,-1,39.74660397074195,31.17816091954033,56.883490073145204,1,-0.23028189527622267,-0.24115954563270522,0.010877650356482554
2018-08-22,sh.600188,11.4300,11.62,11.35,11.42,19032393,218784880.0000,3,0.643015,1,0.263387,7.766142,1.198589,0.390232,4.996416,0,11.34399999999994,11.502000000000034,11.639000000000042,1,-1,-1,-1,-1,47.12643678160925,40.50853361198201,60.36224312086374,1,-0.22024333410466035,-0.23697630332709624,0.01673296922243589
2018-08-23,sh.600188,11.4000,11.5,11.23,11.34,17010854,192974911.0000,3,0.574716,1,-0.700525,7.711738,1.190192,0.387498,4.961414,0,11.359999999999939,11.457000000000033,11.598500000000042,-1,-1,-1,-1,-1,44.061302681992395,43.644781144781284,44.89434575641461,1,-0.21625023536221377,-0.23283108973411976,0.016580854371905984
2018-08-24,sh.600188,11.2700,11.36,11.14,11.35,14331477,161495172.0000,3,0.484193,1,0.088185,7.718538,1.191242,0.387840,4.965790,0,11.38399999999994,11.422000000000033,11.559000000000042,-1,-1,-1,-1,-1,42.528735632183924,44.57215836526194,38.44189016602789,-1,-0.20985962825218074,-0.22823679743773195,0.018377169185551212
2018-08-27,sh.600188,11.4500,11.59,11.36,11.57,25931770,298084375.0000,3,0.876109,1,1.938320,7.217386,1.207147,0.387228,10.981671,0,11.41399999999994,11.408000000000033,11.528000000000041,1,1,1,1,-1,50.1867816091954,45.59227330779066,59.37579821200487,1,-0.18491132207478067,-0.2195717023651417,0.03466038029036103
2018-08-28,sh.600188,11.5400,11.69,11.49,11.61,25635471,297118538.0000,3,0.866098,1,0.345721,7.242338,1.211320,0.388566,11.019637,0,11.457999999999938,11.390000000000033,11.503500000000042,1,1,1,1,-1,66.62856071964016,53.11469265367325,93.65629685157397,1,-0.1600667936215494,-0.20767072061642325,0.04760392699487384
2018-08-29,sh.600188,11.5200,11.59,11.44,11.46,13139755,151114947.0000,3,0.443929,1,-1.291986,7.148767,1.195670,0.383546,10.877264,0,11.465999999999939,11.405000000000033,11.503500000000042,-1,1,-1,1,-1,73.101639969489,63.30566076610828,92.69359837625045,1,-0.1507433961881457,-0.19628525573076774,0.04554185954262205
2018-08-30,sh.600188,11.4200,11.54,11.21,11.26,14241088,161532901.0000,3,0.481137,1,-1.745199,7.024007,1.174803,0.376852,10.687434,0,11.449999999999939,11.405000000000033,11.497500000000041,-1,-1,-1,1,-1,57.538774472413024,65.75632505384749,41.10367330954409,-1,-0.15767528257293684,-0.18856326109920157,0.030887978526264737
2018-08-31,sh.600188,11.2300,11.33,11.17,11.18,9716518,109118682.0000,3,0.328274,1,-0.710479,6.974103,1.166457,0.374175,10.611502,0,11.415999999999938,11.40000000000003,11.484500000000043,-1,-1,-1,1,-1,30.494417862838983,53.71161076824709,-15.939967947977237,-1,-0.16769114475392222,-0.1843888378301457,0.016697693076223485
2018-09-03,sh.600188,11.1800,11.18,10.91,11.01,16911885,186307279.0000,3,0.571371,1,-1.520573,6.868057,1.148720,0.368485,10.450147,0,11.303999999999938,11.359000000000032,11.460000000000042,-1,-1,-1,-1,-1,14.884881200670643,34.30602451197431,-23.957405421936684,-1,-0.18718857358798147,-0.18494878498171285,-0.002239788606268611
2018-09-04,sh.600188,11.0200,11.14,10.9,11.1,15400340,170195967.0000,3,0.520303,1,0.817440,6.924199,1.158110,0.371498,10.535570,0,11.201999999999938,11.33000000000003,11.422000000000041,-1,-1,-1,-1,-1,15.13656526314746,20.171954775552454,5.065786238337473,-1,-0.1931516466222103,-0.18658935730981235,-0.00656228931239794
2018-09-05,sh.600188,11.1100,11.11,10.84,10.85,16757520,183511418.0000,3,0.566155,1,-2.252252,6.768248,1.132026,0.363131,10.298283,0,11.079999999999938,11.27300000000003,11.387500000000042,-1,-1,-1,-1,-1,13.104479701650172,14.375308721822853,10.562821661304813,-1,-0.21556543151658047,-0.19238457215116597,-0.023180859365414502
2018-09-06,sh.600188,10.8100,10.93,10.66,10.66,16427175,177081683.0000,3,0.554995,1,-1.751157,6.649726,1.112203,0.356772,10.117944,0,10.95999999999994,11.20500000000003,11.331000000000042,-1,-1,-1,-1,-1,8.83097542814591,12.357340130981276,1.7782460224751766,-1,-0.24582619823990193,-0.20307289736891315,-0.042753300870988775
2018-09-07,sh.600188,10.8200,11.09,10.81,10.91,25382276,277507735.0000,3,0.857544,1,2.345216,6.805676,1.138286,0.365139,10.355232,0,10.90599999999994,11.16100000000003,11.291500000000042,1,-1,-1,-1,-1,8.482771749476486,10.139408959757617,5.169497328914225,-1,-0.24679031805743357,-0.21181638150661725,-0.03497393655081632
2018-09-10,sh.600188,10.9100,10.91,10.7,10.7,14598455,157238125.0000,3,0.493211,1,-1.924840,6.674678,1.116376,0.358110,10.155910,0,10.84399999999994,11.07400000000003,11.24100000000004,-1,-1,-1,-1,-1,9.524306643003767,8.946017940208817,10.680884048593665,1,-0.26148539406196925,-0.22175018401768765,-0.0397352100442816
2018-09-11,sh.600188,10.6900,10.74,10.37,10.5,21131475,222036954.0000,3,0.713930,1,-1.869157,6.549918,1.095509,0.351417,9.966080,0,10.72399999999994,10.963000000000031,11.176500000000042,-1,-1,-1,-1,-1,13.228010346707492,10.41169624639601,18.860638547330456,1,-0.2859731556716536,-0.23459477834848083,-0.05137837732317277
2018-09-12,sh.600188,10.4700,10.61,10.41,10.53,12301902,129244658.0000,3,0.415622,1,0.285712,6.568632,1.098639,0.352421,9.994554,0,10.65999999999994,10.87000000000003,11.137500000000042,-1,-1,-1,-1,-1,10.692951015531653,11.1484226684144,9.782007709766159,-1,-0.2995066081502191,-0.2475771443088285,-0.05192946384139063
2018-09-13,sh.600188,10.6600,10.72,10.51,10.65,13548004,143769847.0000,3,0.457721,1,1.139600,6.643488,1.111160,0.356437,10.108453,0,10.65799999999994,10.80900000000003,11.107000000000042,-1,-1,-1,-1,-1,20.781893004115286,14.90095145545157,32.54377610144272,1,-0.2971239101416856,-0.2574864974753999,-0.039637412666285676
2018-09-14,sh.600188,10.7200,10.72,10.55,10.58,12861011,136647721.0000,3,0.434511,1,-0.657274,6.599822,1.103856,0.354094,10.042012,0,10.591999999999938,10.74900000000003,11.074500000000043,-1,-1,-1,-1,-1,26.169098391320674,19.21464747032263,40.07800023331676,1,-0.29745514207070656,-0.2654802263944612,-0.03197491567624533
2018-09-17,sh.600188,10.5200,10.52,10.3,10.37,12081523,125672816.0000,3,0.408176,1,-1.984877,6.468824,1.081946,0.347066,9.842690,0,10.525999999999938,10.68500000000003,11.022000000000045,-1,-1,-1,-1,-1,23.49420127197905,23.48173088913843,23.519142037660295,1,-0.3110769888291056,-0.2745995788813901,-0.03647740994771553
2018-09-18,sh.600188,10.4000,10.72,10.31,10.69,16460969,173732288.0000,3,0.556136,1,3.085821,6.668440,1.115333,0.357776,10.146419,0,10.563999999999938,10.64400000000003,10.987000000000043,1,1,-1,-1,-1,28.427263729654655,26.03018779765155,33.221415593660865,1,-0.2926772734537302,-0.2782151177958581,-0.014462155657872067
2018-09-19,sh.600188,10.6200,11.0,10.6,10.87,23531015,254840585.0000,3,0.794999,1,1.683820,6.780724,1.134113,0.363800,10.317266,0,10.631999999999938,10.646000000000033,10.959500000000045,1,1,-1,-1,-1,43.38698755013791,31.769484183923964,66.6219942825658,1,-0.26056721413166883,-0.27468553706302024,0.014118322931351401
2018-09-20,sh.600188,10.8700,10.93,10.81,10.89,11963556,130053720.0000,3,0.404191,1,0.183997,6.793200,1.136200,0.364469,10.336249,0,10.679999999999938,10.669000000000032,10.937000000000044,1,1,-1,1,-1,68.6015672091621,46.80527282965164,112.194155968183,1,-0.23084489170975075,-0.26591740799236635,0.035072516282615596
2018-09-21,sh.600188,10.9500,11.43,10.88,11.42,37896450,423384857.0000,3,1.280338,1,4.866848,7.123815,1.191497,0.382207,10.839298,0,10.847999999999939,10.720000000000033,10.940500000000043,1,1,1,1,-1,85.18421908922636,65.72425794950887,124.10414136866135,1,-0.16264825856768006,-0.2452635781074291,0.08261531953974904
2018-09-25,sh.600188,11.2500,11.36,11.13,11.22,22064397,247858958.0000,3,0.745449,1,-1.751312,6.999055,1.170630,0.375514,10.649468,0,11.017999999999939,10.772000000000032,10.923000000000043,1,1,1,1,1,88.27222924568063,80.68600518135645,103.44467737432899,1,-0.12331872253252385,-0.22087460699244804,0.09755588445992419
2018-09-26,sh.600188,11.2200,11.51,11.22,11.27,26222637,297820501.0000,3,0.885936,1,0.445634,7.030245,1.175847,0.377187,10.696926,0,11.133999999999938,10.849000000000032,10.906000000000045,1,1,1,1,1,86.89875423584196,86.78506752358307,87.12612766035974,1,-0.08711103791771357,-0.19412189317750114,0.10701085525978757
2018-09-27,sh.600188,11.2500,11.45,11.2,11.35,19877351,225651678.0000,3,0.671559,1,0.709848,7.080149,1.184194,0.379865,10.772858,0,11.229999999999938,10.931000000000031,10.900500000000044,1,1,1,1,1,82.78602598795682,85.98566982315988,76.38673831755071,-1,-0.05136870908368785,-0.16557125635873848,0.11420254727505064
2018-09-28,sh.600188,11.2600,11.6,11.26,11.52,22336622,256684956.0000,3,0.754646,1,1.497798,7.186195,1.201930,0.385554,10.934213,0,11.355999999999938,11.01800000000003,10.913500000000045,1,1,1,1,1,86.92943420216147,85.53807147532017,89.71215965584409,1,-0.009218808041829618,-0.1343007666953567,0.1250819586535271
2018-10-08,sh.600188,11.3400,11.43,11.15,11.16,23909848,270305387.0000,3,0.807798,1,-3.125005,6.961627,1.164370,0.373506,10.592519,0,11.303999999999936,11.07600000000003,10.912500000000044,-1,1,1,1,1,82.17149540616772,83.96231853209541,78.58984915431236,-1,-0.004808272376079614,-0.10840226783150128,0.10359399545542167
2018-10-09,sh.600188,11.2400,11.71,11.16,11.63,35997696,415360617.0000,3,1.216188,1,4.211472,7.254814,1.213407,0.389236,11.038620,0,11.385999999999937,11.20200000000003,10.943500000000045,1,1,1,1,1,84.17680650238792,84.42591203690579,83.67859543335217,-1,0.036194948129860904,-0.07948282463922884,0.11567777276908975
2018-10-10,sh.600188,11.7300,12.11,11.6,11.84,50850949,604289321.0000,3,1.718007,1,1.805675,7.385812,1.235317,0.396264,11.237942,0,11.499999999999938,11.31700000000003,10.980500000000045,1,1,1,1,1,79.30501163059306,81.88443784638298,74.1461591990132,-1,0.08465963715155489,-0.046654332281072096,0.131313969432627
2018-10-11,sh.600188,11.4200,11.88,11.42,11.64,41254123,478829185.0000,3,1.393777,1,-1.689188,7.261052,1.214450,0.389570,11.048112,0,11.557999999999938,11.39400000000003,11.020000000000044,1,1,1,1,1,77.93739330324702,80.47307047874274,72.8660389522556,-1,0.10571134920956027,-0.01618119598294562,0.12189254519250589
2018-10-12,sh.600188,11.5000,11.86,11.05,11.82,40780573,467938069.0000,3,1.377778,1,1.546386,7.373336,1.233231,0.395595,11.218959,0,11.617999999999936,11.487000000000029,11.078000000000044,1,1,1,1,1,71.22029885030352,76.15423459471461,61.35242736148135,-1,0.135359142426406,0.014126871698924709,0.1212322707274813
2018-10-15,sh.600188,11.8000,11.85,11.16,11.21,29708028,339013117.0000,3,1.003690,1,-5.160742,6.992817,1.169587,0.375179,10.639977,0,11.627999999999936,11.466000000000028,11.093000000000044,-1,-1,1,1,1,49.841488980927615,66.33306037815946,16.858346186463933,-1,0.10838394745468882,0.03297828685007753,0.07540566060461129
2018-10-16,sh.600188,11.1400,11.43,10.77,10.92,27716450,308962892.0000,3,0.936405,1,-2.586976,6.811914,1.139330,0.365473,10.364723,0,11.485999999999937,11.436000000000028,11.104000000000045,-1,-1,-1,1,1,32.97662630245008,51.34613804456048,-3.762397181770737,-1,0.06288048760556819,0.03895872700117566,0.02392176060439253
2018-10-17,sh.600188,11.1500,11.29,10.83,11.25,21736582,241173449.0000,3,0.734374,1,3.021977,7.017769,1.173760,0.376518,10.677943,0,11.367999999999935,11.43400000000003,11.141500000000045,-1,-1,1,-1,1,20.703088331925336,34.50706787176775,-6.904870747759496,-1,0.05283782832086814,0.04173454726511416,0.011103281055753984
2018-10-18,sh.600188,11.0800,11.08,10.56,10.56,21885774,236487818.0000,3,0.739414,1,-6.133329,6.587346,1.101769,0.353425,10.023029,0,11.151999999999935,11.355000000000029,11.143000000000045,-1,-1,-1,-1,1,15.671641791044822,23.11711880847349,0.7806877561874899,-1,-0.010675227566814272,0.03125259229872847,-0.04192781986554274
2018-10-19,sh.600188,10.3700,10.83,10.22,10.71,27186659,285516716.0000,3,0.918506,1,1.420451,6.680916,1.117420,0.358445,10.165402,0,10.929999999999936,11.27400000000003,11.146000000000045,-1,-1,-1,-1,-1,20.582273816104706,18.985667979691698,23.775485488930727,1,-0.04834870180853912,0.015332333477274949,-0.06368103528581406
2018-10-22,sh.600188,10.8200,11.4,10.72,11.27,35801638,396207098.0000,3,1.209564,1,5.228762,7.030245,1.175847,0.377187,10.696926,0,10.941999999999936,11.285000000000029,11.180500000000045,1,-1,1,-1,-1,27.160493827160526,21.13813647810343,39.20520852527472,1,-0.03264160952717177,0.005737544876385605,-0.038379154403557374
2018-10-23,sh.600188,11.1600,11.42,10.74,10.75,32470673,359363449.0000,3,1.097027,1,-4.614024,6.705868,1.121593,0.359784,10.203368,0,10.907999999999936,11.19700000000003,11.199500000000045,-1,-1,-1,-1,-1,37.803064108285014,28.515277250516828,56.378637823821386,1,-0.06144498042322688,-0.007698960183536892,-0.05374602023968999
2018-10-24,sh.600188,10.7500,11.15,10.68,11.0,24791030,270836634.0000,3,0.837569,1,2.325581,6.861819,1.147677,0.368151,10.440655,0,10.857999999999937,11.11300000000003,11.215000000000044,1,-1,-1,-1,-1,45.014747336228396,36.659435090558055,61.72537182756908,1,-0.06336847636260678,-0.018832863419350872,-0.04453561294325591
2018-10-25,sh.600188,10.6300,11.16,10.6,11.15,22171585,240431994.0000,3,0.749071,1,1.363633,6.955389,1.163327,0.373171,10.583028,0,10.975999999999935,11.06400000000003,11.229000000000045,1,1,-1,-1,-1,45.51463372568534,42.77748172339966,50.98893773025671,1,-0.05218752900613488,-0.025503796536707674,-0.026683732469427207
2018-10-26,sh.600188,11.2600,11.55,11.14,11.28,32826268,371767111.0000,3,1.109041,1,1.165920,7.036483,1.176890,0.377522,10.706417,0,11.089999999999936,11.01000000000003,11.248500000000046,1,1,1,1,-1,61.43847948466108,50.65595351552502,83.0035314229332,1,-0.03246242747036909,-0.02689552272343996,-0.005566904746929134
2018-10-29,sh.600188,10.7000,10.79,10.15,10.15,66683616,693998713.0000,3,2.252917,1,-10.017730,6.719766,1.010963,0.330230,-34.334599,0,10.865999999999936,10.90400000000003,11.185000000000047,-1,-1,-1,-1,-1,45.58482094807571,50.84597805280745,35.06250673861223,-1,-0.10678079603955126,-0.042872577386662225,-0.06390821865288904
2018-10-30,sh.600188,10.0200,10.28,9.85,10.06,34607831,348816619.0000,3,1.169231,1,-0.886692,6.660182,1.001999,0.327301,-34.030154,0,10.727999999999936,10.81800000000003,11.127000000000047,-1,-1,-1,-1,-1,30.684063098923797,45.9024545105536,0.2472802756641812,-1,-0.1709700500918796,-0.0684920719277057,-0.1024779781641739
2018-10-31,sh.600188,10.0800,10.34,10.07,10.27,27104180,276784240.0000,3,0.915719,1,2.087475,6.799212,1.022915,0.334134,-34.740525,0,10.581999999999937,10.72000000000003,11.077000000000046,-1,-1,-1,-1,-1,12.352941176470631,29.540608407823452,-22.02239328623501,-1,-0.20256026280989303,-0.09530571010414317,-0.10725455270574986
2018-11-01,sh.600188,10.2700,10.38,10.21,10.23,27574890,283831572.0000,3,0.931622,1,-0.389493,6.772730,1.018931,0.332832,-34.605217,0,10.397999999999936,10.68700000000003,11.021000000000047,-1,-1,-1,-1,-1,19.803921568627505,20.946975281340716,17.517814143201086,-1,-0.22819293359682646,-0.12188315480267983,-0.10630977879414663
2018-11-02,sh.600188,10.3300,10.51,10.21,10.51,36127730,375557464.0000,3,1.220581,1,2.737055,6.958103,1.046820,0.341942,-35.552378,0,10.243999999999936,10.667000000000032,10.970500000000046,1,-1,-1,-1,-1,28.627450980392194,20.26143790849685,45.35947712418288,1,-0.2233388388162556,-0.142174291605395,-0.08116454721086061
2018-11-05,sh.600188,10.3800,10.46,10.32,10.45,26140438,271300561.0000,3,0.883159,1,-0.570889,6.918380,1.040844,0.339990,-35.349415,0,10.303999999999936,10.585000000000033,10.935000000000045,1,-1,-1,-1,-1,32.15686274509807,26.86274509803933,42.74509803921554,1,-0.22177692593898435,-0.15809481847211287,-0.06368210746687147
2018-11-06,sh.600188,10.4400,10.52,10.29,10.41,20159852,209479350.0000,3,0.681104,1,-0.382775,6.891898,1.036860,0.338689,-35.214106,0,10.373999999999935,10.551000000000032,10.874000000000045,1,-1,-1,-1,-1,35.686274509803944,32.156862745098145,42.745098039215534,1,-0.22121671583925284,-0.17071919794554086,-0.050497517893711985
2018-11-07,sh.600188,10.3200,10.42,10.2,10.2,21550390,221868415.0000,3,0.728083,1,-2.017292,6.752868,1.015943,0.331856,-34.503735,0,10.359999999999937,10.471000000000032,10.792000000000044,-1,-1,-1,-1,-1,29.607843137254914,32.48366013071905,23.856209150326634,-1,-0.23500895332989913,-0.1835771490224125,-0.05143180430748662
2018-11-08,sh.600188,10.2800,10.36,10.2,10.24,16905016,173744291.0000,3,0.571139,1,0.392157,6.779350,1.019927,0.333158,-34.639044,0,10.361999999999936,10.380000000000031,10.722000000000046,-1,-1,-1,-1,-1,31.672924488944563,32.32234737866788,30.374078709497937,-1,-0.23994578950257228,-0.19485087711844445,-0.04509491238412783
2018-11-09,sh.600188,10.2200,10.23,10.09,10.11,16239417,164900548.0000,3,0.548651,1,-1.269532,6.693284,1.006979,0.328928,-34.199290,0,10.281999999999936,10.26300000000003,10.636500000000046,-1,-1,-1,1,-1,33.62785571516638,31.63620778045536,37.61115158458842,1,-0.25144962650962377,-0.20617062699668032,-0.04527899951294345
2018-11-12,sh.600188,10.0900,10.24,10.07,10.23,14108820,143553519.0000,3,0.476669,1,1.186942,6.772730,1.018931,0.332832,-34.605217,0,10.237999999999937,10.271000000000031,10.587500000000045,-1,-1,-1,-1,-1,38.61696246897906,34.63924755769674,46.57239229154369,1,-0.24802443183982348,-0.21454138796530894,-0.033483043874514534
2018-11-13,sh.600188,10.1100,10.35,10.08,10.32,23689035,242898415.0000,3,0.800338,1,0.879767,6.832314,1.027895,0.335760,-34.909661,0,10.219999999999938,10.29700000000003,10.557500000000045,1,1,-1,-1,-1,43.305693753455024,38.51683731253357,52.883406635297945,1,-0.2353348983311232,-0.2187000900384718,-0.016634808292651404
2018-11-14,sh.600188,10.2400,10.48,10.2,10.36,27568104,284828437.0000,3,0.931393,1,0.387597,6.858796,1.031879,0.337062,-35.044970,0,10.251999999999938,10.306000000000031,10.513000000000044,1,1,-1,-1,-1,51.851851851851904,44.59150269142874,66.37255017269824,1,-0.21952019374930742,-0.21886411078063892,-0.0006560829686685088
2018-11-15,sh.600188,10.2800,10.45,10.24,10.43,26312612,271595710.0000,3,0.888976,1,0.675682,6.905139,1.038852,0.339339,-35.281760,0,10.289999999999939,10.32600000000003,10.506500000000045,1,1,-1,-1,-1,66.66666666666669,53.94140409065795,92.11719181868416,1,-0.19904405547296378,-0.2149000997191039,0.015856044246140122
2018-11-16,sh.600188,10.4500,10.48,10.36,10.39,25842148,269422414.0000,3,0.873081,1,-0.383509,6.878657,1.034868,0.338038,-35.146452,0,10.345999999999938,10.31400000000003,10.490500000000045,1,1,-1,1,-1,71.85185185185189,63.456790123456905,88.64197530864185,1,-0.18392407186075133,-0.20870489414743337,0.024780822286682047
2018-11-19,sh.600188,10.3900,10.45,10.28,10.45,22352399,231921653.0000,3,0.755179,1,0.577473,6.918380,1.040844,0.339990,-35.349415,0,10.389999999999938,10.31400000000003,10.449500000000045,1,1,1,1,-1,81.26467931345978,73.26106594399288,97.27190605239358,1,-0.1651956052487833,-0.20000303636770336,0.03480743111892007
2018-11-20,sh.600188,10.3900,10.4,10.17,10.18,20534528,211166573.0000,3,0.693762,1,-2.583727,6.739628,1.013951,0.331206,-34.436081,0,10.361999999999938,10.29100000000003,10.421000000000046,-1,-1,-1,1,-1,63.54110207768736,72.21921108099976,46.184884071062584,-1,-0.17017819573514537,-0.19403806824119177,0.023859872506046403
2018-11-21,sh.600188,10.0000,10.14,9.95,10.09,17818609,179121850.0000,3,0.602005,1,-0.884088,6.680043,1.004987,0.328277,-34.131636,0,10.30799999999994,10.280000000000031,10.375500000000045,-1,-1,-1,1,-1,48.642429820524505,64.48273707055729,16.961815320458925,-1,-0.17932206924172434,-0.19109486844129828,0.011772799199573941
2018-11-22,sh.600188,10.1100,10.19,10.05,10.13,11373880,115009978.0000,3,0.384268,1,0.396432,6.706525,1.008971,0.329579,-34.266945,0,10.247999999999939,10.26900000000003,10.324500000000045,-1,-1,-1,-1,-1,29.068875594416358,47.08413583087616,-6.961644878503236,-1,-0.18125163316577542,-0.1891262213861937,0.007874588220418283
2018-11-23,sh.600188,10.1000,10.14,9.85,9.86,17417344,173531278.0000,3,0.588448,1,-2.665355,6.527773,0.982078,0.320794,-33.353611,0,10.141999999999939,10.244000000000032,10.253500000000045,-1,-1,-1,-1,-1,20.654886692622615,32.78873070252124,-3.612801327174637,-1,-0.20223631563429656,-0.19174824023581427,-0.010488075398482288
2018-11-26,sh.600188,9.8100,9.88,9.49,9.56,17741530,171929782.0000,3,0.599400,1,-3.042589,6.329159,0.952198,0.311034,-32.338795,0,9.963999999999938,10.177000000000032,10.224000000000045,-1,-1,-1,-1,-1,14.206757602984084,21.31017329667443,-7.378439661209768e-05,-1,-0.24030424274628004,-0.20145944073790742,-0.03884480200837262
2018-11-27,sh.600188,9.6200,9.66,9.39,9.45,14372327,136680873.0000,3,0.485571,1,-1.150634,6.256334,0.941241,0.307455,-31.966696,0,9.817999999999937,10.09000000000003,10.193500000000045,-1,-1,-1,-1,-1,4.7208652713239445,13.194169855643628,-12.225743897315422,-1,-0.2761659606517224,-0.21640074472067042,-0.05976521593105197
2018-11-28,sh.600188,9.4400,9.57,9.35,9.56,11962592,113318978.0000,3,0.404158,1,1.164028,6.329159,0.952198,0.311034,-32.338795,0,9.711999999999938,10.01000000000003,10.158000000000044,-1,-1,-1,-1,-1,10.386455007710174,9.771359294006146,11.616646435118227,1,-0.2923406289747703,-0.2315887215714904,-0.0607519074032799
2018-11-29,sh.600188,9.5900,9.62,9.38,9.39,10556128,100384014.0000,3,0.356640,1,-1.778244,6.216611,0.935265,0.305503,-31.763733,0,9.563999999999938,9.90600000000003,10.116000000000046,-1,-1,-1,-1,-1,9.241673862929048,8.116331380654467,11.49235882747821,1,-0.31524282633357004,-0.24831954252390634,-0.0669232838096637
2018-11-30,sh.600188,9.3900,9.54,9.39,9.54,9483701,89895378.0000,3,0.320408,1,1.597440,6.315918,0.950206,0.310383,-32.271140,0,9.499999999999938,9.82100000000003,10.067500000000045,1,-1,-1,-1,-1,13.438557509353998,11.022228793331152,18.27121494139969,1,-0.3176278205453542,-0.2621811981281959,-0.05544662241715831
2018-12-03,sh.600188,9.7800,10.3,9.69,9.98,28620402,284441151.0000,3,0.966945,1,4.612155,6.607218,0.994031,0.324699,-33.759537,0,9.583999999999937,9.77400000000003,10.044000000000045,1,1,-1,-1,-1,29.349130401761993,17.343120591348423,53.36115002258913,1,-0.2807770003916765,-0.265900358580892,-0.014876641810784519
2018-12-04,sh.600188,9.9700,10.06,9.87,10.04,14670690,146472721.0000,3,0.495652,1,0.601207,6.646941,1.000007,0.326651,-33.962500,0,9.701999999999938,9.760000000000028,10.025500000000045,1,1,1,-1,-1,52.34753550543019,31.711741138848804,93.61912423859295,1,-0.24391921251752358,-0.2615041293682183,0.017584916850694743
2018-12-05,sh.600188,9.8600,9.97,9.82,9.93,12819396,126966598.0000,3,0.433105,1,-1.095614,6.574116,0.989050,0.323072,-33.590401,0,9.775999999999936,9.744000000000028,10.012000000000047,1,1,-1,1,-1,66.66666666666661,49.45444419128634,101.09111161742715,1,-0.2210372509350087,-0.2534107536815764,0.032373502746567695
2018-12-06,sh.600188,9.8700,9.94,9.72,9.73,11439190,112163487.0000,3,0.386475,1,-2.014106,6.441707,0.969130,0.316565,-32.913857,0,9.843999999999937,9.704000000000029,9.986500000000046,-1,1,-1,1,-1,57.894736842105225,58.96964633806741,55.74491785018084,-1,-0.21654526108050298,-0.24603765516136172,0.02949239408085874
2018-12-07,sh.600188,9.7800,9.93,9.71,9.87,12980041,127496267.0000,3,0.438533,1,1.438853,6.534393,0.983074,0.321120,-33.387438,0,9.909999999999936,9.70500000000003,9.974500000000045,-1,1,-1,1,-1,51.92982456140347,58.83040935672518,38.12865497076005,-1,-0.19939005237876195,-0.23670813460484177,0.037318082226079824
2018-12-10,sh.600188,9.7800,9.85,9.68,9.72,7760396,75679167.0000,3,0.262186,1,-1.519753,6.435086,0.968134,0.316239,-32.880030,0,9.857999999999937,9.721000000000029,9.949000000000046,-1,-1,-1,1,-1,44.561403508771924,51.461988304093616,30.76023391812855,-1,-0.195642922457127,-0.22849509217529881,0.032852169718171814
2018-12-11,sh.600188,9.7100,9.76,9.64,9.69,6549086,63447857.0000,3,0.221262,1,-0.308649,6.415225,0.965146,0.315263,-32.778548,0,9.787999999999936,9.74500000000003,9.917500000000047,-1,-1,-1,1,-1,42.45995423340955,46.317060767861726,34.74574116450519,-1,-0.19287075032528023,-0.22137022380529509,0.02849947348001486
2018-12-12,sh.600188,9.7600,9.78,9.68,9.69,5353051,51980792.0000,3,0.180854,1,0.000000,6.415225,0.965146,0.315263,-32.778548,0,9.739999999999934,9.758000000000028,9.884000000000047,-1,-1,-1,-1,-1,35.20335118733281,40.741569643171495,24.126914275655437,-1,-0.18850086332368754,-0.21479635170897357,0.02629548838528603
2018-12-13,sh.600188,9.7100,9.88,9.63,9.78,12073714,118030025.0000,3,0.407912,1,0.928794,6.474809,0.974110,0.318192,-33.082993,0,9.749999999999934,9.797000000000029,9.851500000000046,1,-1,-1,-1,-1,29.68358161414602,35.7822956782962,17.486153485845662,-1,-0.17574951751533163,-0.2069869848702452,0.031237467354913562
2018-12-14,sh.600188,9.7800,9.78,9.56,9.59,8940927,86521890.0000,3,0.302071,1,-1.942736,6.349020,0.955186,0.312010,-32.440276,0,9.693999999999935,9.80200000000003,9.811500000000045,-1,-1,-1,-1,-1,20.45169755617501,28.44621011921802,4.462672430088993,-1,-0.17891299852000664,-0.20137218760019748,0.022459189080190844
2018-12-17,sh.600188,9.4500,9.66,9.45,9.6,7469593,71341709.0000,3,0.252361,1,0.104278,6.355641,0.956182,0.312335,-32.474104,0,9.669999999999934,9.764000000000028,9.769000000000045,-1,-1,-1,-1,-1,19.078071182548676,23.071116784289973,11.091979979066082,-1,-0.1785548939109063,-0.19680872886233924,0.018253834951432957
2018-12-18,sh.600188,9.5200,9.62,9.39,9.47,7222272,68552495.0000,3,0.244006,1,-1.354168,6.269575,0.943233,0.308106,-32.034350,0,9.625999999999935,9.707000000000027,9.733500000000046,-1,-1,-1,-1,-1,16.46386946386943,18.66454606753111,12.062516256546068,-1,-0.18660988438627335,-0.19476895996712607,0.008159075580852715
2018-12-19,sh.600188,9.4800,9.49,9.29,9.29,10180565,95406200.0000,3,0.343952,1,-1.900742,6.150407,0.925305,0.302249,-31.425461,0,9.545999999999935,9.643000000000026,9.693500000000045,-1,-1,-1,-1,-1,14.463869463869472,16.668603370095934,10.054401651416548,-1,-0.2051531403497524,-0.19684579604365132,-0.008307344306101083
2018-12-20,sh.600188,9.2500,9.34,9.23,9.28,9114657,84655967.0000,3,0.307940,1,-0.107645,6.143786,0.924309,0.301924,-31.391633,0,9.445999999999936,9.598000000000026,9.651000000000044,-1,-1,-1,-1,-1,7.412587412587366,12.780108780108828,-3.322455322455557,-1,-0.21814112561629706,-0.20110486195818048,-0.017036263658116585
2018-12-21,sh.600188,9.2500,9.27,9.06,9.12,10382723,94740540.0000,3,0.350782,1,-1.724136,6.037859,0.908373,0.296719,-30.850398,0,9.351999999999935,9.523000000000026,9.614000000000043,-1,-1,-1,-1,-1,5.003126954346353,8.95986127693447,-2.910341690829881,-1,-0.23859449155884604,-0.2086027878783136,-0.029991703680532444
2018-12-24,sh.600188,9.0800,9.17,9.05,9.16,4974033,45439886.0000,3,0.168048,1,0.438596,6.064341,0.912357,0.298020,-30.985707,0,9.263999999999934,9.467000000000025,9.594000000000044,-1,-1,-1,-1,-1,9.420797637077255,7.2788373346703965,13.704718241890971,1,-0.24870929972968803,-0.21662409024858847,-0.03208520948109955
2018-12-25,sh.600188,9.0700,9.08,8.77,8.97,13838120,123106550.0000,3,0.467523,1,-2.074231,5.938552,0.893432,0.291838,-30.342991,0,9.163999999999934,9.395000000000026,9.570000000000045,-1,-1,-1,-1,-1,12.862701078980777,9.095541890134866,20.3970194566726,1,-0.26895640812872834,-0.22709055382461646,-0.04186585430411188
2018-12-26,sh.600188,8.9500,9.0,8.82,8.84,7432894,66039328.0000,3,0.251122,1,-1.449277,5.852486,0.880484,0.287609,-29.903237,0,9.073999999999932,9.310000000000027,9.534000000000045,-1,-1,-1,-1,-1,12.733907711839246,11.672468809299163,14.856785516919413,1,-0.2921248673230892,-0.240097416524311,-0.052027450798778185
2018-12-27,sh.600188,9.0000,9.04,8.74,8.75,8391651,74775836.0000,3,0.283513,1,-1.018101,5.792902,0.871520,0.284681,-29.598792,0,8.967999999999932,9.207000000000026,9.502000000000043,-1,-1,-1,-1,-1,8.678555869688049,11.425054886836094,3.185557835391961,-1,-0.3141272229047338,-0.25490337780039557,-0.05922384510433826
2018-12-28,sh.600188,8.8300,8.9,8.77,8.78,8020667,70844624.0000,3,0.270980,1,0.342854,5.812763,0.874508,0.285657,-29.700274,0,8.899999999999933,9.126000000000026,9.464000000000045,-1,-1,-1,-1,-1,4.187701378833502,8.533388320120336,-4.503672503740166,-1,-0.32539257587719206,-0.2690012174157549,-0.05639135846143717
2019-01-02,sh.600188,8.8300,8.87,8.63,8.64,9147938,79552147.0000,3,0.309065,1,-1.594526,5.720077,0.860564,0.281102,-29.226693,0,8.795999999999932,9.030000000000026,9.397000000000045,-1,-1,-1,-1,-1,2.26506725495598,5.04377483449258,-3.2923479041172197,-1,-0.3416786207886382,-0.28353669809033155,-0.05814192269830665
2019-01-03,sh.600188,8.6400,8.78,8.47,8.52,14515467,124455883.0000,3,0.490407,1,-1.388888,5.640631,0.848611,0.277198,-28.820767,0,8.705999999999932,8.935000000000027,9.321000000000046,-1,-1,-1,-1,-1,3.818457226636775,3.423741953475489,4.607887772959347,1,-0.3601172187017241,-0.29885280221261007,-0.061264416489114015
2019-01-04,sh.600188,8.4100,8.74,8.36,8.73,17422812,149699902.0000,3,0.588632,1,2.464778,5.779661,0.869528,0.284030,-29.531138,0,8.683999999999932,8.879000000000026,9.261000000000045,1,-1,-1,-1,-1,15.856419264598877,7.313314582063948,32.94262862966873,1,-0.3537073769675114,-0.30982371716359036,-0.04388365980392106
2019-01-07,sh.600188,8.7700,8.82,8.68,8.79,18457305,161544500.0000,3,0.623583,1,0.687290,5.819384,0.875504,0.285982,-29.734101,0,8.691999999999933,8.830000000000027,9.214000000000045,1,-1,-1,-1,-1,33.16429561640286,17.613057369212907,64.26677211078277,1,-0.33986824310774466,-0.3158326223524212,-0.02403562075532345
2019-01-08,sh.600188,8.7500,8.77,8.61,8.63,16223511,140825597.0000,3,0.548114,1,-1.820249,5.713456,0.859568,0.280776,-29.192866,0,8.661999999999932,8.781000000000025,9.152000000000045,-1,-1,-1,-1,-1,43.74858680414241,30.92310056171479,69.39955928899766,1,-0.3379160072562719,-0.32024929933319135,-0.01766670792308056
2019-01-09,sh.600188,8.6600,8.87,8.65,8.73,24746020,217261288.0000,3,0.836048,1,1.158742,5.779661,0.869528,0.284030,-29.531138,0,8.679999999999932,8.738000000000026,9.102500000000045,1,-1,-1,-1,-1,48.33272815298967,41.748536857845046,61.501110743278915,1,-0.3245583750962151,-0.3211111144857961,-0.0034472606104190007
2019-01-10,sh.600188,8.7200,8.73,8.58,8.61,20589488,178107397.0000,3,0.695619,1,-1.374569,5.700215,0.857576,0.280126,-29.125212,0,8.697999999999933,8.702000000000027,9.048500000000043,-1,-1,-1,-1,-1,42.8921568627452,44.991157273292494,38.69415604165063,-1,-0.31996697240561467,-0.3208822860697598,0.0009153136641451565
2019-01-11,sh.600188,8.5900,8.65,8.54,8.64,16784065,144294883.0000,3,0.567052,1,0.348440,5.720077,0.860564,0.281102,-29.226693,0,8.679999999999932,8.682000000000027,8.996000000000043,-1,-1,-1,-1,-1,47.676107480029145,46.30033083192141,50.42766077624462,1,-0.3103302099282992,-0.3187718708414677,0.008441660913168503
2019-01-14,sh.600188,8.6600,8.9,8.66,8.77,31269724,275164963.0000,3,1.056453,1,1.504631,5.806143,0.873512,0.285331,-29.666447,0,8.675999999999934,8.684000000000026,8.945500000000044,1,1,-1,-1,-1,54.84749455337692,48.47191963205049,67.59864439602977,1,-0.28887314291697486,-0.31279212525656913,0.023918982339594275
2019-01-15,sh.600188,8.7400,8.8,8.62,8.79,16527177,144157516.0000,3,0.558373,1,0.228045,5.819384,0.875504,0.285982,-29.734101,0,8.707999999999933,8.685000000000025,8.905500000000043,1,1,-1,1,-1,69.13580246913575,57.219801500847346,92.96780440571258,1,-0.26717460730506204,-0.30366862166626774,0.036494014361205696
2019-01-16,sh.600188,8.7800,8.9,8.76,8.85,24791981,219071113.0000,3,0.837601,1,0.682599,5.859106,0.881480,0.287934,-29.937064,0,8.731999999999932,8.706000000000024,8.868000000000043,1,1,-1,1,-1,82.09876543209863,68.69402081820384,108.90825465988823,1,-0.24234328046034292,-0.2914035534250828,0.04906027296473986
2019-01-17,sh.600188,8.8400,9.09,8.78,9.0,47612547,426988003.0000,3,1.608597,1,1.694911,5.958413,0.896420,0.292814,-30.444472,0,8.809999999999933,8.754000000000024,8.844500000000043,1,1,1,1,-1,84.66891133557793,78.63449307893751,96.73774784885876,1,-0.20816097845424864,-0.274755038430916,0.06659405997666734
2019-01-18,sh.600188,8.9500,9.23,8.95,9.12,39464744,359856054.0000,3,1.333323,1,1.333332,6.037859,0.908373,0.296719,-30.850398,0,8.905999999999931,8.793000000000024,8.836000000000045,1,1,1,1,1,86.1450251305323,84.3042339660697,89.8266074594575,1,-0.16943511815369838,-0.25369105437547246,0.08425593622177407
2019-01-21,sh.600188,9.1600,9.23,9.05,9.17,27461849,251337595.0000,3,0.927803,1,0.548248,6.070961,0.913353,0.298345,-31.019534,0,8.985999999999933,8.831000000000024,8.830500000000043,1,1,1,1,1,86.33289415898105,85.71561020836384,87.56746206021546,1,-0.13317485588798306,-0.22958781467797457,0.09641295878999151
2019-01-22,sh.600188,9.1200,9.14,8.94,8.95,17954530,161815914.0000,3,0.606597,1,-2.399131,5.925311,0.891440,0.291188,-30.275336,0,9.017999999999933,8.863000000000024,8.822000000000042,-1,1,1,1,1,78.26086956521728,83.57959628491028,67.62341612583128,-1,-0.12079801387481126,-0.2078298545173419,0.08703184064253064
2019-01-23,sh.600188,8.9200,8.99,8.81,8.86,16916784,150343304.0000,3,0.571536,1,-1.005588,5.865727,0.882476,0.288259,-29.970891,0,9.019999999999932,8.876000000000024,8.807000000000041,-1,-1,1,1,1,65.70048309178736,76.76474893866197,43.57195139803815,-1,-0.1169039295183385,-0.18964466951754122,0.07274073999920272
2019-01-24,sh.600188,8.9000,8.9,8.67,8.83,15572004,136891793.0000,3,0.526103,1,-0.338597,5.845866,0.879488,0.287283,-29.869410,0,8.985999999999931,8.898000000000025,8.800000000000043,-1,-1,1,1,1,46.741110319157336,63.56748765872073,13.088355640030542,-1,-0.11491393260636329,-0.17469852213530562,0.059784589528942333
2019-01-25,sh.600188,8.8400,8.91,8.8,8.82,13424528,118928060.0000,3,0.453550,1,-0.113253,5.839245,0.878492,0.286958,-29.835583,0,8.925999999999933,8.916000000000025,8.799000000000042,-1,-1,1,1,1,37.86330878276712,50.10163406457068,13.386658219159997,-1,-0.11284297852881586,-0.16232741341400767,0.0494844348851918
2019-01-28,sh.600188,8.8800,9.01,8.83,8.94,17895985,159659222.0000,3,0.604619,1,1.360543,5.918691,0.890444,0.290862,-30.241509,0,8.879999999999932,8.933000000000025,8.808500000000041,1,1,1,-1,1,38.47580015612804,41.02673975268424,33.373920963015635,-1,-0.10036182671844429,-0.149934296074895,0.04957246935645071
2019-01-29,sh.600188,8.9000,8.94,8.67,8.85,17946990,157795108.0000,3,0.606342,1,-1.006703,5.859106,0.881480,0.287934,-29.937064,0,8.859999999999932,8.939000000000025,8.812000000000042,-1,-1,1,-1,1,37.71467603434812,38.0179283244145,37.10817145421538,-1,-0.09661890918361316,-0.13927121869663864,0.04265230951302548
2019-01-30,sh.600188,8.7900,8.91,8.75,8.77,11532330,101843399.0000,3,0.389622,1,-0.903954,5.806143,0.873512,0.285331,-29.666447,0,8.841999999999933,8.931000000000024,8.818500000000041,-1,-1,-1,-1,1,32.738095238095134,36.30952380952383,25.595238095237747,-1,-0.09896712012716513,-0.13121039898274395,0.032243278855578816
2019-01-31,sh.600188,8.7800,8.91,8.78,8.84,16627541,147059195.0000,3,0.561764,1,0.798172,5.852486,0.880484,0.287609,-29.903237,0,8.843999999999934,8.915000000000024,8.834500000000041,-1,-1,1,-1,1,26.78571428571421,32.41282851938589,15.531485818370854,-1,-0.09409501052308578,-0.12378732129081231,0.029692310767726535
2019-02-01,sh.600188,8.9000,9.11,8.9,9.09,22878582,206591508.0000,3,0.772957,1,2.828054,6.017997,0.905385,0.295742,-30.748917,0,8.897999999999934,8.912000000000024,8.852500000000042,1,1,1,-1,1,45.85866261398167,35.12749071259707,67.32100641675088,1,-0.06926250287860114,-0.11288235760837008,0.04361985472976894
2019-02-11,sh.600188,9.0500,9.21,9.04,9.2,25999038,236962129.0000,3,0.878382,1,1.210117,6.090823,0.916341,0.299321,-31.121016,0,8.949999999999935,8.915000000000024,8.873000000000042,1,1,1,1,1,72.62233104431671,48.4222359813376,121.02252117027494,1,-0.04024258944911985,-0.09835440397652004,0.05811181452740019
2019-02-12,sh.600188,9.1500,9.37,9.15,9.37,31031694,288088605.0000,3,1.048411,1,1.847827,6.203370,0.933273,0.304852,-31.696078,0,9.053999999999935,8.957000000000026,8.910000000000043,1,1,1,1,1,95.83661675860243,71.43920347230035,144.6314433312066,1,-0.003486331469336079,-0.07938078947508324,0.07589445800574716
2019-02-13,sh.600188,9.4000,9.47,9.28,9.44,28611128,268685429.0000,3,0.966632,1,0.747062,6.249714,0.940245,0.307130,-31.932869,0,9.187999999999935,9.015000000000025,8.945500000000042,1,1,1,1,1,98.13271604938257,88.86388795076732,116.67037224661306,1,0.0309350824062129,-0.057317615098824014,0.08825269750503692
2019-02-14,sh.600188,9.4100,9.48,9.31,9.32,26302177,246197716.0000,3,0.888623,1,-1.271185,6.170268,0.928293,0.303226,-31.526942,0,9.283999999999933,9.064000000000025,8.981000000000043,1,1,1,1,1,92.16563786008226,95.37832355602251,85.74026646820175,-1,0.0479782404864153,-0.03625844398177615,0.08423668446819145
2019-02-15,sh.600188,9.3200,9.35,9.1,9.12,28305484,260257711.0000,3,0.956305,1,-2.145921,6.037859,0.908373,0.296719,-30.850398,0,9.289999999999933,9.094000000000026,9.005000000000043,-1,1,1,1,1,77.3508230452674,89.21639231824417,53.61968449931385,-1,0.04482996558644281,-0.020040762068132354,0.06487072765457516
2019-02-18,sh.600188,9.1700,9.44,9.17,9.42,33389996,311157525.0000,3,1.128086,1,3.289476,6.236473,0.938253,0.306479,-31.865214,0,9.333999999999936,9.142000000000026,9.037500000000042,1,1,1,1,1,75.86109701787016,81.79251930774005,63.99825243813038,-1,0.06578410957550851,-0.0028757877394041814,0.06865989731491269
2019-02-19,sh.600188,9.4200,9.47,9.25,9.34,29376932,274778556.0000,3,0.992504,1,-0.849256,6.183509,0.930285,0.303876,-31.594597,0,9.327999999999935,9.191000000000027,9.065000000000044,1,1,1,1,1,75.77879249112118,76.33023751808635,74.67590243719084,-1,0.07506973111023996,0.012713316030524648,0.06235641507971531
2019-02-20,sh.600188,9.3300,9.58,9.31,9.57,40316082,382303554.0000,3,1.362085,1,2.462522,6.335780,0.953194,0.311359,-32.372622,0,9.353999999999935,9.271000000000026,9.101000000000043,1,1,1,1,1,90.10341122750468,80.58110024549877,109.14803319151648,1,0.09983687355357418,0.030138027535134556,0.06969884601843962
2019-02-21,sh.600188,9.6100,9.71,9.41,9.42,45298070,433434232.0000,3,1.530403,1,-1.567394,6.236473,0.938253,0.306479,-31.865214,0,9.373999999999935,9.329000000000025,9.122000000000043,1,1,1,1,1,78.41527655838453,81.43249342567023,72.38084282381314,-1,0.10613777576925187,0.04533797718195802,0.060799798587293855
2019-02-22,sh.600188,9.3900,9.55,9.3,9.54,27599479,259964759.0000,3,0.932453,1,1.273884,6.315918,0.950206,0.310383,-32.271140,0,9.457999999999936,9.374000000000027,9.143000000000042,1,1,1,1,1,75.79232573871234,81.43700450820062,64.50296819973576,-1,0.11943748233971974,0.06015787821351036,0.059279604126209376
2019-02-25,sh.600188,9.6000,10.21,9.6,10.21,68803909,682339988.0000,3,2.324551,1,7.023062,6.759489,1.016939,0.332182,-34.537562,0,9.615999999999936,9.475000000000026,9.195000000000043,1,1,1,1,1,76.2825218171437,76.83004137141361,75.18748270860388,-1,0.18194366290245334,0.08451503515129896,0.09742862775115438
2019-02-26,sh.600188,10.3000,10.89,10.11,10.42,82978678,876147297.0000,3,2.803448,1,2.056808,6.898519,1.037856,0.339014,-35.247933,0,9.831999999999937,9.580000000000025,9.268500000000042,1,1,1,1,1,81.95805476691996,78.01096744092543,89.85222941890902,1,0.24559444638718908,0.11673091739847699,0.1288635289887121
2019-02-27,sh.600188,10.5100,10.76,10.33,10.52,52527117,553195749.0000,3,1.774637,1,0.959696,6.964723,1.047816,0.342267,-35.586205,0,10.021999999999938,9.688000000000025,9.351500000000042,1,1,1,1,1,84.3575418994413,80.86603949450175,91.34054670932042,1,0.3006417047141223,0.15351307486160606,0.14712862985251626
2019-02-28,sh.600188,10.5300,10.62,10.41,10.56,32760015,344485902.0000,3,1.106802,1,0.380228,6.991205,1.051800,0.343569,-35.721514,0,10.249999999999938,9.812000000000026,9.438000000000041,1,1,1,1,1,77.962193062232,81.42592990953118,71.03471936763364,-1,0.34353466545785416,0.19151739298085568,0.15201727247699848
2019-03-01,sh.600188,10.6100,10.83,10.48,10.83,40960922,437071606.0000,3,1.383871,1,2.556813,7.169957,1.078693,0.352353,-36.634848,0,10.507999999999937,9.983000000000025,9.538500000000043,1,1,1,1,1,85.4950086138512,82.60491452517492,91.27519679120374,1,0.39476379805812556,0.23216667399630966,0.1625971240618159
2019-03-04,sh.600188,10.9900,11.22,10.72,10.84,66842854,735187763.0000,3,2.258296,1,0.092338,7.176578,1.079689,0.352679,-36.668675,0,10.633999999999938,10.125000000000025,9.633500000000044,1,1,1,1,1,85.78791674544648,83.08170614050998,91.2003379553195,1,0.4311995709152239,0.2719732533800925,0.1592263175351314
2019-03-05,sh.600188,10.8000,10.88,10.64,10.82,40896273,438963234.0000,3,1.381687,1,-0.184506,7.163337,1.077697,0.352028,-36.601021,0,10.713999999999938,10.273000000000025,9.732000000000044,1,1,1,1,1,85.23882113821135,85.50724883250308,84.7019657496279,-1,0.4532367197814384,0.3082259466603617,0.14501077312107674
2019-03-06,sh.600188,10.8400,11.03,10.7,10.94,50059154,544979472.0000,3,1.691256,1,1.109056,7.242782,1.089649,0.355932,-37.006947,0,10.797999999999936,10.410000000000025,9.840500000000043,1,1,1,1,1,81.59722222222217,84.20798670196007,76.37569326274638,-1,0.4749098510038987,0.3415627275290691,0.13334712347482963
2019-03-07,sh.600188,10.9000,11.2,10.75,11.01,52577957,578107892.0000,3,1.776355,1,0.639860,7.289126,1.096621,0.358210,-37.243738,0,10.887999999999936,10.569000000000026,9.949000000000042,1,1,1,1,1,83.8734567901234,83.56983338351904,84.48070360333213,1,0.49206219197871626,0.3716626204189985,0.12039957155971776
2019-03-08,sh.600188,10.7600,10.76,10.24,10.29,51938130,546465056.0000,3,1.754738,1,-6.539512,6.812453,1.024907,0.334784,-34.808180,0,10.779999999999935,10.644000000000025,10.009000000000041,-1,-1,1,1,1,62.88997330663991,76.1202174396619,36.42948504059592,-1,0.4424571919791713,0.3858215347310331,0.05663565724813824
2019-03-11,sh.600188,10.2000,10.54,10.18,10.49,25724808,266722965.0000,3,0.869117,1,1.943633,6.944862,1.044828,0.341291,-35.484724,0,10.709999999999935,10.672000000000024,10.073500000000042,-1,-1,1,1,1,44.35364852031515,63.705692872359556,5.649559816226329,-1,0.4145050444925875,0.391558236683344,0.02294680780924352
2019-03-12,sh.600188,10.5900,10.63,10.34,10.47,33129169,348154923.0000,3,1.119274,1,-0.190653,6.931621,1.042836,0.340641,-35.417069,0,10.639999999999935,10.677000000000024,10.128500000000042,-1,-1,1,-1,1,24.63617463617463,43.95993215437664,-14.011340400229386,-1,0.38628606803452215,0.3905038029535796,-0.00421773491905747
2019-03-13,sh.600188,10.4500,10.47,10.28,10.33,22682849,234940462.0000,3,0.766344,1,-1.337157,6.838934,1.028891,0.336086,-34.943489,0,10.517999999999935,10.658000000000024,10.173000000000043,-1,-1,1,-1,1,24.038461538461558,31.009428231650517,10.096528152083636,-1,0.3486069717436209,0.38212443671158786,-0.03351746496796698
2019-03-14,sh.600188,10.3500,10.58,10.27,10.4,28114025,293129582.0000,3,0.949837,1,0.677635,6.885278,1.035864,0.338363,-35.180279,0,10.395999999999935,10.642000000000024,10.227000000000043,1,-1,1,-1,1,21.153846153846178,23.27616077616086,16.909216909216816,-1,0.32069762881777386,0.36983907513282505,-0.049141446315051185
2019-03-15,sh.600188,10.4300,10.62,10.33,10.56,30254533,317091332.0000,3,1.022154,1,1.538469,6.991205,1.051800,0.343569,-35.721514,0,10.449999999999935,10.615000000000025,10.299000000000044,1,-1,1,-1,1,24.277275012569167,23.156527568292372,26.51876990112276,1,0.30794019343350243,0.3574592987929605,-0.04951910535945808
2019-03-18,sh.600188,10.6100,10.96,10.48,10.87,46076025,493613406.0000,3,1.556686,1,2.935601,7.196439,1.082677,0.353655,-36.770157,0,10.525999999999936,10.618000000000025,10.371500000000044,1,1,1,-1,1,42.018602312719985,29.149907826378513,67.75599128540293,1,0.31916510652635566,0.3498004603396395,-0.03063535381328386
2019-03-19,sh.600188,10.8100,10.88,10.6,10.68,32728044,350950897.0000,3,1.105722,1,-1.747926,7.070651,1.063752,0.347473,-36.127440,0,10.567999999999936,10.604000000000024,10.438500000000044,1,1,1,-1,1,51.307189542483684,39.201022289257686,75.51952404893568,1,0.3091656497583486,0.34167349822338133,-0.03250784846503274
2019-03-20,sh.600188,10.7700,10.87,10.53,10.72,32782418,351468574.0000,3,1.107559,1,0.374532,7.097132,1.067736,0.348774,-36.262749,0,10.645999999999935,10.582000000000026,10.496000000000045,1,1,1,1,1,61.96581196581196,51.76386794033862,82.36970001675864,1,0.3009989454556834,0.33353858766984174,-0.03253964221415834
2019-03-21,sh.600188,10.7500,10.78,10.59,10.7,28932330,309153584.0000,3,0.977483,1,-0.186571,7.083891,1.065744,0.348124,-36.195095,0,10.705999999999936,10.551000000000025,10.560000000000045,-1,1,1,1,1,61.639014580191,58.30400536282895,68.3090330149151,1,0.28957490139569586,0.3247458504150126,-0.03517094901931672
2019-03-22,sh.600188,10.6900,10.7,10.49,10.64,23430466,248140309.0000,3,0.791602,1,-0.560743,7.044169,1.059768,0.346172,-35.992132,0,10.721999999999934,10.586000000000025,10.615000000000046,-1,1,1,1,1,63.173541434410964,62.259455993471384,65.00171231629012,1,0.27253811586270515,0.3143043035045511,-0.04176618764184592
2019-03-25,sh.600188,10.4000,10.53,10.32,10.38,23201207,241958175.0000,3,0.783856,1,-2.443611,6.872037,1.033872,0.337713,-35.112625,0,10.623999999999935,10.575000000000026,10.623500000000046,-1,-1,-1,1,1,45.41062801932369,56.74106134464196,22.749761368687132,-1,0.23534361875437604,0.29851216655451607,-0.06316854780014003
2019-03-26,sh.600188,10.4300,10.48,10.12,10.14,18564242,190953690.0000,3,0.627196,1,-2.312136,6.713146,1.009967,0.329904,-34.300772,0,10.515999999999936,10.542000000000026,10.609500000000045,-1,-1,-1,-1,-1,23.98205659075236,44.18874201482908,-16.431314257401084,-1,0.1843753532848389,0.27568480390058064,-0.09130945061574175
2019-03-27,sh.600188,10.1700,10.3,10.08,10.29,14253681,145020776.0000,3,0.481563,1,1.479286,6.812453,1.024907,0.334784,-34.808180,0,10.429999999999936,10.538000000000025,10.598000000000045,-1,-1,-1,-1,-1,14.062205910032057,27.818296840036115,-13.449975949976057,-1,0.1543076199023261,0.25140936710092976,-0.09710174719860365
2019-03-28,sh.600188,10.2000,10.32,10.15,10.16,12499556,128022888.0000,3,0.422299,1,-1.263364,6.726387,1.011959,0.330555,-34.368426,0,10.321999999999935,10.514000000000024,10.578000000000044,-1,-1,-1,-1,-1,11.778499278499291,16.607587259761317,2.1203233159752415,-1,0.11862141716785146,0.2248517771143141,-0.10623035994646263
2019-03-29,sh.600188,10.2200,10.62,10.18,10.61,32731139,343160336.0000,3,1.105827,1,4.429132,7.024307,1.056780,0.345196,-35.890650,0,10.315999999999935,10.519000000000023,10.567000000000045,1,1,1,-1,-1,33.068181818181735,19.63629566890444,59.93195411673633,1,0.12520776639676434,0.20492297497080414,-0.0797152085740398
2019-04-01,sh.600188,10.9600,11.17,10.78,11.11,61642483,678743474.0000,3,2.082601,1,4.712535,6.900134,1.076905,0.334783,8.662733,0,10.461999999999934,10.543000000000024,10.580500000000043,1,1,1,-1,-1,56.612107311648536,33.819596136109936,102.19712966272573,1,0.16882718227244453,0.19770381643113222,-0.028876634158687686
2019-04-02,sh.600188,11.2100,11.23,10.99,11.14,43560870,484051936.0000,3,1.471711,1,0.270033,6.918766,1.079813,0.335687,8.686125,0,10.661999999999933,10.589000000000024,10.596500000000043,1,1,1,1,1,84.30644196250493,57.995577030778485,136.9281718259578,1,0.20347114420042978,0.19885728198499172,0.004613862215438053
2019-04-03,sh.600188,11.1200,11.64,11.07,11.51,53949597,617387938.0000,3,1.822696,1,3.321363,7.148564,1.115677,0.346837,8.974623,0,10.905999999999933,10.668000000000024,10.625000000000043,1,1,1,1,1,92.77866418472718,77.8990711529603,122.53785024826092,1,0.25781075945226384,0.21064797747844616,0.04716278197381768
2019-04-04,sh.600188,11.6300,12.14,11.62,12.06,71049980,845944362.0000,3,2.400435,1,4.778455,7.490155,1.168989,0.363410,9.403471,0,11.285999999999934,10.804000000000023,10.677500000000043,1,1,1,1,1,93.31902818817127,90.13471144513454,99.68766167424474,1,0.3413211616073788,0.2367826143042327,0.1045385473031461
2019-04-08,sh.600188,12.3600,12.75,12.05,12.42,70028967,866467694.0000,3,2.365940,1,2.985072,7.713741,1.203885,0.374258,9.684171,0,11.647999999999934,10.982000000000024,10.784000000000043,1,1,1,1,1,91.80787365307926,92.63518867532598,90.15324360858583,-1,0.4315777882348062,0.2757416490903474,0.15583613914445882
2019-04-09,sh.600188,12.2700,12.28,12.01,12.11,39075070,473698163.0000,3,1.320157,1,-2.495978,7.521208,1.173836,0.364917,9.442457,0,11.847999999999933,11.155000000000024,10.865000000000043,1,1,1,1,1,86.59563894646254,90.57418026257109,78.63855631424545,-1,0.4726440593732768,0.31512213114693327,0.15752192822634353
2019-04-10,sh.600188,12.1100,12.36,11.79,12.15,48501813,586945090.0000,3,1.638641,1,0.330305,7.546051,1.177713,0.366122,9.473646,0,12.049999999999933,11.356000000000025,10.949000000000044,1,1,1,1,1,80.19782963603187,86.20044741185797,68.19259408437966,-1,0.5026231144319286,0.3526223278039323,0.15000078662799632
2019-04-11,sh.600188,12.0300,12.32,11.81,11.88,40006286,483864105.0000,3,1.351619,1,-2.222218,7.378361,1.151542,0.357986,9.263120,0,12.123999999999935,11.515000000000024,11.026500000000043,-1,1,1,1,1,73.0336331306908,79.94236723772849,59.21616491661541,-1,0.49884461780344225,0.3818667858038343,0.11697783199960793
2019-04-12,sh.600188,11.8800,12.08,11.8,11.98,24375196,291790402.0000,3,0.823520,1,0.841746,7.440469,1.161235,0.360999,9.341093,0,12.107999999999933,11.697000000000024,11.105500000000042,-1,1,1,1,1,67.99488080967076,73.74211452546456,56.50041337808318,-1,0.49817662622495895,0.40512875388805925,0.0930478723368997
2019-04-15,sh.600188,12.2200,12.28,11.76,11.77,30210581,363693140.0000,3,1.020669,1,-1.752914,7.310043,1.140879,0.354671,9.177351,0,11.977999999999932,11.813000000000024,11.166000000000043,-1,-1,1,1,1,57.126582441372385,66.0516987939114,39.27634973629435,-1,0.47522390773782774,0.41914778465801295,0.0560761230798148
2019-04-16,sh.600188,11.6400,12.15,11.55,12.14,29935841,357325564.0000,3,1.011387,1,3.143584,7.539840,1.176744,0.365821,9.465849,0,11.983999999999932,11.916000000000023,11.22950000000004,1,1,1,1,1,56.30745453080478,60.476305927282716,47.96975173784891,-1,0.48134102108565635,0.4315864319435416,0.049754589142114725
2019-04-17,sh.600188,12.2200,12.37,12.07,12.19,29150672,355920307.0000,3,0.984860,1,0.411855,7.570894,1.181590,0.367327,9.504835,0,11.991999999999932,12.021000000000024,11.30500000000004,1,1,1,-1,1,53.78066378066374,55.73823358428038,49.86552417343046,-1,0.4846368674854009,0.4421965190519135,0.04244034843348743
2019-04-18,sh.600188,12.1700,12.31,11.96,11.96,24071486,291597188.0000,3,0.813259,1,-1.886789,7.428047,1.159296,0.360397,9.325498,0,12.007999999999932,12.066000000000022,11.367000000000042,-1,-1,1,-1,1,50.396825396825385,53.49498123609805,44.20051371828005,-1,0.46334857771328686,0.44642693078418816,0.0169216469290987
2019-04-19,sh.600188,11.8700,12.35,11.59,12.18,43199924,515385672.0000,3,1.459516,1,1.839467,7.564683,1.180621,0.367026,9.497038,0,12.047999999999933,12.078000000000022,11.441000000000042,1,1,1,-1,1,54.77642276422762,52.98463731390566,58.35999366487154,1,0.45893925008313197,0.4489293946439769,0.010009855439155058
2019-04-22,sh.600188,12.2600,12.26,11.75,11.83,26175181,312621963.0000,3,0.884333,1,-2.873566,7.347307,1.146695,0.356479,9.224134,0,12.059999999999931,12.019000000000023,11.500500000000043,-1,-1,1,1,1,48.38075880758807,51.184668989547106,42.77293844367,-1,0.4223343438192426,0.44361038447903006,-0.021276040659787443
2019-04-23,sh.600188,11.7300,11.96,11.56,11.62,21557289,253590237.0000,3,0.728316,1,-1.775148,7.216882,1.126340,0.350151,9.060392,0,11.95599999999993,11.970000000000024,11.562500000000044,-1,-1,1,-1,1,39.83739837398367,47.6648599819332,24.182475158084614,-1,0.3720902224578566,0.4293063520747954,-0.05721612961693878
2019-04-24,sh.600188,11.6200,11.81,11.55,11.73,16622611,194056220.0000,3,0.561598,1,0.946641,7.285200,1.137002,0.353466,9.146162,0,11.86399999999993,11.928000000000022,11.642000000000042,-1,-1,1,-1,1,21.5447154471544,36.58762420957546,-8.541102077687725,-1,0.3372597544686471,0.41089703255356574,-0.07363727808491866
2019-04-25,sh.600188,11.6600,11.7,11.2,11.2,20777317,238046993.0000,3,0.701965,1,-4.518327,6.956031,1.085629,0.337495,8.732908,0,11.711999999999929,11.860000000000024,11.687500000000043,-1,-1,-1,-1,1,10.16260162601619,23.84823848238483,-17.208672086721087,-1,0.26384830798742875,0.38148728764033835,-0.11763897965290959
2019-04-26,sh.600188,11.2000,11.38,11.06,11.18,14639517,164476160.0000,3,0.494598,1,-0.178567,6.943609,1.083690,0.336893,8.717314,0,11.51199999999993,11.780000000000024,11.738500000000043,-1,-1,-1,-1,-1,10.370508285235493,14.025941786135439,3.0596412834355995,-1,0.2017299575193814,0.34553582161614693,-0.14380586409676555
2019-04-29,sh.600188,11.2900,11.59,11.26,11.28,23533003,268383776.0000,3,0.795066,1,0.894449,6.934817,1.039081,0.309681,-9.167000,0,11.40199999999993,11.731000000000025,11.772000000000045,-1,-1,-1,-1,-1,8.651399491094091,9.728169800782004,6.497858871718268,-1,0.15874002530060416,0.30817666235303837,-0.1494366370524342
2019-04-30,sh.600188,11.2500,11.55,11.23,11.45,15560748,178273414.0000,3,0.525722,1,1.507093,7.039331,1.054741,0.314348,-9.305155,0,11.36799999999993,11.662000000000024,11.789000000000044,1,-1,-1,-1,-1,18.72891887093903,12.58360888242295,31.01953884797119,1,0.13681070489785085,0.27390347086200084,-0.13709276596415
2019-05-06,sh.600188,11.0000,11.04,10.5,10.77,32318890,350367101.0000,3,1.091899,1,-5.938859,6.621274,0.992101,0.295679,-8.752535,0,11.175999999999927,11.520000000000024,11.770500000000045,-1,-1,-1,-1,-1,20.540348621300087,15.973555661111149,29.673934541677966,1,0.0638255028170871,0.2318878772530181,-0.168062374435931
2019-05-07,sh.600188,10.8000,11.03,10.8,10.94,21525927,235332436.0000,3,0.727257,1,1.578450,6.725788,1.007761,0.300346,-8.890690,0,11.123999999999928,11.418000000000024,11.742000000000045,-1,-1,-1,-1,-1,23.275717578043103,20.84832835676082,28.130496020607673,1,0.019477261838515503,0.18940575417011757,-0.16992849233160207
2019-05-08,sh.600188,10.7400,10.94,10.66,10.72,13468406,145352914.0000,3,0.455032,1,-2.010963,6.590535,0.987496,0.294306,-8.711901,0,11.031999999999927,11.272000000000023,11.675000000000045,-1,-1,-1,-1,-1,18.22102924842649,20.67903181592331,13.30502411343285,-1,-0.033040331655675104,0.14491653700495905,-0.17795686866063415
2019-05-09,sh.600188,10.6500,10.77,10.44,10.47,13600066,143641098.0000,3,0.459480,1,-2.332089,6.436838,0.964466,0.287443,-8.508732,0,10.869999999999926,11.136000000000022,11.577500000000047,-1,-1,-1,-1,-1,14.086091390860929,18.527612739110257,5.203048694362273,-1,-0.09375308631174306,0.09718261234161862,-0.19093569865336169
2019-05-10,sh.600188,10.6000,10.82,10.31,10.78,17813536,190153023.0000,3,0.601833,1,2.960835,6.627422,0.993023,0.295954,-8.760662,0,10.735999999999928,11.052000000000023,11.511000000000045,1,-1,-1,-1,-1,17.023741270956844,16.443620636748175,18.183982539374178,1,-0.11552230336351421,0.054641629200592054,-0.17016393256410628
2019-05-13,sh.600188,10.5600,10.91,10.5,10.74,12796103,137326141.0000,3,0.432318,1,-0.371057,6.602831,0.989338,0.294856,-8.728155,0,10.72999999999993,10.95300000000002,11.440500000000046,1,-1,-1,-1,-1,23.198826887395185,18.102886516404407,33.39070762937674,1,-0.13445234745406331,0.016822833869660977,-0.1512751813237243
2019-05-14,sh.600188,10.6700,10.77,10.62,10.66,11299254,120850364.0000,3,0.381747,1,-0.744878,6.553648,0.981968,0.292659,-8.663140,0,10.67399999999993,10.89900000000002,11.379500000000046,-1,-1,-1,-1,-1,31.58348321342922,23.9353504572605,46.87974872576665,1,-0.15413312447709693,-0.017368357799690606,-0.13676476667740634
2019-05-15,sh.600188,10.7400,10.86,10.71,10.83,11615359,125319423.0000,3,0.392427,1,1.594747,6.658162,0.997628,0.297326,-8.801295,0,10.69599999999993,10.86400000000002,11.322000000000047,1,-1,-1,-1,-1,34.290994623655884,29.69110157482685,43.49078072131396,1,-0.15423478027033433,-0.044741642293819356,-0.10949313797651497
2019-05-16,sh.600188,10.8500,11.04,10.8,11.02,14626257,160497098.0000,3,0.494150,1,1.754391,6.774971,1.015131,0.302543,-8.955704,0,10.80599999999993,10.838000000000019,11.284500000000047,1,1,-1,-1,-1,55.51316928119015,40.46254903942517,85.61440976472011,1,-0.1374000686522674,-0.06327332756550896,-0.07412674108675843
2019-05-17,sh.600188,11.0400,11.06,10.61,10.64,16809915,180602785.0000,3,0.567926,1,-3.448277,6.541352,0.980126,0.292110,-8.646887,0,10.77799999999993,10.75700000000002,11.209500000000045,-1,-1,-1,1,-1,61.06525261452348,50.28980550645659,82.61614683065727,1,-0.15295805734293033,-0.08121027352099323,-0.0717477838219371
2019-05-20,sh.600188,10.6300,10.72,10.39,10.49,13626991,143031092.0000,3,0.460390,1,-1.409780,6.449133,0.966309,0.287992,-8.524985,0,10.727999999999929,10.729000000000019,11.124500000000046,-1,-1,-1,-1,-1,55.086757990867575,57.22172662886049,50.81682071488176,-1,-0.1753700649228751,-0.1000422318013696,-0.0753278331215055
2019-05-21,sh.600188,10.4900,10.77,10.47,10.74,10883399,116066259.0000,3,0.367697,1,2.383222,6.602831,0.989338,0.294856,-8.728155,0,10.74399999999993,10.70900000000002,11.063500000000046,-1,1,-1,1,-1,41.77777777777774,52.64326279438968,20.046807744553874,-1,-0.17098779091943683,-0.11423134362498305,-0.05675644729445378
2019-05-22,sh.600188,10.8300,10.88,10.58,10.69,10943964,117713259.0000,3,0.369744,1,-0.465551,6.572091,0.984732,0.293483,-8.687521,0,10.71599999999993,10.706000000000019,10.989000000000045,-1,-1,-1,1,-1,43.999999999999915,46.95484525621516,38.09030948756943,-1,-0.16959441053589508,-0.12530395700716546,-0.04429045352872962
2019-05-23,sh.600188,10.6800,10.96,10.55,10.74,15991375,172136271.0000,3,0.540271,1,0.467729,6.602831,0.989338,0.294856,-8.728155,0,10.659999999999929,10.733000000000018,10.934500000000046,1,1,-1,-1,-1,53.41293532338299,46.39690436705363,67.44499723604171,1,-0.162581426924449,-0.13275945099062217,-0.029821975933826822
2019-05-24,sh.600188,10.7000,10.78,10.58,10.62,9398030,100177329.0000,3,0.317514,1,-1.117317,6.529056,0.978284,0.291561,-8.630633,0,10.65599999999993,10.717000000000018,10.884500000000045,-1,-1,-1,-1,-1,45.74461028192356,47.71918186843558,41.79546710889953,-1,-0.1648067938736073,-0.1391689195672192,-0.025637874306388114
2019-05-27,sh.600188,10.6200,10.82,10.55,10.76,11175965,119711267.0000,3,0.377582,1,1.318271,6.615126,0.991180,0.295405,-8.744408,0,10.709999999999928,10.719000000000019,10.836000000000045,1,1,-1,-1,-1,47.26368159203965,48.80707573244882,44.176893311221306,-1,-0.15350408371840452,-0.14203595239745626,-0.01146813132094826
2019-05-28,sh.600188,10.7700,10.91,10.62,10.91,17083646,183552297.0000,3,0.577174,1,1.394048,6.707345,1.004998,0.299523,-8.866310,0,10.743999999999929,10.74400000000002,10.821500000000047,1,1,1,-1,-1,55.721393034825724,49.57656163626307,68.01105583195103,1,-0.1309335377709573,-0.13981546947215645,0.008881931701199164
2019-05-29,sh.600188,10.7700,10.85,10.71,10.78,10389225,111919481.0000,3,0.351002,1,-1.191568,6.627422,0.993023,0.295954,-8.760662,0,10.76199999999993,10.73900000000002,10.801500000000045,1,1,-1,1,-1,63.681592039800854,55.55555555555549,79.93366500829158,1,-0.12212831188311668,-0.1362780379543485,0.014149726071231827
2019-05-30,sh.600188,10.7600,10.82,10.66,10.78,10348354,111163084.0000,3,0.349621,1,0.000000,6.627422,0.993023,0.295954,-8.760662,0,10.769999999999929,10.715000000000021,10.776500000000045,1,1,1,1,-1,68.08064938465549,62.49454481976077,79.25285851444492,1,-0.11383785499796417,-0.13179000136307165,0.017952146365107474
2019-05-31,sh.600188,10.7900,10.81,10.66,10.66,9289672,99542649.0000,3,0.313853,1,-1.113171,6.553648,0.981968,0.292659,-8.663140,0,10.77799999999993,10.71700000000002,10.737000000000046,-1,-1,-1,1,1,55.13517268651352,62.29913803699004,40.80724198556048,-1,-0.11561783487429089,-0.12855556806531548,0.012937733191024592
2019-06-03,sh.600188,10.6100,10.65,10.29,10.33,21513626,223999386.0000,3,0.726841,1,-3.095684,6.350767,0.951570,0.283599,-8.394957,0,10.69199999999993,10.70100000000002,10.715000000000046,-1,-1,-1,-1,-1,37.72223736313053,53.64601981143327,5.874672466525055,-1,-0.14201961016344455,-0.1312483764849413,-0.010771233678503245
2019-06-04,sh.600188,10.4100,10.57,10.37,10.49,13819385,145005751.0000,3,0.466890,1,1.548885,6.449133,0.966309,0.287992,-8.524985,0,10.60799999999993,10.67600000000002,10.692500000000047,-1,-1,-1,-1,-1,24.8654685754899,39.24095954171141,-3.885513356953126,-1,-0.1483227718838549,-0.13466325556472403,-0.013659516319130871
2019-06-05,sh.600188,10.5900,10.69,10.53,10.57,9599232,101989610.0000,3,0.324312,1,0.762630,6.498317,0.973678,0.290188,-8.589999,0,10.565999999999928,10.664000000000021,10.685000000000047,1,-1,-1,-1,-1,26.99406194832298,29.860589295647895,21.26100725367315,-1,-0.14518909207068376,-0.13676842286591598,-0.008420669204767778
2019-06-06,sh.600188,10.5400,10.65,10.53,10.57,8229095,87122400.0000,3,0.278021,1,0.000000,6.498317,0.973678,0.290188,-8.589999,0,10.523999999999928,10.647000000000023,10.690000000000046,1,-1,-1,-1,-1,40.05777563793941,30.639102053917515,58.895122805983185,1,-0.14107935327608345,-0.13763060894794948,-0.003448744328133968
2019-06-10,sh.600188,10.5800,10.74,10.53,10.73,14054051,149695758.0000,3,0.474818,1,1.513717,6.596683,0.988417,0.294581,-8.720028,0,10.53799999999993,10.658000000000023,10.687500000000046,1,1,1,-1,-1,53.76344086021513,40.27175948215926,80.74680361632686,1,-0.12348819777289499,-0.1348021267129386,0.0113139289400436
2019-06-11,sh.600188,10.1100,10.35,10.11,10.35,22900277,234706291.0000,3,0.773690,1,1.570175,6.363063,0.953412,0.284148,-8.411210,0,10.541999999999929,10.617000000000022,10.668000000000045,-1,-1,-1,-1,-1,49.52048823016569,47.78056824277349,53.000328204950094,1,-0.1386120708370857,-0.135564115537768,-0.0030479552993177006
2019-06-12,sh.600188,10.3200,10.32,10.16,10.22,12598765,128937263.0000,3,0.425651,1,-1.256040,6.283141,0.941437,0.280579,-8.305562,0,10.487999999999928,10.548000000000021,10.646000000000045,-1,-1,-1,-1,-1,39.63104403813178,47.63832437617095,23.616483362053444,-1,-0.15925200476672785,-0.14030169338355997,-0.018950311383167884
2019-06-13,sh.600188,10.1900,10.24,10.09,10.18,10802075,109737229.0000,3,0.364950,1,-0.391389,6.258549,0.937752,0.279481,-8.273055,0,10.409999999999929,10.488000000000023,10.613500000000045,-1,-1,-1,-1,-1,20.141796726303784,36.43110966486717,-12.436829150822987,-1,-0.17679893870286634,-0.14760114244742123,-0.029197796255445108
2019-06-14,sh.600188,10.2000,10.26,10.11,10.12,10688232,108796363.0000,3,0.361104,1,-0.589395,6.221662,0.932225,0.277834,-8.224295,0,10.319999999999927,10.422000000000022,10.568500000000045,-1,-1,-1,-1,-1,10.869447453954473,23.547429406130096,-14.48651645039677,-1,-0.193318058582145,-0.15674452567436598,-0.03657353290777904
2019-06-17,sh.600188,10.1100,10.23,10.1,10.19,6912451,70410042.0000,3,0.233538,1,0.691697,6.264697,0.938673,0.279756,-8.281182,0,10.211999999999927,10.375000000000023,10.546000000000044,-1,-1,-1,-1,-1,10.833333333333238,13.948192504530581,4.603614990938553,-1,-0.19847328858918978,-0.16509027825733075,-0.03338301033185903
2019-06-18,sh.600188,10.2400,10.27,10.15,10.24,5634286,57528948.0000,3,0.190355,1,0.490679,6.295436,0.943279,0.281129,-8.321816,0,10.189999999999927,10.366000000000023,10.533500000000043,1,-1,-1,-1,-1,14.358974358974288,12.020585048754084,19.0357529794147,1,-0.19626187861078748,-0.1713245983280221,-0.024937280282765373
2019-06-19,sh.600188,10.4200,10.5,10.24,10.26,13405398,138501510.0000,3,0.452904,1,0.195317,6.307732,0.945122,0.281678,-8.338069,0,10.197999999999926,10.343000000000023,10.509500000000042,1,-1,-1,-1,-1,21.538461538461494,15.576923076923089,33.46153846153831,1,-0.19069724824468004,-0.1751991283113537,-0.015498119933326338
2019-06-20,sh.600188,10.2700,10.55,10.22,10.48,16999571,177104255.0000,3,0.574333,1,2.144243,6.442986,0.965387,0.287718,-8.516858,0,10.257999999999928,10.334000000000024,10.499000000000041,1,1,-1,-1,-1,36.41025641025641,24.102564102564145,61.02564102564094,1,-0.16661444954479876,-0.1734821925580427,0.006867743013243943
2019-06-21,sh.600188,10.5200,10.64,10.46,10.55,15887506,167700262.0000,3,0.536762,1,0.667945,6.486021,0.971836,0.289639,-8.573746,0,10.343999999999928,10.332000000000024,10.489500000000042,1,1,1,1,-1,56.5967365967366,38.18181818181825,93.42657342657328,1,-0.14026337421532098,-0.16683842888949835,0.026575054674177367
2019-06-24,sh.600188,10.5400,10.78,10.46,10.68,13698909,146028951.0000,3,0.462820,1,1.232229,6.565943,0.983811,0.293208,-8.679394,0,10.44199999999993,10.327000000000023,10.492500000000042,1,1,1,1,-1,76.3812033377251,56.46273211490612,116.21814578336307,1,-0.10764913144475763,-0.1550005694005502,0.04735143795579258
2019-06-25,sh.600188,10.6700,10.82,10.56,10.78,22668245,242466635.0000,3,0.765850,1,0.936324,6.627422,0.993023,0.295954,-8.760662,0,10.54999999999993,10.370000000000024,10.493500000000044,1,1,1,1,1,87.88805265279353,73.62199752908516,116.42016290021027,1,-0.0728926833316983,-0.13857899218677983,0.06568630885508153
2019-06-26,sh.600188,10.7500,10.92,10.68,10.91,15793119,171302550.0000,3,0.533573,1,1.205938,6.707345,1.004998,0.299523,-8.866310,0,10.67999999999993,10.439000000000025,10.493500000000044,1,1,1,1,1,92.93609404229834,85.73511667760573,107.33804877168353,1,-0.03446079169517979,-0.11775535208845982,0.08329456039328002
2019-06-27,sh.600188,10.9100,11.05,10.86,10.96,17284509,189856310.0000,3,0.583960,1,0.458297,6.738084,1.009604,0.300895,-8.906944,0,10.775999999999929,10.517000000000024,10.502500000000044,1,1,1,1,1,94.60911717985236,91.81108795831483,100.20517562292741,1,3.098427867698206e-05,-0.09419808481503246,0.09422906909370944
2019-06-28,sh.600188,10.9500,10.99,10.83,10.87,11121171,121019561.0000,3,0.375731,1,-0.821169,6.682753,1.001313,0.298425,-8.833803,0,10.839999999999929,10.592000000000024,10.507000000000044,1,1,1,1,1,89.76893453145051,92.43804858453382,84.43070642528392,-1,0.019874615206584068,-0.07138354481070916,0.09125816001729323
2019-07-01,sh.600188,11.0200,11.08,10.92,10.97,14124195,155070543.0000,3,0.477188,1,0.919967,6.744232,1.010525,0.301170,-8.915070,0,10.897999999999929,10.670000000000025,10.522500000000043,1,1,1,1,1,85.91187270501831,90.09664147210714,77.54233517084066,-1,0.04317233613065419,-0.04847236862243649,0.09164470475309068
2019-07-02,sh.600188,10.9700,11.01,10.84,10.92,11539971,125944684.0000,3,0.389880,1,-0.455790,6.713493,1.005919,0.299797,-8.874436,0,10.925999999999927,10.738000000000024,10.552000000000042,-1,1,1,1,1,82.8682170542635,86.18300809691084,76.23863496896882,-1,0.05694493986169924,-0.027388906925609344,0.08433384678730858
2019-07-03,sh.600188,10.8700,10.89,10.69,10.75,15677954,168689338.0000,3,0.529682,1,-1.556777,6.608979,0.990259,0.295130,-8.736281,0,10.893999999999929,10.787000000000024,10.565000000000042,-1,-1,1,1,1,71.79294823705924,80.19101266544709,54.99681938028351,-1,0.0535252426155175,-0.011206077017383975,0.06473131963290148
2019-07-04,sh.600188,10.8100,10.92,10.63,10.7,12036984,129515708.0000,3,0.406671,1,-0.465118,6.578239,0.985653,0.293757,-8.695647,0,10.841999999999928,10.809000000000024,10.571500000000041,-1,-1,1,1,1,55.626406601650295,70.09585729765776,26.68750520963536,-1,0.046247414372890816,0.0002846212606709853,0.04596279311221983
2019-07-05,sh.600188,10.7700,10.78,10.62,10.67,9695036,103320446.0000,3,0.327548,1,-0.280371,6.559795,0.982890,0.292934,-8.671267,0,10.801999999999929,10.821000000000025,10.576500000000042,-1,-1,1,-1,1,35.54590570719589,54.321753515301886,-2.0057899090160873,-1,0.037625213734104435,0.0077527397553576755,0.02987247397874676
2019-07-08,sh.600188,10.6100,10.67,10.27,10.32,14407100,150200511.0000,3,0.486746,1,-3.280228,6.344619,0.950649,0.283325,-8.386830,0,10.67199999999993,10.785000000000025,10.556000000000042,-1,-1,-1,-1,1,22.01212102645786,37.72814444510143,-9.419925810829284,-1,0.0025209230486265,0.006706376414011441,-0.004185453365384941
2019-07-09,sh.600188,10.3600,10.39,10.2,10.24,10383888,106551060.0000,3,0.350821,1,-0.775193,6.295436,0.943279,0.281129,-8.321816,0,10.535999999999929,10.731000000000025,10.550500000000042,-1,-1,-1,-1,-1,10.624046735157862,22.72735782293729,-13.582575440400994,-1,-0.031392933449096105,-0.0009134855586100691,-0.030479447890486035
2019-07-10,sh.600188,10.2600,10.32,10.15,10.21,9156295,93476288.0000,3,0.309347,1,-0.292966,6.276993,0.940516,0.280305,-8.297436,0,10.42799999999993,10.661000000000024,10.550000000000043,-1,-1,-1,-1,-1,5.7233023182844605,12.786490026633478,-8.403073098413575,-1,-0.05999902690515668,-0.012730593827919395,-0.047268433077237285
2019-07-11,sh.600188,10.3000,10.31,10.08,10.15,10000524,102010648.0000,3,0.337869,1,-0.587663,6.240105,0.934989,0.278658,-8.248675,0,10.317999999999929,10.580000000000023,10.548500000000043,-1,-1,-1,-1,-1,5.999022482893495,7.448790512112023,3.0994864244564404,-1,-0.08651378357978956,-0.027487231778293427,-0.05902655180149613
2019-07-12,sh.600188,10.1900,10.32,10.12,10.26,9944912,101781789.0000,3,0.335990,1,1.083750,6.307732,0.945122,0.281678,-8.338069,0,10.235999999999928,10.519000000000023,10.555500000000041,1,-1,-1,-1,-1,10.935483870967744,7.552602890715317,17.701245831472598,1,-0.09752661250060157,-0.041495107922755056,-0.056031504577846517
2019-07-15,sh.600188,10.3100,10.38,10.12,10.36,9925381,102133629.0000,3,0.335331,1,0.974653,6.369211,0.954333,0.284423,-8.419337,0,10.243999999999927,10.458000000000023,10.564000000000041,1,-1,-1,-1,-1,19.89605734767021,12.276854567177233,35.134462908656175,1,-0.09706627490294117,-0.05260934131879228,-0.04445693358414889
2019-07-16,sh.600188,10.3000,10.41,10.3,10.34,5442292,56385898.0000,3,0.183869,1,-0.193045,6.356915,0.952491,0.283874,-8.403084,0,10.263999999999928,10.400000000000023,10.569000000000042,1,-1,-1,-1,-1,27.88018433179718,19.570575183478464,44.499402628434616,1,-0.09719488476342875,-0.06152645000771957,-0.035668434755709175
2019-07-17,sh.600188,10.3400,10.37,10.26,10.29,6618200,68276374.0000,3,0.223597,1,-0.483561,6.326176,0.947885,0.282501,-8.362450,0,10.279999999999927,10.354000000000024,10.570500000000042,1,-1,-1,-1,-1,31.42857142857135,26.40160436934633,41.48250554702139,1,-0.10017661744884343,-0.06925648349594435,-0.03092013395289908
2019-07-18,sh.600188,10.2500,10.26,10.14,10.14,6483227,66098424.0000,3,0.219037,1,-1.457722,6.233957,0.934068,0.278383,-8.240548,0,10.277999999999928,10.298000000000025,10.553500000000042,-1,-1,-1,-1,-1,23.707290825934866,27.672015528767883,15.777841420268835,-1,-0.11333693089241414,-0.07807257297523831,-0.03526435791717583
2019-07-19,sh.600188,10.2400,10.39,10.2,10.32,8812828,90997491.0000,3,0.297743,1,1.775141,6.344619,0.950649,0.283325,-8.386830,0,10.289999999999928,10.263000000000025,10.54200000000004,1,1,-1,1,-1,37.63225475089882,30.922705668468428,51.05135291575959,1,-0.10799715446339064,-0.08405748927286878,-0.02393966519052186
2019-07-22,sh.600188,10.3300,10.35,10.08,10.18,7562176,77000199.0000,3,0.255489,1,-1.356583,6.258549,0.937752,0.279481,-8.273055,0,10.253999999999929,10.249000000000027,10.517000000000042,-1,-1,-1,1,-1,37.733264851908906,33.02427014291428,47.15125426989816,1,-0.11375092330716541,-0.08999617607972811,-0.023754747227437298
2019-07-23,sh.600188,10.1200,10.31,10.12,10.27,6225581,63789968.0000,3,0.210332,1,0.884088,6.313880,0.946043,0.281952,-8.346196,0,10.239999999999927,10.252000000000027,10.491500000000041,1,1,-1,-1,-1,53.535353535353444,42.96695771272048,74.67214518061938,1,-0.10978306786217829,-0.09395355443621814,-0.015829513425960146
2019-07-24,sh.600188,10.3600,10.42,10.21,10.25,10334937,106594787.0000,3,0.349167,1,-0.194746,6.301584,0.944200,0.281403,-8.329943,0,10.231999999999926,10.256000000000025,10.458500000000042,1,-1,-1,-1,-1,45.95959595959585,45.74273811561949,46.393311647548586,1,-0.10701870171169325,-0.09656658389131316,-0.010452117820380094
2019-07-25,sh.600188,10.2700,10.37,10.24,10.31,6573154,67686991.0000,3,0.222075,1,0.585370,6.338471,0.949728,0.283050,-8.378703,0,10.265999999999927,10.272000000000025,10.426000000000041,1,1,-1,-1,-1,58.40760546642898,52.63418498712618,69.95444642503459,1,-0.09884697664551112,-0.09702266244215275,-0.0018243142033583654
2019-07-26,sh.600188,10.3100,10.42,10.28,10.38,9119794,94574338.0000,3,0.308100,1,0.678900,6.381507,0.956176,0.284972,-8.435591,0,10.277999999999928,10.284000000000024,10.401500000000041,1,1,-1,-1,-1,68.62745098039228,57.66488413547247,90.55258467023192,1,-0.08573412109057443,-0.09476495417183708,0.009030833081262651
2019-07-29,sh.600188,10.4400,10.44,10.32,10.34,6933465,71832465.0000,3,0.234248,1,-0.385356,6.356915,0.952491,0.283874,-8.403084,0,10.309999999999928,10.282000000000025,10.370000000000042,1,1,-1,1,-1,76.03485838779972,67.68997161154043,92.72463194031829,1,-0.07767437248097409,-0.09134683783366448,0.0136724653526904
2019-07-30,sh.600188,10.3400,10.43,10.33,10.35,9291876,96323384.0000,3,0.313900,1,0.096700,6.363063,0.953412,0.284148,-8.411210,0,10.32599999999993,10.283000000000024,10.341500000000043,1,1,1,1,-1,78.48583877995652,74.38271604938295,86.69208424110369,1,-0.06967685579275695,-0.08701284142548298,0.017335985632726023
2019-07-31,sh.600188,10.3100,10.37,10.24,10.29,8520969,87739275.0000,3,0.287900,1,-0.579700,6.326176,0.947885,0.282501,-8.362450,0,10.333999999999929,10.283000000000024,10.318500000000041,-1,1,-1,1,1,68.51851851851849,74.34640522875834,56.8627450980388,-1,-0.06740328168326748,-0.08309092947703987,0.015687647793772394
2019-08-01,sh.600188,10.3200,10.37,10.2,10.25,8823648,90700962.0000,3,0.298100,1,-0.388700,6.301584,0.944200,0.281403,-8.329943,0,10.321999999999928,10.294000000000024,10.296000000000042,-1,-1,-1,1,1,60.18518518518516,69.06318082788682,42.429193899781836,-1,-0.068044746051239,-0.0800816927918797,0.012036946740640694
2019-08-02,sh.600188,10.0800,10.2,10.01,10.13,10209399,103244321.0000,3,0.344900,1,-1.170700,6.227810,0.933146,0.278109,-8.232421,0,10.27199999999993,10.275000000000023,10.269000000000043,-1,-1,-1,-1,1,44.48751076658059,57.73040482342819,18.001722652885405,-1,-0.07734452872071707,-0.07953425997764717,0.0021897312569301025
2019-08-05,sh.600188,10.1000,10.13,9.7,9.71,15379642,152335139.0000,3,0.519600,1,-4.146100,5.969598,0.894457,0.266578,-7.891097,0,10.145999999999928,10.228000000000023,10.238500000000043,-1,-1,-1,-1,-1,25.493516772586727,43.388737574784265,-10.296924831808354,-1,-0.1172535376073931,-0.08707811550359636,-0.030175422103796742
2019-08-06,sh.600188,9.6100,9.61,9.16,9.37,18922741,176663087.0000,3,0.639300,1,-3.501500,5.760570,0.863137,0.257244,-7.614787,0,9.949999999999928,10.138000000000023,10.195000000000043,-1,-1,-1,-1,-1,15.221526031845945,28.400851190337857,-11.13712428513788,-1,-0.17430756408433545,-0.10452400521974417,-0.06978355886459128
2019-08-07,sh.600188,9.3800,9.42,9.29,9.29,8930337,83588964.0000,3,0.301700,1,-0.853800,5.711387,0.855768,0.255047,-7.549772,0,9.749999999999927,10.042000000000025,10.149000000000042,-1,-1,-1,-1,-1,9.304617117117155,16.673219973850042,-5.432588596348616,-1,-0.22340336757385693,-0.12829987769056672,-0.0951034898832902
2019-08-08,sh.600188,9.3600,9.44,9.29,9.34,6872588,64269149.0000,3,0.232200,1,0.538200,5.742126,0.860374,0.256420,-7.590406,0,9.567999999999927,9.945000000000025,10.108500000000042,-1,-1,-1,-1,-1,13.54166666666663,12.689269938543346,15.246460122913202,1,-0.25533422936679884,-0.15370674802581313,-0.1016274813409857
2019-08-09,sh.600188,9.4200,9.42,9.14,9.16,7747300,71699279.0000,3,0.261700,1,-1.927200,5.631464,0.843793,0.251478,-7.444124,0,9.373999999999928,9.823000000000025,10.053500000000042,-1,-1,-1,-1,-1,8.589712532299716,10.4786654386946,4.811806719509949,-1,-0.2918004688983995,-0.1813254922003304,-0.1104749766980691
2019-08-12,sh.600188,9.2300,9.35,9.2,9.35,8136988,75604249.0000,3,0.274900,1,2.074200,5.748274,0.861295,0.256695,-7.598533,0,9.301999999999927,9.724000000000023,10.003000000000041,1,-1,-1,-1,-1,10.895352776202161,11.008910658389603,10.66823701182728,-1,-0.3018888278602141,-0.20543815933230714,-0.09645066852790696
2019-08-13,sh.600188,9.2500,9.3,9.19,9.21,5569663,51436010.0000,3,0.188200,1,-1.497300,5.662204,0.848399,0.252851,-7.484758,0,9.269999999999929,9.610000000000024,9.946500000000041,-1,-1,-1,-1,-1,8.104871746391877,9.196645684964686,5.921323869246258,-1,-0.31752057544727386,-0.22785464255530047,-0.08966593289197339
2019-08-14,sh.600188,9.3100,9.38,9.23,9.24,7788631,72485100.0000,3,0.263100,1,0.325700,5.680648,0.851162,0.253675,-7.509139,0,9.259999999999929,9.505000000000026,9.894000000000043,-1,-1,-1,-1,-1,10.73272996880912,9.91098483046782,12.37622024549172,1,-0.32375604064571384,-0.24703492217338313,-0.07672111847233071
2019-08-15,sh.600188,9.0700,9.26,8.98,9.22,9107496,82964661.0000,3,0.307700,1,-0.216400,5.668352,0.849320,0.253126,-7.492885,0,9.235999999999928,9.402000000000026,9.848000000000043,-1,-1,-1,-1,-1,11.998194797370472,10.278598837523925,15.437386717063564,1,-0.3265472906941138,-0.2629373958775293,-0.06360989481658452
2019-08-16,sh.600188,9.2500,9.31,9.19,9.22,6515656,60274839.0000,3,0.220100,1,0.000000,5.668352,0.849320,0.253126,-7.492885,0,9.247999999999928,9.311000000000025,9.793000000000044,-1,-1,-1,-1,-1,22.799588525593492,15.176837763924462,38.045090048931556,1,-0.32501283086657473,-0.27535248287533837,-0.049660347991236364
2019-08-19,sh.600188,9.2200,9.47,9.22,9.46,9663836,90653316.0000,3,0.326500,1,2.603000,5.815901,0.871428,0.259714,-7.687928,0,9.269999999999929,9.286000000000026,9.757000000000044,1,1,-1,-1,-1,52.307995662032994,29.03525966166576,98.85346766276746,1,-0.30096146968127435,-0.28047428023652554,-0.02048718944474881
2019-08-20,sh.600188,9.4700,9.64,9.46,9.54,12597911,120547969.0000,3,0.425600,1,0.845700,5.865084,0.878797,0.261911,-7.752942,0,9.335999999999927,9.303000000000026,9.720500000000042,1,1,-1,1,-1,73.63430220573076,49.580628797785856,121.74164902162057,1,-0.27230628391294864,-0.27884068097181014,0.006534397058861496
2019-08-21,sh.600188,9.4700,9.58,9.43,9.51,6428741,61102252.0000,3,0.217200,1,-0.314500,5.846641,0.876034,0.261087,-7.728561,0,9.389999999999926,9.325000000000028,9.683500000000041,1,1,-1,1,-1,87.70356627499477,71.21528804758628,120.68012272981173,1,-0.24914559667095126,-0.27290166411163835,0.02375606744068709
2019-08-22,sh.600188,9.5900,9.68,9.51,9.56,8205759,78679639.0000,3,0.277200,1,0.525800,5.877380,0.880640,0.262460,-7.769195,0,9.457999999999927,9.347000000000026,9.646000000000042,1,1,-1,1,-1,82.6695526695526,81.33580705009281,85.33704390847217,1,-0.22417188904065632,-0.26315570909744196,0.038983820056785634
2019-08-23,sh.600188,9.5500,9.57,9.41,9.47,8154854,77232955.0000,3,0.275500,1,-0.941400,5.822049,0.872349,0.259989,-7.696054,0,9.507999999999928,9.378000000000027,9.600500000000043,-1,1,-1,1,-1,77.72005772005777,82.69772555486848,67.76472205043635,-1,-0.20923041566603118,-0.2523706504111598,0.043140234745128625
2019-08-26,sh.600188,9.2700,9.45,9.23,9.39,9128972,85332085.0000,3,0.308400,1,-0.844800,5.772866,0.864980,0.257793,-7.631040,0,9.493999999999927,9.382000000000028,9.553000000000043,-1,1,-1,1,-1,70.47619047619058,76.95526695526708,57.51803751803757,-1,-0.20152150728800855,-0.24220082178652955,0.040679314498520996
2019-08-27,sh.600188,9.4400,9.69,9.44,9.46,12950104,124191367.0000,3,0.437500,1,0.745500,5.815901,0.871428,0.259714,-7.687928,0,9.477999999999927,9.407000000000028,9.508500000000044,-1,1,-1,1,-1,65.39235412474862,71.19620077366575,53.78466082691435,-1,-0.18760117727915215,-0.23128089288505407,0.04367971560590192
2019-08-28,sh.600188,9.5500,9.62,9.47,9.55,7109521,67726448.0000,3,0.240200,1,0.951400,5.871232,0.879718,0.262185,-7.761068,0,9.485999999999928,9.438000000000027,9.471500000000045,1,1,1,1,1,66.05902079141534,67.30918846411828,63.55868544600946,-1,-0.1673775434855571,-0.21850022300515468,0.051122679519597564
2019-08-29,sh.600188,9.5000,9.62,9.47,9.6,8370692,80013361.0000,3,0.282800,1,0.523600,5.901972,0.884324,0.263558,-7.801702,0,9.493999999999927,9.476000000000028,9.439000000000044,1,1,1,1,1,73.48556587753485,68.31231359789969,83.8320704368052,1,-0.14563677577279144,-0.20392753355868204,0.0582907577858906
2019-08-30,sh.600188,9.6500,9.69,9.48,9.57,9030592,86473157.0000,3,0.305100,1,-0.312500,5.883528,0.881561,0.262734,-7.777322,0,9.513999999999928,9.511000000000028,9.411000000000044,1,1,1,1,1,75.5880357693495,71.71087414609998,83.34235901584853,1,-0.12933689479244492,-0.18900940580543463,0.059672511012989704
2019-09-02,sh.600188,10.5300,10.53,10.43,10.53,17009279,179062568.0000,3,0.574700,1,10.031300,5.793095,0.952957,0.268448,-53.337522,0,9.741999999999928,9.618000000000027,9.452000000000044,1,1,1,1,1,84.92136910268276,77.99832358318913,98.76746014167,1,-0.03851121146263026,-0.15890976693687375,0.1203985554742435
2019-09-03,sh.600188,10.9000,10.97,10.68,10.8,59113546,639916901.0000,3,1.997200,1,2.564100,5.941636,0.977392,0.275332,-54.705151,0,10.009999999999929,9.744000000000026,9.523500000000045,1,1,1,1,1,88.04764284524411,82.85234923909223,98.43823005754786,1,0.05462584768708467,-0.11620264401208207,0.17082849169916675
2019-09-04,sh.600188,10.8500,11.18,10.74,11.14,47142218,516191128.0000,3,1.592700,1,3.148100,6.128688,1.008162,0.284000,-56.427350,0,10.327999999999928,9.907000000000027,9.616000000000046,1,1,1,1,1,96.05953433539644,89.67618209444122,108.82623881730686,1,0.1540964684147852,-0.06214282152670861,0.2162392899414938
2019-09-05,sh.600188,11.1300,11.33,11.02,11.03,34205430,382120300.0000,3,1.155600,1,-0.987400,6.068171,0.998207,0.281195,-55.870168,0,10.61399999999993,10.054000000000027,9.700500000000044,1,1,1,1,1,91.29762957349165,91.8016022513775,90.28968421771995,-1,0.22149827703717584,-0.005414601813931719,0.22691287885110756
2019-09-06,sh.600188,11.1400,11.35,11.05,11.19,30405393,340776554.0000,3,1.027300,1,1.450600,6.156195,1.012687,0.285274,-56.680614,0,10.937999999999928,10.226000000000026,9.802000000000046,1,1,1,1,1,91.76201343740611,93.03972578209816,89.20658874802203,-1,0.28454529772950643,0.05257737809475591,0.23196791963475052
2019-09-09,sh.600188,11.2500,11.42,11.15,11.39,32012278,362366737.0000,3,1.081500,1,1.787300,6.266225,1.030786,0.290373,-57.693673,0,11.109999999999928,10.426000000000027,9.904000000000044,1,1,1,1,1,91.93295360834628,91.66419887308143,92.47046307887598,1,0.34665284616105474,0.11139247170801567,0.23526037445303907
2019-09-10,sh.600188,11.3900,11.53,11.26,11.43,18784858,214442006.0000,3,0.634600,1,0.351200,6.288231,1.034406,0.291393,-57.896284,0,11.23599999999993,10.623000000000028,10.015000000000045,1,1,1,1,1,95.07673539290478,92.9239008128858,99.38240455294275,1,0.39455302973379425,0.16802458331317138,0.22652844642062286
2019-09-11,sh.600188,11.5200,11.55,11.37,11.4,21393094,244852775.0000,3,0.722800,1,-0.262500,6.271727,1.031691,0.290628,-57.744326,0,11.28799999999993,10.808000000000028,10.123000000000044,1,1,1,1,1,95.45359757263516,94.15442885796216,98.05193500198118,1,0.42519217037074064,0.21945810072468525,0.2057340696460554
2019-09-12,sh.600188,11.4000,11.54,11.35,11.42,18125484,206981129.0000,3,0.612400,1,0.175400,6.282730,1.033501,0.291138,-57.845632,0,11.365999999999929,10.990000000000029,10.233000000000043,1,1,1,1,1,92.09737046640801,94.20923447731606,87.87364244459192,-1,0.4459471418626979,0.2647559089522878,0.18119123291041012
2019-09-16,sh.600188,11.5600,11.65,11.28,11.35,21882864,250578917.0000,3,0.739300,1,-0.613000,6.244219,1.027167,0.289353,-57.491061,0,11.397999999999929,11.16800000000003,10.339500000000044,-1,1,1,1,1,83.4062150932388,90.31906104409408,69.58052319152821,-1,0.45154209511864707,0.3021131461855596,0.14942894893308745
2019-09-17,sh.600188,11.2900,11.44,11.27,11.29,19406817,220182694.0000,3,0.655700,1,-0.528600,6.211210,1.021737,0.287824,-57.187144,0,11.377999999999929,11.244000000000028,10.431000000000044,-1,1,1,1,1,72.63486084362364,82.71281546775691,52.4789515953571,-1,0.44599350185628595,0.3308892173197049,0.11510428453658106
2019-09-18,sh.600188,11.3500,11.38,11.19,11.32,12365207,139576449.0000,3,0.417800,1,0.265700,6.227715,1.024452,0.288588,-57.339102,0,11.355999999999929,11.29600000000003,10.520000000000042,-1,1,1,1,1,59.04359100235384,71.69488897973886,33.740995047583795,-1,0.43895692876632886,0.35250275960902966,0.0864541691572992
2019-09-19,sh.600188,11.2700,11.32,11.07,11.3,13495995,151503239.0000,3,0.456000,1,-0.176700,6.216712,1.022642,0.288079,-57.237797,0,11.335999999999931,11.31200000000003,10.609500000000043,-1,-1,1,1,1,49.908424908424884,60.52895891813423,28.6673568890062,-1,0.42684614439366975,0.36737143656595767,0.05947470782771208
2019-09-20,sh.600188,11.2800,11.31,11.08,11.08,15303582,170621382.0000,3,0.517000,1,-1.946900,6.095678,1.002732,0.282470,-56.123432,0,11.26799999999993,11.317000000000029,10.685500000000044,-1,-1,1,-1,1,30.33661740558293,46.429544438787325,-1.8492366608258521,-1,0.3949434370430822,0.3728858366613826,0.022057600381699627
2019-09-23,sh.600188,11.1200,11.14,10.92,10.98,18459024,203206292.0000,3,0.623600,1,-0.902500,6.040663,0.993682,0.279921,-55.616903,0,11.193999999999928,11.29600000000003,10.761000000000044,-1,-1,1,-1,1,17.203327559964325,32.48278995799081,-13.355597236088641,-1,0.3574704505200508,0.36980275943311625,-0.01233230891306547
2019-09-24,sh.600188,10.8900,11.17,10.89,10.94,20331161,224286141.0000,3,0.686900,1,-0.364300,6.018657,0.990062,0.278901,-55.414292,0,11.123999999999928,11.25100000000003,10.838500000000044,-1,-1,1,-1,1,5.507421127215731,17.682455364254427,-18.84264734686166,-1,0.32084665252599365,0.3600115380516917,-0.03916488552569808
2019-09-25,sh.600188,10.9700,11.03,10.73,10.77,18110798,196424304.0000,3,0.611900,1,-1.553900,5.925132,0.974677,0.274567,-54.553192,0,11.013999999999928,11.185000000000029,10.904000000000044,-1,-1,-1,-1,1,6.381983845856392,9.697577511012248,-0.2492034844553217,-1,0.2749351680289305,0.34299626404713945,-0.06806109601820898
2019-09-26,sh.600188,10.8700,10.93,10.65,10.7,13458317,145039073.0000,3,0.454700,1,-0.650000,5.886621,0.968342,0.272782,-54.198621,0,10.893999999999929,11.115000000000029,10.961500000000044,-1,-1,-1,-1,-1,5.3089244851257416,5.7327764860660535,4.461220483245118,-1,0.23024742184998992,0.32044649560770955,-0.09019907375771963
2019-09-27,sh.600188,10.7800,10.78,10.6,10.69,13006122,138593838.0000,3,0.439400,1,-0.093500,5.881119,0.967437,0.272527,-54.147969,0,10.815999999999928,11.042000000000028,11.016000000000044,-1,-1,-1,-1,-1,6.687370600414003,6.126092977132143,7.809925846977725,1,0.19181403185965173,0.29472000285809796,-0.10290597099844623
2019-09-30,sh.600188,10.6500,10.72,10.58,10.65,10889959,115908057.0000,3,0.367900,1,-0.374200,5.859113,0.963817,0.271508,-53.945357,0,10.749999999999927,10.97200000000003,11.070000000000045,-1,-1,-1,-1,-1,8.15476190476187,6.717018996767302,11.030247720751005,1,0.15632560344146995,0.26704112297477234,-0.11071551953330239
2019-10-08,sh.600188,10.6500,10.78,10.58,10.68,13461410,143754676.0000,3,0.454800,1,0.281700,5.875618,0.966532,0.272272,-54.097316,0,10.697999999999928,10.91100000000003,11.077500000000045,-1,-1,-1,-1,-1,10.992599742599728,8.611577415925298,15.754644395948585,1,0.12913295321706642,0.23945948902323116,-0.11032653580616475
2019-10-09,sh.600188,10.6100,10.78,10.59,10.77,10767522,115164815.0000,3,0.363800,1,0.842700,5.925132,0.974677,0.274567,-54.553192,0,10.697999999999928,10.85600000000003,11.076000000000045,1,-1,-1,-1,-1,16.096970257929126,11.748110635097007,24.79468950359336,1,0.11353605685074264,0.21427480258873347,-0.10073874573799083
2019-10-10,sh.600188,10.7900,10.84,10.71,10.77,10465499,112580746.0000,3,0.353600,1,0.000000,5.925132,0.974677,0.274567,-54.553192,0,10.711999999999927,10.80300000000003,11.057500000000045,1,-1,-1,-1,-1,23.91476686809858,17.00144562287591,37.741409358543926,1,0.10002240805261842,0.19142432368151047,-0.09140191562889205
2019-10-11,sh.600188,10.7900,10.93,10.79,10.87,13010040,141247437.0000,3,0.439500,1,0.928500,5.980147,0.983727,0.277116,-55.059721,0,10.747999999999927,10.78200000000003,11.049500000000046,1,1,-1,-1,-1,35.7944431545545,25.26872676019417,56.84587594327516,1,0.09627214294807551,0.1723938875348235,-0.07612174458674797
2019-10-14,sh.600188,10.9500,11.15,10.95,11.11,16374846,181512368.0000,3,0.553200,1,2.207900,6.112183,1.005447,0.283235,-56.275391,0,10.839999999999927,10.79500000000003,11.045500000000047,1,1,1,1,-1,58.112796114580114,39.2740020457445,95.79038425225134,1,0.1113820817641944,0.16019152638069767,-0.04880944461650327
2019-10-15,sh.600188,11.1300,11.18,10.99,11.02,11323713,125112459.0000,3,0.382600,1,-0.810100,6.062669,0.997302,0.280940,-55.819515,0,10.907999999999927,10.80300000000003,11.027000000000047,1,1,-1,1,-1,71.82277728218841,55.24333885044111,104.98165414568301,1,0.11477155426384122,0.15110753195732637,-0.03633597769348515
2019-10-16,sh.600188,11.0700,11.1,10.81,10.85,12422637,135745586.0000,3,0.419700,1,-1.542700,5.969144,0.981917,0.276606,-54.958415,0,10.923999999999928,10.81100000000003,10.998000000000047,-1,1,-1,1,-1,70.438596491228,66.7913899626656,77.73300954835278,1,0.10255793238449051,0.1413976120427592,-0.03883967965826868
2019-10-17,sh.600188,10.8800,10.92,10.76,10.8,7719434,83586593.0000,3,0.260800,1,-0.460800,5.941636,0.977392,0.275332,-54.705151,0,10.929999999999927,10.82100000000003,10.968000000000048,-1,-1,-1,1,-1,51.666666666666686,64.64268014669447,25.71463970661111,-1,0.08783150005868023,0.1306843896459434,-0.04285288958726316
2019-10-18,sh.600188,10.7900,10.85,10.53,10.57,12954039,137913771.0000,3,0.437700,1,-2.129600,5.815101,0.956577,0.269468,-53.540134,0,10.869999999999928,10.80900000000003,10.925500000000048,-1,-1,-1,1,-1,29.273504273504354,50.45958914379978,-13.098665467086505,-1,0.05694518983123764,0.11593654968300224,-0.058991359851764597
2019-10-21,sh.600188,10.5700,10.78,10.42,10.75,13111639,140004732.0000,3,0.443000,1,1.702900,5.914128,0.972867,0.274057,-54.451886,0,10.797999999999927,10.819000000000027,10.895500000000048,-1,-1,-1,-1,-1,28.747188484030687,36.56245314140068,13.116659169290699,-1,0.046456540053824824,0.10204054775716676,-0.05558400770334193
2019-10-22,sh.600188,10.7800,10.82,10.68,10.8,9570725,102953416.0000,3,0.323300,1,0.465100,5.941636,0.977392,0.275332,-54.705151,0,10.753999999999929,10.831000000000028,10.871000000000048,1,-1,-1,-1,-1,33.19163292847512,30.40410856200349,38.766681661418396,1,0.041698121680594724,0.08997206254185235,-0.04827394086125762
2019-10-23,sh.600188,10.7700,10.94,10.75,10.85,9812235,106418651.0000,3,0.331500,1,0.463000,5.969144,0.981917,0.276606,-54.958415,0,10.753999999999929,10.839000000000027,10.84750000000005,1,1,1,-1,-1,50.000000000000036,37.31294047083538,75.37411905832936,1,0.04148342783626191,0.08027433560073426,-0.038790907764472346
2019-10-24,sh.600188,10.8200,10.86,10.72,10.83,8659385,93462348.0000,3,0.292600,1,-0.184300,5.958141,0.980107,0.276096,-54.857109,0,10.759999999999929,10.845000000000027,10.82400000000005,1,-1,1,-1,-1,53.508771929824604,45.566801619433356,69.3927125506071,1,0.03924703319655798,0.072068875119899,-0.03282184192334102
2019-10-25,sh.600188,10.8700,10.97,10.79,10.93,9131516,99440822.0000,3,0.308500,1,0.923400,6.013156,0.989157,0.278646,-55.363639,0,10.831999999999928,10.851000000000028,10.81650000000005,1,1,1,-1,1,59.21052631578948,54.23976608187147,69.1520467836255,1,0.04502482049369405,0.066660064194658,-0.021635243700963952
2019-10-28,sh.600188,10.8500,10.94,10.73,10.77,20894286,225370215.0000,3,0.705900,1,-1.463900,5.634754,0.939197,0.272091,-16.166549,0,10.835999999999927,10.817000000000027,10.80600000000005,-1,-1,-1,1,1,57.5077399380805,56.742346061231636,59.038527691778214,1,0.036274940792091925,0.06058303951414479,-0.024308098722052862
2019-10-29,sh.600188,10.7600,10.77,10.55,10.59,18115718,192339750.0000,3,0.612000,1,-1.671300,5.540580,0.923501,0.267544,-15.896356,0,10.79399999999993,10.774000000000028,10.78850000000005,-1,-1,-1,1,1,49.82831410075989,55.51552678487673,38.453888732526224,-1,0.014647257939930824,0.051395883199301995,-0.03674862525937117
2019-10-30,sh.600188,10.6000,10.6,10.43,10.51,16119594,169153517.0000,3,0.544600,1,-0.755400,5.498725,0.916524,0.265522,-15.776270,0,10.725999999999928,10.740000000000029,10.775500000000049,-1,-1,-1,-1,-1,32.914438502673754,46.75016418050482,5.242987147011618,-1,-0.008846194527603046,0.039347467653920984,-0.04819366218152403
2019-10-31,sh.600188,10.4900,10.52,10.33,10.39,17555300,182709108.0000,3,0.593100,1,-1.141800,5.435942,0.906060,0.262491,-15.596141,0,10.637999999999929,10.69900000000003,10.760000000000051,-1,-1,-1,-1,-1,18.88257575757575,33.8751094536699,-11.102491634612548,-1,-0.036724583845156644,0.02413305735410546,-0.060857641199262104
2019-11-01,sh.600188,10.3300,10.44,10.2,10.44,21065411,217556732.0000,3,0.711700,1,0.481200,5.462101,0.910420,0.263754,-15.671195,0,10.539999999999928,10.68600000000003,10.74750000000005,-1,-1,-1,-1,-1,18.969155844155846,23.58872336813522,9.730020796197095,-1,-0.05415950899315369,0.008474544084653628,-0.06263405307780733
2019-11-04,sh.600188,10.4900,10.5,10.41,10.48,15996068,167218849.0000,3,0.540400,1,0.383100,5.483029,0.913908,0.264765,-15.731238,0,10.481999999999928,10.659000000000031,10.73900000000005,-1,-1,-1,-1,-1,25.63582251082256,21.162518037518154,34.58243145743137,1,-0.06401126506074917,-0.0060226177444269325,-0.05798864731632224
2019-11-05,sh.600188,10.4800,10.65,10.41,10.61,19833387,209169110.0000,3,0.670100,1,1.240500,5.551044,0.925245,0.268049,-15.926377,0,10.485999999999928,10.64000000000003,10.73550000000005,1,-1,-1,-1,-1,40.25974025974026,28.28823953823966,64.20274170274146,1,-0.06063003388794641,-0.01694410097313083,-0.04368593291481558
2019-11-06,sh.600188,10.5500,10.74,10.55,10.63,15079284,160235574.0000,3,0.509500,1,0.188500,5.561507,0.926989,0.268554,-15.956399,0,10.509999999999929,10.61800000000003,10.72850000000005,1,1,-1,-1,-1,48.48484848484853,38.126803751803884,69.20093795093781,1,-0.055694538993151355,-0.024694188577134936,-0.03100035041601642
2019-11-07,sh.600188,10.6300,10.67,10.52,10.61,11988606,126881741.0000,3,0.405000,1,-0.188200,5.551044,0.925245,0.268049,-15.926377,0,10.553999999999927,10.59600000000003,10.72050000000005,1,1,-1,-1,-1,54.83210483210485,47.85889785889798,68.77851877851857,1,-0.05278844425799356,-0.03031303971330666,-0.0224754045446869
2019-11-08,sh.600188,10.6200,10.67,10.56,10.57,11223843,119042431.0000,3,0.379200,1,-0.377000,5.530116,0.921756,0.267038,-15.866334,0,10.579999999999929,10.56000000000003,10.705500000000049,-1,1,-1,1,-1,58.72061398377196,54.012522433575214,68.13679708416547,1,-0.05310089488705039,-0.034870610748055406,-0.01823028413899498
2019-11-11,sh.600188,10.5400,10.56,10.24,10.31,15311040,158761785.0000,3,0.517300,1,-2.459800,5.394087,0.899083,0.260470,-15.476056,0,10.54599999999993,10.514000000000031,10.665500000000048,-1,-1,-1,1,-1,46.8960188258435,53.482912547240204,33.72223138305009,-1,-0.07348129472591758,-0.04259274754362784,-0.03088854718228974
2019-11-12,sh.600188,10.3600,10.81,10.36,10.68,53928840,572600859.0000,3,1.822000,1,3.588700,5.587667,0.931349,0.269817,-16.031452,0,10.55999999999993,10.52300000000003,10.648500000000048,1,1,1,1,-1,54.65705855409632,53.42456378790403,57.12204808648089,1,-0.059095781269464354,-0.04589335428879514,-0.013202426980669216
2019-11-13,sh.600188,10.7600,10.76,10.52,10.55,26795664,283878184.0000,3,0.905300,1,-1.217200,5.519652,0.920012,0.266533,-15.836313,0,10.54399999999993,10.52700000000003,10.63350000000005,1,1,-1,1,-1,52.1453147136208,51.23279736452031,53.970349411821786,1,-0.05752199401703528,-0.04821908223444317,-0.009302911782592113
2019-11-14,sh.600188,10.6300,10.63,10.3,10.34,27438752,284774116.0000,3,0.927000,1,-1.990500,5.409782,0.901699,0.261228,-15.521088,0,10.48999999999993,10.52200000000003,10.610500000000048,-1,-1,-1,-1,-1,51.203144473204866,52.668505913640765,48.27242159233306,-1,-0.07238558526921324,-0.05305238284139718,-0.019333202427816054
2019-11-15,sh.600188,10.3500,10.36,10.09,10.19,22911353,233490312.0000,3,0.774100,1,-1.450700,5.331304,0.888619,0.257438,-15.295927,0,10.413999999999929,10.49700000000003,10.59150000000005,-1,-1,-1,-1,-1,29.60326590611319,44.31724169764639,0.1753143230467913,-1,-0.095171754081953,-0.061476257089508345,-0.03369549699244465
2019-11-18,sh.600188,10.1400,10.31,10.11,10.23,24131985,246340459.0000,3,0.815300,1,0.392500,5.352232,0.892107,0.258449,-15.355970,0,10.397999999999929,10.47200000000003,10.565500000000048,-1,-1,-1,-1,-1,16.95906432748536,32.58849156893458,-14.299790155413078,-1,-0.10874870395994485,-0.07093074646359565,-0.0378179574963492
2019-11-19,sh.600188,9.1000,9.23,9.1,9.17,26795493,245316998.0000,3,0.905300,1,-0.650000,4.797650,0.799669,0.231669,-13.764833,0,10.095999999999929,10.32800000000003,10.484000000000048,-1,-1,-1,-1,-1,12.475633528265115,19.679321253954665,-1.9317419231139823,-1,-0.20270501849159395,-0.09728560086919531,-0.10541941762239863
2019-11-20,sh.600188,9.1700,9.29,9.09,9.14,17882398,164148428.0000,3,0.604200,1,-0.327200,4.781955,0.797053,0.230911,-13.719801,0,9.813999999999927,10.17900000000003,10.398500000000046,-1,-1,-1,-1,-1,8.814996146697535,12.749898000816112,0.9451924384603814,-1,-0.2764006493241773,-0.13310861056019171,-0.14329203876398558
2019-11-21,sh.600188,9.1000,9.17,9.07,9.15,8230384,75151316.0000,3,0.278100,1,0.109400,4.787187,0.797925,0.231164,-13.734812,0,9.575999999999926,10.033000000000031,10.314500000000047,-1,-1,-1,-1,-1,3.8660817150244626,8.385570463329147,-5.172895781584906,-1,-0.330191805682194,-0.17252524958459217,-0.1576665560976018
2019-11-22,sh.600188,9.1800,9.28,9.12,9.21,14128869,129895119.0000,3,0.477300,1,0.655700,4.818578,0.803158,0.232680,-13.824876,0,9.379999999999928,9.89700000000003,10.228500000000047,-1,-1,-1,-1,-1,5.183551635035223,5.954876498919183,3.6409019072673043,-1,-0.3637866796871112,-0.210777535605096,-0.1530091440820152
2019-11-25,sh.600188,9.2700,10.02,9.27,9.92,60848603,589896620.0000,3,2.055800,1,7.709000,5.190043,0.865073,0.250617,-14.890637,0,9.317999999999927,9.85800000000003,10.186000000000046,1,1,-1,-1,-1,20.97984538302842,10.009826244362811,42.91988366035963,1,-0.329323556133275,-0.2344867397107318,-0.09483681642254321
2019-11-26,sh.600188,9.9300,9.94,9.64,9.83,38800996,379842214.0000,3,1.310900,1,-0.907300,5.142956,0.857225,0.248343,-14.755541,0,9.449999999999926,9.773000000000032,10.148000000000046,1,1,-1,-1,-1,35.686594572536215,20.616663863533393,65.82645599054186,1,-0.3057490455867278,-0.248739200885931,-0.057009844700796786
2019-11-27,sh.600188,9.7700,9.81,9.54,9.59,30888888,297187236.0000,3,1.043600,1,-2.441500,5.017390,0.836296,0.242280,-14.395284,0,9.539999999999926,9.677000000000032,10.102000000000046,1,-1,-1,-1,-1,46.4412947418314,34.36924489913212,70.58539442722996,1,-0.3029399670036863,-0.2595793541094821,-0.04336061289420423
2019-11-28,sh.600188,9.6000,9.6,9.35,9.38,21508005,202920736.0000,3,0.726700,1,-2.189800,4.907520,0.817983,0.236974,-14.080058,0,9.585999999999927,9.581000000000031,10.051500000000047,-1,-1,-1,1,-1,38.00934207910952,40.04574379782582,33.93653864167692,-1,-0.31403895139584925,-0.2704712735667555,-0.043567677829093765
2019-11-29,sh.600188,9.4000,9.45,9.31,9.39,12831377,120378831.0000,3,0.433500,1,0.106600,4.912752,0.818855,0.237227,-14.095069,0,9.621999999999927,9.501000000000031,9.999000000000047,-1,-1,-1,1,-1,32.99809601523191,39.14957761205772,20.695132821580287,-1,-0.3183582246216634,-0.2800486637777371,-0.03830956084392634
2019-12-02,sh.600188,9.4200,9.49,9.29,9.31,16388708,153772442.0000,3,0.553700,1,-0.852000,4.870897,0.811878,0.235206,-13.974983,0,9.499999999999927,9.409000000000031,9.940500000000046,-1,-1,-1,1,-1,27.982456140350923,32.99663141156422,17.954105597924325,-1,-0.3244960230222702,-0.2889381356266437,-0.035557887395626486
2019-12-03,sh.600188,9.2600,9.33,9.21,9.33,11737156,108718091.0000,3,0.396500,1,0.214800,4.881361,0.813622,0.235711,-14.005005,0,9.399999999999928,9.425000000000031,9.876500000000048,-1,-1,-1,-1,-1,28.771929824561436,29.917493993381527,26.48080148692125,-1,-0.3240114374612375,-0.2959527959935625,-0.028058641467675005
2019-12-04,sh.600188,9.2700,9.28,9.21,9.24,12534521,115836992.0000,3,0.423500,1,-0.964600,4.834274,0.805774,0.233437,-13.869908,0,9.329999999999929,9.43500000000003,9.807000000000048,-1,-1,-1,-1,-1,21.988304093567297,26.247563352826656,13.469785575048583,-1,-0.32711882555488714,-0.30218600190582745,-0.024932823649059688
2019-12-05,sh.600188,9.2800,9.32,9.2,9.3,14644238,135742029.0000,3,0.494800,1,0.649400,4.865665,0.811006,0.234953,-13.959973,0,9.313999999999927,9.45000000000003,9.74150000000005,-1,-1,-1,-1,-1,17.632292112394897,22.797508676841314,7.301858983502065,-1,-0.32103921422592485,-0.30595664436984693,-0.015082569856077921
2019-12-06,sh.600188,9.2900,9.34,9.24,9.31,12822352,119016281.0000,3,0.433200,1,0.107500,4.870897,0.811878,0.235206,-13.974983,0,9.297999999999927,9.460000000000031,9.678500000000051,1,-1,-1,-1,-1,13.464440049806045,17.69501208525618,5.003295978905776,-1,-0.3118196986351318,-0.3071292552229039,-0.004690443412227907
2019-12-09,sh.600188,9.3300,9.53,9.31,9.51,21458658,202537179.0000,3,0.725000,1,2.148200,4.975535,0.829319,0.240259,-14.275198,0,9.337999999999926,9.41900000000003,9.63850000000005,1,1,-1,-1,-1,25.959886315744075,19.018872825981774,39.84191329526868,1,-0.28508851464080465,-0.30272110710648403,0.017632592465679386
2019-12-10,sh.600188,9.4600,9.5,9.35,9.42,13589583,127941885.0000,3,0.459100,1,-0.946400,4.928448,0.821471,0.237985,-14.140101,0,9.355999999999927,9.378000000000032,9.57550000000005,1,1,-1,-1,-1,40.22817899867089,26.550835121407108,67.58286675319846,1,-0.26807589453538405,-0.29579206459226404,0.027716170056879985
2019-12-11,sh.600188,9.4200,9.49,9.41,9.43,11670761,110239505.0000,3,0.394300,1,0.106200,4.933680,0.822343,0.238238,-14.155112,0,9.393999999999927,9.362000000000032,9.519500000000049,1,1,-1,1,-1,58.505547276039145,41.564537530151476,92.38756676781448,1,-0.2508942019224705,-0.28681249205830533,0.03591829013583486
2019-12-12,sh.600188,9.4600,9.47,9.28,9.31,16430422,153293663.0000,3,0.555100,1,-1.272500,4.870897,0.811878,0.235206,-13.974983,0,9.395999999999926,9.355000000000032,9.46800000000005,-1,-1,-1,1,-1,52.67676767676787,50.470164650492734,57.08997372931813,1,-0.24414621822947602,-0.27827923729253945,0.03413301906306343
2019-12-13,sh.600188,9.3500,9.47,9.31,9.46,19826594,186441303.0000,3,0.669800,1,1.611200,4.949375,0.824959,0.238996,-14.200144,0,9.425999999999927,9.362000000000032,9.43150000000005,1,1,1,1,-1,60.60606060606091,57.26279185295607,67.29259811227058,1,-0.22411123136767763,-0.2674456361075671,0.043334404739889476
2019-12-16,sh.600188,9.5300,9.53,9.4,9.51,21465105,203483924.0000,3,0.725200,1,0.528500,4.975535,0.829319,0.240259,-14.275198,0,9.425999999999927,9.382000000000032,9.39550000000005,1,1,1,1,1,68.68686868686899,60.656565656566016,84.74747474747494,1,-0.201871726203958,-0.2543308541268453,0.052459127922887316
2019-12-17,sh.600188,9.5000,9.87,9.47,9.73,37731090,365791237.0000,3,1.274800,1,2.313300,5.090637,0.848504,0.245817,-14.605434,0,9.487999999999925,9.422000000000033,9.42350000000005,1,1,1,1,1,83.94391677973793,71.07894869088938,109.67385295743503,1,-0.1645972224294905,-0.23638412778737433,0.07178690535788385
2019-12-18,sh.600188,9.7000,9.85,9.68,9.7,21189189,206788173.0000,3,0.715900,1,-0.308300,5.074941,0.845888,0.245059,-14.560402,0,9.541999999999925,9.468000000000034,9.451500000000049,1,1,1,1,1,82.01991485573585,78.2169001074477,89.62594435231213,1,-0.13591096195172092,-0.21628949462024366,0.08037853266852274
2019-12-19,sh.600188,9.7000,9.82,9.69,9.8,15546819,152009154.0000,3,0.525300,1,1.030900,5.127260,0.854609,0.247585,-14.710509,0,9.639999999999924,9.518000000000033,9.48400000000005,1,1,1,1,1,80.0853146160509,82.01638208384166,76.22317968046937,-1,-0.1039099207004579,-0.1938135798362865,0.0899036591358286
2019-12-20,sh.600188,9.8100,9.94,9.74,9.83,22375868,220288222.0000,3,0.756000,1,0.306100,5.142956,0.857225,0.248343,-14.755541,0,9.713999999999924,9.570000000000032,9.51500000000005,1,1,1,1,1,81.49493318984855,81.2000542205452,82.08469112845526,1,-0.07526055880046023,-0.17010297562912124,0.09484241682866101
2019-12-23,sh.600188,9.8400,9.88,9.62,9.63,18112114,176740712.0000,3,0.611900,1,-2.034600,5.038318,0.839784,0.243290,-14.455326,0,9.737999999999925,9.582000000000033,9.50050000000005,-1,1,1,1,1,74.83307652799196,78.80444144463057,66.89034669471474,-1,-0.06791122330843358,-0.14966462516498372,0.08175340185655014
2019-12-24,sh.600188,9.6300,9.87,9.61,9.85,18595915,181494912.0000,3,0.628300,1,2.284500,5.153419,0.858969,0.248848,-14.785562,0,9.761999999999926,9.625000000000032,9.50150000000005,1,1,1,1,1,74.24242424242435,76.8568113200884,69.01365008709624,-1,-0.043829422301195464,-0.12849758459222607,0.08466816229103061
2019-12-25,sh.600188,9.8500,9.85,9.72,9.76,12163164,118817304.0000,3,0.410900,1,-0.913700,5.106332,0.851120,0.246575,-14.650466,0,9.773999999999926,9.658000000000031,9.51000000000005,-1,1,1,1,1,70.27417027417034,73.11655701486232,64.5893967927864,-1,-0.031641920973003224,-0.1091264518683815,0.07748453089537828
2019-12-26,sh.600188,9.7700,9.85,9.73,9.85,12243574,120001127.0000,3,0.413700,1,0.922100,5.153419,0.858969,0.248848,-14.785562,0,9.783999999999924,9.71200000000003,9.53350000000005,1,1,1,1,1,80.37518037518038,74.96392496392512,91.19769119769089,1,-0.014553229949799018,-0.09021180748466501,0.07565857753486599
2019-12-27,sh.600188,9.8600,10.23,9.86,9.99,35741027,358650009.0000,3,1.207500,1,1.421300,5.226666,0.871178,0.252385,-14.995712,0,9.815999999999926,9.76500000000003,9.563500000000051,1,1,1,1,1,74.39431913116123,75.01455659350408,73.1538442064755,-1,0.010169285580628795,-0.07013558887160624,0.08030487445223504
2019-12-30,sh.600188,9.9500,10.56,9.91,10.43,50981590,523967839.0000,3,1.722400,1,4.404400,5.456870,0.909548,0.263501,-15.656184,0,9.975999999999924,9.857000000000031,9.61950000000005,1,1,1,1,1,79.3567251461988,78.04207488418024,81.9860256702359,1,0.06452260361067275,-0.04320395037515044,0.10772655398582319
2019-12-31,sh.600188,10.3800,10.59,10.34,10.56,43717503,458072234.0000,3,1.477000,1,1.246400,5.524884,0.920884,0.266786,-15.851324,0,10.117999999999926,9.94000000000003,9.68100000000005,1,1,1,1,1,83.89187253848907,79.21430560528313,93.24700640490096,1,0.11674218208309384,-0.01121472388350158,0.12795690596659542
2020-01-02,sh.600188,10.6300,10.81,10.55,10.6,42001944,447804104.0000,3,1.419000,1,0.378800,5.545812,0.924373,0.267796,-15.911367,0,10.285999999999927,10.03000000000003,9.749000000000049,1,1,1,1,1,88.58485499462942,83.9444842264392,97.86559653100986,1,0.1595154451930174,0.022931309931802223,0.13658413526121518
2020-01-03,sh.600188,10.6000,10.7,10.51,10.57,26047988,276215653.0000,3,0.880000,1,-0.283000,5.530116,0.921756,0.267038,-15.866334,0,10.429999999999925,10.107000000000031,9.812500000000048,1,1,1,1,1,86.4795918367347,86.31877312328449,86.80122926363512,1,0.18881625879545894,0.056108299704533564,0.13270795909092536
2020-01-06,sh.600188,10.5100,10.65,10.37,10.48,37155751,391260710.0000,3,1.255300,1,-0.851500,5.483029,0.913908,0.264765,-15.731238,0,10.527999999999926,10.17200000000003,9.871000000000048,-1,1,1,1,1,78.33333333333331,84.4659267215659,66.06814655686813,-1,0.2024414972726376,0.08537493921815437,0.11706655805448324
2020-01-07,sh.600188,10.4800,11.06,10.46,10.82,55460654,601935559.0000,3,1.873700,1,3.244300,5.660914,0.943558,0.273354,-16.241603,0,10.605999999999927,10.29100000000003,9.936500000000049,1,1,1,1,1,78.19651741293531,81.00314752766786,72.58325718347021,-1,0.23793202317615147,0.11588635600975379,0.12204566716639768
2020-01-08,sh.600188,10.8500,10.85,10.4,10.43,37878817,401090393.0000,3,1.279700,1,-3.604400,5.456870,0.909548,0.263501,-15.656184,0,10.579999999999925,10.349000000000032,9.987000000000048,-1,1,1,1,1,69.07371039539143,75.2011870472201,56.818757091734085,-1,0.2319154036056723,0.1390921655289375,0.09282323807673482
2020-01-09,sh.600188,10.5700,10.69,10.49,10.54,20081030,212281530.0000,3,0.678400,1,1.054600,5.514420,0.919140,0.266280,-15.821302,0,10.567999999999925,10.427000000000032,10.042500000000048,-1,1,1,1,1,63.79593261761362,70.35538680864688,50.677024235547094,-1,0.23333354606634238,0.15794044163641846,0.07539310442992392
2020-01-10,sh.600188,10.5800,10.7,10.49,10.52,19912380,210423163.0000,3,0.672700,1,-0.189700,5.503957,0.917396,0.265775,-15.791281,0,10.557999999999925,10.494000000000032,10.103000000000048,-1,1,1,1,1,54.11390795830147,62.32785032376893,37.68602322736655,-1,0.2301901129963113,0.17239037590839704,0.05779973708791428
2020-01-13,sh.600188,10.4400,10.46,10.21,10.41,25963511,267930820.0000,3,0.877200,1,-1.045600,5.446406,0.907804,0.262996,-15.626163,0,10.543999999999922,10.536000000000033,10.150500000000047,-1,-1,1,1,1,44.413185564080614,54.10767537999865,25.02420593224454,-1,0.2163291313830804,0.18117812700333372,0.03515100437974669
2020-01-14,sh.600188,10.4000,10.61,10.38,10.42,20185918,211764250.0000,3,0.682000,1,0.096100,5.451638,0.908676,0.263249,-15.641174,0,10.463999999999924,10.535000000000032,10.196000000000048,-1,-1,1,-1,1,33.75959079283877,44.09556143840703,13.08764950170226,-1,0.20380181950510234,0.18570286550368745,0.018098954001414896
2020-01-15,sh.600188,10.4300,10.46,10.23,10.27,17080921,175631547.0000,3,0.577100,1,-1.439500,5.373159,0.895595,0.259459,-15.416013,0,10.431999999999922,10.506000000000032,10.223000000000049,-1,-1,1,-1,1,18.431372549019482,32.20138296864637,-9.1086482902343,-1,0.1796986341932385,0.18450201924159765,-0.004803385048359143
2020-01-16,sh.600188,10.3000,10.33,10.1,10.14,20351142,207538104.0000,3,0.687600,1,-1.265800,5.305144,0.884258,0.256175,-15.220873,0,10.351999999999922,10.460000000000033,10.24500000000005,-1,-1,-1,-1,1,11.977124183006465,21.38936250828832,-6.8473524675572435,-1,0.14839615414327945,0.17728084622193402,-0.028884692078654572
2020-01-17,sh.600188,10.1800,10.23,10.06,10.09,13285839,134632437.0000,3,0.448900,1,-0.493100,5.278985,0.879898,0.254912,-15.145820,0,10.265999999999924,10.412000000000031,10.259500000000049,-1,-1,-1,-1,1,4.7418300653594185,11.716775599128534,-9.208061002178813,-1,0.11819169080905567,0.16546301513935835,-0.04727132433030268
2020-01-20,sh.600188,10.1200,10.22,10.02,10.2,13510781,136878417.0000,3,0.456500,1,1.090200,5.336536,0.889491,0.257691,-15.310938,0,10.223999999999924,10.384000000000032,10.278000000000048,-1,-1,-1,-1,-1,9.61780455153947,8.77891959996853,11.295574454681347,1,0.10195524015336588,0.15276146014215986,-0.05080621998879398
2020-01-21,sh.600188,10.1600,10.16,9.93,9.97,20643812,206225191.0000,3,0.697500,1,-2.254900,5.216202,0.869433,0.251880,-14.965691,0,10.133999999999924,10.299000000000031,10.295000000000048,-1,-1,-1,-1,-1,9.960517394252323,8.106717337050481,13.668117508656007,1,0.06972491282878401,0.1361541506794847,-0.06642923785070068
2020-01-22,sh.600188,9.9500,10.03,9.76,9.96,15393695,152316991.0000,3,0.520100,1,-0.100300,5.210970,0.868561,0.251627,-14.950680,0,10.071999999999925,10.252000000000033,10.30050000000005,-1,-1,-1,-1,-1,16.05271597581267,11.8770126405349,24.404122646368208,1,0.04288092517757214,0.11749950557910219,-0.07461858040153005
2020-01-23,sh.600188,9.9000,9.96,9.54,9.68,21306844,207102937.0000,3,0.719900,1,-2.811200,5.064477,0.844144,0.244554,-14.530380,0,9.979999999999924,10.166000000000034,10.29650000000005,-1,-1,-1,-1,-1,13.185171029673,13.066134799912744,13.423243489193514,1,-0.0009755429272537697,0.09380449587783099,-0.09478003880508476
2020-02-03,sh.600188,8.7100,8.86,8.71,8.71,22657906,197835086.0000,3,0.765500,1,-10.020700,4.556983,0.759555,0.220048,-13.074340,0,9.703999999999924,9.985000000000033,10.239500000000051,-1,-1,-1,-1,-1,11.453569298071228,13.56381876785238,7.233070358508922,-1,-0.11270382371676213,0.052502831958912366,-0.1652066556756745
2020-02-04,sh.600188,8.4200,8.86,8.42,8.83,25489904,223424574.0000,3,0.861200,1,1.377700,4.619766,0.770020,0.223079,-13.254469,0,9.429999999999925,9.827000000000034,10.181500000000051,-1,-1,-1,-1,-1,11.060717121739662,11.899819149828042,9.3825130655629,-1,-0.18938320241262652,0.004125625084604588,-0.1935088274972311
2020-02-05,sh.600188,8.8000,9.03,8.75,8.93,22071367,197062514.0000,3,0.745700,1,1.132500,4.672085,0.778740,0.225606,-13.404576,0,9.221999999999925,9.678000000000035,10.10650000000005,-1,-1,-1,-1,-1,15.59986996543816,12.704718795083096,21.390172306148287,1,-0.23932421760268774,-0.04456434345285388,-0.19475987414983387
2020-02-06,sh.600188,9.0200,9.07,8.88,9.07,20403270,182895721.0000,3,0.689300,1,1.567700,4.745331,0.790949,0.229143,-13.614726,0,9.043999999999924,9.558000000000035,10.03200000000005,1,-1,-1,-1,-1,27.570404035419745,18.076997040865933,46.55721802452737,1,-0.2645563609270649,-0.08856274694769609,-0.17599361397936883
2020-02-07,sh.600188,8.9800,9.04,8.83,8.99,23107990,206384604.0000,3,0.780700,1,-0.882000,4.703476,0.783973,0.227122,-13.494640,0,8.905999999999924,9.443000000000035,9.95150000000005,1,-1,-1,-1,-1,31.426613185746547,24.86562906220156,44.54858143283652,1,-0.28769201326465854,-0.12838860021108858,-0.15930341305356996
2020-02-10,sh.600188,8.8900,9.27,8.87,9.26,24001436,219183371.0000,3,0.810900,1,3.003300,4.844737,0.807518,0.233943,-13.899930,0,9.015999999999924,9.360000000000035,9.88600000000005,1,-1,-1,-1,-1,38.61804364852563,32.53835362323071,50.77742369911546,1,-0.28100123360591134,-0.15891112689005313,-0.12209010671585821
2020-02-11,sh.600188,9.2800,9.54,9.23,9.27,30228008,283550278.0000,3,1.021300,1,0.108000,4.849969,0.808390,0.234195,-13.914940,0,9.103999999999925,9.267000000000035,9.825500000000051,1,1,-1,-1,-1,44.24585326384425,38.09683669937222,56.54388639278832,1,-0.2717591557125232,-0.18148073265454714,-0.09027842305797604
2020-02-12,sh.600188,9.2100,9.34,9.17,9.3,14885837,137840589.0000,3,0.502900,1,0.323600,4.865665,0.811006,0.234953,-13.959973,0,9.177999999999926,9.200000000000035,9.749500000000053,1,1,-1,-1,-1,52.73791675590775,45.20060455609262,67.812541155538,1,-0.2590280786654251,-0.19699020185672272,-0.062037876808702375
2020-02-13,sh.600188,9.3300,9.33,9.13,9.17,19866073,183111064.0000,3,0.671200,1,-1.397900,4.797650,0.799669,0.231669,-13.764833,0,9.197999999999926,9.121000000000034,9.686500000000052,-1,1,-1,1,-1,58.967391304347835,51.98372044136669,72.93473303031011,1,-0.25647207153547136,-0.20888657579247244,-0.04758549574299892
2020-02-14,sh.600188,9.1300,9.25,9.11,9.23,14138454,129975575.0000,3,0.477700,1,0.654300,4.829042,0.804902,0.233185,-13.854898,0,9.245999999999928,9.076000000000034,9.621000000000052,-1,1,-1,1,-1,65.47619047619051,59.06049951214877,78.30757240427398,1,-0.24676041841045837,-0.21646134431606961,-0.030299074094388756
2020-02-17,sh.600188,9.2400,9.45,9.23,9.45,22317895,208751640.0000,3,0.754000,1,2.383500,4.944144,0.824087,0.238743,-14.185133,0,9.283999999999926,9.150000000000036,9.56750000000005,1,1,-1,1,-1,75.96443640747441,66.80267272933766,94.28796376374791,1,-0.21878963127934625,-0.21692700170872495,-0.0018626295706213047
2020-02-18,sh.600188,9.4500,9.46,9.27,9.32,22175002,207286189.0000,3,0.749200,1,-1.375700,4.876129,0.812750,0.235459,-13.989994,0,9.293999999999928,9.199000000000035,9.513000000000051,1,1,-1,1,-1,76.64770267172662,72.69610985179726,84.55088831158534,1,-0.20475223815634536,-0.21449204899824903,0.009739810841903673
2020-02-19,sh.600188,9.3200,9.37,9.28,9.28,15541325,144699437.0000,3,0.525100,1,-0.429200,4.876129,0.812750,0.235459,-13.989994,0,9.289999999999926,9.234000000000034,9.456000000000051,-1,1,-1,1,-1,73.667320377964,75.42648648572175,70.14898816244849,-1,-0.19461180493284047,-0.2105160001851673,0.015904195252326836
2020-02-20,sh.600188,9.2900,9.41,9.24,9.41,23305146,217591735.0000,3,0.787400,1,1.400900,4.923216,0.820599,0.237732,-14.125091,0,9.337999999999926,9.268000000000034,9.41300000000005,1,1,-1,1,-1,70.99712704085215,73.77071669684767,65.4499477288611,-1,-0.17407885235108722,-0.20322857061835128,0.029149718267264063
2020-02-21,sh.600188,9.4100,9.45,9.34,9.44,24255249,227885790.0000,3,0.819500,1,0.318800,4.938912,0.823215,0.238490,-14.170123,0,9.379999999999924,9.313000000000034,9.378000000000052,1,1,1,1,1,73.57382755400859,72.74609165760832,75.22929934680914,1,-0.15361481426166712,-0.19330581934701446,0.03969100508534734
2020-02-24,sh.600188,9.3900,9.41,9.27,9.31,26670623,248731339.0000,3,0.901100,1,-1.377100,4.870897,0.811878,0.235206,-13.974983,0,9.351999999999924,9.318000000000035,9.339000000000052,-1,-1,-1,1,1,71.49468603824738,72.0218802110361,70.44029769266993,-1,-0.14620151018292837,-0.18388495751419726,0.03768344733126888
2020-02-25,sh.600188,9.1000,9.22,9.03,9.15,24959027,227679026.0000,3,0.843200,1,-1.718600,4.787187,0.797925,0.231164,-13.734812,0,9.317999999999923,9.306000000000036,9.286500000000052,-1,-1,-1,1,1,53.93133997785168,66.33328452336929,29.12745088681646,-1,-0.1514907846490683,-0.17740612294117147,0.025915338292103185
2020-02-26,sh.600188,9.0500,9.39,9.03,9.25,37832767,350774790.0000,3,1.278200,1,1.092900,4.839506,0.806646,0.233690,-13.884919,0,9.311999999999923,9.301000000000036,9.250500000000052,-1,-1,-1,1,1,45.40420819490591,56.94341140366839,22.325801777380946,-1,-0.14593120441998586,-0.17111113923693436,0.025179934816948496
2020-02-27,sh.600188,9.2000,9.33,9.2,9.23,19810004,183191852.0000,3,0.669300,1,-0.216200,4.829042,0.804902,0.233185,-13.854898,0,9.275999999999925,9.307000000000036,9.214000000000052,-1,-1,1,-1,1,41.86046511627912,47.06533776301231,31.450719822812744,-1,-0.1415078158710461,-0.1651904745637567,0.023682658692710606
2020-02-28,sh.600188,9.0500,9.16,8.84,8.87,28697034,257397145.0000,3,0.969500,1,-3.900300,4.640693,0.773508,0.224090,-13.314512,0,9.161999999999924,9.271000000000036,9.17350000000005,-1,-1,-1,-1,-1,34.17104276069014,40.47857202395846,21.5559842341535,-1,-0.16514752209770656,-0.16518188407054668,3.4361972840124544e-05
2020-03-02,sh.600188,8.9100,9.38,8.91,9.37,41716670,384655327.0000,3,1.409400,1,5.637000,4.902288,0.817110,0.236722,-14.065048,0,9.173999999999925,9.263000000000037,9.206500000000052,1,1,1,-1,-1,46.07852782867845,40.70334523521598,56.8288930156034,1,-0.14190059652488785,-0.16052562656141492,0.018625030036527074
2020-03-03,sh.600188,9.5100,9.67,9.29,9.35,36057077,340674294.0000,3,1.218200,1,-0.213400,4.891825,0.815366,0.236216,-14.035026,0,9.213999999999924,9.266000000000037,9.23250000000005,1,1,1,-1,-1,51.05657957052954,43.768716719966115,65.63230527165639,1,-0.12366553407866299,-0.15315360806486453,0.02948807398620154
2020-03-04,sh.600188,9.3100,9.54,9.27,9.49,27411757,257951083.0000,3,0.926100,1,1.497300,4.965071,0.827575,0.239753,-14.245176,0,9.261999999999926,9.287000000000036,9.26050000000005,1,1,1,-1,1,75.54809401540587,57.56106713820469,111.52214776980821,1,-0.09680141923813146,-0.1418831702995179,0.045081751061386455
2020-03-05,sh.600188,9.5600,9.82,9.49,9.73,39473807,382202280.0000,3,1.333600,1,2.529000,5.090637,0.848504,0.245817,-14.605434,0,9.361999999999927,9.319000000000036,9.29350000000005,1,1,1,1,1,76.85845422506351,67.82104260366638,94.93327746785778,1,-0.055505586593977085,-0.12460765355840975,0.06910206696443266
2020-03-06,sh.600188,9.6300,9.63,9.43,9.46,29125077,276882187.0000,3,0.984000,1,-2.774900,4.949375,0.824959,0.238995,-14.200144,0,9.479999999999928,9.321000000000037,9.31700000000005,-1,1,1,1,1,77.46496188836983,76.62383670961314,79.1472122458832,1,-0.04405722099990683,-0.10849756704670917,0.06444034604680234
2020-03-09,sh.600188,9.1500,9.25,9.11,9.12,24932113,228441651.0000,3,0.842300,1,-3.594100,4.771491,0.795309,0.230406,-13.689780,0,9.429999999999927,9.302000000000039,9.31000000000005,-1,-1,-1,1,1,60.88435374149659,71.73592328497672,39.18121465453632,-1,-0.06170813432649247,-0.09913968050266583,0.037431546176173364
2020-03-10,sh.600188,9.0400,9.4,9.02,9.35,22601737,208073660.0000,3,0.763600,1,2.521900,4.891825,0.815366,0.236216,-14.035026,0,9.429999999999927,9.322000000000036,9.31400000000005,-1,1,1,1,1,47.95918367346936,62.102833101112,19.671884818184083,-1,-0.05648639252451204,-0.09060902290703507,0.03412263038252303
2020-03-11,sh.600188,9.3400,9.37,9.16,9.18,13522617,125280596.0000,3,0.456900,1,-1.818200,4.802882,0.800542,0.231922,-13.779844,0,9.367999999999927,9.315000000000037,9.30800000000005,-1,-1,-1,1,1,38.4353741496598,49.092970521541986,17.120181405895437,-1,-0.06531281826342195,-0.08554978197831245,0.020236963714890505
2020-03-12,sh.600188,9.1200,9.14,9.01,9.11,15209000,137859883.0000,3,0.513800,1,-0.762500,4.766259,0.794437,0.230153,-13.674769,0,9.243999999999925,9.303000000000036,9.30500000000005,-1,-1,-1,-1,-1,36.2375719518576,40.87737659166232,26.957962672248172,-1,-0.07706784904731379,-0.08385339539211271,0.006785546344798929
2020-03-13,sh.600188,8.8300,9.07,8.75,9.0,18904700,168178107.0000,3,0.638700,1,-1.207500,4.708708,0.784845,0.227374,-13.509651,0,9.151999999999926,9.316000000000036,9.29350000000005,-1,-1,-1,-1,-1,26.67879517011688,33.783913757211494,12.468557995927654,-1,-0.09417429368942543,-0.08591757505157525,-0.008256718637850172
2020-03-16,sh.600188,9.1100,9.12,8.83,8.83,17653094,158206091.0000,3,0.596400,1,-1.888900,4.619766,0.770020,0.223079,-13.254469,0,9.093999999999927,9.262000000000036,9.26250000000005,-1,-1,-1,-1,-1,17.606381157782987,26.840916093252556,-0.8626887131561531,-1,-0.12006482104504634,-0.09274702425026947,-0.027317796794776875
2020-03-17,sh.600188,8.8600,8.95,8.62,8.78,14931170,130874723.0000,3,0.504500,1,-0.566300,4.593606,0.765660,0.221816,-13.179415,0,8.979999999999926,9.205000000000037,9.235500000000052,-1,-1,-1,-1,-1,14.724818276220132,19.6699982013734,4.834458425913596,-1,-0.14296976616930834,-0.10279157263407725,-0.040178193535231096
2020-03-18,sh.600188,8.8400,8.88,8.55,8.57,18074704,157778050.0000,3,0.610700,1,-2.391800,4.483737,0.747347,0.216511,-12.864190,0,8.857999999999926,9.113000000000037,9.20000000000005,-1,-1,-1,-1,-1,7.553940233067934,13.295046555690414,-3.9282724121770265,-1,-0.17603808766359386,-0.11744087563998057,-0.05859721202361329
2020-03-19,sh.600188,8.5700,8.6,8.15,8.49,17499909,147308668.0000,3,0.591200,1,-0.933500,4.441881,0.740370,0.214490,-12.744104,0,8.733999999999927,8.989000000000036,9.154000000000051,-1,-1,-1,-1,-1,14.128395061728364,12.13571785700554,18.113749471174014,1,-0.2063219510831793,-0.13521709072862031,-0.07110486035455899
2020-03-20,sh.600188,8.5000,8.57,8.45,8.56,11075541,94206989.0000,3,0.374200,1,0.824500,4.478505,0.746474,0.216258,-12.849179,0,8.645999999999926,8.899000000000035,9.110000000000053,-1,-1,-1,-1,-1,20.617283950617256,14.099873081804581,33.65210568824261,1,-0.22211333181267712,-0.15259633894543168,-0.06951699286724544
2020-03-23,sh.600188,8.4100,8.43,8.3,8.31,9971912,83203844.0000,3,0.336900,1,-2.920600,4.347707,0.724673,0.209942,-12.473911,0,8.541999999999927,8.818000000000035,9.060000000000052,-1,-1,-1,-1,-1,24.371584699453546,19.705754570599783,33.70324495716107,1,-0.25189731008435956,-0.17245653317321724,-0.07944077691114232
2020-03-24,sh.600188,8.4300,8.48,8.26,8.42,15497780,129520330.0000,3,0.523600,1,1.323700,4.405258,0.734266,0.212721,-12.639029,0,8.469999999999928,8.725000000000035,9.023500000000052,-1,-1,-1,-1,-1,24.395827123695955,23.128231924588984,26.9310175219099,1,-0.26358678240451816,-0.19068258301947744,-0.07290419938504072
2020-03-25,sh.600188,8.5500,8.6,8.5,8.57,14627071,125139042.0000,3,0.494200,1,1.781500,4.483737,0.747347,0.216511,-12.864190,0,8.469999999999928,8.664000000000035,8.989500000000051,1,-1,-1,-1,-1,27.895483481084284,25.554298434744663,32.57785357376353,1,-0.2577755509470414,-0.20410117660499022,-0.05367437434205119
2020-03-26,sh.600188,8.5700,8.63,8.5,8.55,10169282,86993326.0000,3,0.343600,1,-0.233400,4.473273,0.745602,0.216005,-12.834168,0,8.481999999999928,8.608000000000036,8.955500000000052,1,-1,-1,-1,-1,37.26960324898471,29.85363795125505,52.10153384444403,1,-0.2518804203071703,-0.21365702534542624,-0.03822339496174404
2020-03-27,sh.600188,8.6100,8.68,8.54,8.63,15658333,134906962.0000,3,0.529000,1,0.935700,4.515128,0.752579,0.218027,-12.954254,0,8.495999999999928,8.571000000000035,8.943500000000052,1,1,-1,-1,-1,48.17869415807568,37.78126029604829,68.97356188213047,1,-0.2380095296883873,-0.21852752621401844,-0.019482003474368847
2020-03-30,sh.600188,8.5900,8.74,8.52,8.69,18555125,160488936.0000,3,0.626900,1,0.695200,4.924558,0.757811,0.212739,-13.044318,0,8.571999999999928,8.557000000000034,8.909500000000051,1,1,-1,1,-1,58.403238713929305,47.95051204032996,79.30869206112799,1,-0.21964333869431663,-0.21875068871007808,-0.0008926499842385471
2020-03-31,sh.600188,8.7600,8.76,8.6,8.64,11024690,95595356.0000,3,0.372500,1,-0.575400,4.896223,0.753451,0.211515,-12.969265,0,8.615999999999927,8.543000000000035,8.874000000000052,1,1,-1,1,-1,71.43349053072836,59.338474467577846,95.6235226570294,1,-0.20673941881355695,-0.21634843473077386,0.009609015917216912
2020-04-01,sh.600188,8.5800,8.68,8.5,8.52,12140718,104187469.0000,3,0.410200,1,-1.388900,4.828220,0.789924,0.208577,-12.789136,0,8.605999999999927,8.538000000000036,8.825500000000051,-1,-1,-1,1,-1,68.76682386406164,66.20118436957317,73.89810285303858,1,-0.2038461548749133,-0.21384797875960176,0.010001823884688454
2020-04-02,sh.600188,8.4500,8.62,8.43,8.62,10040133,85607512.0000,3,0.339200,1,1.173700,4.884890,0.799196,0.211025,-12.939243,0,8.619999999999926,8.551000000000036,8.770000000000053,1,1,-1,1,-1,68.10928961748631,69.43653467075883,65.45479951094129,-1,-0.19127911156258826,-0.20933420532019906,0.0180550937576108
2020-04-03,sh.600188,8.6300,8.63,8.5,8.55,9309399,79622831.0000,3,0.314500,1,-0.812100,4.845221,0.792706,0.209311,-12.834168,0,8.603999999999925,8.550000000000036,8.724500000000052,-1,-1,-1,1,-1,60.666666666666664,65.84759338273827,50.304813234523465,-1,-0.18483736410635032,-0.20443483707742932,0.019597472971079
2020-04-07,sh.600188,8.6400,8.68,8.61,8.67,13268725,114840222.0000,3,0.448300,1,1.403500,4.913224,0.803832,0.212249,-13.014297,0,8.599999999999927,8.586000000000036,8.702000000000051,1,1,-1,1,-1,67.5757575757576,65.45057128663693,71.82613015399895,1,-0.16811135269070476,-0.19717014020008441,0.029058787509379652
2020-04-08,sh.600188,8.6300,8.74,8.59,8.68,13368585,115549549.0000,3,0.451700,1,0.115300,4.918891,0.804759,0.212494,-13.029308,0,8.607999999999926,8.612000000000034,8.668500000000053,1,1,1,-1,-1,68.8282828282829,65.6902356902358,75.10437710437708,1,-0.1522934081036258,-0.18819479378079268,0.035901385677166886
2020-04-09,sh.600188,8.7000,8.72,8.66,8.67,7437913,64618527.0000,3,0.251300,1,-0.115200,4.913224,0.803832,0.212249,-13.014297,0,8.637999999999925,8.622000000000035,8.643000000000052,1,1,1,1,-1,73.73737373737376,70.04713804713816,81.11784511784495,1,-0.13896261495872153,-0.17834835801637844,0.03938574305765691
2020-04-10,sh.600188,8.6800,8.69,8.58,8.59,6612900,57039397.0000,3,0.223400,1,-0.922700,4.867889,0.796414,0.210291,-12.894211,0,8.631999999999925,8.626000000000037,8.61700000000005,-1,-1,-1,1,1,65.65656565656566,69.4074074074075,58.15488215488199,-1,-0.13331640819324164,-0.16934196805175109,0.03602555985850944
2020-04-13,sh.600188,8.5800,8.62,8.54,8.59,4186241,35942169.0000,3,0.141400,1,0.000000,4.867889,0.796414,0.210291,-12.894211,0,8.639999999999926,8.622000000000037,8.596500000000052,-1,-1,-1,1,1,56.56565656565659,65.3198653198654,39.057239057238974,-1,-0.1273734666169446,-0.1609482677647898,0.033574801147845196
2020-04-14,sh.600188,8.6000,8.69,8.59,8.69,10025305,86642597.0000,3,0.338700,1,1.164100,4.924558,0.805686,0.212739,-13.044318,0,8.643999999999926,8.622000000000037,8.58950000000005,1,1,1,1,1,60.280221570544086,60.83414793092217,59.172368849787915,-1,-0.11328855835498075,-0.151416325882828,0.038127767527847245
2020-04-15,sh.600188,8.6900,8.69,8.6,8.61,7701021,66474517.0000,3,0.260200,1,-0.920600,4.879223,0.798269,0.210780,-12.924233,0,8.629999999999926,8.619000000000037,8.581000000000051,-1,-1,1,1,1,63.47344411860528,60.106440751602044,70.20745085261176,1,-0.10734410249897053,-0.1426018812060565,0.03525777870708596
2020-04-16,sh.600188,8.5700,8.62,8.55,8.6,6616967,56767145.0000,3,0.223600,1,-0.116100,4.873556,0.797342,0.210535,-12.909222,0,8.615999999999925,8.627000000000036,8.582500000000051,-1,-1,1,-1,1,61.20071684587794,61.65146084500916,60.29922884761551,-1,-0.10226119147219315,-0.13453374325928383,0.03227255178709068
2020-04-17,sh.600188,8.6200,8.69,8.58,8.62,10415264,89943456.0000,3,0.351900,1,0.232600,4.884890,0.799196,0.211025,-12.939243,0,8.621999999999925,8.627000000000036,8.589000000000052,-1,-1,1,-1,1,46.57706093189946,57.08374063212762,25.56370153144313,-1,-0.09551804247432294,-0.12673060310229164,0.031212560627968705
2020-04-20,sh.600188,8.6400,8.66,8.57,8.62,9274513,79836830.0000,3,0.313300,1,0.000000,4.884890,0.799196,0.211025,-12.939243,0,8.627999999999926,8.634000000000038,8.592000000000052,-1,-1,1,-1,1,40.55555555555538,49.44444444444432,22.7777777777775,-1,-0.0891464238295594,-0.1192137672477452,0.030067343418185802
2020-04-21,sh.600188,8.5500,8.57,8.33,8.39,18023022,151842610.0000,3,0.608900,1,-2.668200,4.754550,0.777872,0.205394,-12.593997,0,8.567999999999925,8.606000000000037,8.596000000000052,-1,-1,-1,-1,-1,31.79487179487171,39.642496094108914,16.099623196397303,-1,-0.10148607960554834,-0.11566822971930582,0.01418215011375748
2020-04-22,sh.600188,8.2900,8.46,8.27,8.44,10022550,84020397.0000,3,0.338600,1,0.595900,4.782885,0.782507,0.206618,-12.669050,0,8.533999999999924,8.582000000000036,8.597000000000053,-1,-1,-1,-1,-1,31.953601953601922,34.76800976800973,26.324786324786302,-1,-0.10600876057413622,-0.1137363358902719,0.0077275753161356875
2020-04-23,sh.600188,8.4800,8.51,8.35,8.37,17538556,147603444.0000,3,0.592500,1,-0.829400,4.743216,0.776017,0.204905,-9.035319,0,8.487999999999925,8.552000000000037,8.587000000000053,-1,-1,-1,-1,-1,26.556776556776555,30.101750101750127,19.46682946682941,-1,-0.11392814012987706,-0.11377469673819293,-0.00015344339168413268
2020-04-24,sh.600188,8.3500,8.37,8.25,8.26,13213869,109834242.0000,3,0.446400,1,-1.314200,4.680880,0.765819,0.202212,-8.916575,0,8.415999999999924,8.519000000000037,8.572500000000051,-1,-1,-1,-1,-1,22.186147186147135,26.898841898841937,12.760757760757528,-1,-0.1276093846236357,-0.11654163431528149,-0.011067750308354204
2020-04-27,sh.600188,8.2300,8.33,8.21,8.26,8896036,73572659.0000,3,0.300600,1,0.000000,4.680880,0.765819,0.202212,-8.916575,0,8.343999999999925,8.486000000000036,8.554000000000052,-1,-1,-1,-1,-1,12.166305916305802,20.303076553076565,-4.107235357235723,-1,-0.13687407037089905,-0.120608121526405,-0.016265948844494046
2020-04-28,sh.600188,8.2700,8.28,8.07,8.19,12465379,101805867.0000,3,0.421100,1,-0.847500,4.641212,0.759329,0.200498,-8.841011,0,8.303999999999924,8.436000000000037,8.529000000000051,-1,-1,-1,-1,-1,10.681410883023664,15.011287995158936,2.0216566587531197,-1,-0.1481569544136736,-0.1261178881038587,-0.022039066309814892
2020-04-29,sh.600188,8.1000,8.19,8.07,8.15,13195957,107355092.0000,3,0.445800,1,-0.488400,5.075827,0.768660,0.202178,5.737119,0,8.245999999999924,8.390000000000038,8.504500000000052,-1,-1,-1,-1,-1,14.224910394265136,12.357542397864934,17.959646387065536,1,-0.158499305678939,-0.13259417161887477,-0.025905134060064228
2020-04-30,sh.600188,8.1800,8.32,8.16,8.29,12874044,106510203.0000,3,0.435000,1,1.717800,5.163019,0.781864,0.205651,5.835671,0,8.229999999999924,8.359000000000037,8.49300000000005,1,-1,-1,-1,-1,23.182066703116362,16.02946266013512,37.487274789078846,1,-0.15362793637760674,-0.13680092457062115,-0.016827011806985592
2020-05-06,sh.600188,8.1800,8.33,8.16,8.33,12437614,103063328.0000,3,0.420200,1,0.482500,5.187931,0.785637,0.206643,5.863829,0,8.243999999999925,8.330000000000037,8.47850000000005,1,-1,-1,-1,-1,34.06378713322391,23.823588076868536,54.54418524593466,1,-0.14486970759305784,-0.1384146811751085,-0.006455026417949344
2020-05-07,sh.600188,8.3200,8.35,8.26,8.3,9038345,74959608.0000,3,0.305400,1,-0.360100,5.169247,0.782807,0.205899,5.842711,0,8.251999999999924,8.298000000000036,8.46600000000005,1,1,-1,-1,-1,47.18695428864917,34.81093604166321,71.93899078262109,1,-0.13875007298871722,-0.13848175953783023,-0.00026831345088698666
2020-05-08,sh.600188,8.3100,8.39,8.3,8.38,11792703,98419101.0000,3,0.398400,1,0.963900,5.219071,0.790352,0.207884,5.899026,0,8.289999999999925,8.297000000000036,8.45150000000005,1,1,-1,-1,-1,58.24242424242434,46.4977218880992,81.73182895107463,1,-0.12599252367775193,-0.13598391236581459,0.009991388688062652
2020-05-11,sh.600188,8.4100,8.45,8.36,8.36,10352111,86964290.0000,3,0.349700,1,-0.238700,5.200255,0.787503,0.207134,5.877759,0,8.331999999999926,8.289000000000035,8.43550000000005,1,1,-1,1,-1,66.34768740031909,57.25902197713092,84.52501824669541,1,-0.11615692209591089,-0.13201851431183384,0.015861592215922954
2020-05-12,sh.600188,8.3700,8.38,8.29,8.33,9251746,77097501.0000,3,0.312600,1,-0.358800,5.181594,0.784677,0.206391,5.856666,0,8.339999999999925,8.285000000000036,8.418500000000051,-1,1,-1,1,-1,71.7304625199363,65.44019138755998,84.31100478468895,1,-0.10952040322585432,-0.12751889209463793,0.017998488868783608
2020-05-13,sh.600188,8.3100,8.33,8.27,8.32,5671984,47097987.0000,3,0.191600,1,-0.120100,5.175374,0.783735,0.206143,5.849635,0,8.337999999999926,8.291000000000034,8.40500000000005,-1,1,-1,1,-1,70.1754385964913,69.41786283891564,71.69059011164265,1,-0.10387047643904879,-0.12278920896352011,0.01891873252447132
2020-05-14,sh.600188,8.2900,8.3,8.2,8.22,8180209,67450387.0000,3,0.276400,1,-1.201900,5.105457,0.773147,0.203358,5.770610,0,8.321999999999926,8.287000000000033,8.386500000000051,-1,-1,-1,1,-1,57.89473684210541,66.6002126528444,40.483785220627425,-1,-0.1062373944671755,-0.11947884606425119,0.013241451597075682
2020-05-15,sh.600188,8.2200,8.27,8.18,8.22,6443051,52935277.0000,3,0.217700,1,0.000000,5.105457,0.773147,0.203358,5.770610,0,8.289999999999925,8.290000000000033,8.363000000000051,-1,-1,-1,-1,-1,41.98427102238373,56.684815486993536,12.583182093164126,-1,-0.10688113486565243,-0.11695930382453143,0.010078168958879002
2020-05-18,sh.600188,8.2200,8.42,8.16,8.32,15140620,125816476.0000,3,0.511500,1,1.216500,5.161765,0.781674,0.205601,5.834254,0,8.281999999999925,8.307000000000034,8.34850000000005,1,1,-1,-1,-1,38.44525105868138,46.10808630772357,23.119580560597,-1,-0.09819026327055091,-0.11320549571373532,0.01501523244318441
2020-05-19,sh.600188,8.4100,8.53,8.4,8.48,19830477,167952253.0000,3,0.670000,1,1.923100,5.256282,0.795987,0.209366,5.941085,0,8.311999999999927,8.326000000000034,8.342500000000049,1,1,1,-1,-1,54.116185150668116,44.84856907724447,72.65141729751541,1,-0.07749866571574948,-0.10606412971413816,0.028565463998388677
2020-05-20,sh.600188,8.4800,8.64,8.44,8.48,18612018,159068992.0000,3,0.628800,1,0.000000,5.256282,0.795987,0.209366,5.941085,0,8.343999999999927,8.341000000000035,8.33550000000005,1,1,1,1,1,69.44185564875232,54.001097286034,100.32337237418896,1,-0.06040412443246268,-0.09693212865780307,0.03652800422534039
2020-05-21,sh.600188,8.5500,8.55,8.4,8.49,14140895,119738246.0000,3,0.477800,1,0.117900,5.262481,0.796926,0.209613,5.948091,0,8.397999999999927,8.360000000000035,8.329000000000049,1,1,1,1,1,73.96771771771775,65.8419195057128,90.21931414172766,1,-0.04552487841926123,-0.0866506786100947,0.04112580019083348
2020-05-22,sh.600188,8.4400,8.49,8.3,8.32,12736531,106549767.0000,3,0.430300,1,-2.002400,5.157107,0.780969,0.205416,5.828989,0,8.417999999999926,8.354000000000037,8.325500000000048,-1,-1,-1,1,1,56.24999999999995,66.55319112215675,35.643617755686364,-1,-0.04690980101952391,-0.07870250309198054,0.03179270207245663
2020-05-25,sh.600188,8.3100,8.45,8.29,8.41,9029463,75645966.0000,3,0.305100,1,1.081700,5.212893,0.789417,0.207638,5.892043,0,8.435999999999927,8.359000000000036,8.324000000000048,-1,1,1,1,1,51.38888888888883,60.53553553553558,33.09559559559533,-1,-0.04028078253232792,-0.07101815898005001,0.030737376447722092
2020-05-26,sh.600188,8.4500,8.45,8.35,8.41,10906519,91533578.0000,3,0.368500,1,0.000000,5.212893,0.789417,0.207638,5.892043,0,8.421999999999926,8.367000000000036,8.326000000000047,-1,1,1,1,1,45.83333333333328,51.15740740740742,35.18518518518499,-1,-0.034628066822619985,-0.063740140548564,0.029112073725944015
2020-05-27,sh.600188,8.3800,8.52,8.35,8.5,16539973,140036476.0000,3,0.558800,1,1.070200,5.268679,0.797865,0.209860,5.955097,0,8.425999999999926,8.385000000000037,8.338000000000047,1,1,1,1,1,58.333333333333236,51.85185185185185,71.29629629629602,1,-0.0226251919295688,-0.05551715082476496,0.03289195889519616
2020-05-28,sh.600188,8.4900,8.53,8.4,8.49,15050874,127391954.0000,3,0.508500,1,-0.117600,5.262481,0.796926,0.209613,5.948091,0,8.425999999999926,8.412000000000036,8.349500000000049,1,1,1,1,1,63.8888888888888,56.018518518518505,79.62962962962939,1,-0.01376111397142843,-0.04716594345409765,0.03340482948266922
2020-05-29,sh.600188,8.4800,8.49,8.4,8.45,13638865,115009676.0000,3,0.460800,1,-0.471100,5.237687,0.793171,0.208625,5.920067,0,8.451999999999924,8.435000000000036,8.362500000000049,-1,1,1,1,1,61.7658730158729,61.32936507936504,62.638888888888616,1,-0.009850384927627687,-0.03970283174880366,0.029852446821175972
2020-06-01,sh.600188,8.4700,8.55,8.44,8.55,18730454,159248735.0000,3,0.632800,1,1.183400,5.299671,0.802558,0.211094,5.990127,0,8.479999999999924,8.458000000000037,8.382500000000048,1,1,1,1,1,62.91666666666663,62.85714285714284,63.03571428571421,1,0.0013030396500237629,-0.03150165746903817,0.032804697119061935
2020-06-02,sh.600188,8.5600,8.74,8.51,8.74,28463160,246430074.0000,3,0.961600,1,2.222200,5.417442,0.820393,0.215785,6.123241,0,8.545999999999925,8.484000000000036,8.405000000000049,1,1,1,1,1,73.33333333333331,66.00529100529101,87.98941798941792,1,0.025183323411431147,-0.020164661292944308,0.045347984704375455
2020-06-03,sh.600188,8.7500,8.78,8.6,8.61,21496353,186649025.0000,3,0.726300,1,-1.487400,5.336862,0.808190,0.212576,6.032163,0,8.567999999999925,8.497000000000035,8.419000000000048,1,1,1,1,1,79.86394557823134,72.0379818594105,95.51587301587304,1,0.03323558763006851,-0.009484611508341744,0.042720199138410256
2020-06-04,sh.600188,8.6500,8.66,8.55,8.63,13659552,117307712.0000,3,0.461500,1,0.232300,5.349259,0.810067,0.213069,6.046175,0,8.595999999999925,8.511000000000035,8.435500000000047,1,1,1,1,1,78.2312925170069,77.14285714285727,80.40816326530617,1,0.040761030107574925,0.000564516814841591,0.040196513292733334
2020-06-05,sh.600188,8.6500,8.67,8.52,8.58,9083727,77877886.0000,3,0.306900,1,-0.579400,5.318267,0.805374,0.211835,6.011145,0,8.621999999999925,8.537000000000036,8.445500000000049,-1,1,1,1,1,62.727416548014695,73.60755154775106,40.96714654854196,-1,0.04220391489641884,0.008892396431157041,0.0333115184652618
2020-06-08,sh.600188,8.6100,8.71,8.61,8.7,14096855,122248389.0000,3,0.476300,1,1.398600,5.392648,0.816638,0.214798,6.095217,0,8.651999999999926,8.566000000000036,8.462500000000048,1,1,1,1,1,68.0904920107579,69.6830670252599,64.9053419817539,-1,0.052426073464356904,0.017599131837797016,0.03482694162655989
2020-06-09,sh.600188,8.7600,8.82,8.71,8.78,16111301,141304999.0000,3,0.544300,1,0.919500,5.442235,0.824147,0.216773,6.151265,0,8.659999999999927,8.603000000000037,8.485000000000047,1,1,1,1,1,75.11997046880761,68.64595967586013,88.06799205470259,1,0.06621920540830395,0.0273231465518984,0.03889605885640555
2020-06-10,sh.600188,8.8000,8.82,8.67,8.69,11678628,101726982.0000,3,0.394600,1,-1.025100,5.386449,0.815699,0.214551,6.088211,0,8.675999999999927,8.622000000000037,8.503500000000049,1,1,1,1,1,80.30638612033944,74.50561619996837,91.90792596108159,1,0.06909166826571855,0.03567685089466243,0.03341481737105612
2020-06-11,sh.600188,8.6800,8.7,8.6,8.62,9292818,80203496.0000,3,0.314000,1,-0.805500,5.343060,0.809129,0.212822,6.039169,0,8.673999999999925,8.635000000000037,8.523500000000048,-1,-1,1,1,1,68.96407685881348,74.79681114932025,57.29860827779996,-1,0.06497075833046573,0.04153563238182309,0.023435125948642638
2020-06-12,sh.600188,8.5000,8.65,8.46,8.65,11383223,97663192.0000,3,0.384600,1,0.348000,5.361656,0.811945,0.213563,6.060187,0,8.687999999999926,8.655000000000038,8.545000000000048,-1,-1,1,1,1,56.39793929267597,68.5561340906097,32.08154969680851,-1,0.06339488008113214,0.0459074819216849,0.01748739815944724
2020-06-15,sh.600188,8.6000,8.66,8.55,8.56,8806320,75699291.0000,3,0.297500,1,-1.040500,5.305870,0.803497,0.211341,5.997133,0,8.659999999999926,8.656000000000038,8.557000000000048,-1,-1,1,1,1,42.641325536062254,56.001113895850644,15.921748816485476,-1,0.05425828167973279,0.04757764187329448,0.006680639806438307
2020-06-16,sh.600188,8.5900,8.67,8.58,8.66,9517467,82121380.0000,3,0.321500,1,1.168200,5.367854,0.812883,0.213810,6.067193,0,8.635999999999925,8.648000000000039,8.566000000000049,1,1,1,-1,1,45.37037037037027,48.13654506636957,39.83802097837166,-1,0.05445885806974893,0.048953885112585374,0.005504972957163554
2020-06-17,sh.600188,8.6700,8.71,8.61,8.66,7954185,68827423.0000,3,0.268700,1,0.000000,5.367854,0.812883,0.213810,6.067193,0,8.629999999999924,8.653000000000038,8.575000000000049,1,1,1,-1,1,46.29629629629617,44.76933073424297,49.350227420402575,1,0.053995391046887775,0.049962186299445856,0.004033204747441919
2020-06-18,sh.600188,8.6200,9.0,8.62,8.95,31993133,284399040.0000,3,1.080900,1,3.348700,5.547609,0.840105,0.220970,6.270366,0,8.695999999999923,8.68500000000004,8.598000000000049,1,1,1,1,1,67.28395061728379,52.983539094650155,95.88477366255108,1,0.07615084690023721,0.05519991841960413,0.020950928480633083
2020-06-19,sh.600188,8.9400,8.97,8.81,8.9,16997554,150766666.0000,3,0.574300,1,-0.558700,5.516617,0.835411,0.219736,6.235337,0,8.745999999999924,8.71700000000004,8.627000000000049,1,1,1,1,1,75.92592592592582,63.16872427983534,101.44032921810681,1,0.0886526901255067,0.061890472760784646,0.02676221736472205
2020-06-22,sh.600188,8.9100,8.94,8.86,8.88,13544707,120497135.0000,3,0.457600,1,-0.224700,5.504220,0.833534,0.219242,6.221325,0,8.809999999999924,8.735000000000039,8.650500000000049,1,1,1,1,1,83.33333333333331,75.51440329218106,98.97119341563783,1,0.09584185287891778,0.06868074878441127,0.027161104094506505
2020-06-23,sh.600188,8.8700,8.92,8.78,8.81,9435781,83393290.0000,3,0.318800,1,-0.788300,5.460831,0.826963,0.217513,6.172283,0,8.839999999999923,8.738000000000039,8.67050000000005,-1,1,1,1,1,74.6913580246914,77.98353909465025,68.10699588477368,-1,0.09479812736801208,0.07390422450113143,0.020893902866880643
2020-06-24,sh.600188,8.8300,8.86,8.76,8.8,8346498,73506616.0000,3,0.282000,1,-0.113500,5.454632,0.826025,0.217267,6.165277,0,8.867999999999924,8.74900000000004,8.68550000000005,-1,1,1,1,1,68.51851851851858,75.51440329218117,54.52674897119337,-1,0.09210235236809616,0.07754385007452438,0.014558502293571779
2020-06-29,sh.600188,8.7600,8.79,8.62,8.64,11885142,103146666.0000,3,0.401500,1,-1.818200,5.324017,0.806245,0.212064,6.017644,0,8.805999999999923,8.751000000000039,8.69300000000005,-1,-1,-1,1,1,49.259259259259274,64.15637860082316,19.465020576131508,-1,0.07617714571724221,0.07727050920306795,-0.0010933634858257407
2020-06-30,sh.600188,8.6500,8.76,8.65,8.76,10236869,89182568.0000,3,0.345900,1,1.388900,5.397962,0.817443,0.215009,6.101223,0,8.777999999999924,8.76200000000004,8.708500000000049,-1,-1,1,1,1,41.94003527336859,53.239271017048885,19.34156378600801,-1,0.07240466591139239,0.07629734054473283,-0.0038926746333404483
2020-07-01,sh.600188,8.8300,8.94,8.79,8.93,15330646,135786153.0000,3,0.517900,1,1.940600,5.502717,0.833306,0.219182,6.219625,0,8.787999999999922,8.799000000000039,8.727500000000049,1,1,1,-1,1,48.30280830280825,46.50070094514545,51.90702301813387,1,0.08218514850326031,0.07747490213643833,0.004710246366821977
2020-07-02,sh.600188,8.9500,9.29,8.91,9.27,30201501,275427436.0000,3,1.020400,1,3.807400,5.712227,0.865034,0.227527,6.456431,0,8.87999999999992,8.860000000000039,8.75400000000005,1,1,1,1,1,73.97445009385305,54.739097890010044,112.44515450153906,1,0.11603384399827732,0.08518669050880613,0.030847153489471188
2020-07-03,sh.600188,9.3800,9.86,9.36,9.66,55009345,529568117.0000,3,1.858500,1,4.207100,5.952547,0.901427,0.237099,6.728061,0,9.051999999999921,8.960000000000038,8.80650000000005,1,1,1,1,1,87.64572505545063,69.97432781737072,122.98851953161045,1,0.17234226532345254,0.10261780547173541,0.06972445985171713
2020-07-06,sh.600188,9.8600,10.5,9.86,10.5,76787473,779439515.0000,3,2.594300,1,8.695700,6.470160,0.979812,0.257717,7.313109,0,9.423999999999921,9.115000000000038,8.90000000000005,1,1,1,1,1,93.62863103835663,85.08293539588685,110.7200223232962,1,0.28150308242638467,0.13839486086266525,0.1431082215637194
2020-07-07,sh.600188,10.3000,10.3,9.5,9.61,71063730,691800422.0000,3,2.400900,1,-3.125000,5.921737,0.896761,0.235872,6.693236,0,9.593999999999921,9.186000000000037,8.951500000000049,1,1,1,1,1,78.84351407000686,86.70595672127145,63.1186287674777,-1,0.2928227757984665,0.1692804438498255,0.123542331948641
2020-07-08,sh.600188,9.4900,9.88,9.4,9.74,50901920,491433069.0000,3,1.719700,1,1.352800,6.001843,0.908892,0.239063,6.783780,0,9.755999999999922,9.272000000000038,9.00350000000005,-1,1,1,1,1,70.74468085106382,81.0722753198092,50.089491913573056,-1,0.3087248401122231,0.197169323102305,0.11155551700991811
2020-07-09,sh.600188,9.7400,10.43,9.5,10.09,65911880,648685483.0000,3,2.226800,1,3.593400,6.217515,0.941552,0.247653,7.027550,0,9.919999999999922,9.400000000000038,9.06900000000005,1,1,1,1,1,63.47517730496454,71.02112407534517,48.38328376420327,-1,0.34558571853340325,0.22685260218852465,0.1187331163448786
2020-07-10,sh.600188,9.9000,9.9,9.55,9.62,48634016,472703141.0000,3,1.643100,1,-4.658100,5.927899,0.897694,0.236118,6.700201,0,9.911999999999923,9.482000000000038,9.11550000000005,-1,1,1,1,1,63.399463293080295,65.87310714970297,58.45217557983494,-1,0.3330341478544607,0.24808891132171187,0.08494523653274885
2020-07-13,sh.600188,10.0000,10.38,9.83,10.1,76275857,770157338.0000,3,2.577000,1,4.989600,6.223677,0.942485,0.247899,7.034515,0,9.831999999999923,9.628000000000037,9.18950000000005,1,1,1,1,1,69.07736964287913,65.31733674697475,76.5974354346879,1,0.3576956335293122,0.27001025576323195,0.08768537776608026
2020-07-14,sh.600188,10.1300,10.34,9.85,10.22,58229176,586740535.0000,3,1.967300,1,1.188100,6.297622,0.953683,0.250844,7.118093,0,9.953999999999922,9.774000000000036,9.26800000000005,1,1,1,1,1,70.47685222461786,67.65122838685919,76.1280999001352,1,0.38251365639673907,0.2925109358899334,0.09000272050680569
2020-07-15,sh.600188,10.2300,10.29,9.87,9.91,36682233,367581455.0000,3,1.239300,1,-3.033300,6.106598,0.924755,0.243235,6.902182,0,9.987999999999923,9.872000000000037,9.33550000000005,-1,1,1,1,1,69.08124609216965,69.54515598655564,68.15342630339768,-1,0.37286950159034404,0.30858264903001553,0.06428685256032851
2020-07-16,sh.600188,9.9300,9.95,9.43,9.47,35837715,348055203.0000,3,1.210800,1,-4.440000,5.835468,0.883697,0.232436,6.595728,0,9.863999999999923,9.892000000000037,9.376000000000051,-1,-1,1,-1,1,45.66639583521414,61.7414980506673,13.516191404307818,-1,0.3259645996583789,0.3120590391556882,0.01390556050269065
2020-07-17,sh.600188,9.4600,9.5,9.17,9.23,31838460,296926991.0000,3,1.075700,1,-2.534300,5.687578,0.861301,0.226545,6.428571,0,9.785999999999921,9.849000000000038,9.40450000000005,-1,-1,-1,-1,1,19.79038505354298,44.84600899364235,-30.320862826655755,-1,0.26635574943067475,0.30291838121068554,-0.03656263178001079
2020-07-20,sh.600188,9.2900,9.7,9.21,9.65,43765495,415210949.0000,3,1.478600,1,4.550400,5.946385,0.900493,0.236854,6.721096,0,9.695999999999922,9.764000000000038,9.43950000000005,-1,-1,1,-1,1,16.40692640692644,27.28790243189461,-5.355025643009903,-1,0.25012253914480276,0.292359212797509,-0.042236673652706225
2020-07-21,sh.600188,9.6500,9.66,9.38,9.45,29232104,277237541.3700,3,0.987600,1,-2.072500,5.823144,0.881830,0.231945,6.581798,0,9.541999999999922,9.748000000000038,9.46700000000005,-1,-1,-1,-1,1,21.6931216931217,19.296811051197135,26.485742976970833,1,0.2185993967368418,0.2776072495853755,-0.059007852848533715
2020-07-22,sh.600188,9.4900,9.59,9.41,9.45,25464336,242022209.5500,3,0.860300,1,0.000000,5.823144,0.881830,0.231945,6.581798,0,9.449999999999923,9.71900000000004,9.49550000000005,1,-1,-1,-1,-1,27.81931872840961,21.97312227615268,39.511711632923465,1,0.191410616824772,0.26036792303325484,-0.06895730620848284
2020-07-23,sh.600188,9.3600,9.42,9.13,9.35,23511448,218311066.4700,3,0.794300,1,-1.058200,5.761523,0.872499,0.229491,6.512150,0,9.425999999999924,9.645000000000039,9.522500000000049,-1,-1,-1,-1,-1,20.98757269666353,23.50000437273171,15.96270934452717,-1,0.15995034063355185,0.24028440655331423,-0.08033406591976239
2020-07-24,sh.600188,9.3400,9.48,9.0,9.1,25154535,232723532.3300,3,0.849800,1,-2.673800,5.607472,0.849170,0.223354,6.338028,0,9.399999999999924,9.593000000000037,9.537500000000048,-1,-1,-1,-1,-1,16.067727478310857,21.62487296779476,4.953436499343049,-1,0.1135361602485947,0.21493475729237033,-0.10139859704377563
2020-07-27,sh.600188,9.0800,9.16,8.91,9.15,15101162,137120924.9400,3,0.510200,1,0.549500,5.638282,0.853836,0.224582,6.372852,0,9.299999999999924,9.498000000000038,9.563000000000049,-1,-1,-1,-1,-1,14.15133030499672,17.06887682665713,8.316237261675894,-1,0.07986651851965476,0.1879211095378272,-0.10805459101817244
2020-07-28,sh.600188,9.1700,9.36,9.14,9.22,17009709,157387207.4900,3,0.574700,1,0.765000,5.681416,0.860368,0.226300,6.421607,0,9.253999999999925,9.398000000000039,9.58600000000005,-1,-1,-1,-1,-1,18.220561074227543,16.14653961917847,22.368603984325688,1,0.058161055415562046,0.16196909871337417,-0.10380804329781212
2020-07-29,sh.600188,9.1200,9.27,9.0,9.27,18071927,166095278.2400,3,0.610600,1,0.542300,5.712227,0.865034,0.227527,6.456431,0,9.217999999999924,9.334000000000039,9.60300000000005,1,-1,-1,-1,-1,30.922872302894334,21.098254560706295,50.57210778727041,1,0.044481150642662115,0.13847150909923175,-0.09399035845656964
2020-07-30,sh.600188,9.3200,9.37,9.2,9.2,13283230,123100079.0800,3,0.448800,1,-0.755100,5.669092,0.858502,0.225809,6.407677,0,9.187999999999922,9.30700000000004,9.599500000000049,1,-1,-1,-1,-1,37.36205777345017,28.835163716857448,54.4158458866356,1,0.027672323249163355,0.11631167192921807,-0.08863934868005471
2020-07-31,sh.600188,9.1700,9.31,9.11,9.2,14417017,132808439.1200,3,0.487100,1,0.000000,5.669092,0.858502,0.225809,6.407677,0,9.207999999999922,9.30400000000004,9.576500000000049,-1,-1,-1,-1,-1,40.31504922644156,36.199993100928786,48.545161477467104,1,0.014187659926630403,0.09588686952870054,-0.08169920960207014
2020-08-03,sh.600188,9.2400,9.37,9.22,9.37,24744523,230623240.7700,3,0.836000,1,1.847800,5.773847,0.874365,0.229981,6.526080,0,9.25199999999992,9.276000000000039,9.52000000000005,1,1,-1,-1,-1,47.67419541656315,41.78376747215172,59.45505130538601,1,0.01702232359214939,0.08011396034139032,-0.06309163674924093
2020-08-04,sh.600188,9.3900,9.44,9.29,9.36,20206938,189022229.9600,3,0.682700,1,-0.106700,5.767685,0.873432,0.229736,6.519115,0,9.279999999999921,9.267000000000039,9.50750000000005,1,1,-1,1,-1,61.75369797041611,49.914314204473705,85.43246550230093,1,0.01825150653701968,0.06774146958051619,-0.04948996304349651
2020-08-05,sh.600188,9.3600,9.36,9.17,9.26,17886680,165501379.9000,3,0.604300,1,-1.068400,5.706065,0.864100,0.227282,6.449466,0,9.277999999999922,9.248000000000038,9.48350000000005,-1,1,-1,1,-1,69.33264533883717,59.58684624193891,88.8242435326337,1,0.011029339254088555,0.05639904351523066,-0.045369704261142105
2020-08-06,sh.600188,9.2700,9.31,9.12,9.2,20060202,184500751.8300,3,0.677700,1,-0.647900,5.669092,0.858502,0.225809,6.407677,0,9.277999999999924,9.23300000000004,9.439000000000048,-1,-1,-1,1,-1,65.02261944168585,65.36965425031315,64.32854982443126,-1,0.0004589308215443566,0.0452110209764934,-0.04475209015494904
2020-08-07,sh.600188,9.2100,9.25,9.03,9.06,22933509,209189663.7600,3,0.774800,1,-1.521700,5.582823,0.845437,0.222373,6.310169,0,9.249999999999924,9.22900000000004,9.411000000000048,-1,-1,-1,1,-1,43.25228451345628,59.202516431326536,11.351820677715764,-1,-0.018996049355765265,0.03236960691004166,-0.05136565626580693
2020-08-10,sh.600188,9.0500,9.17,9.05,9.12,12763088,116243178.8700,3,0.431200,1,0.662300,5.619796,0.851036,0.223845,6.351958,0,9.199999999999923,9.22600000000004,9.362000000000048,-1,-1,-1,-1,-1,31.875357347055413,46.71675376739929,2.1925645063676598,-1,-0.02923575121142541,0.020048535285748247,-0.04928428649717366
2020-08-11,sh.600188,9.1500,9.2,8.98,9.0,16652676,151606680.3100,3,0.562600,1,-1.315800,5.545851,0.839838,0.220900,6.268380,0,9.127999999999924,9.20400000000004,9.301000000000048,-1,-1,-1,-1,-1,15.085638998682434,30.07109361973148,-14.885270243415661,-1,-0.04649778826402162,0.006739270575794272,-0.053237058839815894
2020-08-12,sh.600188,8.9500,9.01,8.84,8.96,17005345,151500481.5700,3,0.574500,1,-0.444400,5.521203,0.836106,0.219918,6.240520,0,9.067999999999923,9.173000000000041,9.253500000000049,-1,-1,-1,-1,-1,17.20685111989457,21.389282488544243,8.841988382595225,-1,-0.06268317013412883,-0.007145217566190347,-0.05553795256793848
2020-08-13,sh.600188,8.9900,9.14,8.99,9.05,13020268,118174326.4500,3,0.439900,1,1.004500,5.576661,0.844504,0.222127,6.303204,0,9.037999999999922,9.15800000000004,9.23250000000005,1,-1,-1,-1,-1,19.78260869565225,17.358366271409857,24.631093544137038,1,-0.06747019957499134,-0.019210213967950546,-0.0482599856070408
2020-08-14,sh.600188,9.0500,9.14,8.99,9.13,11544405,104790496.9900,3,0.390000,1,0.884000,5.625958,0.851969,0.224091,6.358923,0,9.051999999999923,9.15100000000004,9.22750000000005,1,-1,-1,-1,-1,34.444444444444606,23.81130141999725,55.71073049333933,1,-0.06407006367168044,-0.028182183908696527,-0.03588787976298392
2020-08-17,sh.600188,9.1700,9.36,9.16,9.33,25406278,235949188.7200,3,0.858400,1,2.190600,5.749199,0.870633,0.229000,6.498220,0,9.093999999999923,9.14700000000004,9.21150000000005,1,1,1,-1,-1,59.18803418803433,37.805029109377166,101.95404434534866,1,-0.04472158040074703,-0.03149006320710663,-0.0132315171936404
2020-08-18,sh.600188,9.3300,9.54,9.28,9.37,29291629,275959053.0400,3,0.989600,1,0.428700,5.773847,0.874365,0.229981,6.526080,0,9.167999999999923,9.14800000000004,9.207500000000051,1,1,1,1,-1,72.75946275946283,55.463980463980704,107.35042735042708,1,-0.025861981480206353,-0.030364446861726575,0.004502465381520222
2020-08-19,sh.600188,9.3400,9.51,9.25,9.42,26944733,253781667.9500,3,0.910300,1,0.533600,5.804657,0.879031,0.231209,6.560904,0,9.259999999999923,9.16400000000004,9.206000000000051,1,1,1,1,1,84.26739926739931,72.07163207163228,108.65893365893339,1,-0.006802615015621072,-0.025652080492505475,0.018849465476884403
2020-08-20,sh.600188,9.4400,9.6,9.22,9.27,20363102,190832813.9900,3,0.688000,1,-1.592400,5.712227,0.865034,0.227527,6.456431,0,9.303999999999922,9.171000000000038,9.202000000000051,-1,1,1,1,1,71.71679197994989,76.24788466893746,62.654606601974734,-1,-0.0037583522297985894,-0.021273334839964096,0.017514982610165507
2020-08-21,sh.600188,9.2700,9.3,9.18,9.26,15347795,141790419.3300,3,0.518500,1,-0.107900,5.706065,0.864100,0.227282,6.449466,0,9.329999999999922,9.19100000000004,9.210000000000052,-1,1,1,1,1,64.89974937343361,73.62798020692772,47.443287706445375,-1,-0.002128136631451838,-0.017444295198261645,0.015316158566809807
2020-08-24,sh.600188,9.2100,9.28,9.17,9.21,10906346,100555317.1200,3,0.368500,1,-0.540000,5.675254,0.859435,0.226054,6.414642,0,9.305999999999923,9.20000000000004,9.213000000000052,-1,1,-1,1,1,53.5087719298246,63.375104427736154,33.776106934001476,-1,-0.004815253907601402,-0.014918486940129597,0.010103233032528195
2020-08-25,sh.600188,9.1800,9.23,9.06,9.08,12711371,116132413.4500,3,0.429500,1,-1.411500,5.595148,0.847304,0.222864,6.324098,0,9.247999999999923,9.20800000000004,9.206000000000053,-1,-1,-1,1,1,39.56715559390283,52.65855896572047,13.384348850267557,-1,-0.017236040902789185,-0.015381997732661514,-0.0018540431701276703
2020-08-26,sh.600188,9.0800,9.15,8.98,9.03,11856976,107117152.9000,3,0.400600,1,-0.550700,5.564337,0.842638,0.221636,6.289274,0,9.169999999999922,9.21500000000004,9.194000000000052,-1,-1,-1,-1,-1,23.83427500533458,38.97006750968746,-6.437310003371181,-1,-0.03075960859528415,-0.018457519905186043,-0.012302088690098106
2020-08-27,sh.600188,9.0400,9.11,9.03,9.11,7676893,69670772.8200,3,0.259400,1,0.885900,5.613634,0.850103,0.223600,6.344993,0,9.137999999999924,9.221000000000041,9.189500000000052,-1,-1,-1,-1,-1,14.595452141723849,25.998960913653875,-8.211565402136202,-1,-0.03462269315669353,-0.02169055455548754,-0.01293213860120599
2020-08-28,sh.600188,9.1200,9.22,9.07,9.22,11287766,103195815.1200,3,0.381400,1,1.207500,5.681416,0.860368,0.226300,6.421607,0,9.129999999999923,9.230000000000041,9.190500000000053,1,-1,1,-1,-1,22.58064516129025,20.33679076944968,27.068353944971385,1,-0.02847983697937373,-0.023048411040264775,-0.005431425939108954
2020-08-31,sh.600188,9.3000,9.41,9.24,9.28,23594303,220181205.4300,3,0.797100,1,0.650800,5.703994,0.816664,0.220774,-8.913055,0,9.143999999999924,9.22500000000004,9.186000000000053,1,1,1,-1,-1,36.02150537634403,24.399200893119495,59.266114342793095,1,-0.01855617658997133,-0.022149964150206085,0.0035937875602347555
2020-09-01,sh.600188,9.2500,9.37,9.22,9.37,16781038,156577231.7400,3,0.567000,1,0.969800,5.759313,0.824584,0.222915,-8.999497,0,9.201999999999924,9.22500000000004,9.186500000000052,1,1,1,-1,1,49.99999999999995,36.2007168458782,77.59856630824346,1,-0.0033902754120624934,-0.018398026402577365,0.015007750990514872
2020-09-02,sh.600188,9.3900,9.39,9.22,9.27,13393345,124399495.9000,3,0.452500,1,-1.067200,5.697847,0.815784,0.220536,-8.903451,0,9.249999999999924,9.21000000000004,9.187000000000053,1,1,1,1,1,59.57739434858701,48.53296657497712,81.66624989580681,1,0.0005532685354374678,-0.0146077674149744,0.015161035950411867
2020-09-03,sh.600188,9.2700,9.41,9.27,9.33,16707246,156280335.4700,3,0.564500,1,0.647200,5.734726,0.821064,0.221963,-8.961078,0,9.293999999999922,9.21600000000004,9.193500000000054,1,1,1,1,1,70.58014503625895,60.052513128282094,91.63540885221268,1,0.00842295945116689,-0.010001622041746141,0.018424581492913032
2020-09-04,sh.600188,9.2000,9.26,9.12,9.19,16047710,147487834.0700,3,0.542200,1,-1.500500,5.648675,0.808744,0.218633,-8.826614,0,9.287999999999922,9.20900000000004,9.200000000000054,-1,-1,-1,1,1,65.89147286821692,65.3496707510211,66.9750771026086,1,0.003324592397095927,-0.007336379153977727,0.010660971551073654
2020-09-07,sh.600188,9.2000,9.38,9.16,9.2,17992008,166932462.2600,3,0.607900,1,0.108800,5.654821,0.809624,0.218871,-8.836219,0,9.271999999999924,9.20800000000004,9.204000000000054,-1,-1,-1,1,1,60.465116279069605,65.64557806118195,50.10419271484491,-1,8.997897983675784e-05,-0.00585110752721483,0.005941086507051588
2020-09-08,sh.600188,9.1700,9.39,9.16,9.38,23090787,214804080.2200,3,0.780100,1,1.956500,5.765459,0.825464,0.223153,-9.009101,0,9.273999999999925,9.238000000000039,9.223000000000052,1,1,1,1,1,64.03508771929815,63.46389228886168,65.1774785801711,1,0.011913686656003009,-0.002298148690571263,0.014211835346574272
2020-09-09,sh.600188,9.3000,9.47,9.26,9.31,24288791,227684419.0900,3,0.820600,1,-0.746300,5.722433,0.819304,0.221488,-8.941869,0,9.281999999999925,9.266000000000039,9.240500000000052,1,1,1,1,1,67.75601795185635,64.0854073167415,75.09723922208607,1,0.015457461198229439,0.0012529732871888778,0.01420448791104056
2020-09-10,sh.600188,9.3800,9.5,9.32,9.43,30269038,284919577.9300,3,1.022600,1,1.288900,5.796192,0.829864,0.224342,-9.057124,0,9.301999999999925,9.29800000000004,9.259500000000052,1,1,1,1,1,77.8947368421053,69.89528083775339,93.89364885080911,1,0.027630418902845122,0.006528462410320127,0.021101956492524995
2020-09-11,sh.600188,9.4000,9.4,9.02,9.14,28754289,263670879.4300,3,0.971500,1,-3.075300,5.617942,0.804344,0.217443,-8.778591,0,9.291999999999927,9.290000000000038,9.260000000000053,-1,-1,-1,1,1,55.52631578947373,67.05902352781193,32.46090031279732,-1,0.013718856775088994,0.007966541283273901,0.005752315491815093
2020-09-14,sh.600188,9.1200,9.15,9.05,9.12,14267809,129570346.0600,3,0.482000,1,-0.218800,5.605649,0.802584,0.216967,-8.759382,0,9.275999999999927,9.27400000000004,9.249500000000053,-1,-1,-1,1,1,42.47076023391814,58.63060428849919,10.151072124756041,-1,0.0010677028940815347,0.006586773605435428,-0.005519070711353893
2020-09-15,sh.600188,9.1300,9.15,9.02,9.07,11151455,101090822.6800,3,0.376800,1,-0.548200,5.574916,0.798183,0.215778,-8.711359,0,9.213999999999926,9.244000000000039,9.234500000000052,-1,-1,-1,-1,-1,18.750000000000075,38.915692007797446,-21.581384015594665,-1,-0.012844941347664118,0.0027004306148155186,-0.015545371962479636
2020-09-16,sh.600188,9.0700,9.16,9.01,9.07,11874059,107794315.8700,3,0.401200,1,0.000000,5.574916,0.798183,0.215778,-8.711359,0,9.165999999999926,9.224000000000041,9.217000000000052,-1,-1,-1,-1,-1,14.498299319727934,25.23968651788218,-6.9844750765805586,-1,-0.02359878009720795,-0.002559411527589175,-0.021039368569618775
2020-09-17,sh.600188,9.0600,9.18,9.05,9.1,14806829,134996302.8200,3,0.500300,1,0.330800,5.593356,0.800823,0.216492,-8.740173,0,9.099999999999927,9.20100000000004,9.208500000000052,1,-1,-1,-1,-1,13.676303854875343,15.641534391534583,9.745842781556863,-1,-0.029362057976795697,-0.00791994081743048,-0.02144211715936522
2020-09-18,sh.600188,9.1000,9.99,9.08,9.84,78994365,754328111.0200,3,2.668800,1,8.131900,6.048200,0.865945,0.234096,-9.450912,0,9.239999999999927,9.26600000000004,9.237500000000052,1,1,1,-1,1,38.43537414965987,22.203325774754514,70.89947089947057,1,0.025488502749757558,-0.001238252103992872,0.02672675485375043
2020-09-21,sh.600188,9.8700,10.28,9.75,10.16,79602378,796427962.1800,3,2.689400,1,3.252000,6.244890,0.894106,0.241709,-9.758259,0,9.447999999999928,9.362000000000041,9.285000000000052,1,1,1,1,1,64.53746853071937,38.88304884508499,115.84630790198811,1,0.09369918704834213,0.017749235726474126,0.07594995132186799
2020-09-22,sh.600188,10.0700,10.1,9.8,9.84,39113469,388004331.5500,3,1.321500,1,-3.149600,6.048200,0.865945,0.234096,-9.450912,0,9.601999999999927,9.40800000000004,9.323000000000052,1,1,1,1,1,80.19979645401469,61.05754637813144,118.48429660578118,1,0.12054574384012895,0.03830853734920509,0.08223720649092386
2020-09-23,sh.600188,9.9100,9.95,9.62,9.69,27971271,272240828.5600,3,0.945000,1,-1.524400,5.956002,0.852745,0.230528,-9.306843,0,9.725999999999926,9.44600000000004,9.356000000000051,-1,1,1,1,1,69.81627296587929,71.51784598353792,66.41312693056202,-1,0.1282398183198481,0.05629479354333369,0.0719450247765144
2020-09-24,sh.600188,9.6400,9.67,9.45,9.53,25656171,244602534.1200,3,0.866800,1,-1.651200,5.857657,0.838665,0.226721,-9.153170,0,9.811999999999927,9.45600000000004,9.37700000000005,-1,1,1,1,1,53.280839895013116,67.76563643830251,24.311246808434333,-1,0.12004298415643788,0.06904443166595453,0.05099855249048335
2020-09-25,sh.600188,9.6300,9.74,9.35,9.42,30431642,289517696.7300,3,1.028100,1,-1.154200,5.790045,0.828984,0.224105,-9.047520,0,9.727999999999927,9.48400000000004,9.38700000000005,-1,-1,1,1,1,42.25721784776902,55.118110236220616,16.53543307086582,-1,0.10347802309785337,0.0759311499523343,0.02754687314551907
2020-09-28,sh.600188,9.5800,9.88,9.51,9.64,35816462,346908067.7300,3,1.210100,1,2.335500,5.925269,0.848345,0.229338,-9.258820,0,9.623999999999928,9.53600000000004,9.405000000000049,1,1,1,1,1,40.9448818897638,45.49431321084879,31.84601924759383,-1,0.10687039807362986,0.08211899957659341,0.024751398497036448
2020-09-29,sh.600188,9.6900,9.7,9.48,9.56,25263934,241393781.1500,3,0.853500,1,-0.829900,5.876097,0.841305,0.227435,-9.181984,0,9.567999999999927,9.58500000000004,9.41450000000005,-1,-1,1,-1,1,41.11772613789134,41.43994195847486,40.47329449672429,-1,0.10192857905951058,0.08608091547317684,0.015847663586333743
2020-09-30,sh.600188,9.5300,9.53,9.21,9.26,30546078,285043417.3000,3,1.032000,1,-3.138100,5.691701,0.814904,0.220298,-8.893846,0,9.481999999999926,9.60400000000004,9.414000000000048,-1,-1,-1,-1,1,35.35657128224828,39.13972643663461,27.790260973475625,-1,0.07296358035546291,0.08345744844963406,-0.010493868094171147
2020-10-09,sh.600188,9.2600,9.66,9.22,9.58,37133242,351671435.7800,3,1.254600,1,3.455700,5.888390,0.843065,0.227911,-9.201193,0,9.491999999999926,9.65200000000004,9.426500000000049,1,-1,1,-1,1,30.34761796216092,35.607305127433655,19.82824363161545,-1,0.07496577703627594,0.08175911416696244,-0.0067933371306865
2020-10-12,sh.600188,9.5700,9.77,9.51,9.71,40129984,386966804.3600,3,1.355800,1,1.357000,5.968295,0.854505,0.231004,-9.326053,0,9.549999999999926,9.639000000000042,9.452500000000049,1,1,1,-1,1,35.253071511078446,33.652420251829355,38.45437402957663,1,0.08605050917040202,0.08261739316765035,0.003433116002751674
2020-10-13,sh.600188,9.7300,9.83,9.61,9.75,29754675,289233538.5600,3,1.005300,1,0.411900,5.992881,0.858025,0.231955,-9.364471,0,9.571999999999926,9.598000000000042,9.48000000000005,1,1,1,-1,1,54.57739583540279,40.05936176954753,83.6134639671133,1,0.09694537897154909,0.0854829903284301,0.011462388643118993
2020-10-14,sh.600188,9.7200,9.72,9.53,9.57,24150548,231620664.9400,3,0.815900,1,-1.846200,5.882244,0.842185,0.227673,-9.191588,0,9.573999999999925,9.57100000000004,9.48950000000005,-1,-1,1,1,1,60.96136384581799,50.26394373076655,82.35620407592087,1,0.09001748062234682,0.08638988838721344,0.003627592235133384
2020-10-15,sh.600188,9.5800,10.06,9.5,9.85,52711116,517093235.2200,3,1.780900,1,2.925800,6.054347,0.866825,0.234334,-9.460517,0,9.691999999999926,9.58700000000004,9.516500000000049,1,1,1,1,1,67.33281130120457,60.95719032747525,80.08405324866321,1,0.10589998213653296,0.09029190713707734,0.015608074999455615
2020-10-16,sh.600188,9.8500,10.2,9.73,9.99,73707103,740253279.0000,3,2.490200,1,1.421300,6.140398,0.879146,0.237665,-9.594981,0,9.773999999999926,9.63300000000004,9.544500000000049,1,1,1,1,1,69.2711132395065,65.85509612884316,76.10314746083318,1,0.12830479121874028,0.09789448395340992,0.030410307265330352
2020-10-19,sh.600188,9.9200,9.92,9.48,9.53,71691595,691999846.1200,3,2.422100,1,-4.604600,5.857657,0.838665,0.226721,-9.153170,0,9.737999999999927,9.64400000000004,9.564000000000048,-1,-1,-1,1,1,62.13507625272325,66.24633359781157,53.912561562546614,-1,0.10770109701000052,0.09985580656472805,0.007845290445272476
2020-10-20,sh.600188,9.4800,9.52,9.35,9.52,26995957,254601806.7300,3,0.912100,1,-0.104900,5.851511,0.837785,0.226484,-9.143565,0,9.691999999999927,9.632000000000039,9.58400000000005,-1,-1,-1,1,1,47.474747474747424,59.626978988992526,23.170284446257213,-1,0.08953351782070307,0.09779134881592305,-0.008257830995219984
2020-10-21,sh.600188,9.5100,9.51,9.36,9.43,20768056,195395886.2200,3,0.701700,1,-0.945400,5.796192,0.829864,0.224342,-9.057124,0,9.663999999999927,9.619000000000039,9.60200000000005,-1,-1,-1,1,1,28.35497835497826,45.988267360816444,-6.911599656698101,-1,0.06709984731261365,0.09165304851526117,-0.02455320120264752
2020-10-22,sh.600188,9.4100,9.55,9.37,9.46,19095888,180660750.4900,3,0.645200,1,0.318100,5.814632,0.832504,0.225056,-9.085938,0,9.585999999999927,9.639000000000038,9.62150000000005,-1,-1,-1,-1,-1,21.89429307076365,32.57467296682991,0.5335332786311255,-1,0.05115210150356653,0.08355285911292223,-0.03240075760935571
2020-10-23,sh.600188,9.4000,9.48,9.34,9.38,17823250,167709156.7000,3,0.602200,1,-0.845700,5.765459,0.825464,0.223153,-9.009101,0,9.463999999999928,9.619000000000039,9.63550000000005,-1,-1,-1,-1,-1,13.006970229952499,21.0854138852316,-3.1499170806057037,-1,0.03169273254772165,0.07318083379988212,-0.04148810125216047
2020-10-26,sh.600188,9.3500,9.49,9.22,9.48,21337751,199340057.1800,3,0.720900,1,1.066100,6.247455,0.818373,0.225645,17.633969,0,9.453999999999928,9.59600000000004,9.61750000000005,1,-1,-1,-1,-1,14.70765050206137,16.53630460092597,11.050342304332169,-1,0.024062825445019698,0.06335723212890963,-0.039294406683889935
2020-10-27,sh.600188,9.4100,9.52,9.36,9.45,16646952,156998632.0000,3,0.562400,1,-0.316500,6.227685,0.815783,0.224930,17.578165,0,9.43999999999993,9.56600000000004,9.582000000000049,1,-1,-1,-1,-1,18.21705426356589,15.310558331860049,24.03004612697757,1,0.015417595373728332,0.053769304777873374,-0.03835170940414504
2020-10-28,sh.600188,9.4300,9.44,9.27,9.36,16821371,157344240.3200,3,0.568300,1,-0.952400,6.168373,0.808014,0.222788,17.410754,0,9.425999999999929,9.54500000000004,9.55800000000005,-1,-1,-1,-1,-1,21.428571428571356,18.117758731399665,28.050196822914735,1,0.0012890806982284175,0.04327325996194438,-0.04198417926371596
2020-10-29,sh.600188,9.2000,9.31,9.18,9.25,17592143,162682539.8500,3,0.594400,1,-1.175200,6.095882,0.798518,0.220170,17.206141,0,9.38399999999993,9.48500000000004,9.53600000000005,-1,-1,-1,-1,-1,15.738187166758527,18.461270952965386,10.292019594344808,-1,-0.018569887559761966,0.03090463045760311,-0.04947451801736508
2020-10-30,sh.600188,9.2700,9.32,9.0,9.01,27793431,254175181.0500,3,0.939000,1,-2.594600,5.937718,0.777800,0.214458,16.759711,0,9.309999999999928,9.387000000000041,9.51000000000005,-1,-1,-1,-1,-1,8.521118521118472,15.22929237214958,-4.895229180943744,-1,-0.05306258476975856,0.014111187412130775,-0.06717377218188933
2020-11-02,sh.600188,9.0300,9.11,8.99,9.07,16624653,150455661.2700,3,0.561700,1,0.665900,5.977259,0.782979,0.215886,16.871319,0,9.227999999999927,9.341000000000042,9.49250000000005,-1,-1,-1,-1,-1,8.521118521118508,10.926808069665297,3.709739424024928,-1,-0.07469575113349158,-0.0036502002969936963,-0.07104555083649788
2020-11-03,sh.600188,9.0900,9.22,9.09,9.21,15991502,146660430.0100,3,0.540300,1,1.543600,6.069521,0.795065,0.219218,17.131736,0,9.179999999999929,9.310000000000041,9.47100000000005,1,-1,-1,-1,-1,18.463203463203463,11.835146835146942,31.719316719316506,1,-0.07962548830013638,-0.018845257897622234,-0.06078023040251415
2020-11-04,sh.600188,9.2500,9.31,9.16,9.23,16457348,151952310.4600,3,0.556000,1,0.217200,6.082701,0.796791,0.219694,17.168938,0,9.153999999999929,9.290000000000042,9.45450000000005,1,-1,-1,-1,-1,32.95148247978441,19.978601488035586,58.897244463282064,1,-0.08098496342157979,-0.03127319900241375,-0.04971176441916604
2020-11-05,sh.600188,9.2700,9.3,9.18,9.26,19152858,176711519.5100,3,0.647100,1,0.325000,6.102472,0.799381,0.220408,17.224742,0,9.155999999999928,9.270000000000042,9.45450000000005,1,-1,-1,-1,-1,45.17070979335134,32.1951319121132,71.12186555582764,1,-0.07873401129824842,-0.04076536146158068,-0.037968649836667735
2020-11-06,sh.600188,9.2500,9.36,9.23,9.3,19783246,184004834.8400,3,0.668400,1,0.432000,6.128832,0.802834,0.221360,17.299147,0,9.213999999999928,9.262000000000043,9.44050000000005,1,1,-1,-1,-1,51.57232704402523,43.23150643905379,68.25396825396811,1,-0.07288230793896311,-0.04718875075705717,-0.02569355718190594
2020-11-09,sh.600188,9.3600,9.48,9.33,9.44,28589415,269196983.1600,3,0.965900,1,1.505400,6.221094,0.814920,0.224692,17.559564,0,9.287999999999927,9.258000000000042,9.42700000000005,1,1,1,1,-1,67.0902323193428,54.61108971890659,92.04851752021521,1,-0.05629898128494837,-0.04901079686263541,-0.0072881844223129585
2020-11-10,sh.600188,9.4900,9.54,9.26,9.32,23838349,224126733.3400,3,0.805400,1,-1.271200,6.142013,0.804561,0.221836,17.336349,0,9.309999999999928,9.245000000000042,9.40550000000005,1,1,-1,1,-1,70.10910024387117,62.92388653574653,84.47952766012043,1,-0.05223741218240008,-0.049656119926588346,-0.002581292255811732
2020-11-11,sh.600188,9.2600,9.74,9.26,9.6,57199157,547770756.6300,3,1.932500,1,3.004300,6.326537,0.828732,0.228501,17.857184,0,9.383999999999928,9.269000000000041,9.40700000000005,1,1,1,1,-1,77.72335600907024,71.64089619076154,89.88827564568766,1,-0.026123790666931157,-0.04494965407465691,0.018825863407725754
2020-11-12,sh.600188,9.5500,9.64,9.48,9.58,25867272,246864671.9100,3,0.873900,1,-0.208300,6.313356,0.827006,0.228025,17.819981,0,9.447999999999928,9.30200000000004,9.39350000000005,1,1,1,1,1,73.33333333333334,73.72192986209173,72.55614027581657,-1,-0.006962135170001105,-0.03735215029372575,0.030390015123724648
2020-11-13,sh.600188,9.5400,9.6,9.39,9.44,21003798,198851384.1600,3,0.709600,1,-1.461400,6.221094,0.814920,0.224692,17.559564,0,9.475999999999928,9.34500000000004,9.36600000000005,-1,1,1,1,1,71.28205128205121,74.11291354148507,65.6203267631835,-1,-0.0030381927132037134,-0.030489358777621343,0.02745116606441763
2020-11-16,sh.600188,9.4200,9.9,9.41,9.82,55079742,536944686.9500,3,1.860900,1,4.025400,6.471520,0.847724,0.233737,18.266411,0,9.551999999999929,9.420000000000039,9.38050000000005,1,1,1,1,1,73.90066990066985,72.83868483868496,76.02464002463964,1,0.030384134769620985,-0.018314660068172877,0.048698794837793866
2020-11-17,sh.600188,9.8200,10.03,9.73,9.78,62791676,620074466.1800,3,2.121400,1,-0.407300,6.445159,0.844271,0.232785,18.192006,0,9.643999999999929,9.477000000000038,9.39350000000005,1,1,1,1,1,71.20785944315351,72.13019354195835,69.36319124554385,-1,0.05303257784283666,-0.004045212485970968,0.05707779032880762
2020-11-18,sh.600188,9.7700,9.99,9.68,9.9,37410680,368959914.8500,3,1.263900,1,1.227000,6.524241,0.854630,0.235641,18.415221,0,9.703999999999928,9.544000000000038,9.417000000000048,1,1,1,1,1,81.17580816110228,75.42811250164203,92.67119948002278,1,0.07974537423532269,0.012712904858287764,0.06703246937703491
2020-11-19,sh.600188,9.8800,10.02,9.71,9.87,27391621,269145530.6900,3,0.925400,1,-0.303000,6.504471,0.852040,0.234927,18.359417,0,9.761999999999928,9.605000000000038,9.437500000000048,1,1,1,1,1,77.85300483829896,76.74555748085173,80.06789955319343,1,0.09737226173102798,0.029644776232835807,0.06772748549819217
2020-11-20,sh.600188,9.8400,10.08,9.72,10.04,48011399,477231061.9500,3,1.622100,1,1.722400,6.616503,0.866716,0.238974,18.675638,0,9.881999999999929,9.67900000000004,9.470500000000047,1,1,1,1,1,86.03091014676379,81.68657438205516,94.71958167618104,1,0.12363409937887582,0.048442640862043806,0.07519145851683201
2020-11-23,sh.600188,10.0700,11.04,10.07,11.04,118015942,1263909644.0700,3,3.987200,1,9.960200,7.275517,0.953042,0.262776,20.535761,0,10.125999999999928,9.839000000000038,9.548500000000049,1,1,1,1,1,91.44757681343042,85.11049726616454,104.12173590796215,1,0.22257275737216098,0.08326866416406725,0.13930409320809373
2020-11-24,sh.600188,11.2600,11.6,10.91,11.35,132318343,1492342032.0000,3,4.470400,1,2.808000,7.479812,0.979803,0.270155,21.112400,0,10.439999999999928,10.042000000000039,9.64350000000005,1,1,1,1,1,94.60324467498064,90.69391054505844,102.42191293482503,1,0.3222817030093825,0.1310712719331303,0.1912104310762522
2020-11-25,sh.600188,11.3300,11.88,11.12,11.25,114880950,1315809658.8600,3,3.881300,1,-0.881100,7.413910,0.971170,0.267774,20.926387,0,10.709999999999928,10.20700000000004,9.738000000000048,1,1,1,1,1,87.79552599538424,91.28211582793193,80.82234633028884,-1,0.38875131337461966,0.1826072802214282,0.20614403315319146
2020-11-26,sh.600188,11.2000,11.43,11.01,11.3,66358670,745693063.6000,3,2.241900,1,0.444400,7.446861,0.975487,0.268964,21.019394,0,10.99599999999993,10.379000000000039,9.840500000000048,1,1,1,1,1,79.96826553654483,87.45567873563674,64.99343913836103,-1,0.4403870330240256,0.23416323078194767,0.20622380224207792
2020-11-27,sh.600188,11.4400,11.54,10.83,11.36,79621836,891857258.1600,3,2.690000,1,0.531000,7.486402,0.980666,0.270393,21.131001,0,11.25999999999993,10.571000000000039,9.95800000000005,1,1,1,1,1,75.86021672261366,81.2080027515144,65.16464466481219,-1,0.4806100380710081,0.28345259223975977,0.19715744583124833
2020-11-30,sh.600188,11.4000,11.69,11.23,11.36,76394970,875655236.6500,3,2.581000,1,0.000000,7.486402,0.980666,0.270393,21.131001,0,11.32399999999993,10.725000000000039,10.072500000000051,1,1,1,1,1,76.4151637835848,77.41454868091458,74.41639398892525,-1,0.506646750993049,0.32809142399041763,0.17855532700263138
2020-12-01,sh.600188,11.4000,11.53,11.14,11.5,51049345,579531503.1800,3,1.724700,1,1.232400,7.578664,0.992752,0.273725,21.391418,0,11.35399999999993,10.897000000000038,10.187000000000051,1,1,1,1,1,78.40525066331513,76.89354372317133,81.42866454360271,1,0.5324402240688002,0.3689611840060941,0.16347904006270608
2020-12-02,sh.600188,11.5300,11.84,11.38,11.57,64235696,745056652.3500,3,2.170200,1,0.608700,7.624795,0.998795,0.275391,21.521627,0,11.41799999999993,11.06400000000004,10.30400000000005,1,1,1,1,1,81.50008792481907,78.77350079057315,86.9532621933109,1,0.5521651363182478,0.40560197446852486,0.14656316184972296
2020-12-03,sh.600188,11.3600,11.38,10.91,11.07,59933146,665646561.3800,3,2.024900,1,-4.321500,7.295288,0.955632,0.263490,20.591565,0,11.37199999999993,11.184000000000037,10.39450000000005,-1,-1,1,1,1,74.46174873178376,78.1223624399728,67.14052131540566,-1,0.5214406073248732,0.4287697010397945,0.09267090628507868
2020-12-04,sh.600188,11.1200,11.18,10.85,11.14,32818710,362620882.1500,3,1.108800,1,0.632300,7.341419,0.961674,0.265156,20.721774,0,11.32799999999993,11.294000000000038,10.48650000000005,-1,-1,1,1,1,56.80685881882935,70.92289849181087,28.57477947286631,-1,0.49701038538049147,0.4424178379079339,0.054592547472557595
2020-12-07,sh.600188,11.1700,11.45,11.05,11.05,40640116,455829946.3800,3,1.373000,1,-0.807900,7.282107,0.953905,0.263014,20.554363,0,11.26599999999993,11.295000000000037,10.56700000000005,-1,-1,1,-1,1,35.24160308690697,55.50340354584017,-5.281997830959426,-1,0.46502647490691196,0.4469395653077295,0.018086909599182466
2020-12-08,sh.600188,11.0600,11.19,10.82,10.87,35848419,392972859.4900,3,1.211100,1,-1.629000,7.163485,0.938366,0.258730,20.219540,0,11.139999999999931,11.247000000000039,10.64450000000005,-1,-1,1,-1,1,18.45938375350139,36.83594855307938,-18.2937458456546,-1,0.42030943422354383,0.44161353909089235,-0.021304104867348517
2020-12-09,sh.600188,11.0300,11.28,10.89,10.89,57367038,635859351.1000,3,1.938200,1,0.184000,7.176665,0.940093,0.259206,20.256743,0,11.00399999999993,11.211000000000038,10.709000000000051,-1,-1,1,-1,1,10.905695611577954,21.535560817328918,-10.354034799923973,-1,0.38208030623260214,0.42970689251923433,-0.04762658628663219
2020-12-10,sh.600188,10.9900,11.12,10.8,10.91,49771042,546233437.9900,3,1.681500,1,0.183700,7.189845,0.941819,0.259682,20.293945,0,10.971999999999932,11.172000000000038,10.77550000000005,-1,-1,1,-1,1,7.4472096530919645,12.270763006057251,-2.199897052838608,-1,0.34936996029972534,0.4136395060753325,-0.06426954577560717
2020-12-11,sh.600188,11.2000,11.33,10.65,10.7,76361465,835330142.4400,3,2.579900,1,-1.924800,7.051452,0.923691,0.254683,19.903320,0,10.883999999999933,11.106000000000039,10.83850000000005,-1,-1,-1,-1,1,7.213782949077031,8.522229404582466,4.59689003806616,-1,0.3030086355910644,0.3915133319784789,-0.08850469638741448
2020-12-14,sh.600188,10.5100,10.52,10.07,10.21,64951260,665145974.2500,3,2.194400,1,-4.579400,6.728535,0.881391,0.243020,18.991859,0,10.715999999999934,10.991000000000039,10.85800000000005,-1,-1,-1,-1,-1,7.562736089655297,7.40790956394158,7.872389141082731,1,0.2241442514393679,0.3580395158706567,-0.1338952644312888
2020-12-15,sh.600188,10.2200,10.25,10.04,10.14,32103826,325478640.6300,3,1.084600,1,-0.685600,6.682404,0.875348,0.241354,18.861650,0,10.569999999999933,10.85500000000004,10.876000000000051,-1,-1,-1,-1,-1,6.401161257867748,7.059226765533508,5.0850302425362255,-1,0.1542175202499827,0.31727511674652187,-0.16305759649653917
2020-12-16,sh.600188,10.2400,10.38,10.14,10.18,26042548,266486699.2200,3,0.879900,1,0.394500,6.708765,0.878801,0.242306,18.936055,0,10.427999999999933,10.71600000000004,10.89000000000005,-1,-1,-1,-1,-1,8.310293705172953,7.424730350898815,10.081420413721228,1,0.10086503831812799,0.27399310106084307,-0.17312806274271508
2020-12-17,sh.600188,9.7900,10.3,9.71,10.16,48838679,490510373.5100,3,1.650000,1,-0.196500,6.695585,0.877075,0.241830,18.898853,0,10.277999999999931,10.625000000000039,10.90450000000005,-1,-1,-1,-1,-1,14.294448520420678,9.668634494487277,23.54607657228748,1,0.056319760014616804,0.2304584328515978,-0.174138672836981
2020-12-18,sh.600188,10.4500,10.99,10.38,10.79,66022744,707694405.7000,3,2.230600,1,6.200800,7.110764,0.931460,0.256825,20.070731,0,10.295999999999932,10.59000000000004,10.94200000000005,1,1,-1,-1,-1,34.15260454878942,18.919115591461168,64.61958246344594,1,0.07103420282508921,0.19857358684629609,-0.12753938402120688
2020-12-21,sh.600188,10.7900,10.85,10.51,10.68,42460072,451908169.0300,3,1.434500,1,-1.019500,7.038272,0.921964,0.254207,19.866117,0,10.389999999999931,10.55300000000004,10.924000000000051,1,1,-1,-1,-1,50.801759614020106,33.08293756107688,86.23940371990655,1,0.07297817707460474,0.17345450489195782,-0.10047632781735308
2020-12-22,sh.600188,10.5400,10.56,9.96,9.99,54756500,559338435.6800,3,1.850000,1,-6.460700,6.583552,0.862399,0.237784,18.582632,0,10.359999999999932,10.465000000000039,10.856000000000051,-1,-1,-1,-1,-1,47.94238683127568,44.29891699802855,55.22932649776992,1,0.018626838642461507,0.14248897164205857,-0.12386213299959706
2020-12-23,sh.600188,9.9000,10.28,9.9,10.17,32635969,331733854.5200,3,1.102600,1,1.801800,6.702175,0.877938,0.242068,18.917454,0,10.357999999999931,10.39300000000004,10.802000000000051,-1,-1,-1,-1,-1,35.18518518518515,44.6431105434938,16.26933446856785,-1,-0.009809416125085235,0.1120292940886298,-0.12183871021371503
2020-12-24,sh.600188,10.2000,10.33,10.08,10.22,27243788,277783609.4800,3,0.920400,1,0.491600,6.735125,0.882254,0.243258,19.010460,0,10.36999999999993,10.324000000000039,10.74800000000005,-1,-1,-1,1,-1,28.507587448559647,37.21171982167364,11.099322702331662,-1,-0.027988140901651803,0.08402580709057347,-0.11201394799222528
2020-12-25,sh.600188,10.2500,10.6,10.1,10.5,31713605,329333566.8000,3,1.071400,1,2.739700,6.919649,0.906426,0.249923,19.531295,0,10.31199999999993,10.30400000000004,10.70500000000005,1,1,-1,1,-1,43.31918724279833,35.67065329218119,58.61625514403259,1,-0.019575596029712372,0.0633055264665163,-0.08288112249622867
2020-12-28,sh.600188,10.5500,10.79,10.38,10.53,42290313,446702106.6900,3,1.428800,1,0.285700,6.939420,0.909015,0.250637,19.587099,0,10.28199999999993,10.336000000000038,10.663500000000049,1,1,-1,-1,-1,55.20833333333329,42.34503600823057,80.93492798353874,1,-0.010368324736543144,0.04857075622590441,-0.05893908096244756
2020-12-29,sh.600188,10.5400,10.62,9.96,10.03,41927202,425762367.9100,3,1.416500,1,-4.748300,6.609913,0.865852,0.238736,18.657037,0,10.289999999999932,10.325000000000038,10.59000000000005,-1,-1,-1,-1,-1,50.26041666666659,49.595979080932885,51.589291838134,1,-0.04292253298563864,0.0302720983835958,-0.07319463136923444
2020-12-30,sh.600188,10.0200,10.32,9.9,10.12,29812399,302709117.1300,3,1.007200,1,0.897300,6.669224,0.873622,0.240878,18.824448,0,10.27999999999993,10.31900000000004,10.51750000000005,-1,-1,-1,-1,-1,36.41532874617727,47.294692915392524,14.65660040774678,-1,-0.06075933394449606,0.012065811917977426,-0.07282514586247349
2020-12-31,sh.600188,10.1500,10.2,9.89,10.07,33091350,332262309.4300,3,1.118000,1,-0.494100,6.636273,0.869305,0.239688,18.731442,0,10.24999999999993,10.31000000000004,10.467500000000049,-1,-1,-1,-1,-1,21.311162079510627,35.99563583078497,-8.057785423038055,-1,-0.07803022547699534,-0.005953395561017129,-0.07207682991597822
2021-01-04,sh.600188,10.0600,10.25,9.95,10.19,36492881,369989704.7000,3,1.232900,1,1.191700,6.715355,0.879665,0.242544,18.954657,0,10.18799999999993,10.250000000000039,10.42000000000005,1,-1,-1,-1,-1,24.08893985728842,27.271810227658914,17.723199116547427,-1,-0.08109966784032707,-0.02098265001687912,-0.06011701782344795
2021-01-05,sh.600188,10.1500,10.15,9.86,10.05,41822526,417276760.4400,3,1.413000,1,-1.373900,6.623093,0.867579,0.239212,18.694239,0,10.091999999999931,10.187000000000038,10.37000000000005,-1,-1,-1,-1,-1,24.17114695340503,23.190416296734835,26.13260826674543,1,-0.09374838002994323,-0.035535796019491944,-0.05821258401045129
2021-01-06,sh.600188,10.0600,10.17,9.93,9.99,30064413,301109690.0600,3,1.015700,1,-0.597000,6.583552,0.862399,0.237784,18.582632,0,10.08399999999993,10.187000000000038,10.32600000000005,-1,-1,-1,-1,-1,22.580645161290374,23.61357732399475,20.514780835881616,-1,-0.10737630690180744,-0.049903898195955046,-0.05747240870585239
2021-01-07,sh.600188,10.0400,10.38,9.98,10.19,52918432,539866144.1700,3,1.787900,1,2.002000,6.715355,0.879665,0.242544,18.954657,0,10.097999999999931,10.18900000000004,10.29100000000005,1,1,-1,-1,-1,23.2974910394266,23.349761051374145,23.192951015531506,-1,-0.1008753800133615,-0.06009819455943634,-0.040777185453925155
2021-01-08,sh.600188,10.2100,10.51,10.1,10.32,43801728,450899435.0300,3,1.479800,1,1.275800,6.801027,0.890887,0.245638,19.196473,0,10.14799999999993,10.199000000000037,10.261500000000051,1,1,1,-1,-1,32.974910394265294,26.284348864994232,46.35603345280742,1,-0.08426211387553906,-0.06493097842265688,-0.019331135452882175
2021-01-11,sh.600188,10.2400,10.25,9.86,9.92,38774287,387167684.9800,3,1.310000,1,-3.876000,6.537421,0.856356,0.236118,18.452423,0,10.093999999999932,10.141000000000037,10.22250000000005,-1,-1,-1,-1,-1,30.9469911337484,29.073130855813574,34.69471168961806,1,-0.10219460207096986,-0.07238370315231948,-0.02981089891865038
2021-01-12,sh.600188,9.8800,10.05,9.83,10.0,25646405,254626605.7700,3,0.866500,1,0.806500,6.590142,0.863263,0.238022,18.601233,0,10.083999999999932,10.088000000000038,10.21200000000005,-1,-1,-1,-1,-1,27.452367477834418,30.45808966861618,21.4409230962709,-1,-0.10869789507797734,-0.07964654153745106,-0.02905135354052628
2021-01-13,sh.600188,10.0000,10.23,9.91,10.07,29924676,300757190.6500,3,1.011000,1,0.700000,6.636273,0.869305,0.239688,18.731442,0,10.099999999999932,10.092000000000038,10.208500000000049,-1,-1,-1,1,-1,22.729618163054724,27.042992258212653,14.102869972738866,-1,-0.10697029962673987,-0.08511129315530883,-0.021859006471431047
2021-01-14,sh.600188,10.1200,10.13,9.89,9.89,26254850,261657946.8300,3,0.887000,1,-1.787500,6.517651,0.853767,0.235403,18.396620,0,10.039999999999932,10.069000000000038,10.194000000000049,-1,-1,-1,-1,-1,23.03921568627454,24.407067109054704,20.303512840714212,-1,-0.1187567100324447,-0.091840376530736,-0.026916333501708703
2021-01-15,sh.600188,10.0000,10.12,9.95,10.0,23008023,231045583.1200,3,0.777300,1,1.112200,6.590142,0.863263,0.238022,18.601233,0,9.975999999999932,10.062000000000037,10.186000000000048,1,-1,-1,-1,-1,23.03921568627454,22.93601651186808,23.245614035087463,1,-0.11786279556361023,-0.09704486033731084,-0.02081793522629939
2021-01-18,sh.600188,10.0400,10.26,9.99,10.16,29735906,302140884.8000,3,1.004600,1,1.600000,6.695585,0.877075,0.241830,18.898853,0,10.023999999999933,10.059000000000037,10.154500000000048,1,1,1,-1,-1,27.45098039215689,24.509803921568803,33.33333333333306,1,-0.10305573669983836,-0.09824703560981635,-0.004808701090022016
2021-01-19,sh.600188,10.0900,10.5,10.07,10.16,37792742,388876794.0500,3,1.276800,1,0.000000,6.695585,0.877075,0.241830,18.898853,0,10.055999999999932,10.070000000000038,10.128500000000049,1,1,1,-1,-1,40.68627450980393,30.392156862745264,61.27450980392127,1,-0.09028034030571597,-0.09665369654899628,0.006373356243280309
2021-01-20,sh.600188,10.1500,10.15,9.97,10.02,24580360,246438705.0400,3,0.830500,1,-1.378000,6.603323,0.864989,0.238498,18.638436,0,10.045999999999932,10.073000000000038,10.130000000000049,-1,-1,-1,-1,-1,41.66666666666666,36.60130718954263,51.79738562091471,1,-0.0904103819877502,-0.09540503363674706,0.004994651648996859
2021-01-21,sh.600188,10.0900,10.41,10.04,10.25,41597833,425607916.6200,3,1.405400,1,2.295400,6.754896,0.884844,0.243972,19.066264,0,10.117999999999933,10.079000000000038,10.134000000000048,1,1,1,1,-1,46.385718466491056,42.91288654765402,53.33138230416513,1,-0.07113437040543857,-0.09055090099048536,0.01941653058504679
2021-01-22,sh.600188,10.2000,10.2,9.86,9.89,38441907,383544643.2200,3,1.298800,1,-3.512200,6.517651,0.853767,0.235403,18.396620,0,10.095999999999933,10.036000000000037,10.11750000000005,-1,-1,-1,1,-1,33.19432250512145,40.41556921275986,18.75182908984462,-1,-0.08393938275085766,-0.08922859734255982,0.00528921459170216
2021-01-25,sh.600188,9.8500,9.88,9.21,9.29,44136668,414848949.2400,3,1.491200,1,-6.066700,6.122242,0.801971,0.221122,17.280546,0,9.921999999999933,9.973000000000036,10.057000000000048,-1,-1,-1,-1,-1,25.947780477457645,35.175940483023524,7.49146046632589,-1,-0.14087847353144767,-0.09955857258033739,-0.04131990095111028
2021-01-26,sh.600188,9.3300,9.45,9.24,9.3,20160395,188097385.1000,3,0.681100,1,0.107600,6.128832,0.802834,0.221360,17.299147,0,9.749999999999932,9.903000000000036,9.99550000000005,-1,-1,-1,-1,-1,7.37783948474678,22.173314155775433,-22.213109857310524,-1,-0.183085698803632,-0.11626399782499632,-0.0668217009786357
2021-01-27,sh.600188,9.2800,9.42,9.17,9.2,19011732,175847640.3500,3,0.642300,1,-1.075300,6.062931,0.794202,0.218980,17.113135,0,9.585999999999933,9.816000000000034,9.954000000000049,-1,-1,-1,-1,-1,5.144644557129188,12.823421506444681,-10.212909341501799,-1,-0.2220447989592902,-0.1374201580518551,-0.0846246409074351
2021-01-28,sh.600188,9.1000,9.14,8.96,8.96,19525466,176264428.9700,3,0.659700,1,-2.608700,5.904768,0.773483,0.213267,16.666705,0,9.327999999999934,9.723000000000036,9.896000000000049,-1,-1,-1,-1,-1,3.0774610945969307,5.1999817121577765,-1.1675801405247608,-1,-0.26918318456318957,-0.163772763354122,-0.10541042120906757
2021-01-29,sh.600188,8.9700,9.06,8.63,8.69,24914700,219050160.2400,3,0.841700,1,-3.013400,5.726834,0.750175,0.206841,16.164472,0,9.087999999999933,9.592000000000036,9.82700000000005,-1,-1,-1,-1,-1,1.8213984158256136,3.347834689184055,-1.231474130891269,-1,-0.32458581505555273,-0.19593537369440814,-0.1286504413611446
2021-02-01,sh.600188,8.7100,8.82,8.59,8.75,16224600,141288150.3400,3,0.548200,1,0.690400,5.766375,0.755355,0.208269,16.276079,0,8.979999999999933,9.451000000000036,9.755000000000049,-1,-1,-1,-1,-1,3.9999216469804417,2.96626038580114,6.0672441693390455,1,-0.35950712595349543,-0.22864972414622559,-0.13085740180726985
2021-02-02,sh.600188,8.7700,8.78,8.61,8.65,13869205,119901500.4500,3,0.468600,1,-1.142900,5.700473,0.746722,0.205889,16.090067,0,8.849999999999934,9.300000000000036,9.685000000000048,-1,-1,-1,-1,-1,5.09882274588155,3.6400476028960127,8.016373031852623,1,-0.3907473880421577,-0.261069256925412,-0.1296781311167457
2021-02-03,sh.600188,8.6300,8.72,8.51,8.6,12281997,105792069.0900,3,0.414900,1,-0.578000,5.667522,0.742406,0.204699,15.997061,0,8.729999999999935,9.158000000000037,9.615500000000049,-1,-1,-1,-1,-1,5.804451958298113,4.9677321170535125,7.477891640787314,1,-0.4147590191595736,-0.2918072093722443,-0.12295180978732928
2021-02-04,sh.600188,8.6400,8.75,8.43,8.54,18120448,155425086.9000,3,0.612200,1,-0.697700,5.627982,0.737226,0.203271,15.885453,0,8.645999999999933,8.987000000000037,9.533000000000047,-1,-1,-1,-1,-1,5.402784660079074,5.435353121419723,5.3376477373977735,-1,-0.43363127693920767,-0.32017202288563695,-0.11345925405357071
2021-02-05,sh.600188,8.5400,8.62,8.45,8.53,12739041,108372246.6800,3,0.430400,1,-0.117100,5.621391,0.736363,0.203033,15.866852,0,8.613999999999935,8.851000000000038,9.443500000000048,-1,-1,-1,-1,-1,7.571857417387105,6.259698011921575,10.196176228318166,1,-0.44427328771311636,-0.34499227585113285,-0.09928101186198351
2021-02-08,sh.600188,8.5200,8.69,8.47,8.65,13111288,112963669.4800,3,0.443000,1,1.406800,5.700473,0.746722,0.205889,16.090067,0,8.593999999999934,8.787000000000038,9.380000000000049,1,-1,-1,-1,-1,13.204116895800453,8.726252991089021,22.159844705223318,1,-0.43797545241959135,-0.36358891116482456,-0.07438654125476679
2021-02-09,sh.600188,8.6700,8.79,8.63,8.75,17781165,154896824.7800,3,0.600700,1,1.156100,5.766375,0.755355,0.208269,16.276079,0,8.613999999999935,8.732000000000038,9.317500000000049,1,1,-1,-1,-1,25.698855442020314,15.491609918402768,46.113346489255406,1,-0.420072869754641,-0.37488570288278783,-0.045187166871853146
2021-02-10,sh.600188,8.7300,8.96,8.69,8.88,18843505,166381348.1300,3,0.636600,1,1.485700,5.852046,0.766577,0.211363,16.517895,0,8.669999999999934,8.700000000000037,9.258000000000049,1,1,-1,-1,-1,46.24040539533501,28.381125911052067,81.95896436390089,1,-0.3908891041937288,-0.378086383144976,-0.012802721048752796
2021-02-18,sh.600188,9.0100,9.35,9.01,9.27,34290810,315390977.8300,3,1.158500,1,4.391900,6.109062,0.800244,0.220646,17.243343,0,8.815999999999935,8.731000000000035,9.22700000000005,1,1,1,1,-1,69.26778059662323,47.06901381132633,113.66531416721702,1,-0.3324586428090406,-0.36896083507778893,0.036502192268748346
2021-02-19,sh.600188,9.2800,9.56,9.17,9.5,33645492,316018905.4200,3,1.136700,1,2.481100,6.260635,0.820099,0.226121,17.671172,0,9.009999999999934,8.812000000000037,9.202000000000051,1,1,1,1,-1,85.80772824712801,67.10530474636222,123.21257524865959,1,-0.264543510467087,-0.34807737015564855,0.08353385968856153
2021-02-22,sh.600188,9.5000,10.25,9.5,9.84,54110425,534346825.7800,3,1.828100,1,3.578900,6.484700,0.849450,0.234213,18.303613,0,9.247999999999934,8.921000000000037,9.186000000000051,1,1,1,1,1,87.82238026178,80.96596303517721,101.53521471498559,1,-0.1811964009630831,-0.31470117631713546,0.13350477535405236
2021-02-23,sh.600188,9.7500,9.76,9.41,9.52,37117502,354564864.1200,3,1.250800,1,-3.252000,6.283613,0.823109,0.226951,17.736028,0,9.401999999999934,9.008000000000035,9.154000000000051,1,1,1,1,1,77.35096761645431,83.66035870845424,64.73218543245446,-1,-0.13935810832076534,-0.2796325627178614,0.14027445439709607
2021-02-24,sh.600188,9.5100,9.72,9.38,9.51,23104431,220520786.1000,3,0.777500,1,-0.105000,6.282602,0.822977,0.226914,17.733174,0,9.527999999999931,9.099000000000036,9.12850000000005,-1,1,1,1,1,65.41717541717541,76.86350776513672,42.524510721252796,-1,-0.10578841342070788,-0.24486373285843072,0.13907531943772283
2021-02-25,sh.600188,9.6400,9.9,9.64,9.84,31622392,309522639.4000,3,1.064100,1,3.470000,6.500610,0.851534,0.234788,18.348521,0,9.641999999999934,9.229000000000037,9.10800000000005,1,1,1,1,1,65.24843030461007,69.3388577794134,57.06757535500341,-1,-0.05195701811814679,-0.20628238991037393,0.15432537179222713
2021-02-26,sh.600188,9.6100,9.84,9.54,9.64,20958795,203402896.6900,3,0.705000,1,-2.032500,6.369945,0.834418,0.230069,17.979707,0,9.669999999999934,9.340000000000035,9.09550000000005,-1,1,1,1,1,66.06695334535534,65.5775196890471,67.04582065797186,1,-0.025143736691717322,-0.1700546592666426,0.14491092257492527
2021-03-01,sh.600188,9.6100,10.6,9.54,10.45,87221287,895538759.9400,3,2.933900,1,8.402500,6.905179,0.904530,0.249400,19.490450,0,9.791999999999934,9.520000000000035,9.153500000000049,1,1,1,1,1,77.15285600193862,69.48941321730149,92.47974157121286,1,0.060765742906673026,-0.12389057883197946,0.18465632173865248
2021-03-02,sh.600188,10.9800,11.5,10.71,11.39,134312777,1522703890.1500,3,4.517900,1,8.995200,7.526315,0.985895,0.271834,21.243658,0,10.165999999999935,9.784000000000036,9.258000000000049,1,1,1,1,1,83.35820172941783,75.52600369223741,99.02259780377867,1,0.20236700763012294,-0.05863906153955897,0.26100606916968194
2021-03-03,sh.600188,11.2000,12.49,11.0,12.2,120890928,1427176025.4100,3,4.066400,1,7.111500,8.061549,1.056006,0.291166,22.754402,0,10.703999999999933,10.116000000000037,9.40800000000005,1,1,1,1,1,92.99799547229054,84.50301773454915,109.98795094777333,1,0.37561737734074363,0.02821222623650156,0.3474051511042421
2021-03-04,sh.600188,12.5600,13.06,12.47,12.71,105789796,1345692925.5600,3,3.558400,1,4.180300,8.398548,1.100151,0.303337,23.705610,0,11.277999999999933,10.460000000000036,9.59550000000005,1,1,1,1,1,92.44550666433851,89.6005679553491,98.13538408231733,1,0.5477580672582878,0.1321213944408588,0.415636672817429
2021-03-05,sh.600188,12.2800,12.38,11.65,11.88,77158933,918097280.7500,3,2.595400,1,-6.530300,7.850098,1.028308,0.283529,22.157565,0,11.725999999999933,10.698000000000036,9.755000000000049,1,1,1,1,1,83.2296577614807,89.55771996603671,70.57353335236866,-1,0.6101730457719388,0.2277317247070748,0.38244132106486395
2021-03-08,sh.600188,11.9800,12.2,11.69,11.75,59939464,717060740.4400,3,2.016200,1,-1.094300,7.764196,1.017055,0.280426,21.915100,0,11.985999999999933,10.889000000000035,9.905000000000049,-1,1,1,1,1,74.27536231884056,83.31684224822006,56.19240246008158,-1,0.6417497606100184,0.3105353318876635,0.3312144287223549
2021-03-09,sh.600188,11.8500,12.04,11.33,11.68,55718219,654539932.2300,3,1.874200,1,-0.595700,7.717942,1.010996,0.278755,21.784542,0,12.043999999999933,11.105000000000036,10.05650000000005,-1,1,1,1,1,64.3774703557312,73.96083014535095,45.21075077649172,-1,0.6535919188380301,0.37914664927773684,0.2744452695602933
2021-03-10,sh.600188,11.6900,12.05,11.62,11.75,40801625,482760278.9000,3,1.372400,1,0.599300,7.764196,1.017055,0.280426,21.915100,0,11.953999999999933,11.329000000000034,10.21400000000005,-1,1,1,1,1,62.66057312252962,67.10446859903394,53.77278216952098,-1,0.6610056676623923,0.43551845295466796,0.22548721470772437
2021-03-11,sh.600188,11.6800,12.26,11.6,12.08,48337731,578350372.4200,3,1.625900,1,2.808500,7.982255,1.045620,0.288302,22.530588,0,11.827999999999934,11.553000000000035,10.391000000000052,1,1,1,1,1,65.24621212121211,64.09475186649111,67.5491326306541,1,0.685606118534329,0.48553598607060017,0.2000701324637288
2021-03-12,sh.600188,12.2100,13.29,12.08,13.29,83562237,1075252379.0600,3,2.810800,1,10.016600,8.781802,1.150355,0.317180,24.787377,0,12.109999999999932,11.918000000000035,10.629000000000051,1,1,1,1,1,78.31439393939392,68.74039306104535,97.46239569609105,1,0.7935910174393026,0.5471469923443406,0.246444025094962
2021-03-15,sh.600188,13.0100,13.81,12.9,13.39,67693230,899972446.3800,3,2.277000,1,0.752400,8.847880,1.159010,0.319566,24.973888,0,12.437999999999933,12.212000000000035,10.866000000000051,1,1,1,1,1,85.73749056400301,76.43269887486981,104.34707394226942,1,0.8771280064111266,0.6131431951576978,0.2639848112534289
2021-03-16,sh.600188,13.3600,13.44,12.41,12.59,58124907,743750226.5900,3,1.955100,1,-5.974600,8.319254,1.089764,0.300473,23.481796,0,12.619999999999933,12.332000000000034,11.058000000000051,-1,1,1,1,1,78.61994413194044,80.89060954511258,74.07861330559618,-1,0.868763789720548,0.6642673140702678,0.20449647565028017
2021-03-17,sh.600188,12.5200,12.78,12.22,12.7,45379035,567716318.6400,3,1.526400,1,0.873700,8.391940,1.099285,0.303099,23.686959,0,12.809999999999935,12.382000000000035,11.24900000000005,-1,1,1,1,1,63.700589293230756,76.01934132972487,39.06308522024253,-1,0.8610851152225685,0.703630874300728,0.15745424092184046
2021-03-18,sh.600188,12.4700,12.77,12.0,12.66,47755866,592821533.7300,3,1.606400,1,-0.315000,8.365509,1.095823,0.302144,23.612354,0,12.925999999999934,12.377000000000034,11.41850000000005,-1,1,1,1,1,53.22580645161287,65.18211329226148,29.313192770315652,-1,0.8420652407273135,0.7313177475860451,0.11074749314126842
2021-03-19,sh.600188,12.2500,13.18,12.13,12.84,41322936,527718042.3600,3,1.390000,1,1.421800,8.484450,1.111404,0.306440,23.948075,0,12.835999999999933,12.473000000000036,11.58550000000005,1,1,1,1,1,56.586021505376316,57.8374724167401,54.08311968264874,-1,0.8319264189349926,0.7514394818558345,0.0804869370791581
2021-03-22,sh.600188,12.8300,13.18,12.53,12.87,27117137,347620508.1800,3,0.912100,1,0.233600,8.504273,1.114000,0.307156,24.004028,0,12.731999999999932,12.585000000000036,11.73700000000005,1,1,1,1,1,57.32739746022475,55.71307513907143,60.55604210253141,1,0.816895417030068,0.7645306688906812,0.05236474813938674
2021-03-23,sh.600188,12.8100,12.96,12.2,12.54,31978810,400411808.5400,3,1.075700,1,-2.564100,8.286215,1.085436,0.299280,23.388541,0,12.721999999999934,12.671000000000035,11.88800000000005,-1,-1,1,1,1,53.62903225806448,55.847483741221964,49.192129291749495,-1,0.769484855229571,0.7655215061584592,0.0039633490711118435
2021-03-24,sh.600188,12.4200,12.53,11.87,12.08,36918456,447034636.4400,3,1.241800,1,-3.668300,7.982255,1.045620,0.288302,22.530588,0,12.597999999999933,12.704000000000034,12.01650000000005,-1,-1,1,-1,1,36.94158075601372,49.29933682476777,12.226068618505622,-1,0.6868756133034903,0.7497923275874654,-0.06291671428397505
2021-03-25,sh.600188,12.1400,13.09,12.08,12.87,49679602,632285557.6200,3,1.671100,1,6.539700,8.504273,1.114000,0.307156,24.004028,0,12.639999999999933,12.783000000000035,12.16800000000005,1,1,1,-1,1,34.968356890734064,41.84632330160421,21.21242406899377,-1,0.6773455734662068,0.7353029767632137,-0.057957403297006826
2021-03-26,sh.600188,12.8200,13.31,12.51,13.18,39242295,507682183.3300,3,1.320000,1,2.408700,8.709116,1.140833,0.314554,24.582214,0,12.707999999999934,12.772000000000038,12.34500000000005,1,1,1,-1,1,48.60354148882613,40.17115971185809,65.46830504276222,1,0.6868893248932224,0.7256202463892154,-0.038730921495993
2021-03-29,sh.600188,13.6000,14.5,13.47,14.45,65734597,932002332.4400,3,2.211100,1,9.635800,9.887539,1.439967,0.327526,-12.051955,0,13.023999999999935,12.878000000000037,12.54500000000005,1,1,1,1,1,77.69491383800882,53.75560407252312,125.57353336898022,1,0.7878493657560597,0.7380660702625843,0.04978329549347538
2021-03-30,sh.600188,13.9400,13.94,13.25,13.5,58452046,792079708.1200,3,1.966100,1,-6.574400,9.237493,1.345298,0.305993,-11.259612,0,13.215999999999934,12.969000000000037,12.65050000000005,1,1,1,1,1,81.17184535774543,69.15676689486024,105.20200228351578,1,0.7821872967368471,0.7468903155574369,0.03529698117941016
2021-03-31,sh.600188,13.4500,13.58,13.13,13.23,30729642,409519525.2100,3,1.033700,1,-2.000000,9.052743,1.318392,0.299873,-11.034420,0,13.445999999999936,13.022000000000038,12.702000000000051,-1,1,1,1,1,70.595690747782,76.48748331451219,58.81210561432164,-1,0.7472989258900338,0.7469720376239563,0.00032688826607751853
2021-04-01,sh.600188,13.2000,13.69,12.88,13.51,28462013,379084811.8700,3,0.957400,1,2.116400,9.244335,1.346295,0.306220,-11.267952,0,13.573999999999936,13.107000000000037,12.74200000000005,-1,1,1,1,1,58.68187579214196,70.14980396588992,35.74601944464604,-1,0.7337846874671463,0.7443345675925943,-0.010549880125447997
2021-04-02,sh.600188,13.4800,13.57,13.2,13.39,19845201,265180250.7500,3,0.667700,1,-0.888200,9.162224,1.334337,0.303500,-11.167867,0,13.615999999999934,13.162000000000035,12.817500000000049,-1,1,1,1,1,57.287705956907494,62.1884241656106,47.48626953950128,-1,0.705261740697452,0.7365200022135658,-0.03125826151611388
2021-04-06,sh.600188,13.2500,13.38,13.01,13.18,17666400,232651929.6200,3,0.594400,1,-1.568300,9.018530,1.313410,0.298740,-10.992717,0,13.361999999999933,13.193000000000035,12.889000000000049,-1,-1,1,1,1,56.653992395437264,57.541191381495686,54.87959442332043,-1,0.6581253950437311,0.7208410807795989,-0.06271568573586772
2021-04-07,sh.600188,13.1700,13.67,12.78,13.55,34948006,464706089.4700,3,1.175800,1,2.807300,9.271706,1.350281,0.307127,-11.301314,0,13.371999999999932,13.294000000000036,12.98250000000005,1,1,1,1,1,56.116121463511725,56.68593993861894,54.97648451329731,-1,0.6432108747162459,0.7053150395669283,-0.062104164850682375
2021-04-08,sh.600188,14.0000,14.2,13.3,13.68,34900371,477760826.2000,3,1.174200,1,0.959400,9.360659,1.363236,0.310073,-11.409740,0,13.461999999999932,13.454000000000036,13.07900000000005,1,1,1,1,1,56.44921914456591,56.406444334505075,56.53476876468757,1,0.6345660411295686,0.6911652398794563,-0.056599198749887725
2021-04-09,sh.600188,13.3100,13.72,13.25,13.58,17548228,237242217.0700,3,0.590400,1,-0.731000,9.292234,1.353270,0.307807,-11.326336,0,13.475999999999933,13.525000000000038,13.15400000000005,1,1,1,-1,1,55.349799803038515,55.97171347037216,54.105972468371235,-1,0.6125842935487853,0.6754490506133222,-0.06286475706453687
2021-04-12,sh.600188,13.5600,13.73,13.25,13.43,17820666,239875450.8300,3,0.599600,1,-1.104600,9.189595,1.338323,0.304407,-11.201229,0,13.483999999999934,13.550000000000036,13.16100000000005,-1,-1,1,-1,1,50.36008188118231,54.053033609595694,42.97417842435554,-1,0.5764152970846528,0.6556422999075883,-0.07922700282293549
2021-04-13,sh.600188,13.3400,13.45,13.15,13.24,10981190,146006663.4300,3,0.369500,1,-1.414700,9.059586,1.319389,0.300100,-11.042760,0,13.495999999999935,13.429000000000036,13.15350000000005,-1,-1,1,1,1,41.56021399716129,49.090031893794155,26.500578203895557,-1,0.5263522337912772,0.6297842866843261,-0.10343205289304891
2021-04-14,sh.600188,13.3000,13.55,12.93,13.48,18807310,248912778.2900,3,0.632800,1,1.812700,9.223808,1.343305,0.305540,-11.242931,0,13.481999999999937,13.427000000000035,13.19800000000005,-1,1,1,1,1,42.48826291079817,44.80285292971404,37.859082872966425,-1,0.5002760191449998,0.6038826331764608,-0.1036066140314611
2021-04-15,sh.600188,13.4800,14.05,13.29,13.68,22686078,311441358.9100,3,0.763300,1,1.483700,9.360659,1.363236,0.310073,-11.409740,0,13.481999999999937,13.472000000000033,13.247000000000051,1,1,1,1,1,48.356807511737145,44.135094806565654,56.80023292208013,1,0.4900992011840124,0.5811259467779711,-0.09102674559395874
2021-04-16,sh.600188,13.9500,15.05,13.95,14.97,49854155,738489890.2400,3,1.677400,1,9.429800,10.243353,1.491786,0.339313,-12.485659,0,13.759999999999938,13.618000000000034,13.36250000000005,1,1,1,1,1,69.71727575437947,53.52078205897171,102.11026314519499,1,0.5794467175828526,0.5807901009389475,-0.0013433833560948516
2021-04-19,sh.600188,14.7000,14.95,14.3,14.34,29933082,435568160.6700,3,1.007100,1,-4.208400,9.812270,1.429006,0.325033,-11.960210,0,13.941999999999936,13.713000000000033,13.437500000000052,1,1,1,1,1,76.19283985853447,64.75564104155048,99.06723749250247,1,0.5925885413416836,0.5831497890194947,0.009438752322188937
2021-04-20,sh.600188,14.2400,14.46,14.02,14.08,24986736,355269252.4600,3,0.840700,1,-1.813100,9.634363,1.403096,0.319140,-11.743358,0,14.109999999999937,13.803000000000035,13.49800000000005,-1,1,1,1,1,73.1478403014435,73.01931863811926,73.40488362809197,1,0.5753909554964167,0.5815980223148791,-0.006207066818462392
2021-04-21,sh.600188,13.9400,14.24,13.65,14.04,26075415,363758419.9600,3,0.877300,1,-0.284100,9.606993,1.399110,0.318233,-11.709996,0,14.221999999999934,13.852000000000036,13.57300000000005,-1,1,1,1,1,58.44208018175268,69.26092011391033,36.80440031743737,-1,0.5521690183755226,0.5757122215270079,-0.02354320315148528
2021-04-22,sh.600188,14.1900,14.53,13.88,13.92,28099598,398886779.6700,3,0.945400,1,-0.854700,9.524881,1.387152,0.315513,-11.609911,0,14.269999999999934,13.876000000000033,13.665000000000052,-1,1,1,1,1,51.1006289308176,60.896849804671376,31.50818718311004,-1,0.5181100189973229,0.5641917810210708,-0.04608176202374792
2021-04-23,sh.600188,13.7000,13.95,13.45,13.78,20671795,283537460.0000,3,0.695500,1,-1.005700,9.429085,1.373201,0.312340,-11.493145,0,14.031999999999934,13.896000000000033,13.71050000000005,-1,-1,1,1,1,46.38364779874212,51.975452303770915,35.20003878868452,-1,0.47435313892611575,0.5462240526020798,-0.0718709136759641
2021-04-26,sh.600188,13.9400,14.12,13.81,14.0,23542252,328775510.1600,3,0.792100,1,1.596500,9.579622,1.395124,0.317326,-11.676635,0,13.963999999999933,13.953000000000031,13.75150000000005,1,1,1,1,1,45.75471698113207,47.74633123689738,41.77148846960144,-1,0.45221480680279136,0.5274222034422221,-0.07520739663943077
2021-04-27,sh.600188,13.9400,14.04,13.25,13.65,20062468,272798440.1100,3,0.675000,1,-2.500000,9.340132,1.360246,0.309393,-11.384719,0,13.877999999999934,13.994000000000032,13.711500000000049,-1,-1,-1,-1,1,37.596086652690424,43.24481714418832,26.298625669694644,-1,0.4017962866856255,0.5022970200909028,-0.10050073340527732
2021-04-28,sh.600188,13.5700,14.24,13.5,14.2,23516599,329070752.0100,3,0.791200,1,4.029300,9.716474,1.415054,0.321860,-11.843444,0,13.909999999999934,14.066000000000031,13.746500000000049,1,1,1,-1,1,41.82389937106918,41.72490100163068,42.021896109946184,1,0.4015903659478397,0.4821556892622902,-0.08056532331445049
2021-04-29,sh.600188,14.0700,14.61,13.83,14.42,22468329,320520237.9900,3,0.756000,1,1.549300,9.867011,1.436978,0.326846,-12.026934,0,14.009999999999934,14.140000000000029,13.806000000000049,1,1,1,-1,1,47.94117647058824,42.453720831449395,58.916087748865934,1,0.41440236119945517,0.4686050236497232,-0.054202662450268
2021-04-30,sh.600188,13.2100,13.56,12.98,12.99,62142152,811916491.4000,3,2.090800,1,-9.916800,8.281536,1.228966,0.319634,-6.694754,0,13.851999999999933,13.94200000000003,13.780000000000049,-1,-1,-1,-1,1,40.73826804068594,43.5011146274479,35.21257486716202,-1,0.3056436411122654,0.4360127471422316,-0.1303691060299662
2021-05-06,sh.600188,12.9500,14.09,12.95,13.87,40135918,549866697.0800,3,1.350400,1,6.774400,8.842564,1.312222,0.341287,-7.148287,0,13.825999999999933,13.89500000000003,13.80400000000005,1,-1,1,-1,1,41.619571030422684,43.433005180565736,37.99270273013657,-1,0.2871501294643277,0.4062402236066508,-0.11909009414232308
2021-05-07,sh.600188,14.0000,15.0,13.6,14.89,64419410,934359442.1800,3,2.167400,1,7.354000,9.492847,1.408723,0.366385,-7.673972,0,14.073999999999932,13.976000000000031,13.88950000000005,1,1,1,1,1,50.22311000698892,44.193649692699296,62.28203063556816,1,0.3507560661565208,0.3951433921166248,-0.04438732596010403
2021-05-10,sh.600188,14.8900,15.6,14.68,15.38,54437718,820352555.9800,3,1.831600,1,3.290800,9.805237,1.455081,0.378442,-7.926507,0,14.309999999999931,14.110000000000031,13.981000000000048,1,1,1,1,1,80.58464876533289,57.47577660091495,126.80239309416878,1,0.435680876201328,0.4032508889335654,0.03242998726776258
2021-05-11,sh.600188,14.9300,15.01,14.3,14.83,52321963,768696871.4200,3,1.760400,1,-3.576100,9.454595,1.403046,0.364909,-7.643049,0,14.39199999999993,14.20100000000003,14.038500000000047,1,1,1,1,1,85.75855192514194,72.18877023248804,112.89811531044975,1,0.4533777401828569,0.4132762591834237,0.040101480999433226
2021-05-12,sh.600188,14.9100,15.17,14.51,14.95,25714504,381552084.0500,3,0.865200,1,0.809200,9.531099,1.414399,0.367862,-7.704894,0,14.78399999999993,14.31800000000003,14.107000000000047,1,1,1,1,1,79.37106918238997,81.90475662428838,74.30369429859314,-1,0.4716487562346767,0.4249507585936743,0.04669799764100241
2021-05-13,sh.600188,14.5500,14.69,14.0,14.13,23314034,333072402.5700,3,0.784400,1,-5.484900,9.008323,1.336820,0.347684,-7.282285,0,14.835999999999931,14.331000000000028,14.142000000000047,-1,-1,-1,1,1,63.64779874213841,76.25913994989023,38.42511632663479,-1,0.4151756348367055,0.42299573384228056,-0.007820099005575065
2021-05-14,sh.600188,14.2000,14.2,13.35,13.62,30791014,420306582.5400,3,1.036000,1,-3.609300,8.683181,1.288570,0.335135,-7.019442,0,14.581999999999931,14.328000000000028,14.161000000000048,-1,-1,-1,1,1,48.427672955974884,63.81551362683454,17.65199161425558,-1,0.32551520485439944,0.40349962804470435,-0.07798442319030491
2021-05-17,sh.600188,13.6200,13.97,13.47,13.51,27416735,374293135.7400,3,0.922400,1,-0.807600,8.613053,1.278163,0.332429,-6.962751,0,14.207999999999931,14.259000000000029,14.162500000000046,-1,-1,-1,-1,1,30.31446540880508,47.46331236897291,-3.9832285115305694,-1,0.24278392546821337,0.37135648752940614,-0.12857256206119277
2021-05-18,sh.600188,13.7200,14.21,13.66,14.04,23309138,325480817.2800,3,0.784200,1,3.923000,8.950945,1.328305,0.345470,-7.235901,0,14.049999999999931,14.221000000000029,14.180500000000047,-1,-1,-1,-1,-1,29.182389937106947,35.974842767295755,15.597484276729332,-1,0.21747840543096508,0.3405808711097179,-0.12310246567875283
2021-05-19,sh.600188,13.9000,13.95,13.4,13.62,16515057,224125981.5400,3,0.555700,1,-2.991500,8.683181,1.288570,0.335135,-7.019442,0,13.783999999999931,14.28400000000003,14.113000000000046,-1,-1,-1,-1,-1,24.754716981132102,28.08385744234816,18.09643605869998,-1,0.1616694834025676,0.30479859356828787,-0.14312911016572027
2021-05-20,sh.600188,12.9600,12.96,12.26,12.54,43320563,540482914.6100,3,1.456600,1,-7.929500,7.996522,1.186670,0.308633,-6.464350,0,13.465999999999932,14.151000000000028,14.023000000000048,-1,-1,-1,-1,-1,20.505103001544096,24.81406997326117,11.887169058109947,-1,0.029948311062341304,0.24982853706709857,-0.21988022600475726
2021-05-21,sh.600188,12.5300,13.34,12.42,13.28,36008460,467133668.6600,3,1.210700,1,5.901100,8.468406,1.256697,0.326846,-6.845818,0,13.39799999999993,13.990000000000027,13.983000000000047,-1,-1,-1,-1,-1,18.478259974895582,21.246026652524048,12.942726619638655,-1,-0.014561989900084171,0.19695043167366202,-0.2115124215737462
2021-05-24,sh.600188,13.2800,13.45,12.98,13.14,16731248,221691928.0500,3,0.562500,1,-1.054200,8.379130,1.243449,0.323400,-6.773649,0,13.323999999999932,13.766000000000025,13.938000000000045,-1,-1,-1,-1,-1,24.55844325095516,21.1806020757984,31.314125601268678,1,-0.060436875384603184,0.14547297026200898,-0.20590984564661216
2021-05-25,sh.600188,13.2700,13.43,12.68,13.17,23005507,300743587.3300,3,0.773500,1,0.228300,8.398261,1.246288,0.324139,-6.789114,0,13.149999999999931,13.600000000000026,13.900500000000045,1,-1,-1,-1,-1,34.24688529690442,25.76119617425184,51.21826354220959,1,-0.09329683551766621,0.09771900910607394,-0.19101584462374016
2021-05-26,sh.600188,13.1800,13.38,13.02,13.28,12105372,160181910.1800,3,0.407000,1,0.835200,8.468406,1.256697,0.326846,-6.845818,0,13.081999999999931,13.433000000000025,13.875500000000045,1,-1,-1,-1,-1,39.99893393555099,32.93475416113697,54.127293484379024,1,-0.1092036779522001,0.05633447169441912,-0.16553814964661923
2021-05-27,sh.600188,13.1900,13.67,13.19,13.46,17970459,242090963.0000,3,0.604200,1,1.355400,8.583188,1.273731,0.331276,-6.938608,0,13.26599999999993,13.366000000000025,13.848500000000044,1,1,-1,-1,-1,50.43157117231194,41.55913013492256,68.17645324709069,1,-0.10606284307381841,0.023855008740771615,-0.12991785181459004
2021-05-28,sh.600188,13.4700,13.78,13.25,13.34,14924002,201832840.2000,3,0.501800,1,-0.891500,8.506666,1.262375,0.328323,-6.876748,0,13.277999999999931,13.338000000000026,13.833000000000045,1,1,-1,-1,-1,56.41025641025643,48.9469205060399,71.33692821868948,1,-0.11196603121099713,-0.0033091992495821385,-0.10865683196141498
2021-05-31,sh.600188,13.4700,13.6,13.25,13.54,16751799,225611465.6400,3,0.563200,1,1.499300,8.634203,1.281301,0.333245,-6.979848,0,13.35799999999993,13.341000000000026,13.800000000000045,1,1,-1,1,-1,64.22090729783041,57.020911626799716,78.62089863989178,1,-0.09936065403971561,-0.022519490207608833,-0.07684116383210678
2021-06-01,sh.600188,13.5400,14.21,13.2,14.1,25508534,350534547.0100,3,0.857700,1,4.135900,8.991304,1.334295,0.347028,-7.268527,0,13.54399999999993,13.347000000000026,13.784000000000045,1,1,1,1,-1,75.16107823800132,65.26408064869618,94.95507341661161,1,-0.04367996646632122,-0.02675158545935131,-0.01692838100696991
2021-06-02,sh.600188,13.9900,14.47,13.89,13.93,29009323,410861034.2600,3,0.975400,1,-1.205700,8.882898,1.318207,0.342844,-7.180892,0,13.673999999999927,13.378000000000025,13.831000000000046,1,1,1,1,-1,81.25238530491815,73.54479028025008,96.66757535425427,1,-0.013118972310911303,-0.024025062829663307,0.010906090518752003
2021-06-03,sh.600188,14.1500,14.88,14.15,14.55,31483877,460825249.4100,3,1.058600,1,4.450800,9.278261,1.376878,0.358103,-7.500501,0,13.891999999999928,13.579000000000027,13.865000000000046,1,1,1,1,1,84.33917031478008,80.25087795256663,92.515755039207,1,0.060433019945444144,-0.007133446274641814,0.06756646622008596
2021-06-04,sh.600188,14.1000,14.63,13.81,14.5,24087196,342616407.1200,3,0.809900,1,-0.343600,9.246377,1.372147,0.356872,-7.474726,0,14.123999999999928,13.701000000000027,13.845500000000047,1,1,1,1,1,80.46193643754621,82.01783068574827,77.3501479411421,-1,0.11338192533210112,0.016969628046706774,0.09641229728539434
2021-06-07,sh.600188,14.5900,15.05,14.51,14.58,25260748,373237292.9200,3,0.849300,1,0.551700,9.297391,1.379717,0.358841,-7.515966,0,14.331999999999928,13.845000000000027,13.805500000000047,1,1,1,1,1,81.52485445588896,82.10865373607186,80.35725589552317,-1,0.15995577513267634,0.04556685746390069,0.11438891766877565
2021-06-08,sh.600188,14.4800,14.65,14.24,14.46,16078678,231971987.7900,3,0.540600,1,-0.823000,9.220869,1.368362,0.355888,-7.454107,0,14.403999999999929,13.974000000000027,13.787000000000045,1,1,1,1,1,75.95137775338002,79.31272288227184,69.22868749559635,-1,0.18504975118574762,0.07346343620827009,0.11158631497747754
2021-06-09,sh.600188,14.5700,15.75,14.35,15.44,34780300,531428458.6000,3,1.169400,1,6.777300,9.845797,1.461100,0.380008,-7.959295,0,14.705999999999928,14.190000000000026,13.811500000000047,1,1,1,1,1,77.65666592925642,78.3776327128419,76.21473236208547,-1,0.2807780828377453,0.11492636553416513,0.16585171730358017
2021-06-10,sh.600188,15.2700,15.34,14.85,14.96,30063419,452672768.0000,3,1.010800,1,-3.108800,9.539710,1.415677,0.368194,-7.711856,0,14.787999999999931,14.340000000000027,13.853000000000046,1,1,1,1,1,75.04743833017083,76.2184940042692,72.70532698197408,-1,0.31428856395725546,0.1547988052187832,0.15948975873847226
2021-06-11,sh.600188,15.0800,15.32,14.89,14.93,19613835,295247588.6000,3,0.659500,1,-0.200500,9.520579,1.412838,0.367455,-7.696391,0,14.873999999999933,14.499000000000027,13.918500000000046,1,1,1,1,1,74.90196078431376,75.86868834791379,72.9685056571137,-1,0.3345684159573601,0.19075272736649856,0.14381568859086152
2021-06-15,sh.600188,15.2000,15.44,14.79,15.2,22027618,332915340.4800,3,0.740600,1,1.808400,9.692753,1.438388,0.374101,-7.835575,0,14.997999999999934,14.665000000000026,14.003000000000046,1,1,1,1,1,69.50407654470726,73.15115855306406,62.20991252799365,-1,0.3681829049493821,0.22623876288307526,0.14194414206630684
2021-06-16,sh.600188,15.1200,15.73,15.03,15.23,23958421,367283149.7100,3,0.805500,1,0.197400,9.711884,1.441227,0.374839,-7.851040,0,15.151999999999934,14.778000000000025,14.062500000000046,1,1,1,1,1,70.8961660265481,71.76740111852315,69.15369584259801,-1,0.3927163888610856,0.25953428807867734,0.13318210078240827
2021-06-17,sh.600188,14.8400,15.46,14.6,15.2,23724230,359453828.1900,3,0.797700,1,-0.197000,9.692753,1.438388,0.374101,-7.835575,0,15.103999999999933,14.905000000000024,14.141500000000045,1,1,1,1,1,72.16494845360828,70.85506367495466,74.7847180109155,1,0.4050692165541747,0.2886412737737768,0.11642794278039792
2021-06-18,sh.600188,15.2500,15.25,14.7,14.8,21289919,317096552.2900,3,0.715800,1,-2.631600,9.437681,1.400536,0.364256,-7.629376,0,15.071999999999935,14.930000000000025,14.254500000000045,-1,-1,1,1,1,60.64381784665807,67.90164410893827,46.12816532209766,-1,0.3782223525923012,0.3065574895374817,0.0716648630548195
2021-06-21,sh.600188,14.5000,14.86,14.18,14.64,19276646,279927621.3000,3,0.648100,1,-1.081100,9.335652,1.385395,0.360318,-7.546896,0,15.013999999999935,14.944000000000022,14.322500000000044,-1,-1,1,1,1,46.011646769546424,59.60680435660438,18.82133159543052,-1,0.34011472581200586,0.31326893679238654,0.026845789019619315
2021-06-22,sh.600188,14.8700,14.87,14.33,14.5,14892462,217196036.0000,3,0.500700,1,-0.956300,9.246377,1.372147,0.356872,-7.474726,0,14.873999999999935,14.936000000000021,14.390500000000046,-1,-1,1,-1,1,28.92254045921747,45.1926683584741,-3.617715339295799,-1,0.2952142806045135,0.30965800555481193,-0.014443724950298442
2021-06-23,sh.600188,14.6400,15.69,14.52,15.56,30602760,464774248.2900,3,1.028900,1,7.310300,9.922319,1.472456,0.382961,-8.021155,0,14.939999999999936,15.04600000000002,14.510000000000044,1,1,1,-1,1,46.23792890897891,40.39070537924772,57.93237596844128,1,0.3412300083695339,0.31597240611775634,0.025257602251777533
2021-06-24,sh.600188,15.6100,16.28,15.22,15.64,30746069,485886503.3600,3,1.033800,1,0.514100,9.973333,1.480026,0.384930,-8.062395,0,15.027999999999935,15.06600000000002,14.628000000000046,1,1,1,-1,1,59.64607773114045,44.93551569977907,89.06720179386322,1,0.3797753220501683,0.3287329893042387,0.051042332745929564
2021-06-25,sh.600188,16.0900,16.29,15.77,16.06,23952979,384074149.9600,3,0.805400,1,2.685400,10.241159,1.519771,0.395267,-8.278904,0,15.279999999999935,15.17600000000002,14.758000000000047,1,1,1,1,1,82.55186455155882,62.81195706389284,122.03167952689078,1,0.4391509914916867,0.3508165897417283,0.08833440174995838
2021-06-28,sh.600188,15.4300,15.5,14.8,15.0,33391758,504555674.8700,3,1.122700,1,-6.600200,9.565217,1.419462,0.369178,-7.732476,0,15.351999999999936,15.183000000000018,14.841000000000047,-1,-1,1,1,1,65.82863161062217,69.34219129777392,58.80151223631867,-1,0.39610741636476554,0.35987475506633576,0.03623266129842978
2021-06-29,sh.600188,15.0300,15.11,14.76,14.78,17453724,259730124.8700,3,0.586800,1,-1.466700,9.424927,1.398644,0.363764,-7.619066,0,15.407999999999936,15.14100000000002,14.903000000000045,-1,-1,-1,1,1,52.13270142180098,66.8377325279941,22.722639209414723,-1,0.3403199154378065,0.35596378714062993,-0.015643871702823442
2021-06-30,sh.600188,14.8400,15.88,14.84,15.36,24102737,372544219.7600,3,0.810400,1,3.924200,9.794782,1.453529,0.378039,-7.918055,0,15.367999999999935,15.15400000000002,14.966000000000045,-1,1,1,1,1,41.074249605055336,53.011860879159606,17.199027056846788,-1,0.33900127607409125,0.3525712849273222,-0.013570008853230953
2021-07-01,sh.600188,15.3000,15.53,14.8,14.85,13267604,201104409.0000,3,0.446100,1,-3.320300,9.469565,1.405268,0.365487,-7.655151,0,15.209999999999933,15.11900000000002,15.012000000000047,-1,-1,-1,1,1,38.70458135860983,43.9705107951555,28.17272248551849,-1,0.29342113097631817,0.3407412541371214,-0.04732012316080325
2021-07-02,sh.600188,14.8200,15.0,14.67,14.73,10261722,151499099.4300,3,0.345000,1,-0.808100,9.393043,1.393912,0.362533,-7.593291,0,14.943999999999935,15.112000000000018,15.021000000000047,-1,-1,-1,-1,-1,36.02862946126322,38.60248680830958,30.88091476717051,-1,0.24479371095981328,0.32155174550165977,-0.07675803454184649
2021-07-05,sh.600188,14.8900,15.24,14.79,15.05,18476259,276786099.1500,3,0.621200,1,2.172400,9.597101,1.424194,0.370409,-7.758251,0,14.953999999999933,15.15300000000002,15.048500000000047,1,-1,1,-1,-1,27.36840686417825,34.03387256135055,14.037475469833652,-1,0.2294326985712729,0.3031279361155824,-0.07369523754430951
2021-07-06,sh.600188,15.0700,15.23,14.76,14.96,16214596,243256294.7500,3,0.545200,1,-0.598000,9.539710,1.415677,0.368194,-7.711856,0,14.989999999999934,15.199000000000021,15.067500000000047,-1,-1,-1,-1,-1,22.750966886022127,28.71600107048798,10.82089851709042,-1,0.20760361252815684,0.2840230713980973,-0.07641945886994045
2021-07-07,sh.600188,14.7700,14.92,14.32,14.64,23191714,336737882.6100,3,0.779800,1,-2.139000,9.335652,1.385395,0.360318,-7.546896,0,14.845999999999936,15.107000000000022,15.076500000000047,-1,-1,-1,-1,-1,21.36279740503176,23.827390385077493,16.433611444940297,-1,0.16260813357667736,0.2597400838338133,-0.09713195025713595
2021-07-08,sh.600188,14.3600,14.53,13.45,13.61,34498356,477619488.7800,3,1.159900,1,-7.035500,8.678840,1.287925,0.334968,-7.015933,0,14.597999999999933,14.904000000000025,14.985000000000047,-1,-1,-1,-1,-1,13.576417176718051,19.230060489257426,2.2691305516393,-1,0.04333693914373171,0.216459454895797,-0.17312251575206528
2021-07-09,sh.600188,13.7100,14.65,13.7,14.65,25411459,361556306.3200,3,0.854400,1,7.641400,9.342029,1.386341,0.360564,-7.552051,0,14.581999999999933,14.763000000000025,14.969500000000048,1,-1,-1,-1,-1,24.07024433721186,19.669819639654005,32.87109373232757,1,0.03235994134990072,0.17963955218661773,-0.147279610836717
2021-07-12,sh.600188,14.5500,14.61,14.15,14.27,26851337,385083171.9500,3,0.902800,1,-2.593900,9.099710,1.350382,0.351212,-7.356162,0,14.425999999999934,14.690000000000026,14.936500000000047,-1,-1,-1,-1,-1,29.903978052126238,22.516879855352162,44.678174445674394,1,-0.006922435170620744,0.14232715471517005,-0.1492495898857908
2021-07-13,sh.600188,14.2800,15.59,14.02,15.39,35125519,527840171.4200,3,1.181000,1,7.848600,9.813913,1.456368,0.378777,-7.933520,0,14.511999999999933,14.751000000000028,14.946000000000046,1,1,1,-1,-1,57.927259207979226,37.30049386577255,99.18078989239257,1,0.05172439160299369,0.12420660209273478,-0.07248221048974109
2021-07-14,sh.600188,15.4400,16.93,15.41,16.93,36190804,602749990.7800,3,1.216800,1,10.006500,10.795942,1.602100,0.416679,-8.727388,0,14.969999999999931,14.908000000000026,15.031000000000045,1,1,1,1,-1,74.79968719151832,54.21030815054137,115.97844527347219,1,0.21993231125066437,0.1433517439243207,0.07658056732634366
2021-07-15,sh.600188,17.4000,17.4,16.47,17.14,46573337,791063094.1300,3,1.565900,1,1.240400,10.929855,1.621972,0.421848,-8.835642,0,15.67599999999993,15.137000000000029,15.128000000000046,1,1,1,1,1,94.69064237548804,75.80586292499531,132.4602012764735,1,0.3659649285102269,0.18787438084150193,0.17809054766872495
2021-07-16,sh.600188,17.2500,18.18,17.25,17.9,39648919,710163317.5400,3,1.333100,1,4.434100,11.414492,1.693892,0.440553,-9.227421,0,16.32599999999993,15.45400000000003,15.283000000000044,1,1,1,1,1,95.83268659512407,88.44100538737693,110.61604901061835,1,0.5368341878616203,0.2576663422455256,0.2791678456160947
2021-07-19,sh.600188,18.4500,19.4,18.12,18.32,43631194,818985706.1700,3,1.467000,1,2.346400,11.682319,1.733637,0.450890,-9.443930,0,17.13599999999993,15.781000000000029,15.467000000000045,1,1,1,1,1,89.78226642705685,93.43519846588977,82.47640234939101,-1,0.6980926196855126,0.345751597733523,0.35234102195198963
2021-07-20,sh.600188,18.8500,18.99,17.65,17.81,29395677,528963205.6700,3,0.988400,1,-2.783800,11.357101,1.685375,0.438338,-9.181026,0,17.619999999999933,16.066000000000027,15.632500000000045,1,1,1,1,1,83.06879622885097,89.56124975034409,70.08388918586473,-1,0.7757954637676452,0.4317603709403474,0.3440350928272978
2021-07-21,sh.600188,18.0500,18.29,17.16,17.24,42752607,747492142.2800,3,1.437500,1,-3.200400,10.993623,1.631435,0.424309,-8.887192,0,17.681999999999935,16.32600000000003,15.716500000000044,-1,1,1,1,1,72.4104378593543,81.75383350508751,53.72364656788787,-1,0.7823627009970338,0.5018808369516847,0.280481864045349
2021-07-22,sh.600188,17.4100,18.15,16.75,18.0,51444717,903752972.1700,3,1.729700,1,4.408400,11.478261,1.703355,0.443014,-9.278971,0,17.853999999999935,16.765000000000025,15.834500000000045,1,1,1,1,1,69.78675641651694,75.0886635015742,59.182942246402405,-1,0.8392189387010074,0.5693484573015493,0.26987048139945813
2021-07-23,sh.600188,17.0000,18.06,16.88,17.1,39956792,697990744.5800,3,1.343500,1,0.588200,10.904348,1.618187,0.420863,-8.815022,0,17.69399999999993,17.010000000000026,15.886500000000046,-1,1,1,1,1,64.4440096523838,68.88040130941847,55.57122633831446,-1,0.8024058036975532,0.61595992658075,0.18644587711680316
2021-07-26,sh.600188,17.2600,17.57,16.6,17.04,26323259,447210815.8000,3,0.885100,1,-0.350900,10.866087,1.612509,0.419387,-8.784092,0,17.43799999999993,17.287000000000024,15.988500000000048,-1,-1,1,1,1,57.359632041690396,63.863466036863834,44.35196405134353,-1,0.7596330534390354,0.6446945519524071,0.11493850148662832
2021-07-27,sh.600188,17.1000,18.74,17.1,17.93,49332271,907779485.8300,3,1.658700,1,5.223000,11.433623,1.696731,0.441291,-9.242886,0,17.461999999999932,17.541000000000025,16.14600000000005,1,1,1,-1,1,49.310184164540374,57.03794195287165,33.854668587877825,-1,0.7884620034822021,0.6734480422583661,0.115013961223836
2021-07-28,sh.600188,16.8000,18.76,16.8,18.33,46971188,840479007.8200,3,1.579300,1,2.230900,11.688695,1.734583,0.451136,-9.449085,0,17.679999999999932,17.681000000000022,16.29450000000005,1,1,1,-1,1,50.822398715788346,52.49740497400649,47.472386199352044,-1,0.8339722976358814,0.7055528933338692,0.12841940430201226
2021-07-29,sh.600188,18.6800,19.16,18.13,18.61,34018864,631162830.9100,3,1.143800,1,1.527600,11.867246,1.761080,0.458027,-9.593425,0,17.801999999999932,17.828000000000024,16.482500000000048,1,1,1,-1,1,61.13359336908826,53.75539208313912,75.88999594098654,1,0.8824607355325185,0.740934461773599,0.14152627375891946
2021-07-30,sh.600188,19.2000,19.31,18.22,18.8,40252949,758089208.0900,3,1.353400,1,1.021000,11.988406,1.779059,0.462704,-9.691369,0,18.141999999999932,17.918000000000028,16.686000000000046,1,1,1,1,1,71.58408012651556,61.180024070464185,92.39219223861829,1,0.9255504149611333,0.7778576524111058,0.1476927625500275
2021-08-02,sh.600188,17.7000,17.78,16.92,16.94,46112381,786594856.1000,3,1.550400,1,-9.893600,10.802319,1.603046,0.416925,-8.732542,0,18.12199999999993,17.780000000000026,16.780500000000046,-1,-1,1,1,1,55.17088385169569,62.629519115766634,40.25361332355381,-1,0.8003864838586416,0.782363418700613,0.01802306515802865
2021-08-03,sh.600188,16.8500,17.56,16.19,16.3,36700907,614799247.5300,3,1.234000,1,-3.778000,10.394203,1.542482,0.401174,-8.402624,0,17.79599999999993,17.629000000000026,16.847500000000046,-1,-1,-1,1,1,32.41752609833794,53.057496692183186,-8.862415089352552,-1,0.6421482303298092,0.7543203810264523,-0.1121721506966431
2021-08-04,sh.600188,16.7200,17.16,16.38,17.07,36174038,607968192.6200,3,1.216300,1,4.723900,10.885217,1.615348,0.420125,-8.799557,0,17.543999999999926,17.612000000000027,16.969000000000047,-1,-1,1,-1,1,14.758964897341288,34.115791615791764,-23.954688539559662,-1,0.5722789635442034,0.7179120975300025,-0.14563313398579913
2021-08-05,sh.600188,16.8700,17.35,16.5,16.7,20045350,336981872.8100,3,0.674000,1,-2.167500,10.649275,1.580335,0.411019,-8.608823,0,17.161999999999928,17.482000000000024,17.123500000000046,-1,-1,-1,-1,1,16.025641025641015,21.067377340440206,5.942168396042632,-1,0.4815007179025521,0.6706298216045125,-0.18912910370196034
2021-08-06,sh.600188,16.7000,17.72,16.41,17.55,27004858,461464342.3400,3,0.908000,1,5.089800,11.191304,1.660771,0.431939,-9.046996,0,16.911999999999928,17.527000000000026,17.26850000000005,1,1,1,-1,-1,29.380341880341877,20.054982601108183,48.03106043880927,1,0.4726972409137673,0.6310433054663634,-0.15834606455259614
2021-08-09,sh.600188,17.4000,17.79,16.92,17.28,23370480,405687009.5400,3,0.785800,1,-1.538500,11.019130,1.635221,0.425293,-8.907812,0,16.979999999999926,17.551000000000027,17.41900000000005,1,-1,-1,-1,-1,31.62393162393163,25.676638176638296,43.5185185185183,1,0.43887460519988863,0.5926095654130685,-0.1537349602131799
2021-08-10,sh.600188,17.1200,17.34,16.3,16.5,35023924,584018871.2700,3,1.177600,1,-4.513900,10.521739,1.561409,0.406096,-8.505723,0,17.01999999999993,17.408000000000026,17.474500000000052,-1,-1,-1,-1,-1,29.4871794871795,30.16381766381779,28.133903133902912,-1,0.34515174696024076,0.543118001722503,-0.19796625476226226
2021-08-11,sh.600188,16.6100,17.66,16.56,17.47,33020331,567542303.4000,3,1.110200,1,5.878800,11.140290,1.653200,0.429970,-9.005757,0,17.099999999999927,17.322000000000028,17.50150000000005,1,1,-1,-1,-1,28.632478632478623,29.91452991453004,26.06837606837579,-1,0.34516772130855244,0.5035279456397129,-0.15836022433116048
2021-08-12,sh.600188,17.2000,19.05,16.78,18.76,53458489,973770078.2300,3,1.797400,1,7.384100,11.962898,1.775274,0.461719,-9.670750,0,17.511999999999926,17.337000000000028,17.58250000000005,1,1,1,1,-1,46.94055944055943,35.02007252007264,70.78153328153302,1,0.444152684444024,0.49165289340057516,-0.04750020895655116
2021-08-13,sh.600188,18.6800,18.68,17.7,18.4,31007119,566213194.5400,3,1.042500,1,-1.919000,11.733333,1.741207,0.452859,-9.485170,0,17.681999999999924,17.29700000000003,17.60750000000005,1,1,1,1,1,69.38616938616936,48.31973581973593,111.51903651903622,1,0.48792548821746706,0.4909074123639535,-0.0029819241464864588
2021-08-16,sh.600188,18.3400,18.39,16.92,16.94,34696164,604758883.0500,3,1.166600,1,-7.934800,10.802319,1.603046,0.416925,-8.732542,0,17.613999999999926,17.29700000000003,17.53850000000005,-1,-1,-1,1,1,63.46853146853147,59.93175343175354,70.54208754208732,1,0.40019277905743067,0.47276448570264895,-0.07257170664521828
2021-08-17,sh.600188,16.9400,17.09,16.4,16.53,30424838,508857559.0800,3,1.023000,1,-2.420300,10.540869,1.564247,0.406835,-8.521188,0,17.619999999999926,17.32000000000003,17.474500000000052,-1,-1,-1,1,1,36.30303030303029,56.385910385910485,-3.8627298627300917,-1,0.29418917183452464,0.4370494229290241,-0.14286025109449946
2021-08-18,sh.600188,16.5700,16.89,16.07,16.29,28047341,459885985.8800,3,0.943000,1,-1.451900,10.387826,1.541536,0.400928,-8.397469,0,17.383999999999922,17.242000000000026,17.427000000000053,-1,-1,-1,1,-1,13.00630465731137,37.59262214295783,-36.16633031398155,-1,0.18864003031418974,0.38736754440605725,-0.1987275140918675
2021-08-19,sh.600188,16.2800,16.79,15.95,16.66,31875708,525576697.1200,3,1.071700,1,2.271300,10.623768,1.576549,0.410034,-8.588203,0,16.96399999999992,17.238000000000028,17.360000000000053,-1,-1,-1,-1,-1,12.883137501886148,20.730824154076053,-2.8122358024936602,-1,0.13331075954681282,0.33655618743420834,-0.20324542788739552
2021-08-20,sh.600188,16.3600,16.83,15.9,16.76,18604465,304874350.9000,3,0.625500,1,0.600200,10.687536,1.586013,0.412495,-8.639753,0,16.635999999999925,17.159000000000027,17.343000000000053,1,-1,-1,-1,-1,19.19578781453647,15.02840999124478,27.530543461119844,1,0.09641961282540024,0.28852887251244674,-0.1921092596870465
2021-08-23,sh.600188,16.9800,17.75,16.98,17.23,30267578,525272031.6500,3,1.017700,1,2.804300,10.987246,1.630489,0.424063,-8.882037,0,16.693999999999924,17.154000000000025,17.352500000000052,1,1,-1,-1,-1,30.80901177675373,20.962645697725566,50.50174393481006,1,0.10391037123084246,0.2516051722561259,-0.14769480102528343
2021-08-24,sh.600188,17.5600,17.66,16.77,17.1,25506095,434558560.2800,3,0.857600,1,-0.754500,10.904348,1.618187,0.420863,-8.815022,0,16.807999999999925,17.214000000000024,17.311000000000053,1,-1,-1,-1,-1,35.873015873015895,28.62593848810215,50.36717064284338,1,0.09822466489629278,0.22092907078415927,-0.12270440588786649
2021-08-25,sh.600188,17.1000,17.91,16.92,17.72,31157783,547108974.8900,3,1.047600,1,3.625700,11.299710,1.676858,0.436123,-9.134631,0,17.093999999999927,17.239000000000026,17.280500000000053,1,1,1,-1,-1,48.59502873891363,38.425685462894535,68.93371529095182,1,0.14210937172937932,0.20516513097320327,-0.06305575924382395
2021-08-26,sh.600188,17.6600,19.49,17.6,19.49,64352206,1225560931.5000,3,2.163700,1,9.988700,12.428406,1.844355,0.479686,-10.047063,0,17.659999999999926,17.312000000000026,17.32450000000005,1,1,1,1,1,67.8542879981729,50.77411087003426,102.01464225445018,1,0.3160690779749089,0.2273459203735444,0.08872315760136451
2021-08-27,sh.600188,18.8300,21.39,18.55,21.37,67822608,1382727165.7300,3,2.280400,1,9.646000,13.627246,2.022261,0.525956,-11.016200,0,18.581999999999926,17.609000000000027,17.453000000000053,1,1,1,1,1,88.36777572477536,68.27236415395407,128.55859886641792,1,0.5987318782758244,0.3016231119540004,0.29710876632182404
2021-08-30,sh.600188,21.0100,23.48,20.81,23.21,44657503,995275042.2800,3,1.501500,1,8.610200,14.407809,2.238999,0.686278,25.640158,0,19.777999999999924,18.236000000000026,17.76650000000005,1,1,1,1,1,98.69123199933357,84.97109857409406,126.13149884981257,1,0.9601488086736865,0.4333282512979376,0.5268205573757488
2021-08-31,sh.600188,23.0900,25.53,22.71,25.53,45348247,1110024130.0700,3,1.524700,1,9.995700,15.847969,2.462802,0.754876,28.203069,0,21.463999999999924,19.136000000000028,18.228000000000048,1,1,1,1,1,98.69123199933357,95.25007990781428,105.57353618237212,1,1.4174395796842738,0.6301505169752049,0.787289062709069
2021-09-01,sh.600188,26.8000,26.8,24.26,25.18,52484792,1340380664.1200,3,1.764700,1,-1.370900,15.630703,2.429039,0.744527,27.816423,0,22.955999999999925,20.025000000000027,18.633500000000048,1,1,1,1,1,93.85853646728474,97.08033348865075,87.41494242455269,-1,1.7316424392545713,0.8504489014310781,0.8811935378234932
2021-09-02,sh.600188,25.7000,26.98,24.95,26.8,49947056,1299406369.4600,3,1.679400,1,6.433700,16.636332,2.585315,0.792428,29.606042,0,24.417999999999928,21.03900000000003,19.13850000000005,1,1,1,1,1,94.45821240194448,95.66932695618772,92.035983293458,-1,2.0873097230859514,1.0978210657620529,0.9894886573238986
2021-09-03,sh.600188,25.4000,26.88,25.25,25.9,39274507,1022682580.5800,3,1.320500,1,-3.358200,16.077650,2.498495,0.765817,28.611809,0,25.323999999999927,21.95300000000003,19.556000000000047,1,1,1,1,1,90.93225745581323,93.0830021083476,86.6307681507445,-1,2.2703845497562796,1.3323337625608982,0.9380507871953814
2021-09-06,sh.600188,26.2900,27.0,24.93,26.2,43554972,1123265664.5500,3,1.464400,1,1.158300,16.263877,2.527435,0.774687,28.943220,0,25.921999999999922,22.85000000000003,20.002000000000045,1,1,1,1,1,93.24088325067756,92.87711770281186,93.96841434640896,1,2.411877538745781,1.5482425177978747,0.8636350209479062
2021-09-07,sh.600188,26.4700,28.65,25.75,26.95,44706717,1206963247.8700,3,1.503200,1,2.862600,16.729446,2.599785,0.796863,29.771747,0,26.20599999999992,23.83500000000003,20.524500000000046,1,1,1,1,1,88.70033728016097,90.95782599555069,84.18535984938151,-1,2.5550771450623913,1.749609443250778,0.8054677018116132
2021-09-08,sh.600188,26.9500,28.55,26.19,26.76,39007183,1053467330.0100,3,1.311500,1,-0.705000,16.611502,2.581456,0.791245,29.561854,0,26.521999999999917,24.73900000000003,20.989000000000043,1,1,1,1,1,85.98866846391599,89.3099629982516,79.34607939524474,-1,2.6229961853952055,1.9242867916796635,0.698709393715542
2021-09-09,sh.600188,26.7800,29.44,26.5,29.44,55171540,1569504181.7900,3,1.855000,1,10.014900,18.275135,2.839988,0.870488,32.522458,0,27.04999999999992,25.73400000000003,21.523000000000046,1,1,1,1,1,88.63417110941863,87.77439228449863,90.35372875925864,1,2.8601065881015977,2.1114507509640505,0.7486558371375471
2021-09-10,sh.600188,29.0000,31.33,27.7,29.32,49516708,1483241970.7400,3,1.664900,1,-0.407600,18.200644,2.828412,0.866940,32.389893,0,27.733999999999916,26.529000000000032,22.069000000000045,1,1,1,1,1,85.98975442787899,86.87086466707132,84.22753394949433,-1,3.0037103897877806,2.2899026787287964,0.7138077110589842
2021-09-13,sh.600188,29.4100,32.25,29.41,32.25,33509344,1054324862.1400,3,1.126700,1,9.993200,20.019467,3.111060,0.953575,35.626673,0,28.943999999999914,27.43300000000003,22.834500000000045,1,1,1,1,1,92.22737819025521,88.95043457585105,98.78126541906354,1,3.315722366723822,2.4950666163278017,0.8206557503960203
2021-09-14,sh.600188,32.0000,34.63,31.01,33.3,42675719,1416875648.0800,3,1.434900,1,3.255800,20.671264,3.212350,0.984621,36.786612,0,30.213999999999913,28.210000000000026,23.673000000000044,1,1,1,1,1,87.65693145486,88.62468802433152,85.72141831591696,-1,3.6061508686911026,2.717283466800462,0.8888674018906406
2021-09-15,sh.600188,32.5000,33.71,31.2,32.44,38359735,1236233682.3700,3,1.289800,1,-2.582600,20.137411,3.129389,0.959193,35.836567,0,31.34999999999991,28.936000000000025,24.480500000000042,1,1,1,1,1,87.90378006872847,89.26269657128132,85.18594706362276,-1,3.7239948418142887,2.9186257418032273,0.8053691000110614
2021-09-16,sh.600188,33.5000,35.68,33.5,34.68,48054294,1689354881.1400,3,1.615700,1,6.905100,21.527911,3.345475,1.025425,38.311102,0,32.39799999999991,29.724000000000025,25.38150000000004,1,1,1,1,1,84.80300487493002,86.78790546617294,80.83320369244419,-1,3.9525735120183327,3.125415295846248,0.8271582161720845
2021-09-17,sh.600188,33.4800,36.95,31.21,31.23,46005555,1527906765.3400,3,1.546800,1,-9.948100,19.386293,3.012664,0.923415,34.499876,0,32.77999999999991,30.257000000000026,26.10500000000004,-1,1,1,1,1,72.34964208651571,81.68547567672483,53.67797490609749,-1,3.8114021167420873,3.262612660025416,0.5487894567166713
2021-09-22,sh.600188,31.2300,34.35,30.7,34.35,33954011,1112668108.1900,3,1.141600,1,9.990400,21.323060,3.313641,1.015668,37.946550,0,33.19999999999991,31.07200000000003,26.96100000000004,1,1,1,1,1,71.82089235798061,76.32451310647555,62.81365086099075,-1,3.9062518541553786,3.3913404988514086,0.5149113553039699
2021-09-23,sh.600188,36.0000,36.1,31.4,32.14,51536296,1698951197.8200,3,1.732800,1,-6.433800,19.951184,3.100449,0.950322,35.505156,0,32.967999999999904,31.59100000000003,27.71300000000004,-1,1,1,1,1,59.5787648404553,67.91643309498399,42.90342833139792,-1,3.759752339545784,3.465022866990284,0.2947294725555003
2021-09-24,sh.600188,32.0000,32.12,28.95,29.1,67788420,2023570794.1100,3,2.279200,1,-9.458600,18.064077,2.807189,0.860435,32.146859,0,32.299999999999905,31.825000000000035,28.28200000000004,-1,-1,1,1,1,48.31428607597655,59.90464775813759,25.13356271165445,-1,3.3596202145434475,3.4439423365009167,-0.08432212195746924
2021-09-27,sh.600188,29.8000,30.2,27.64,29.49,53437371,1562773111.8100,3,1.796700,1,1.340200,18.306173,2.844811,0.871966,32.577693,0,31.261999999999905,31.830000000000034,28.78200000000004,-1,-1,1,-1,1,29.659177779478522,45.850742898636895,-2.7239524588382267,-1,3.038951225273312,3.362944114255396,-0.323992888982084
2021-09-28,sh.600188,29.4900,32.31,29.04,32.31,55118604,1711408645.3700,3,1.853200,1,9.562600,20.056713,3.116848,0.955349,35.692956,0,31.477999999999906,32.12900000000003,29.329000000000043,1,1,1,-1,1,28.38911951693906,35.454194457464816,14.258969635887553,-1,2.9780401798306357,3.285963327370444,-0.3079231475398081
2021-09-29,sh.600188,32.3100,33.43,29.08,29.08,47132372,1461313163.3800,3,1.584700,1,-9.996900,18.051662,2.805260,0.859843,32.124765,0,30.42399999999991,31.812000000000033,29.62250000000004,-1,-1,-1,-1,1,28.499820981023973,28.849372759147286,27.800717424777346,-1,2.6387162532891537,3.156513912554186,-0.5177976592650322
2021-09-30,sh.600188,28.0200,29.17,26.17,28.99,63824163,1766422047.4000,3,2.145900,1,-0.309500,17.995794,2.796578,0.857182,32.025341,0,29.793999999999908,31.381000000000036,29.795500000000043,-1,-1,-1,-1,-1,30.59597044559449,29.16163698118594,33.46463737441159,1,2.3356138464171785,2.9923338993267845,-0.656720052909606
2021-10-08,sh.600188,29.3100,29.56,26.56,27.2,50186106,1379011616.8200,3,1.687400,1,-6.174500,16.884636,2.623902,0.804255,30.047923,0,29.41399999999991,30.857000000000035,29.89650000000005,-1,-1,-1,-1,-1,17.060508413891842,25.3854332801702,0.4106586813351285,-1,1.9287317459172861,2.779613468644885,-0.8508817227275989
2021-10-11,sh.600188,27.2000,29.92,26.96,29.92,46423662,1334149387.4200,3,1.560900,1,10.000000,18.573099,2.886292,0.884681,33.052715,0,29.499999999999908,30.381000000000036,30.052500000000048,1,-1,-1,-1,-1,24.492878722485955,24.049785860657526,25.379064446142813,1,1.8049496814695978,2.5846807112098276,-0.7797310297402298
2021-10-12,sh.600188,30.2900,32.58,28.44,30.5,52070700,1569294289.0300,3,1.750800,1,1.938500,18.933140,2.942243,0.901830,33.693443,0,29.13799999999991,30.308000000000032,30.28250000000005,1,1,1,-1,-1,30.308106031023584,23.95383105580056,43.01665598146963,1,1.7336680106747444,2.414478171102811,-0.6808101604280665
2021-10-13,sh.600188,30.3800,30.38,27.45,28.4,40024829,1129225972.4600,3,1.345700,1,-6.885200,17.629546,2.739662,0.839737,31.373567,0,29.001999999999907,29.71300000000003,30.392500000000048,-1,-1,-1,-1,-1,37.36194685109817,30.720977201536,50.6438861502225,1,1.4905422798733667,2.229690992856922,-0.7391487129835554
2021-10-14,sh.600188,28.0000,29.32,26.7,28.0,34904229,978508441.8200,3,1.173600,1,-1.408500,17.381243,2.701075,0.827910,30.931685,0,28.803999999999906,29.299000000000028,30.445000000000043,-1,-1,-1,-1,-1,33.176033890123406,33.61536225741515,32.29737715553992,-1,1.2511640887341287,2.0339856120323634,-0.7828215232982347
2021-10-15,sh.600188,28.0900,30.5,27.45,30.15,36267634,1057923571.9400,3,1.219400,1,7.678600,18.715874,2.908479,0.891481,33.306797,0,29.393999999999902,29.404000000000025,30.614500000000042,1,1,-1,-1,-1,36.91460055096417,35.81752709739535,39.1087474581018,1,1.220868764180775,1.8713622424620457,-0.6504934782812708
2021-10-18,sh.600188,30.1400,33.15,29.3,32.95,48159092,1521498290.5400,3,1.619200,1,9.286900,20.453998,3.178587,0.974272,36.399966,0,29.999999999999904,29.75000000000002,30.790000000000042,1,1,1,1,-1,57.80532598714418,42.631986809410684,88.15200434261116,1,1.406581900052867,1.77840617398021,-0.37182427392734296
2021-10-19,sh.600188,32.7000,34.14,31.5,32.69,45430960,1505800008.4100,3,1.527500,1,-0.789100,20.292601,3.153506,0.966585,36.112743,0,30.437999999999903,29.78800000000002,30.958500000000036,1,1,1,1,-1,76.67204726632126,57.13065793480997,115.75482592934382,1,1.5153134805788326,1.7257876352999344,-0.21047415472110176
2021-10-20,sh.600188,29.4200,29.42,29.42,29.42,7326900,215557398.0000,3,0.246300,1,-10.003100,18.262720,2.838059,0.869897,32.500364,0,30.641999999999904,29.822000000000024,30.817000000000036,-1,-1,-1,1,-1,70.97535862408215,68.48424395918262,75.95758795388119,1,1.3223788102720704,1.6451058702943615,-0.3227270600222911
2021-10-21,sh.600188,27.5100,31.72,27.51,31.0,55534529,1661153496.9800,3,1.867200,1,5.370500,19.243519,2.990476,0.916614,34.245795,0,31.241999999999905,30.023000000000025,30.702000000000037,-1,1,1,1,1,59.11111501497049,68.91950696845807,39.49433110799532,-1,1.2821892103420183,1.5725225383038928,-0.2903333279618745
2021-10-22,sh.600188,30.7000,31.9,27.9,28.33,47878947,1420073197.5400,3,1.609800,1,-8.612900,17.586093,2.732910,0.837667,31.296237,0,30.877999999999908,30.136000000000024,30.496500000000044,-1,-1,-1,1,1,39.14505726255665,56.41051030053652,4.614151186596899,-1,1.0230983362048889,1.462637697884092,-0.43953936167920316
2021-10-25,sh.600188,28.7200,29.5,27.63,28.39,35735205,1023305825.1700,3,1.201500,1,0.211800,17.623339,2.738698,0.839441,31.362520,0,29.965999999999905,29.983000000000022,30.182000000000045,-1,-1,-1,-1,-1,34.13978494623658,44.131985741254674,14.155383356200403,-1,0.8132339950865699,1.3327569573245877,-0.5195229622380177
2021-10-26,sh.600188,28.3700,28.72,27.02,28.0,29418562,819509120.1800,3,0.989100,1,-1.373700,17.381243,2.701075,0.827910,30.931685,0,29.027999999999906,29.733000000000022,30.020500000000045,-1,-1,-1,-1,-1,20.698924731182817,31.327922313325445,-0.5590704331024341,-1,0.6084316310185223,1.1878918920633745,-0.5794602610448523
2021-10-27,sh.600188,27.0000,27.49,25.34,25.65,60759672,1586803498.2300,3,2.042900,1,-8.392900,15.922460,2.474378,0.758424,28.335633,0,28.273999999999905,29.45800000000002,29.585500000000042,-1,-1,-1,-1,-1,14.5702997719127,23.136336483110796,-2.561773650483495,-1,0.253575857107446,1.0010286850721888,-0.7474528279647428
2021-10-28,sh.600188,24.6500,24.85,23.09,23.09,60277535,1412826462.1500,3,2.026700,1,-9.980500,14.333318,2.227423,0.682730,25.507593,0,26.691999999999904,28.96700000000002,29.133000000000045,-1,-1,-1,-1,-1,6.998615184099074,14.089279895731627,-7.182714239166032,-1,-0.23155132595231365,0.7545126828672883,-0.986064008819602
2021-10-29,sh.600188,23.1500,23.3,22.24,22.58,50488880,1144272519.0200,3,1.697600,1,-2.208700,14.016731,2.178224,0.667650,24.944195,0,25.541999999999906,28.21000000000002,28.807000000000045,-1,-1,-1,-1,-1,2.126623376623393,7.898512777545151,-9.417155425220123,-1,-0.6496817249199047,0.4736738013098497,-1.1233555262297545
2021-11-01,sh.600188,22.5000,23.15,22.11,22.83,49042194,1113055099.1700,3,1.648900,1,1.107200,9.531851,2.015692,0.716371,14.326867,0,24.429999999999904,27.198000000000018,28.474000000000046,-1,-1,-1,-1,-1,3.403862055547467,4.176366872090074,1.8588524224622525,-1,-0.9499299665620882,0.18895304773546212,-1.1388830142975503
2021-11-02,sh.600188,22.7900,23.29,21.71,22.68,38868769,875981258.3600,3,1.306900,1,-0.657000,9.469224,2.002449,0.711664,14.232735,0,23.365999999999907,26.19700000000002,27.992500000000046,-1,-1,-1,-1,-1,6.576907524961922,4.03579765237769,11.659127270130387,1,-1.1863075921613842,-0.08609908024390717,-1.100208511917477
2021-11-03,sh.600188,22.9100,24.95,22.8,24.95,59894655,1446003603.6900,3,2.013800,1,10.008800,10.416981,2.202870,0.782894,15.657264,0,23.225999999999907,25.750000000000018,27.786000000000048,1,-1,-1,-1,-1,16.22315267660452,8.7346407523714,31.200176525070763,1,-1.1769019416518702,-0.3042596525254998,-0.8726422891263704
2021-11-04,sh.600188,24.9900,25.18,23.9,24.54,50823768,1236427833.3300,3,1.708800,1,-1.643300,10.245800,2.166671,0.770028,15.399970,0,23.515999999999906,25.104000000000017,27.563500000000044,1,-1,-1,-1,-1,25.88121372149108,16.22709130768594,45.18945854910136,1,-1.1888274070173317,-0.48117320342386616,-0.7076542035934655
2021-11-05,sh.600188,24.7000,24.76,23.08,23.08,37114298,879884619.3000,3,1.247900,1,-5.949500,9.636230,2.037765,0.724216,14.483754,0,23.615999999999907,24.579000000000015,27.357500000000044,-1,-1,-1,-1,-1,29.222671342899247,23.77567924699838,40.11665553470098,1,-1.3010900661268252,-0.645156575964458,-0.6559334901623672
2021-11-08,sh.600188,23.4100,24.54,23.19,23.7,42154295,1008214640.2600,3,1.417300,1,2.686300,9.895088,2.092506,0.743670,14.872832,0,23.789999999999907,24.110000000000014,27.046500000000048,-1,-1,-1,-1,-1,30.10040048685724,28.40142851708262,33.498344426406476,1,-1.3247592142481999,-0.7810771036212063,-0.5436821106269936
2021-11-09,sh.600188,23.9300,23.95,22.57,22.91,30451908,698347666.5100,3,1.023900,1,-3.333300,9.565252,2.022756,0.718881,14.377071,0,23.835999999999906,23.601000000000013,26.667000000000048,-1,-1,-1,1,-1,29.518235860418017,29.613769230058267,29.327169121137516,-1,-1.3912263905342002,-0.903106961003805,-0.4881194295303951
2021-11-10,sh.600188,22.5600,22.62,21.5,22.12,34198822,751463455.5500,3,1.149900,1,-3.448300,9.235416,1.953005,0.694092,13.881310,0,23.269999999999904,23.24800000000001,26.353000000000048,-1,-1,-1,1,-1,28.619674798580906,29.412770381952154,27.033483631838415,-1,-1.4904673247692806,-1.0205790337569,-0.4698882910123805
2021-11-11,sh.600188,22.3600,23.41,22.13,23.2,42886063,979653051.3700,3,1.441900,1,4.882500,9.686331,2.048360,0.727981,14.559059,0,23.001999999999903,23.25900000000001,26.11300000000005,1,-1,-1,-1,-1,32.54187027523704,30.226593644745417,37.17242353622027,1,-1.4650809646996805,-1.109479419945456,-0.35560154475422445
2021-11-12,sh.600188,22.6000,23.63,22.47,22.96,27184421,625083105.7300,3,0.914000,1,-1.034500,9.586128,2.027170,0.720450,14.408448,0,22.977999999999906,23.29700000000001,25.753500000000052,-1,-1,-1,-1,-1,34.239130434782645,31.800225169533622,39.11694096528068,1,-1.4476405861300528,-1.1771116531823753,-0.27052893294767744
2021-11-15,sh.600188,22.4200,23.03,22.05,22.18,24327909,545250349.2700,3,0.818000,1,-3.397200,9.260467,1.958303,0.695975,13.918962,0,22.673999999999904,23.23200000000001,25.215000000000053,-1,-1,-1,-1,-1,34.78260869565219,33.85453646855739,36.638753149841804,1,-1.4797013654714526,-1.2376295956401908,-0.24207176983126177
2021-11-16,sh.600188,22.4100,22.45,21.73,21.93,21076473,462956707.9500,3,0.708600,1,-1.127100,9.156088,1.936230,0.688130,13.762076,0,22.477999999999906,23.15700000000001,24.677000000000056,-1,-1,-1,-1,-1,23.278985507246404,30.76690821256051,8.303140096618193,-1,-1.5079005360042146,-1.2916837837129955,-0.21621675229121906
2021-11-17,sh.600188,22.0000,22.15,21.65,22.02,19457476,426071637.4000,3,0.654200,1,0.410400,9.193664,1.944176,0.690955,13.818555,0,22.457999999999906,22.86400000000001,24.307000000000052,-1,-1,-1,-1,-1,15.371321241219894,24.477638481372924,-2.841313239086169,-1,-1.5056303643588969,-1.3344730998421759,-0.17115726451672097
2021-11-18,sh.600188,22.4200,22.85,21.84,22.49,44557670,1001454195.1200,3,1.498100,1,2.134400,9.389896,1.985673,0.705702,14.113502,0,22.315999999999903,22.659000000000013,23.881500000000052,1,-1,-1,-1,-1,20.067164109259547,19.57249028590871,21.056511755961218,1,-1.4492006815671665,-1.357418616187174,-0.09178206537999256
2021-11-19,sh.600188,22.4500,23.18,21.63,22.76,34926191,783629896.6800,3,1.174300,1,1.200500,9.502625,2.009512,0.714175,14.282939,0,22.275999999999904,22.627000000000017,23.603000000000055,1,1,-1,-1,-1,33.315093715884835,22.917859688788184,54.10956177007813,1,-1.3669358226099142,-1.359322057471722,-0.00761376513819223
2021-11-22,sh.600188,22.8100,23.9,22.65,23.02,42437454,986956930.2500,3,1.426900,1,1.142400,9.611179,2.032468,0.722333,14.446101,0,22.443999999999907,22.55900000000002,23.334500000000055,1,1,-1,-1,-1,49.10923141186303,34.163829745669226,79.00003474425064,1,-1.2661649408330362,-1.3406906341439848,0.0745256933109486
2021-11-23,sh.600188,23.3500,24.31,23.1,23.46,40774650,967899668.5700,3,1.371000,1,1.911400,9.794885,2.071316,0.736140,14.722221,0,22.749999999999908,22.61400000000002,23.10750000000005,1,1,1,1,-1,61.01516228381908,47.8131624705224,87.41916191041244,1,-1.1376844500866738,-1.3000893973325227,0.16240494724584886
2021-11-24,sh.600188,24.1900,25.24,23.88,25.09,50215995,1239679140.1600,3,1.688400,1,6.948000,10.475433,2.215231,0.787287,15.745120,0,23.363999999999912,22.91100000000002,23.079500000000053,1,1,1,1,1,75.82059692304871,61.98166353957703,103.4984636899921,1,-0.8940295419510704,-1.2188774262562323,0.32484788430516187
2021-11-25,sh.600188,25.1900,25.84,23.55,24.8,46270396,1133891077.6400,3,1.555700,1,-1.155800,10.354354,2.189626,0.778187,15.563132,0,23.82599999999991,23.07100000000002,23.165000000000056,1,1,1,1,1,79.80845651660903,72.21473857449236,94.99589240084237,1,-0.7160773541872665,-1.118317411842439,0.40224005765517257
2021-11-26,sh.600188,23.9400,24.05,22.83,23.27,35889439,838927037.4600,3,1.206700,1,-6.169400,9.715557,2.054541,0.730178,14.602987,0,23.92799999999991,23.10200000000002,23.199500000000054,-1,1,1,1,1,70.0322189396482,75.2204241264354,59.6558085660738,-1,-0.6905469808203293,-1.032763325638017,0.3422163448176878
2021-11-29,sh.600188,22.4000,23.1,21.87,22.97,29267466,657107805.1500,3,0.984100,1,-1.289200,9.590303,2.028053,0.720764,14.414723,0,23.91799999999991,23.18100000000002,23.206500000000055,-1,-1,-1,1,1,48.69358669833733,66.17808738486494,13.724585325282106,-1,-0.686606694212955,-0.9635319993530047,0.27692530514004976
2021-11-30,sh.600188,22.9000,23.78,22.66,22.72,30840180,715424161.9800,3,1.036900,1,-1.088400,9.485924,2.005980,0.712919,14.257837,0,23.769999999999907,23.26000000000002,23.208500000000054,-1,-1,-1,1,1,32.22486144101348,50.31688902633309,-3.9591937296257242,-1,-0.6956380173073136,-0.9099532029438665,0.21431518563655294
2021-12-01,sh.600188,22.9800,24.17,22.34,23.72,36176336,847715857.0900,3,1.216300,1,4.401400,9.903439,2.094272,0.744298,14.885383,0,23.495999999999906,23.430000000000017,23.147000000000055,1,1,1,1,1,35.7878068091845,38.90208498284519,29.55925046186313,-1,-0.6150142616996774,-0.8509654146950287,0.2359511529953513
2021-12-02,sh.600188,23.3200,24.6,23.3,24.45,33682037,809981889.5700,3,1.132500,1,3.077600,10.208224,2.158724,0.767204,15.343491,0,23.42599999999991,23.626000000000015,23.14250000000005,1,1,1,-1,1,46.84061578226247,38.28442801082023,63.952991325146954,1,-0.48660517383956403,-0.7780933665239358,0.29148819268437176
2021-12-03,sh.600188,24.4500,26.8,23.61,25.4,50676284,1277101581.3600,3,1.703900,1,3.885500,10.604863,2.242601,0.797014,15.939659,0,23.851999999999908,23.89000000000002,23.25850000000005,1,1,1,-1,1,62.07784836060791,48.23542365068504,89.76269778045365,1,-0.30467092923304406,-0.6834088790657574,0.37873794983271336
2021-12-06,sh.600188,25.0000,26.32,24.72,24.78,36416412,925909746.7800,3,1.224400,1,-2.440900,10.346004,2.187861,0.777559,15.550581,0,24.213999999999906,24.066000000000017,23.31250000000005,1,1,1,1,1,65.20540292899928,58.04128902395663,79.53363073908459,1,-0.20811651047599256,-0.5883504053478045,0.3802338948718119
2021-12-07,sh.600188,25.1100,25.25,23.68,24.82,27965654,681648260.4200,3,0.940300,1,0.161400,10.362704,2.191392,0.778814,15.575683,0,24.633999999999908,24.202000000000016,23.40800000000005,1,1,1,1,1,63.488843813387426,63.59069836766495,63.28513470483237,-1,-0.126905880276297,-0.496061500333503,0.369155620057206
2021-12-08,sh.600188,24.4200,24.73,23.75,24.0,34546248,829966513.2300,3,1.161500,1,-3.303800,10.020343,2.118993,0.753084,15.061096,0,24.689999999999905,24.093000000000014,23.50200000000005,-1,-1,1,1,1,54.02298850574713,60.905745082711356,40.257475351818684,-1,-0.12724620270928355,-0.4222984408086591,0.29505223809937553
2021-12-09,sh.600188,24.0500,24.06,22.8,22.96,51631455,1199217171.8300,3,1.736000,1,-4.333300,9.586128,2.027170,0.720450,14.408448,0,24.391999999999904,23.909000000000013,23.490000000000048,-1,-1,-1,1,1,41.71737660581474,53.07640297498318,18.99932386747787,-1,-0.20902570088089334,-0.37964389282310596,0.17061819194221262
2021-12-10,sh.600188,22.8100,22.82,22.24,22.76,51628725,1158370453.4100,3,1.735900,1,-0.871100,9.502625,2.009512,0.714175,14.282939,0,23.863999999999905,23.85800000000001,23.48000000000005,-1,-1,-1,1,1,25.572636798215985,40.43766730325937,-4.157424211870776,-1,-0.2866703139682656,-0.3610491770521379,0.07437886308387232
2021-12-13,sh.600188,22.6900,23.25,22.42,22.89,54431001,1245900991.0900,3,1.830100,1,0.571200,9.556902,2.020990,0.718254,14.364520,0,23.485999999999905,23.850000000000012,23.51550000000005,-1,-1,-1,-1,-1,15.922476068467361,27.737496490832772,-7.70756477626346,-1,-0.3338657195043204,-0.3556124855425744,0.021746766038253984
2021-12-14,sh.600188,22.7700,22.99,22.1,22.2,44993940,1010381028.8000,3,1.512800,1,-3.014400,9.268817,1.960069,0.696603,13.931513,0,22.961999999999907,23.79800000000001,23.529000000000046,-1,-1,-1,-1,-1,9.261851437103429,16.918988101262336,-6.052421891214387,-1,-0.4220801743316649,-0.3689060233003925,-0.053174151031272376
2021-12-15,sh.600188,22.2200,24.42,22.08,24.42,107297171,2548300534.8200,3,3.607600,1,10.000000,10.195699,2.156076,0.766263,15.324665,0,23.045999999999907,23.868000000000013,23.64900000000005,1,1,1,-1,-1,21.986105575273708,15.72347769361491,34.5113613385913,1,-0.30929001587067617,-0.35698282181444924,0.047692805943773064
2021-12-16,sh.600188,25.6000,26.86,25.03,26.86,72620434,1910582925.8700,3,2.441700,1,9.991800,11.214434,2.371507,0.842826,16.855876,0,23.825999999999905,24.109000000000016,23.86750000000005,1,1,1,-1,-1,50.56797692030293,27.271977977560102,97.15997480578861,1,-0.02275311091268506,-0.2901368796340964,0.26738376872141134
2021-12-17,sh.600188,28.5000,28.88,25.9,26.98,143080174,3911160556.1800,3,4.810700,1,0.446800,11.264535,2.382102,0.846592,16.931182,0,24.669999999999906,24.267000000000014,24.07850000000005,1,1,1,1,1,73.87836490528419,48.810815800287024,124.01346311527853,1,0.2115735594779089,-0.18979479181169534,0.40136835128960424
2021-12-20,sh.600188,26.9500,27.5,24.5,24.84,88905051,2268226650.1900,3,2.989200,1,-7.931800,10.371055,2.193158,0.779442,15.588234,0,25.059999999999906,24.273000000000014,24.16950000000005,-1,1,1,1,1,70.8823529411765,65.10956492225462,82.42792897902027,1,0.22203948574429688,-0.10742793630049689,0.3294674220447938
2021-12-21,sh.600188,24.7100,26.3,24.61,25.41,66422923,1697293157.7700,3,2.233300,1,2.294700,10.609038,2.243484,0.797328,15.945935,0,25.701999999999906,24.332000000000015,24.267000000000053,-1,1,1,1,1,53.87254901960788,66.21108895535627,29.1954691481111,-1,0.27317900648583304,-0.0313065477432309,0.3044855542290639
2021-12-22,sh.600188,25.2600,25.9,24.53,25.6,50664541,1283878599.0800,3,1.703500,1,0.747700,10.688366,2.260259,0.803290,16.065169,0,25.93799999999991,24.49200000000001,24.292500000000054,-1,1,1,1,1,47.107843137254946,57.287581699346525,26.748366013071788,-1,0.3252891266510183,0.040012587135618935,0.28527653951539933
2021-12-23,sh.600188,25.3000,27.4,25.17,26.98,71385750,1888142386.5700,3,2.400200,1,5.390600,11.264535,2.382102,0.846592,16.931182,0,25.96199999999991,24.894000000000013,24.401500000000055,1,1,1,1,1,57.59803921568632,52.85947712418312,67.07516339869271,1,0.4724946153656049,0.12650899278161615,0.34598562258398874
2021-12-24,sh.600188,26.5300,27.08,25.7,25.9,40924569,1075629733.2100,3,1.376000,1,-4.003000,10.813620,2.286747,0.812703,16.253432,0,25.745999999999906,25.208000000000013,24.533000000000055,1,1,1,1,1,60.000000000000036,54.90196078431384,70.19607843137243,1,0.4962881507930952,0.20046482438391194,0.29582332640918324
2021-12-27,sh.600188,25.7400,26.87,25.58,26.09,40269696,1059347770.0700,3,1.354000,1,0.733600,10.892948,2.303522,0.818665,16.372666,0,25.995999999999906,25.528000000000013,24.689000000000053,1,1,1,1,1,62.40196078431376,60.000000000000114,67.20588235294105,1,0.5244307993383579,0.26525801937480115,0.25917277996355675
2021-12-28,sh.600188,26.3300,26.33,24.2,24.6,55843424,1378479547.7300,3,1.877600,1,-5.711000,10.270851,2.171968,0.771911,15.437623,0,25.833999999999907,25.76800000000001,24.783000000000055,-1,-1,-1,1,1,41.23135579017936,54.544438858164455,14.60518965420917,-1,0.4216430647303646,0.29653502844591384,0.12510803628445077
2021-12-29,sh.600188,24.4400,24.8,23.36,23.4,56906971,1359554149.6400,3,1.913400,1,-4.878000,9.769834,2.066018,0.734257,14.684568,0,25.39399999999991,25.666000000000007,24.767000000000053,-1,-1,-1,-1,1,22.747411487820727,42.12690935410469,-16.011584244747198,-1,0.24057981892945435,0.28534398654262194,-0.044764167613167594
2021-12-30,sh.600188,23.2800,23.65,23.06,23.34,48726510,1138406700.7500,3,1.638300,1,-0.256400,9.744783,2.060721,0.732374,14.646915,0,24.665999999999908,25.314000000000007,24.71150000000005,-1,-1,-1,-1,-1,5.192650844824791,23.057139374275035,-30.536326214075697,-1,0.091193175422422,0.24651382431858196,-0.15532064889615996
