date,code,open,high,low,close,volume,amount,adjustflag,turn,tradestatus,pctChg,peTTM,pbMRQ,psTTM,pcfNcfTTM,isST,ma5,ma10,ma20,ma5_0_signal,ma10_0_signal,ma20_0_signal,ma5_ma10_signal,ma5_ma20_signal,k,d,j,kd_cross_signal,macd,macdsignal,macdhist
2010-02-25,sh.600748,12.8,13.49,12.71,13.41,17260412,227438884.0,3,1.981806,1,4.7656,59.419247,5.753127,6.392523000000001,40.868933,0,12.923999999999998,12.939000000000012,13.016499999999999,1,1,1,-1,-1,53.333042618756934,44.80963948969904,70.37984887687273,1,-0.1202101362345207,-0.1590137342027889,0.03880359796826818
2010-02-26,sh.600748,13.3,13.38,13.12,13.17,11225384,148689605.0,3,1.288876,1,-1.7897,58.355815,5.650163,6.278116000000001,40.137498,0,12.943999999999997,12.98500000000001,12.943000000000001,1,1,1,-1,1,71.59718588290016,54.10443557764987,106.58268649340074,1,-0.0968491802392073,-0.14658082341007256,0.04973164317086526
2010-03-01,sh.600748,13.08,13.4,13.08,13.26,10545835,139555199.0,3,1.210852,1,0.6834,58.754602,5.6887739999999996,6.321019000000001,40.411786,0,13.039999999999997,13.00400000000001,12.9175,1,1,1,1,1,82.05128205128203,68.99383685097972,108.16617245188664,1,-0.07026325539684919,-0.1313173098074279,0.061054054410578706
2010-03-02,sh.600748,13.32,13.58,13.19,13.56,15236174,203850780.0,3,1.749387,1,2.2624,60.083892000000006,5.817480000000001,6.464028,41.326080,0,13.239999999999998,13.06100000000001,12.951500000000001,1,1,1,1,1,83.80138380138379,79.149950578522,93.10425024710739,1,-0.024701482310707235,-0.10999414430808377,0.08529266199737653
2010-03-03,sh.600748,13.73,13.73,13.26,13.39,14145307,189956706.0,3,1.624136,1,-1.2537,59.330628000000004,5.744547,6.382989,40.807980,0,13.357999999999999,13.099000000000009,12.982500000000002,1,1,1,1,1,84.88036785909127,83.57767790391904,87.4857477694357,1,-0.002284691632837621,-0.08845225377303453,0.08616756214019691
2010-03-04,sh.600748,13.35,13.55,12.73,12.81,16253716,213779290.0,3,1.866219,1,-4.3316,56.760668,5.495716000000001,6.106504,39.040346,0,13.238,13.081000000000008,12.976000000000003,-1,-1,-1,1,1,69.68366542834629,79.45513902960711,50.140718225824656,-1,-0.030963448889403722,-0.07695449279630837,0.045991043906904644
2010-03-05,sh.600748,12.83,12.97,12.53,12.89,11972844,152563273.0,3,1.374698,1,0.6245,57.115145,5.530037999999999,6.14464,39.284157,0,13.181999999999999,13.063000000000011,12.985000000000003,-1,-1,-1,1,1,50.354609929078016,68.30621440550519,14.451400976223681,-1,-0.0466979345019336,-0.07090318113743341,0.024205246635499805
2010-03-08,sh.600748,12.88,13.38,12.71,13.15,10935524,143572059.0,3,1.255595,1,2.0171,58.267196,5.641582,6.268582,40.076545,0,13.16,13.100000000000012,13.006500000000003,-1,1,1,1,1,44.680851063829785,54.90637547375136,24.22980224398664,-1,-0.03775261201030489,-0.0642730673120077,0.026520455301702814
2010-03-09,sh.600748,13.19,13.59,12.89,13.44,18195056,243067503.0,3,2.089120,1,2.2053,59.552176,5.765998000000001,6.406823999999999,40.960363,0,13.136,13.188000000000011,13.060000000000002,1,1,1,-1,1,58.374704491725744,51.136721828211186,72.85066981875487,1,-0.007180036132130141,-0.052854461076032186,0.045674424943902045
2010-03-10,sh.600748,13.35,13.46,13.0,13.17,9204637,121512159.0,3,1.056858,1,-2.0089,58.355815,5.650163,6.278116000000001,40.137498,0,13.091999999999999,13.225000000000012,13.073500000000001,1,-1,1,-1,1,62.67730496453898,55.24428684003151,77.54334121355392,1,-0.0046838010579790534,-0.04322032907242156,0.0385365280144425
2010-03-11,sh.600748,13.11,13.25,12.9,13.01,6643451,86699471.0,3,0.762788,1,-1.2149,57.646861,5.581519999999999,6.201844,39.649875,0,13.132,13.185000000000011,13.062000000000001,-1,-1,-1,-1,1,56.38888888888886,59.14696611505121,50.87273443656416,-1,-0.015438217440820523,-0.03766390674610135,0.022225689305280828
2010-03-12,sh.600748,13.05,13.05,12.72,12.76,6683565,86090313.0,3,0.767394,1,-1.9216,56.53912,5.474265,6.082669999999999,38.887963,0,13.106,13.14400000000001,13.0645,-1,-1,-1,-1,1,37.49999999999999,52.188731284475956,8.122537431048059,-1,-0.04363112808331948,-0.038857351013544976,-0.0047737770697745055
2010-03-15,sh.600748,12.78,12.82,12.57,12.62,5784391,73185196.0,3,0.664152,1,-1.0972,55.918783999999995,5.414203,6.015932,38.461293,0,13.0,13.080000000000009,13.042000000000002,-1,-1,-1,-1,-1,22.22222222222221,38.7037037037037,-10.740740740740776,-1,-0.07639046117264847,-0.04636397304536567,-0.0300264881272828
2010-03-16,sh.600748,12.64,12.84,12.5,12.74,4846829,61419176.0,3,0.556503,1,0.9509,56.4505,5.465685,6.073136,38.827011,0,12.86,12.99800000000001,13.029500000000002,-1,-1,-1,-1,-1,16.228338430173288,25.31685355079851,-1.948691811077154,-1,-0.09161340919223449,-0.055413860274739435,-0.03619954891749505
2010-03-17,sh.600748,12.79,13.12,12.7,13.09,8479864,109617217.0,3,0.973641,1,2.7473,58.001338,5.6158410000000005,6.23998,39.893687,0,12.844,12.968000000000009,13.0335,1,1,1,-1,-1,27.882262996941886,22.110941216445806,39.424906557934044,1,-0.074575964943282,-0.05924628120844795,-0.015329683734834051
2010-03-18,sh.600748,13.09,13.09,13.09,13.09,0,0.0,3,,0,0.0,58.001338,5.6158410000000005,6.23998,39.893687,0,12.86,12.99600000000001,13.038499999999999,1,1,1,-1,-1,43.42507645259938,29.17855929323819,71.91811077132175,1,-0.060377671415546175,-0.05947255924986759,-0.0009051121656785815
2010-03-19,sh.600748,13.16,13.57,13.16,13.35,14577363,195035863.0,3,1.673744,1,1.9862,59.153389000000004,5.727386,6.3639220000000005,40.686075,0,12.978,13.04200000000001,13.0525,1,1,1,-1,-1,62.079510703363894,44.46228338430172,97.31396534148824,1,-0.027824846897626543,-0.053143016779419384,0.02531816988179284
2010-03-22,sh.600748,13.35,13.37,13.15,13.24,6940445,91774883.0,3,0.796888,1,-0.824,58.665983,5.680194,6.311485,40.350834,0,13.102,13.05100000000001,13.0755,1,1,1,1,1,67.08965674926402,57.53141463507577,86.20614097764054,1,-0.010778333706690901,-0.044670080164873685,0.033891746458182784
2010-03-23,sh.600748,13.26,13.34,13.08,13.16,5834742,76797630.0,3,0.669933,1,-0.6042,58.31150600000001,5.645873,6.273349,40.107022,0,13.186000000000002,13.02300000000001,13.105500000000001,-1,1,1,1,1,69.60759095715794,66.25891946992863,76.30493393161657,1,-0.0036817397969084453,-0.03647241209128064,0.03279067229437219
2010-03-24,sh.600748,13.2,13.23,13.07,13.1,5441274,71521157.0,3,0.624756,1,-0.4559,58.045648,5.620131,6.244747,39.924163,0,13.187999999999999,13.01600000000001,13.120500000000002,-1,1,-1,1,1,62.30529595015573,66.33418121885924,54.2475254127487,-1,-0.0028660979610730664,-0.029751149265239123,0.026885051304166057
2010-03-25,sh.600748,13.09,13.09,12.71,12.73,7405266,94868346.0,3,0.850258,1,-2.8244,56.406191,5.4613949999999996,6.068369000000001,38.796534,0,13.116,12.98800000000001,13.086500000000001,-1,-1,-1,1,1,46.41744548286602,59.4434441300599,20.36544818847827,-1,-0.03171006976535118,-0.030142933365261533,-0.0015671364000896457
2010-03-26,sh.600748,12.65,13.2,12.62,12.98,6321652,81931371.0,3,0.725839,1,1.9639,57.513932,5.568649,6.187543,39.558446,0,13.041999999999998,13.01000000000001,13.077000000000002,-1,-1,-1,1,-1,40.80996884735202,49.844236760124595,22.741433021806856,-1,-0.034004234913826537,-0.030915193674974535,-0.0030890412388520014
2010-03-29,sh.600748,12.99,13.28,12.95,13.22,7783686,102494743.0,3,0.893707,1,1.849,58.577364,5.671614,6.301951,40.289881,0,13.038,13.070000000000011,13.075000000000003,1,1,1,-1,-1,43.1710116412527,43.46614199049025,42.580750942777584,-1,-0.016268845957061018,-0.02798592413139183,0.011717078174330813
2010-03-30,sh.600748,13.26,13.43,13.12,13.23,10004558,132760104.0,3,1.148703,1,0.0756,58.621673,5.675904,6.306718,40.320357,0,13.052000000000001,13.11900000000001,13.058500000000004,1,1,1,-1,-1,57.40941137891462,47.13013062250645,77.96797289173095,1,-0.0013904774472646153,-0.02266683479456639,0.021276357347301773
2010-03-31,sh.600748,13.25,13.42,13.13,13.31,9877795,131303877.0,3,1.134149,1,0.6047,58.976151,5.710225,6.344854,40.564169,0,13.094,13.14100000000001,13.054500000000004,1,1,1,-1,1,66.66666666666673,55.74902989561135,88.50194020877747,1,0.016663976256392488,-0.014800672584374614,0.0314646488407671
2010-04-01,sh.600748,13.4,13.66,13.32,13.62,18144886,245312313.0,3,2.083360,1,2.3291,60.34975,5.843221,6.49263,41.508939,0,13.272,13.194000000000011,13.095000000000004,1,1,1,1,1,77.66531713900135,67.24713172819423,98.50168796061558,1,0.055348645383116235,-0.000770808990876443,0.056119454373992676
2010-04-02,sh.600748,13.65,13.79,13.5,13.7,15819331,216309378.0,3,1.816344,1,0.5874,60.704227,5.877542,6.530766000000001,41.752751,0,13.416,13.22900000000001,13.135500000000004,1,1,1,1,1,87.03103913630228,77.12100764732345,106.85110211425993,1,0.0914081594239029,0.01766498469207943,0.07374317473182347
2010-04-06,sh.600748,13.7,13.7,13.29,13.38,13679117,183671049.0,3,1.570609,1,-2.3358,59.28631800000001,5.740256,6.378222,40.777504,0,13.447999999999999,13.243000000000013,13.147000000000006,-1,1,1,1,1,84.47293447293448,83.0564302494127,87.30594291997807,1,0.09309116148521746,0.03275022005070703,0.06034094143451042
2010-04-07,sh.600748,13.38,13.38,13.07,13.16,9940279,130992884.0,3,1.141323,1,-1.6442,58.31150600000001,5.645873,6.273349,40.107022,0,13.433999999999997,13.243000000000013,13.133000000000006,-1,-1,1,1,1,67.80626780626788,79.77008047183489,43.87864247513386,-1,0.07579902735678523,0.041359981511922675,0.034439045844862556
2010-04-08,sh.600748,13.16,13.16,12.88,12.94,10280803,133508163.0,3,1.180421,1,-1.6717,57.336693000000004,5.551489,6.168475,39.436540,0,13.359999999999996,13.227000000000013,13.121500000000008,-1,-1,-1,1,1,46.153846153846224,66.14434947768287,6.172839506172949,-1,0.043837394893120774,0.04185546418816229,0.0019819307049584803
2010-04-09,sh.600748,12.93,13.09,12.9,13.08,6465315,84150991.0,3,0.742335,1,1.0819,57.957029000000006,5.611551,6.235213,39.863210,0,13.251999999999999,13.262000000000011,13.125000000000009,-1,-1,-1,-1,1,31.82743182743184,48.59584859584865,-1.7094017094017744,-1,0.029464749573802962,0.03937732126529043,-0.009912571691487466
2010-04-12,sh.600748,13.09,13.12,12.49,12.62,20612499,261581172.0,3,2.366686,1,-3.5168,55.918783999999995,5.414203,6.015932,38.461293,0,13.035999999999998,13.22600000000001,13.11800000000001,-1,-1,-1,-1,-1,19.77614977614974,32.58580925247593,-5.8431691765026414,-1,-0.018826807295448944,0.027736495553142552,-0.0465633028485915
2010-04-13,sh.600748,12.6,12.88,12.46,12.7,11260755,142283152.0,3,1.292937,1,0.6339,56.273262,5.448524,6.054068,38.705105,0,12.899999999999997,13.17400000000001,13.122000000000009,-1,-1,-1,-1,-1,16.674378253325546,22.759319952302377,4.504494855371888,-1,-0.05006575575659511,0.012176045291195018,-0.062241801047790125
2010-04-14,sh.600748,12.7,12.8,12.54,12.78,7500022,94761423.0,3,0.861138,1,0.6299,56.627739,5.482846,6.092204,38.948916,0,12.823999999999998,13.129000000000008,13.124000000000006,-1,-1,-1,-1,-1,17.36842105263149,17.939649694035595,16.22596376982328,-1,-0.06758839907223191,-0.00377684358149037,-0.06381155549074154
2010-04-15,sh.600748,12.79,12.79,12.54,12.56,7670324,96751689.0,3,0.880691,1,-1.7214,55.652926,5.3884620000000005,5.98733,38.278434,0,12.748,13.054000000000007,13.097500000000005,-1,-1,-1,-1,-1,16.541353383458574,16.861384229805207,15.901291690765312,-1,-0.09809658515631092,-0.02264079189645448,-0.07545579325985644
2010-04-16,sh.600748,12.56,12.56,12.22,12.32,11422889,140902289.0,3,1.311553,1,-1.9108,54.58949499999999,5.2854980000000005,5.872922,37.546999,0,12.596,12.924000000000007,13.059000000000006,-1,-1,-1,-1,-1,12.77856804172589,15.562780825938654,7.210142473300362,-1,-0.14002639949390705,-0.046117913415945,-0.09390848607796205
2010-04-19,sh.600748,12.1,12.1,11.09,11.09,21444735,244678826.0,3,2.462242,1,-9.9838,49.139407,4.7578059999999995,5.286583,33.798395,0,12.290000000000001,12.663000000000007,12.946000000000007,-1,-1,-1,-1,-1,4.758517916412635,11.35947978053237,-8.443405811826835,-1,-0.26940130930833206,-0.09077459259442242,-0.17862671671390964
2010-04-20,sh.600748,10.85,10.9,10.13,10.4,16376935,170616448.0,3,1.880367,1,-6.2218,46.082041,4.461784,4.957662,31.695519,0,11.83,12.365000000000007,12.804000000000006,-1,-1,-1,-1,-1,5.222549281955206,7.5865450800312475,0.4945576858031213,-1,-0.4227360527890536,-0.15716688463334866,-0.2655691681557049
2010-04-21,sh.600748,10.38,10.56,10.31,10.53,11160848,116967850.0,3,1.281466,1,1.25,46.658066999999996,4.517556,5.019632,32.091713,0,11.379999999999999,12.102000000000007,12.672500000000005,-1,-1,-1,-1,-1,7.42960583683784,5.803557678401898,10.681702153709725,1,-0.5276822358262105,-0.23126995487192104,-0.2964122809542895
2010-04-22,sh.600748,10.49,10.49,10.13,10.28,12146052,124400956.0,3,1.394585,1,-2.3742,45.550325,4.410302,4.900458,31.329801,0,10.924,11.83600000000001,12.531500000000005,-1,-1,-1,-1,-1,9.101846639513411,7.251333919435489,12.802872079669255,1,-0.6238345759741133,-0.30978287909235946,-0.31405169688175383
2010-04-23,sh.600748,10.2,10.37,10.15,10.28,8584297,88148169.0,3,0.985632,1,0.0,45.550325,4.410302,4.900458,31.329801,0,10.516,11.556000000000008,12.409000000000006,-1,-1,-1,-1,-1,7.949731427992245,8.160394634781168,7.5284050144144,-1,-0.6920583800674933,-0.38623797928738623,-0.3058204007801071
2010-04-26,sh.600748,10.26,10.27,10.02,10.12,8277858,83634692.0,3,0.950447,1,-1.5564,44.841371,4.341659,4.824186,30.842178,0,10.322,11.306000000000008,12.266000000000007,-1,-1,-1,-1,-1,4.689463388243451,7.247013818583039,-0.42563747243572436,-1,-0.7503869060088313,-0.45906776463167526,-0.29131914137715603
2010-04-27,sh.600748,10.06,10.1,9.69,9.9,8983599,89084778.0,3,1.031479,1,-2.1739,43.866558000000005,4.247275,4.719313,30.171696,0,10.221999999999998,11.026000000000009,12.100000000000007,-1,-1,-1,-1,-1,5.2752871016969225,5.9714939726442084,3.8828733598023515,-1,-0.8050843333872724,-0.5282710783827946,-0.27681325500447773
2010-04-28,sh.600748,9.8,10.07,9.76,9.92,5166917,51270428.0,3,0.593255,1,0.202,41.292379,4.169857,3.957444,24.040864,0,10.099999999999998,10.740000000000009,11.934500000000007,-1,-1,-1,-1,-1,6.128417710925113,5.364389400288498,7.656474332198343,1,-0.8371682513232326,-0.5900505129708822,-0.2471177383523504
2010-04-29,sh.600748,9.99,10.22,9.89,9.92,10336583,103936078.0,3,1.186826,1,0.0,41.292379,4.169857,3.957444,24.040864,0,10.027999999999999,10.47600000000001,11.765000000000006,-1,-1,-1,-1,-1,8.110566431782464,6.5047570814681706,11.32218513241105,1,-0.852764845132624,-0.6425933794032306,-0.21017146572939338
2010-04-30,sh.600748,10.04,10.07,9.72,10.06,6117861,60514131.0,3,0.702441,1,1.4113,41.875134,4.228706,4.013294999999999,24.380151,0,9.983999999999998,10.250000000000009,11.587000000000007,1,-1,-1,-1,-1,16.04533938121818,10.094774507975258,27.946469127704024,1,-0.8440981896256492,-0.6828943414477143,-0.16120384817793487
2010-05-04,sh.600748,9.84,9.97,9.25,9.36,9042375,86796872.0,3,1.038227,1,-6.9583,38.961357,3.9344620000000003,3.7340400000000002,22.683719,0,9.831999999999999,10.077000000000009,11.370000000000008,-1,-1,-1,-1,-1,16.173009142103336,13.442971651701333,21.633084122907338,1,-0.8835291781643377,-0.723021308791039,-0.16050786937329875
2010-05-05,sh.600748,9.35,9.54,8.94,9.49,10597427,97978502.0,3,1.216775,1,1.3889,39.502487,3.989107,3.7859019999999997,22.998770,0,9.75,9.986000000000008,11.175500000000008,-1,-1,-1,-1,-1,24.81977664310722,19.012708388809585,36.4339131517025,1,-0.8939833238494721,-0.7572137118027256,-0.13676961204674654
2010-05-06,sh.600748,9.33,9.5,8.95,8.98,6367154,58902311.0,3,0.731064,1,-5.074,37.379593,3.7747290000000002,3.582444,21.762799,0,9.562000000000001,9.831000000000007,10.966500000000007,-1,-1,-1,-1,-1,15.559340109943419,18.850708631717996,8.976603066394262,-1,-0.9326698103680293,-0.7923049315157863,-0.14036487885224302
2010-05-07,sh.600748,8.78,9.09,8.68,8.7,6202427,55110821.0,3,0.712150,1,-3.118,36.214082,3.657032,3.470742,21.084226,0,9.318000000000001,9.673000000000007,10.754500000000007,-1,-1,-1,-1,-1,13.179645133388304,17.852920628812985,3.8330941425389398,-1,-0.9746872022515944,-0.8287813856629479,-0.14590581658864654
2010-05-10,sh.600748,8.88,9.09,8.77,9.05,7440299,66658150.0,3,0.854280,1,4.023,37.670970000000004,3.804154,3.6103699999999996,21.932442,0,9.116,9.550000000000008,10.553000000000008,-1,-1,-1,-1,-1,9.360346152799007,12.69977713204358,2.68148419430986,-1,-0.968579036892546,-0.8567409159088675,-0.11183812098367851
2010-05-11,sh.600748,9.21,9.27,8.79,8.83,7364908,66387170.0,3,0.845624,1,-2.4309,36.755212,3.711677,3.5226040000000003,21.399277,0,9.01,9.421000000000006,10.363500000000007,-1,-1,-1,-1,-1,11.674698467151307,11.404896584446211,12.214302232561497,1,-0.9703053570597593,-0.8794538041390458,-0.09085155292071345
2010-05-12,sh.600748,8.78,9.1,8.62,9.05,9061040,81138943.0,3,1.040371,1,2.4915,37.670970000000004,3.804154,3.6103699999999996,21.932442,0,8.922,9.336000000000006,10.181000000000008,1,-1,-1,-1,-1,20.21374458874463,13.74959640289832,33.14204096043724,1,-0.9430504186487756,-0.8921731270409918,-0.05087729160778376
2010-05-13,sh.600748,9.09,9.09,8.78,9.05,12754305,114094905.0,3,1.464424,1,0.0,37.670970000000004,3.804154,3.6103699999999996,21.932442,0,8.935999999999998,9.249000000000006,9.99450000000001,1,-1,-1,-1,-1,22.090144051351,17.992862369082317,30.284707415888363,1,-0.9109498211057101,-0.8959284658539355,-0.015021355251774615
2010-05-14,sh.600748,8.93,8.97,8.8,8.88,7787917,69134306.0,3,0.894193,1,-1.8785,36.963339000000005,3.7326949999999997,3.542551,21.520451,0,8.971999999999998,9.145000000000005,9.810500000000008,-1,-1,-1,-1,-1,25.26314389101753,22.522344177037724,30.744743318977143,1,-0.888979839314354,-0.8945387405460192,0.0055589012316652475
2010-05-17,sh.600748,8.65,8.74,7.99,7.99,14098582,116878005.0,3,1.618771,1,-10.0225,33.25868,3.3585839999999996,3.187498,19.363559,0,8.759999999999998,8.938000000000004,9.59400000000001,-1,-1,-1,-1,-1,16.304810557684174,21.21936616668424,6.475699339684041,-1,-0.9326332172349225,-0.9021576358837999,-0.030475581351122605
2010-05-18,sh.600748,7.98,8.57,7.9,8.4,15880966,131127417.0,3,1.823421,1,5.1314,34.965321,3.5309269999999997,3.351061,20.357184,0,8.673999999999998,8.842000000000004,9.45950000000001,-1,-1,-1,-1,-1,16.836419753086446,19.468124733929386,11.573009791400565,-1,-0.9234997302241439,-0.9064260547518688,-0.01707367547227512
2010-05-19,sh.600748,8.28,8.38,8.04,8.17,10780843,88366699.0,3,1.237835,1,-2.7381,34.007937,3.434247,3.259306,19.799784,0,8.498,8.710000000000004,9.34800000000001,-1,-1,-1,-1,-1,16.986009732360085,16.709080014376905,17.53986916832644,1,-0.9241672292302407,-0.9099742896475431,-0.014192939582697628
2010-05-20,sh.600748,8.05,8.24,7.91,7.93,8781917,70751032.0,3,1.008322,1,-2.9376,33.008928000000004,3.333363,3.1635619999999998,19.218151,0,8.274,8.605000000000004,9.218000000000009,-1,-1,-1,-1,-1,17.715936739659337,17.179455408368625,18.78889940224076,1,-0.9333036774061814,-0.9146401671992708,-0.018663510206910594
2010-05-21,sh.600748,7.6,8.72,7.57,8.72,29915290,252654949.0,3,3.434814,1,9.9622,36.297333,3.665439,3.4787209999999997,21.132695,0,8.241999999999999,8.607000000000003,9.14000000000001,1,1,-1,-1,-1,29.84828968083582,21.516745384285084,46.51137827393729,1,-0.8668059809354087,-0.9050733299464984,0.038267349011089635
2010-05-24,sh.600748,8.79,9.26,8.72,9.14,33403851,301405149.0,3,3.835364,1,4.8165,38.045598999999996,3.8419849999999998,3.646274,22.150554,0,8.471999999999998,8.616000000000003,9.083000000000009,1,1,1,-1,-1,54.2454160431503,33.93654748788182,94.86315315368726,1,-0.7713242417524899,-0.8783235123076967,0.10699927055520675
2010-05-25,sh.600748,8.95,8.99,8.68,8.86,17352885,153510586.0,3,1.992424,1,-3.0635,36.880088,3.7242879999999996,3.5345720000000003,21.471982,0,8.563999999999998,8.619000000000003,9.02000000000001,1,1,-1,-1,-1,78.95927601809956,54.35099391402856,128.17584022624158,1,-0.7100627738256744,-0.8446713646112922,0.13460859078561782
2010-05-26,sh.600748,8.78,8.98,8.55,8.87,12221625,107098759.0,3,1.403263,1,0.1129,36.921714,3.7284910000000004,3.538561,21.496216,0,8.703999999999997,8.601000000000004,8.96850000000001,1,1,-1,1,-1,82.05128205128203,71.75199137084395,102.64986341215817,1,-0.6531762929847158,-0.806372350285977,0.15319605730126118
2010-05-27,sh.600748,8.66,8.86,8.46,8.77,13662344,118912730.0,3,1.568683,1,-1.1274,36.50546,3.6864559999999997,3.498668,21.253869,0,8.871999999999996,8.573000000000004,8.911000000000012,-1,1,-1,1,-1,74.75345167652857,78.58800324863671,67.08434853231228,-1,-0.6091407163374143,-0.7669260234962645,0.1577853071588502
2010-05-28,sh.600748,8.83,8.87,8.48,8.56,11583431,100306850.0,3,1.329986,1,-2.3945,35.631327,3.598183,3.4148910000000003,20.744939,0,8.839999999999998,8.541000000000006,8.843000000000012,-1,1,-1,1,-1,68.83629191321498,75.21367521367519,56.08152531229456,-1,-0.5844502706298424,-0.73043087292298,0.14598060229313758
2010-05-31,sh.600748,8.4,8.63,8.17,8.18,9285623,78265553.0,3,1.066157,1,-4.4393,34.049562,3.438451,3.263296,19.824019,0,8.647999999999998,8.560000000000006,8.749000000000013,-1,-1,-1,1,-1,55.226824457593686,66.27218934911241,33.13609467455623,-1,-0.5887588927036269,-0.7020964768791094,0.11333758417548245
2010-06-01,sh.600748,8.01,8.2,7.9,8.05,8589440,68844668.0,3,0.986222,1,-1.5892,33.508432,3.383805,3.211434,19.508968,0,8.485999999999999,8.525000000000004,8.683500000000013,-1,-1,-1,-1,-1,41.025641025641036,55.02958579881656,13.017751479289984,-1,-0.5957954610782039,-0.6808362737189283,0.08504081264072438
2010-06-02,sh.600748,7.91,8.29,7.91,8.25,10027619,81555222.0,3,1.151351,1,2.4845,34.34094,3.467875,3.2912209999999997,19.993662,0,8.361999999999998,8.533000000000005,8.621500000000012,-1,-1,-1,-1,-1,34.91124260355029,43.72123602892833,17.291255752794214,-1,-0.5785643341799016,-0.660381885811123,0.0818175516312214
2010-06-03,sh.600748,8.26,8.45,8.08,8.1,12237869,101522139.0,3,1.405128,1,-1.8182,33.716559000000004,3.4048230000000004,3.2313810000000003,19.630141,0,8.227999999999998,8.550000000000002,8.577500000000011,-1,-1,-1,-1,-1,27.78164520245967,34.57284294388366,14.1992497196117,-1,-0.5704366497532547,-0.6423928385995493,0.07195618884629462
2010-06-04,sh.600748,8.04,8.34,7.98,8.26,7252385,59151128.0,3,0.832704,1,1.9753,34.382565,3.4720779999999998,3.29521,20.017897,0,8.167999999999997,8.504000000000003,8.555500000000013,1,-1,-1,-1,-1,29.323363893084476,30.672083899698137,26.625923879857154,-1,-0.5448045705044198,-0.6228751849805234,0.07807061447610364
2010-06-07,sh.600748,8.05,8.19,7.98,8.09,5901196,47701428.0,3,0.677564,1,-2.0581,33.674934,3.4006190000000003,3.227391,19.605907,0,8.149999999999997,8.399000000000004,8.507500000000011,-1,-1,-1,-1,-1,21.77533262710448,26.293447240882866,12.739103399547709,-1,-0.5320751116000135,-0.6047151703044215,0.07264005870440793
2010-06-08,sh.600748,8.09,8.18,8.02,8.14,5717687,46333757.0,3,0.656493,1,0.618,33.883061,3.4216370000000005,3.247338,19.727080,0,8.167999999999997,8.327000000000004,8.47300000000001,-1,-1,-1,-1,-1,25.12079452320316,25.406497014464026,24.549389540681425,-1,-0.5120497507877282,-0.5861820864010828,0.07413233561335464
2010-06-09,sh.600748,8.16,8.64,8.07,8.52,11373571,94990852.0,3,1.305891,1,4.668305999999999,35.464825,3.581369,3.3989339999999997,20.648000,0,8.221999999999998,8.292000000000003,8.446500000000011,1,1,1,-1,-1,35.417462135675194,27.4378630953276,51.37666021637038,1,-0.46021165042724554,-0.5609879992063154,0.10077634877906982
2010-06-10,sh.600748,8.4,8.51,8.32,8.36,7656163,64335204.0,3,0.879065,1,-1.8779,34.798819,3.5141129999999996,3.3351040000000003,20.260245,0,8.273999999999997,8.251000000000003,8.41200000000001,1,1,-1,1,-1,50.27398532553169,36.937413994803336,76.94712798698839,1,-0.42711670968410687,-0.5342137413018737,0.10709703161776685
2010-06-11,sh.600748,8.43,8.58,8.33,8.5,9425177,79856825.0,3,1.082180,1,1.6746,35.381574,3.5729620000000004,3.3909550000000004,20.599531,0,8.321999999999997,8.245000000000003,8.39300000000001,1,1,1,1,-1,69.0535896721463,51.58167904445105,103.9974109275368,1,-0.3851521069972126,-0.5044014144409414,0.11924930744372886
2010-06-17,sh.600748,8.59,8.64,8.43,8.45,6269836,53539641.0,3,0.719890,1,-0.5882,35.173448,3.551945,3.3710080000000002,20.478357,0,8.393999999999997,8.272000000000004,8.416000000000007,1,1,1,1,-1,72.40528199432298,63.91095233066698,89.39394132163495,1,-0.35187326321691437,-0.47389578419613604,0.12202252097922167
2010-06-18,sh.600748,8.45,8.8,8.22,8.27,10599284,90171525.0,3,1.216989,1,-2.1302,34.424191,3.476282,3.2992,20.042132,0,8.419999999999996,8.294000000000004,8.409500000000008,-1,-1,-1,1,1,63.473179159781125,68.31068360875013,53.798170261843126,-1,-0.3361491176543794,-0.4463464508877847,0.1101973332334053
2010-06-21,sh.600748,8.27,8.85,8.13,8.71,14857840,127550997.0,3,1.705948,1,5.3204,36.255707,3.661235,3.474732,21.108461,0,8.457999999999997,8.340000000000003,8.43650000000001,1,1,1,1,1,64.41550079175799,66.76465398195403,59.71719441136591,-1,-0.2848991561150207,-0.41405699193323187,0.12915783581821116
2010-06-22,sh.600748,8.71,9.1,8.67,8.95,16086950,142248787.0,3,1.847072,1,2.7555,37.254717,3.762119,3.570476,21.690094,0,8.575999999999997,8.425000000000004,8.487500000000008,1,1,1,1,1,68.62701416423029,65.50523137192313,74.87057974884462,1,-0.22235403916976892,-0.3757164013805393,0.15336236221077038
2010-06-23,sh.600748,8.84,9.0,8.64,8.85,9676762,85105751.0,3,1.111067,1,-1.1173,36.838463,3.7200839999999995,3.530583,21.447747,0,8.645999999999997,8.484000000000004,8.494000000000009,1,1,1,1,1,82.45568022866875,71.832731728219,103.70157722956824,1,-0.1787947134813841,-0.33633206380070824,0.15753735031932414
2010-06-24,sh.600748,8.82,8.88,8.69,8.78,5584792,49006725.0,3,0.641235,1,-0.791,36.547084999999996,3.69066,3.502657,21.278104,0,8.711999999999998,8.553000000000003,8.47600000000001,1,1,1,1,1,77.46367784798201,76.18212408029366,80.02678538335871,1,-0.14821353565166362,-0.2987083581708993,0.15049482251923568
2010-06-25,sh.600748,8.72,8.78,8.53,8.65,5570019,48185417.0,3,0.639538,1,-1.4806,36.005955,3.636014,3.450795,20.963052,0,8.787999999999998,8.604000000000003,8.46550000000001,-1,1,1,1,1,66.46404603649455,75.46113470438176,48.46986870072013,-1,-0.13293525062095313,-0.2655537366609101,0.13261848603995696
2010-06-28,sh.600748,8.6,8.75,8.49,8.52,4445522,38258983.0,3,0.510426,1,-1.5029,35.464825,3.581369,3.3989339999999997,20.648000,0,8.749999999999996,8.604000000000003,8.448000000000011,-1,-1,1,1,1,54.24882394154735,66.05884927534129,30.628773273959467,-1,-0.1298205230257139,-0.23840709393387086,0.10858657090815696
2010-06-29,sh.600748,8.51,8.63,7.76,7.78,9855986,79953022.0,3,1.131645,1,-8.6854,32.384547,3.270311,3.1037209999999997,18.854630,0,8.515999999999996,8.546000000000003,8.39850000000001,-1,-1,-1,-1,1,31.76899010104117,50.82728669302767,-6.34760308293184,-1,-0.1849321122542218,-0.22771209759794103,0.04277998534371924
2010-06-30,sh.600748,7.7,7.77,7.38,7.4,9659945,72474921.0,3,1.109136,1,-4.8843,30.802782,3.110579,2.952126,17.933709,0,8.225999999999996,8.436000000000003,8.34050000000001,-1,-1,-1,-1,-1,14.28717119270584,33.434995078431434,-24.008476578745352,-1,-0.25631660965827585,-0.233433000010008,-0.022883609648267855
2010-07-01,sh.600748,7.41,7.6,7.28,7.33,6911835,51377562.0,3,0.793603,1,-0.9459,30.511405,3.081154,2.9242,17.764066,0,7.9359999999999955,8.324000000000003,8.29800000000001,-1,-1,-1,-1,-1,1.800860252786675,15.952340515511212,-26.5021002726624,-1,-0.3149076932693351,-0.24972793866187343,-0.06517975460746167
2010-07-02,sh.600748,7.35,7.85,7.3,7.7,15852326,119275156.0,3,1.820132,1,5.0477,32.051544,3.236683,3.071806,18.660752,0,7.745999999999997,8.267000000000005,8.280500000000009,-1,-1,-1,-1,-1,8.995655507283411,8.361228984258625,10.264508553332984,1,-0.32770802722934533,-0.2653239563753678,-0.062384070853977514
2010-07-05,sh.600748,7.53,7.79,7.41,7.7,7634950,58204333.0,3,0.876630,1,0.0,32.051544,3.236683,3.071806,18.660752,0,7.581999999999996,8.166000000000004,8.253000000000009,1,-1,-1,-1,-1,16.747593491779526,9.18136975061652,31.880040974105537,1,-0.3340022144945465,-0.27905960799920354,-0.05494260649534294
2010-07-06,sh.600748,7.64,8.01,7.52,7.94,8221273,64663497.0,3,0.943950,1,3.1169,33.050553,3.337567,3.167551,19.242385,0,7.613999999999995,8.065000000000003,8.245000000000008,1,-1,-1,-1,-1,29.581842576028617,18.44169719169717,51.86213334469151,1,-0.3159819656055216,-0.28644407952046713,-0.029537886085054477
2010-07-07,sh.600748,7.88,8.0,7.78,7.9,6764187,53252329.0,3,0.776650,1,-0.5038,32.884052000000004,3.320753,3.151593,19.145446,0,7.713999999999996,7.970000000000004,8.22700000000001,1,-1,-1,-1,-1,35.667312661498705,27.3322495764356,52.33743883162492,1,-0.30145348609867284,-0.2894459608361083,-0.012007525262564545
2010-07-08,sh.600748,7.96,8.08,7.83,7.88,5464055,43428377.0,3,0.627372,1,-0.2532,32.800801,3.312346,3.143615,19.096977,0,7.823999999999996,7.880000000000004,8.216500000000009,1,-1,-1,-1,-1,41.13321995464852,35.46079173072527,52.478076402495006,1,-0.28823084846682523,-0.2892029383622517,0.0009720898954264645
2010-07-09,sh.600748,7.88,8.2,7.85,8.13,7955821,64228917.0,3,0.913472,1,3.1726,33.841435,3.4174330000000004,3.2433490000000003,19.702846,0,7.909999999999997,7.828000000000003,8.216000000000008,1,1,-1,1,-1,48.370874275636176,41.72380229726112,61.66501823238629,1,-0.25464353011176755,-0.2822910567121549,0.02764752660038733
2010-07-12,sh.600748,8.13,8.13,8.13,8.13,0,0.0,3,,0,0.0,33.841435,3.4174330000000004,3.2433490000000003,19.702846,0,7.995999999999997,7.789000000000003,8.196500000000007,1,1,-1,1,-1,65.3901979471338,51.631430725806155,92.90773238978909,1,-0.22542675897761377,-0.2709181971652467,0.045491438187632904
2010-07-13,sh.600748,8.13,8.13,8.13,8.13,0,0.0,3,,0,0.0,33.841435,3.4174330000000004,3.2433490000000003,19.702846,0,8.033999999999997,7.8240000000000025,8.185000000000008,1,1,-1,1,-1,82.58185721953846,65.44764314743612,116.85028536374315,1,-0.19996716040837548,-0.25672798981387246,0.05676082940549698
2010-07-14,sh.600748,8.13,8.13,8.13,8.13,0,0.0,3,,0,0.0,33.841435,3.4174330000000004,3.2433490000000003,19.702846,0,8.079999999999998,7.897000000000001,8.166500000000008,1,1,-1,1,-1,92.33494363929161,80.10233293532127,116.80016504723227,1,-0.17774135343351993,-0.24093066253780196,0.06318930910428203
2010-07-15,sh.600748,8.13,8.13,8.13,8.13,0,0.0,3,,0,0.0,33.841435,3.4174330000000004,3.2433490000000003,19.702846,0,8.129999999999999,7.977000000000001,8.150500000000008,1,1,-1,1,-1,91.91758902545928,88.94479662809643,97.86317382018498,1,-0.15830242941124162,-0.2244050159124899,0.06610258650124828
2010-07-16,sh.600748,8.13,8.13,8.13,8.13,0,0.0,3,,0,0.0,33.841435,3.4174330000000004,3.2433490000000003,19.702846,0,8.129999999999999,8.02,8.143500000000007,1,1,-1,1,-1,91.02244836049766,91.75832700841617,89.55069106466064,-1,-0.14126848689337557,-0.20777771010866702,0.06650922321529146
2010-07-19,sh.600748,8.13,8.13,8.13,8.13,0,0.0,3,,0,0.0,33.841435,3.4174330000000004,3.2433490000000003,19.702846,0,8.129999999999999,8.062999999999999,8.114500000000007,1,1,1,1,1,88.05948539753474,90.33317426116388,83.51210767027649,-1,-0.12631290814697493,-0.19148474971632862,0.06517184156935368
2010-07-20,sh.600748,8.13,8.13,8.13,8.13,0,0.0,3,,0,0.0,33.841435,3.4174330000000004,3.2433490000000003,19.702846,0,8.129999999999999,8.081999999999999,8.073500000000006,1,1,1,1,1,84.7067655891188,87.92956644905037,78.26116386925568,-1,-0.11315611103059986,-0.17581902197918287,0.062662910948583
2010-07-21,sh.600748,8.13,8.13,8.13,8.13,0,0.0,3,,0,0.0,33.841435,3.4174330000000004,3.2433490000000003,19.702846,0,8.129999999999999,8.104999999999999,8.037500000000007,1,1,1,1,1,81.4714714714718,84.74590748604176,74.92259944233189,-1,-0.1015585507709833,-0.16096692773754295,0.05940837696655965
2010-07-22,sh.600748,8.13,8.13,8.13,8.13,0,0.0,3,,0,0.0,33.841435,3.4174330000000004,3.2433490000000003,19.702846,0,8.129999999999999,8.129999999999999,8.005000000000006,1,1,1,1,1,53.693693693693916,73.29064358476147,14.499793911558811,-1,-0.09131478075822308,-0.14703649834167898,0.0557217175834559
2010-07-23,sh.600748,8.13,8.13,8.13,8.13,0,0.0,3,,0,0.0,33.841435,3.4174330000000004,3.2433490000000003,19.702846,0,8.129999999999999,8.129999999999999,7.979000000000006,1,1,1,1,1,26.66666666666677,53.94394394394413,-27.887887887887942,-1,-0.08224841073958622,-0.13407888082126043,0.05183047008167421
2010-07-26,sh.600748,8.13,8.13,8.13,8.13,0,0.0,3,,0,0.0,33.841435,3.4174330000000004,3.2433490000000003,19.702846,0,8.129999999999999,8.129999999999999,7.959500000000006,1,1,1,1,1,-2.842170943040401e-14,26.78678678678685,-53.57357357357378,-1,-0.07420782555985816,-0.12210466976897998,0.04789684420912181
2010-07-27,sh.600748,8.13,8.13,8.13,8.13,0,0.0,3,,0,0.0,33.841435,3.4174330000000004,3.2433490000000003,19.702846,0,8.129999999999999,8.129999999999999,7.977000000000006,1,1,1,1,1,-2.842170943040401e-14,8.888888888888866,-17.777777777777818,-1,-0.06706254856081628,-0.11109624552734723,0.04403369696653095
2010-07-28,sh.600748,8.13,8.13,8.13,8.13,0,0.0,3,,0,0.0,33.841435,3.4174330000000004,3.2433490000000003,19.702846,0,8.129999999999999,8.129999999999999,8.013500000000004,1,1,1,1,1,-2.842170943040401e-14,-6.631732200427602e-14,4.736951571734002e-14,1,-0.060700151498195964,-0.10101702672151698,0.040316875223321016
2010-07-29,sh.600748,8.13,8.13,8.13,8.13,0,0.0,3,,0,0.0,33.841435,3.4174330000000004,3.2433490000000003,19.702846,0,8.129999999999999,8.129999999999999,8.053500000000003,1,1,1,1,1,-2.842170943040401e-14,-6.631732200427602e-14,4.736951571734002e-14,1,-0.055023627856561674,-0.09181834694852592,0.036794719091964245
2010-07-30,sh.600748,8.13,8.13,8.13,8.13,0,0.0,3,,0,0.0,33.841435,3.4174330000000004,3.2433490000000003,19.702846,0,8.129999999999999,8.129999999999999,8.075000000000005,1,1,1,1,1,-2.842170943040401e-14,-6.631732200427602e-14,4.736951571734002e-14,1,-0.04994915915890985,-0.0834445093906027,0.03349535023169285
2010-08-02,sh.600748,8.13,8.13,8.13,8.13,0,0.0,3,,0,0.0,33.841435,3.4174330000000004,3.2433490000000003,19.702846,0,8.129999999999999,8.129999999999999,8.096500000000004,1,1,1,1,1,-2.842170943040401e-14,-6.631732200427602e-14,4.736951571734002e-14,1,-0.04540421463329736,-0.07583645043914164,0.030432235805844282
2010-08-03,sh.600748,8.13,8.13,8.13,8.13,0,0.0,3,,0,0.0,33.841435,3.4174330000000004,3.2433490000000003,19.702846,0,8.129999999999999,8.129999999999999,8.106000000000005,1,1,1,1,1,-2.842170943040401e-14,-6.631732200427602e-14,4.736951571734002e-14,1,-0.04132593371285154,-0.06893434709388362,0.02760841338103208
2010-08-04,sh.600748,8.13,8.13,8.13,8.13,0,0.0,3,,0,0.0,33.841435,3.4174330000000004,3.2433490000000003,19.702846,0,8.129999999999999,8.129999999999999,8.117500000000003,1,1,1,1,1,-2.842170943040401e-14,-6.631732200427602e-14,4.736951571734002e-14,1,-0.03765974856192855,-0.0626794273874926,0.02501967882556405
2010-08-05,sh.600748,8.13,8.13,8.13,8.13,0,0.0,3,,0,0.0,33.841435,3.4174330000000004,3.2433490000000003,19.702846,0,8.129999999999999,8.129999999999999,8.130000000000004,1,1,-1,1,-1,-2.842170943040401e-14,-6.631732200427602e-14,4.736951571734002e-14,1,-0.034358210354659136,-0.05701518398092591,0.02265697362626677
2010-08-06,sh.600748,8.13,8.13,8.13,8.13,0,0.0,3,,0,0.0,33.841435,3.4174330000000004,3.2433490000000003,19.702846,0,8.129999999999999,8.129999999999999,8.130000000000004,1,1,-1,1,-1,-2.842170943040401e-14,-6.631732200427602e-14,4.736951571734002e-14,1,-0.03137998856429469,-0.051888144897599665,0.020508156333304974
2010-08-09,sh.600748,8.13,8.13,8.13,8.13,0,0.0,3,,0,0.0,33.841435,3.4174330000000004,3.2433490000000003,19.702846,0,8.129999999999999,8.129999999999999,8.130000000000004,1,1,-1,1,-1,-2.842170943040401e-14,-6.631732200427602e-14,4.736951571734002e-14,1,-0.028689017206438905,-0.04724831935936751,0.018559302152928607
2010-08-10,sh.600748,8.13,8.13,8.13,8.13,0,0.0,3,,0,0.0,33.841435,3.4174330000000004,3.2433490000000003,19.702846,0,8.129999999999999,8.129999999999999,8.130000000000004,1,1,-1,1,-1,-2.842170943040401e-14,-6.631732200427602e-14,4.736951571734002e-14,1,-0.026253765946506746,-0.04304940867679536,0.016795642730288614
2010-08-11,sh.600748,8.13,8.13,8.13,8.13,0,0.0,3,,0,0.0,33.841435,3.4174330000000004,3.2433490000000003,19.702846,0,8.129999999999999,8.129999999999999,8.130000000000004,1,1,-1,1,-1,-2.842170943040401e-14,-6.631732200427602e-14,4.736951571734002e-14,1,-0.02404661734175839,-0.03924885040978797,0.015202233068029578
2010-08-12,sh.600748,8.13,8.13,8.13,8.13,0,0.0,3,,0,0.0,33.841435,3.4174330000000004,3.2433490000000003,19.702846,0,8.129999999999999,8.129999999999999,8.130000000000004,1,1,-1,1,-1,-2.842170943040401e-14,-6.631732200427602e-14,4.736951571734002e-14,1,-0.02204333433414085,-0.03580774719465855,0.013764412860517695
2010-08-13,sh.600748,8.13,8.13,8.13,8.13,0,0.0,3,,0,0.0,33.841435,3.4174330000000004,3.2433490000000003,19.702846,0,8.129999999999999,8.129999999999999,8.130000000000004,1,1,-1,1,-1,-2.842170943040401e-14,-6.631732200427602e-14,4.736951571734002e-14,1,-0.02022260452094571,-0.03269071865991598,0.012468114138970268
2010-08-16,sh.600748,8.13,8.13,8.13,8.13,0,0.0,3,,0,0.0,33.841435,3.4174330000000004,3.2433490000000003,19.702846,0,8.129999999999999,8.129999999999999,8.130000000000004,1,1,-1,1,-1,-2.842170943040401e-14,-6.631732200427602e-14,4.736951571734002e-14,1,-0.01856564977247821,-0.029865704882428422,0.011300055109950212
2010-08-17,sh.600748,8.94,8.94,8.94,8.94,572902,5121744.0,3,0.065779,1,9.9631,37.213091,3.757915,3.5664870000000004,21.665860,0,8.291999999999998,8.210999999999999,8.170500000000004,1,1,1,1,1,33.33333333333331,11.111111111111045,77.77777777777783,1,0.047559493119026186,-0.014380665282137498,0.06194015840116368
2010-08-18,sh.600748,9.83,9.83,9.83,9.83,744827,7321649.0,3,0.085520,1,9.9553,40.91775,4.132026000000001,3.9215400000000002,23.822752,0,8.631999999999996,8.380999999999998,8.255500000000005,1,1,1,1,1,66.66666666666663,33.333333333333265,133.33333333333337,1,0.16982210372497342,0.022459888519284685,0.14736221520568873
2010-08-19,sh.600748,10.78,10.78,10.25,10.48,59584185,625990078.0,3,6.841337,1,6.6124,43.6234,4.405252,4.180848,25.398010,0,9.101999999999995,8.616,8.373000000000005,1,1,1,1,1,96.22641509433959,65.40880503144648,157.8616352201258,1,0.3155284555817719,0.08107360193178212,0.23445485364998978
2010-08-20,sh.600748,10.68,10.68,9.92,10.05,24936407,253840997.0,3,2.863149,1,-4.1031,41.833509,4.224501999999999,4.009306,24.355916,0,9.485999999999995,8.808,8.469000000000005,1,1,1,1,1,87.04402515723268,83.31236897274626,94.50733752620553,1,0.3917880935826048,0.14321650026194666,0.24857159332065815
2010-08-23,sh.600748,10.0,10.16,9.7,9.84,18616986,183895273.0,3,2.137565,1,-2.0896,40.959376,4.136229,3.925529,23.846986,0,9.827999999999994,8.979000000000001,8.554500000000006,1,1,1,1,1,75.2201257861635,86.16352201257855,53.3333333333334,-1,0.4303187148814622,0.20063694318584976,0.22968177169561246
2010-08-24,sh.600748,9.82,10.08,9.5,10.02,18346029,179665714.0,3,2.106454,1,1.8293,41.708632,4.211892,3.9973379999999996,24.283212,0,10.043999999999993,9.168000000000001,8.649000000000006,-1,1,1,1,1,69.4339622641509,77.23270440251567,53.836477987421375,-1,0.46996158097165974,0.2545018707430118,0.21545971022864796
2010-08-25,sh.600748,9.86,9.88,9.42,9.43,14310966,138173261.0,3,1.643157,1,-5.8882,39.252734999999994,3.963886,3.761965,22.853362,0,9.963999999999995,9.298000000000002,8.714000000000008,-1,1,1,1,1,61.63522012578611,68.7631027253668,47.37945492662473,-1,0.4485995919429353,0.29332141498299646,0.15527817695993884
2010-08-26,sh.600748,9.43,9.6,9.35,9.51,8755975,82838035.0,3,1.005344,1,0.8484,39.585738,3.997514,3.79388,23.047240,0,9.769999999999994,9.436000000000003,8.783000000000007,-1,1,1,1,1,57.484276729559696,62.85115303983221,46.75052410901466,-1,0.4331325111717934,0.32128363422075584,0.11184887695103757
2010-08-27,sh.600748,9.46,9.5,9.23,9.32,7940864,74411706.0,3,0.911754,1,-1.9979,38.794856,3.9176480000000002,3.718082,22.586780,0,9.623999999999993,9.555000000000003,8.842500000000006,-1,-1,1,1,1,40.59474979491383,53.238082216753185,15.308084951235116,-1,0.4009217497565487,0.3372112573279144,0.0637104924286343
2010-08-30,sh.600748,9.35,9.49,9.29,9.43,10005436,94085280.0,3,1.148804,1,1.1803,33.183690000000006,4.228201,3.629313,5.568927,0,9.541999999999994,9.685000000000006,8.907500000000008,-1,-1,1,-1,1,28.543623805869387,42.207550110114276,1.2157711973796097,-1,0.37989141816618144,0.3457472894955678,0.034144128670613616
2010-08-31,sh.600748,9.44,9.68,9.4,9.48,13710453,131087433.0,3,1.574207,1,0.5302,33.359638000000004,4.25062,3.6485559999999997,5.598455,0,9.433999999999994,9.739000000000006,8.975000000000007,1,-1,1,-1,1,16.561477325853165,28.566616975545433,-7.448801973531367,-1,0.36307401970459807,0.34921263553737386,0.013861384167224211
2010-09-01,sh.600748,9.48,9.48,9.48,9.48,0,0.0,3,,0,0.0,33.359638000000004,4.25062,3.6485559999999997,5.598455,0,9.443999999999994,9.704000000000006,9.042500000000008,1,-1,1,-1,1,15.42454579162027,20.17654897444758,5.92053942596565,-1,0.3457603996027352,0.3485221883504461,-0.002761788747710936
2010-09-02,sh.600748,9.48,9.54,9.28,9.38,11084937,103829477.0,3,1.272750,1,-1.0549,33.007743,4.205782,3.610069,5.539400,0,9.417999999999996,9.594000000000005,9.105000000000008,-1,-1,1,-1,1,16.499814608824597,16.161945908765983,17.17555200894183,1,0.32027810009725677,0.3428733706998083,-0.02259527060255151
2010-09-03,sh.600748,9.38,9.43,9.03,9.15,11433084,105039726.0,3,1.312724,1,-2.452,32.198384000000004,4.102655,3.521549,5.403572,0,9.383999999999995,9.504000000000007,9.156000000000008,-1,-1,-1,-1,1,14.932994332326928,15.619118244257237,13.560746508466309,-1,0.2783158643012573,0.3299618694200981,-0.051646005118840765
2010-09-06,sh.600748,9.18,9.35,9.18,9.32,8117935,75313660.0,3,0.932085,1,1.8579,32.796606,4.178879,3.5869769999999996,5.503966,0,9.361999999999995,9.452000000000007,9.215500000000008,-1,-1,1,-1,1,20.558416915153174,17.330408618768207,27.01443350792311,1,0.2558290315345779,0.31513530184299404,-0.05930627030841612
2010-09-07,sh.600748,9.37,9.5,9.25,9.47,11620424,109210350.0,3,1.334234,1,1.6094,33.324448,4.246136,3.644707,5.592550,0,9.359999999999994,9.397000000000007,9.282500000000008,1,1,1,-1,1,37.746175393234275,24.412528880238096,64.41346841922663,1,0.24726152402182677,0.3015605462787606,-0.05429902225693384
2010-09-08,sh.600748,9.42,9.42,9.25,9.3,7663674,71333799.0,3,0.879928,1,-1.795143,32.726227,4.169912,3.5792800000000002,5.492155,0,9.323999999999993,9.384000000000007,9.341000000000008,-1,-1,-1,-1,-1,47.78280542986434,35.362465912750565,72.62348446409189,1,0.22417004065403923,0.2860824451538163,-0.061912404499777085
2010-09-09,sh.600748,9.26,9.27,9.01,9.03,10328747,94089755.0,3,1.185926,1,-2.9032,31.77611,4.04885,3.475365,5.332706,0,9.253999999999992,9.336000000000007,9.386000000000008,-1,-1,-1,-1,-1,37.40528128587835,40.97808736965896,30.25966911831715,-1,0.18198531675444407,0.2652630194739419,-0.0832777027194978
2010-09-10,sh.600748,9.0,9.06,8.57,8.77,11672810,102452704.0,3,1.340249,1,-2.8793,30.861184,3.932272,3.3752989999999996,5.179162,0,9.177999999999992,9.281000000000008,9.41800000000001,-1,-1,-1,-1,-1,20.847184727781723,35.34509048117477,-8.148626779004374,-1,0.12611995966211786,0.23743440751157707,-0.11131444784945921
2010-09-13,sh.600748,8.7,9.1,8.67,8.95,11932243,106173407.0,3,1.370036,1,2.0525,31.494594,4.012980000000001,3.444576,5.285461,0,9.10399999999999,9.233000000000008,9.459000000000009,-1,-1,-1,-1,-1,20.059450125614052,26.103972046424676,7.9704062839928085,-1,0.09527251510645485,0.20900202903055262,-0.11372951392409777
2010-09-14,sh.600748,8.93,8.95,8.74,8.77,7256320,63968584.0,3,0.833156,1,-2.0112,30.861184,3.932272,3.3752989999999996,5.179162,0,8.96399999999999,9.162000000000008,9.450500000000009,-1,-1,-1,-1,-1,25.93727748366914,22.281304112354942,33.249224226297535,1,0.055659588288126116,0.17833354088206732,-0.1226739525939412
2010-09-15,sh.600748,8.71,9.07,8.67,8.88,10316987,91593344.0,3,1.184576,1,1.2543,31.248268,3.981593,3.4176349999999998,5.244123,0,8.879999999999992,9.102000000000007,9.40300000000001,1,-1,-1,-1,-1,31.042382588774284,25.679703399352462,41.767740967617925,1,0.032764450885867547,0.14921972288282737,-0.11645527199695982
2010-09-16,sh.600748,8.87,8.93,8.65,8.69,6544425,57252150.0,3,0.751418,1,-2.1396,30.579667999999998,3.896401,3.3445099999999996,5.131917,0,8.81199999999999,9.033000000000007,9.313500000000008,-1,-1,-1,-1,-1,22.285038613605224,26.421566228682853,14.011983383449966,-1,-0.0007034140405277611,0.11923509549815633,-0.1199385095386841
2010-09-17,sh.600748,8.69,8.85,8.64,8.68,4597882,40171663.0,3,0.527920,1,-0.1151,30.544478,3.891918,3.340661,5.126012,0,8.79399999999999,8.986000000000008,9.245000000000008,-1,-1,-1,-1,-1,19.35483870967735,24.22741997068559,9.60967618766086,-1,-0.027714380418295548,0.08984520031486595,-0.1175595807331615
2010-09-20,sh.600748,8.72,8.91,8.63,8.7,5661919,49698521.0,3,0.650090,1,0.2304,30.614857,3.9008849999999997,3.348358,5.137823,0,8.743999999999991,8.924000000000008,9.188000000000008,-1,-1,-1,-1,-1,13.341766814252454,18.327214712511648,3.3708710177340677,-1,-0.04696554347303383,0.06248305155728599,-0.10944859503031983
2010-09-21,sh.600748,8.73,8.86,8.7,8.83,5165414,45450317.0,3,0.593083,1,1.4943,31.072321000000002,3.959174,3.398391,5.214595,0,8.755999999999991,8.860000000000008,9.128500000000008,1,-1,-1,-1,-1,21.42164392638766,18.039416483439126,28.186098812284726,1,-0.05114277329115602,0.03975788658759759,-0.0909006598787536
2010-09-27,sh.600748,8.83,8.98,8.72,8.96,7517314,66789014.0,3,0.863123,1,1.4723,31.529784000000003,4.017462999999999,3.4484239999999997,5.291367,0,8.771999999999991,8.826000000000008,9.105000000000008,1,1,-1,-1,-1,42.00729348343109,25.59023474135704,74.84141096757921,1,-0.04346233769804719,0.02311384173046863,-0.06657617942851582
2010-09-28,sh.600748,8.94,8.94,8.64,8.67,7089470,62100269.0,3,0.813999,1,-3.2366,30.509289000000003,3.887434,3.336812,5.120106,0,8.767999999999992,8.790000000000008,9.063000000000008,-1,-1,-1,-1,-1,39.74613370036891,34.39169037006253,50.45502036098166,1,-0.06008350824250108,0.006474371735874687,-0.06655787997837577
2010-09-29,sh.600748,8.69,8.72,8.31,8.34,7741447,65554871.0,3,0.888858,1,-3.8062,29.348035999999997,3.739469,3.209806,4.925223,0,8.699999999999992,8.747000000000009,9.014000000000008,-1,-1,-1,-1,-1,28.68097079310071,36.811465992300214,12.419980394701696,-1,-0.09874586683724473,-0.014569675978749197,-0.08417619085849554
2010-09-30,sh.600748,8.3,8.69,8.22,8.56,6756511,57667075.0,3,0.775769,1,2.6379,30.122203999999996,3.838112,3.2944769999999997,5.055145,0,8.671999999999992,8.708000000000009,8.970500000000008,-1,-1,-1,-1,-1,17.486002239641525,28.63770224437036,-4.817397769816139,-1,-0.11036172195463756,-0.03372808517392687,-0.0766336367807107
2010-10-08,sh.600748,8.54,8.71,8.31,8.66,10725019,91992283.0,3,1.231425,1,1.1682,30.474099,3.88295,3.332964,5.114201,0,8.637999999999991,8.697000000000008,8.929500000000008,1,-1,-1,-1,-1,33.94736842105254,26.704780484598235,48.432544293961136,1,-0.11022757172519171,-0.04902798248417984,-0.06119958924101187
2010-10-11,sh.600748,8.58,9.02,8.55,8.93,12920275,114735001.0,3,1.483480,1,3.1178,31.424215999999998,4.004012,3.436878,5.273650,0,8.63199999999999,8.702000000000009,8.90200000000001,1,1,1,-1,-1,62.21491228070169,37.88276098046523,110.8792148811746,1,-0.0873278520670766,-0.056687956400759194,-0.03063989566631741
2010-10-12,sh.600748,8.88,9.05,8.8,8.92,9864630,88132132.0,3,1.132637,1,-0.112,31.389026,3.9995279999999998,3.4330300000000005,5.267745,0,8.681999999999992,8.72500000000001,8.879000000000008,1,1,1,-1,-1,76.9940287465651,57.71876981610642,115.54454660748247,1,-0.06918900786693527,-0.05918816669399441,-0.01000084117294086
2010-10-13,sh.600748,8.92,9.5,8.9,9.39,21115160,196798980.0,3,2.424401,1,5.2691,33.042932,4.210266000000001,3.613918,5.545305,0,8.89199999999999,8.79600000000001,8.891000000000009,1,1,1,1,1,88.16453313253005,75.79115805326559,112.911283291059,1,-0.016696306480875833,-0.0506897946513707,0.033993488170494864
2010-10-14,sh.600748,9.39,9.51,9.18,9.24,20983341,196235574.0,3,2.409265,1,-1.5974,32.51509,4.143008999999999,3.5561879999999997,5.456722,0,9.02799999999999,8.85000000000001,8.88700000000001,1,1,1,1,1,84.93778894648356,83.36545027519288,88.08246628906491,1,0.012654913197444273,-0.0380208530816077,0.05067576627905197
2010-10-15,sh.600748,9.11,9.52,9.05,9.41,15236727,142321848.0,3,1.749451,1,1.8398,33.113310999999996,4.219233,3.6216150000000003,5.557116,0,9.177999999999988,8.90800000000001,8.88400000000001,1,1,1,1,1,87.33815966010734,86.8134939130403,88.38749115424139,1,0.04906792105712299,-0.02060309825386156,0.06967101931098454
2010-10-18,sh.600748,9.36,9.8,9.28,9.59,20257619,195254364.0,3,2.325939,1,1.9129,33.746722,4.2999410000000005,3.690892,5.663416,0,9.309999999999988,8.971000000000009,8.89850000000001,1,1,1,1,1,85.7723632466052,86.01610395106536,85.28488183768485,-1,0.0913964266901246,0.0017968067349356728,0.08959961995518892
2010-10-19,sh.600748,9.55,9.66,9.31,9.55,14214676,134275938.0,3,1.632101,1,-0.4171,33.605964,4.282006,3.675497,5.639794,0,9.435999999999988,9.059000000000008,8.924500000000009,1,1,1,1,1,87.47484582927616,86.86178957866288,88.70095833050274,1,0.12032734789330135,0.02550291496660881,0.09482443292669254
2010-10-20,sh.600748,9.28,9.28,8.87,8.98,18134549,163834654.0,3,2.082173,1,-5.9686,31.600163000000002,4.026431,3.456122,5.303178,0,9.353999999999989,9.123000000000008,8.935000000000008,-1,-1,1,1,1,71.95083963412903,81.73268290333677,52.38715309571356,-1,0.09615268675170796,0.03963286932362864,0.05651981742807932
2010-10-21,sh.600748,8.9,9.1,8.85,8.95,8102820,72620977.0,3,0.930350,1,-0.3341,31.494594,4.012980000000001,3.444576,5.285461,0,9.295999999999987,9.16200000000001,8.935000000000008,-1,-1,1,1,1,53.71455271429778,71.0467460592343,19.050166024424755,-1,0.07372350566639341,0.04645099659218159,0.027272509074211818
2010-10-22,sh.600748,8.95,9.16,8.9,9.05,8840373,80311304.0,3,1.015034,1,1.1173,31.846489000000002,4.057817,3.4830629999999996,5.344517,0,9.223999999999986,9.20100000000001,8.949000000000009,-1,-1,1,1,1,33.98881431767331,53.21806888870001,-4.469694824380085,-1,0.0632878395093357,0.04981836517561241,0.013469474333723287
2010-10-25,sh.600748,9.11,9.15,8.98,9.12,11862393,107569489.0,3,1.362016,1,0.7735,32.092816,4.0892040000000005,3.5100029999999998,5.385856,0,9.129999999999985,9.22000000000001,8.96100000000001,-1,-1,1,-1,1,28.473684210526226,38.72568374749908,7.969685136580509,-1,0.05997456443461324,0.05184960502741258,0.008124959407200663
2010-10-26,sh.600748,9.13,9.39,9.07,9.28,12410248,114846226.0,3,1.424920,1,1.7544,32.655848,4.160944000000001,3.571582,5.480344,0,9.075999999999985,9.25600000000001,8.990500000000008,1,1,1,-1,1,32.89473684210518,31.78574512343488,35.112720279445796,1,0.06945875559333814,0.05537143514059769,0.01408732045274045
2010-10-27,sh.600748,9.29,9.64,9.21,9.24,15227061,143742857.0,3,1.748341,1,-0.431,29.20461,3.9592629999999995,2.839112,-34.236068,0,9.127999999999984,9.24100000000001,9.018500000000008,1,-1,1,-1,1,38.24561403508765,33.20467836257299,48.32748538011697,1,0.07290695373087708,0.058878538858653566,0.014028414872223512
2010-10-28,sh.600748,9.2,9.52,9.18,9.37,13297650,124459004.0,3,1.526810,1,1.4069,29.615498,4.0149669999999995,2.8790560000000003,-34.717745,0,9.211999999999986,9.25400000000001,9.05200000000001,1,1,1,-1,1,47.01754385964904,39.38596491228059,62.28070175438593,1,0.08514805536306902,0.06413244215953666,0.02101561320353236
2010-10-29,sh.600748,9.39,9.45,9.02,9.09,11125348,101659596.0,3,1.277390,1,-2.9883,28.730509,3.894989,2.793023,-33.680288,0,9.219999999999985,9.222000000000012,9.065000000000008,-1,-1,1,-1,1,41.806367771279994,42.35650855533886,40.70608620316226,-1,0.07143213150950878,0.06559238002953108,0.005839751479977701
2010-11-01,sh.600748,9.11,9.2,9.01,9.16,10372336,94476864.0,3,1.190931,1,0.7701,28.951756,3.924983,2.814531,-33.939652,0,9.227999999999986,9.179000000000011,9.075000000000008,-1,-1,1,1,1,41.202326021335516,43.342079217421485,36.92281962916357,-1,0.06545604152156947,0.06556511232793875,-0.00010907080636927968
2010-11-02,sh.600748,9.16,9.35,8.97,9.28,16823831,153910162.0,3,1.931679,1,1.31,29.331037,3.9764019999999998,2.851403,-34.384276,0,9.227999999999986,9.152000000000012,9.10550000000001,1,1,1,1,1,41.10017190185961,41.36962189815834,40.561271909262146,-1,0.06960063151367812,0.06637221616508662,0.0032284153485915013
2010-11-03,sh.600748,9.28,9.39,9.15,9.28,12740554,118426846.0,3,1.462845,1,0.0,29.331037,3.9764019999999998,2.851403,-34.384276,0,9.235999999999986,9.182000000000011,9.152500000000009,1,1,1,1,1,48.340745809100135,43.547747910765054,57.9267416057703,1,0.07205464781503323,0.06750870249507594,0.0045459453199572925
2010-11-04,sh.600748,9.39,9.48,9.28,9.38,13790359,129514243.0,3,1.583382,1,1.0776,29.647104,4.019251000000001,2.882129,-34.754797,0,9.237999999999987,9.22500000000001,9.193500000000009,1,1,1,1,1,55.65858698297759,48.366501564645745,70.24275781964127,1,0.08113338254896973,0.0702336385058547,0.010899744043115028
2010-11-05,sh.600748,9.45,9.84,9.32,9.78,27448956,264188939.0,3,3.151634,1,4.2644,30.911372999999998,4.190648,3.005034,-36.236877,0,9.375999999999987,9.29800000000001,9.249500000000008,1,1,1,1,1,68.54960982598648,57.51631420602137,90.61620106591671,1,0.11923058631431793,0.08003302806754735,0.039197558246770584
2010-11-08,sh.600748,9.88,10.49,9.88,10.17,31298574,320181954.0,3,3.593640,1,3.9877,32.144034999999995,4.35776,3.1248669999999996,-37.681906,0,9.577999999999989,9.40300000000001,9.311500000000008,1,1,1,1,1,77.74828218255361,67.31882633050587,98.60719388664907,1,0.17883118087333116,0.09979265862870411,0.07903852224462705
2010-11-09,sh.600748,10.18,10.22,9.84,9.94,17785159,177515865.0,3,2.042056,1,-2.2616,31.417081,4.259207,3.054196,-36.829710,0,9.709999999999988,9.46900000000001,9.362500000000008,1,1,1,1,1,78.62220205686623,74.97336468846875,85.91987679366119,1,0.20514126286830248,0.12086237947662379,0.08427888339167869
2010-11-10,sh.600748,9.98,9.98,9.49,9.6,16318951,157313717.0,3,1.873709,1,-3.4205,30.342452,4.113519999999999,2.949727,-35.569941,0,9.773999999999988,9.50500000000001,9.373000000000008,-1,1,1,1,1,61.40350877192975,72.59133100378317,39.02786430822292,-1,0.19629427568067825,0.13594875871743467,0.060345516963243584
2010-11-11,sh.600748,9.52,9.75,9.49,9.53,13537318,130279111.0,3,1.554328,1,-0.7292,30.121205,4.083525,2.928219,-35.310577,0,9.803999999999988,9.52100000000001,9.387500000000008,-1,1,1,1,1,47.36842105263148,62.464710627142445,17.175841903609566,-1,0.18154185807578038,0.14506737858910382,0.036474479486676564
2010-11-12,sh.600748,9.45,9.48,8.68,8.71,16285076,148200695.0,3,1.869820,1,-8.6044,27.529453999999998,3.732162,2.676263,-32.272311,0,9.589999999999987,9.48300000000001,9.35250000000001,-1,-1,-1,1,1,26.648977415915425,45.14030241349218,-10.333672579238083,-1,0.10250173763803083,0.13655425039888922,-0.03405251276085838
2010-11-15,sh.600748,8.8,8.96,8.7,8.87,6724552,59308357.0,3,0.772100,1,1.837,28.035162,3.800721,2.725425,-32.865143,0,9.329999999999988,9.454000000000011,9.316500000000008,-1,-1,-1,-1,1,16.332267131918147,30.116555200154977,-11.236309004555508,-1,0.05217113914534188,0.11967762814817975,-0.06750648900283787
2010-11-16,sh.600748,8.88,8.88,8.4,8.42,8179644,70517229.0,3,0.939170,1,-5.0733,26.612859000000004,3.6079,2.5871560000000002,-31.197802,0,9.025999999999987,9.368000000000011,9.260000000000009,-1,-1,-1,-1,-1,4.37054464387989,15.783929730571112,-18.456225529502554,-1,-0.023753644735199586,0.09099137357150389,-0.11474501830670347
2010-11-17,sh.600748,8.38,8.58,8.27,8.39,5321157,44890250.0,3,0.610965,1,-0.3563,26.518039,3.595045,2.577938,-31.086646,0,8.783999999999988,9.27900000000001,9.23050000000001,-1,-1,-1,-1,-1,5.619860257836382,8.774224011211432,-0.68886724891372,-1,-0.08536133985830041,0.05572083088554303,-0.14108217074384344
2010-11-18,sh.600748,8.49,8.6,8.38,8.52,3940217,33392486.0,3,0.452408,1,1.5495,26.928926,3.650749,2.617883,-31.568323,0,8.581999999999988,9.19300000000001,9.20900000000001,-1,-1,-1,-1,-1,5.874534821903219,5.288313241206455,7.046977983296747,1,-0.12228632789083527,0.02011939913026737,-0.14240572702110263
2010-11-19,sh.600748,8.55,8.56,8.28,8.5,6041479,50830883.0,3,0.693671,1,-0.2347,26.865713,3.642179,2.6117369999999998,-31.494219,0,8.539999999999988,9.06500000000001,9.18150000000001,-1,-1,-1,-1,-1,9.487179487179475,6.993858188972983,14.473822083592458,1,-0.15141802702867935,-0.014188086101521974,-0.13722994092715737
2010-11-22,sh.600748,8.4,8.67,8.31,8.64,8546566,72612034.0,3,0.981300,1,1.6471,27.308207,3.702168,2.654754,-32.012947,0,8.49399999999999,8.91200000000001,9.15750000000001,1,-1,-1,-1,-1,14.89785331890594,10.086522542662836,24.520514871392148,1,-0.16134835510501055,-0.04362013990221969,-0.11772821520279086
2010-11-23,sh.600748,8.59,8.95,8.4,8.87,14211429,123111815.0,3,1.631728,1,2.662,28.035162,3.800721,2.725425,-32.865143,0,8.583999999999987,8.80500000000001,9.137000000000011,1,1,-1,-1,-1,24.65761307866569,16.347548628250326,41.27774197949642,1,-0.14894222063370322,-0.06468455604851639,-0.08425766458518683
2010-11-24,sh.600748,8.77,9.54,8.66,9.34,15679796,142879703.0,3,1.800323,1,5.2988,29.520677000000003,4.002112,2.869839,-34.606588,0,8.773999999999987,8.779000000000012,9.14200000000001,1,1,1,-1,-1,48.809978648354104,29.45514834864187,87.51963924777857,1,-0.10003208997232349,-0.07175406283327782,-0.028278027139045675
2010-11-25,sh.600748,9.3,9.84,9.15,9.28,20993015,196069077.0,3,2.410376,1,-0.6424,29.331037,3.9764019999999998,2.851403,-34.384276,0,8.925999999999988,8.754000000000012,9.13750000000001,1,1,1,1,-1,63.04123974518675,45.50294382406881,98.11783158742264,1,-0.06535854498152993,-0.07047495926292824,0.005116414281398307
2010-11-26,sh.600748,9.14,9.2,8.9,8.99,8669165,78108791.0,3,0.995376,1,-3.125,28.414441999999998,3.8521400000000003,2.762296,-33.309768,0,9.023999999999988,8.782000000000012,9.132500000000011,-1,1,-1,1,-1,64.81435043549492,58.88852294301188,76.66600542046098,1,-0.06058173856445315,-0.06849631512323322,0.00791457655878007
2010-11-29,sh.600748,8.92,8.98,8.78,8.9,4989866,44177523.0,3,0.572926,1,-1.0011,28.129982000000002,3.813575,2.734643,-32.976300,0,9.075999999999988,8.785000000000013,9.119500000000011,-1,1,-1,1,-1,50.106157112526525,59.32058243106935,31.677306475440886,-1,-0.06332832341073669,-0.06746271678073391,0.004134393369997227
2010-11-30,sh.600748,8.86,9.0,8.1,8.36,8388167,72907086.0,3,0.963113,1,-6.0674,26.423219,3.58219,2.568721,-30.975490,0,8.973999999999988,8.779000000000012,9.07350000000001,-1,-1,-1,1,-1,33.64326329404299,49.521256947354765,1.887275987419443,-1,-0.10783543890670622,-0.07553726120592838,-0.032298177700777836
2010-12-01,sh.600748,8.6,9.05,8.5,8.7,9313032,82301863.0,3,1.069304,1,4.067,27.497846999999997,3.727877,2.67319,-32.235259,0,8.84599999999999,8.810000000000013,9.04450000000001,-1,-1,-1,1,-1,29.850891963784534,37.86677079011797,13.819134311117665,-1,-0.11435428507697587,-0.08330066598013788,-0.031053619096837987
2010-12-02,sh.600748,8.72,8.86,8.64,8.67,5905590,51576555.0,3,0.678068,1,-0.3448,27.403027,3.7150220000000003,2.6639720000000002,-32.124103,0,8.72399999999999,8.825000000000014,9.00900000000001,-1,-1,-1,-1,-1,27.39463601532563,30.296263757717668,21.591380530541556,-1,-0.12055162284482712,-0.09075085735307573,-0.029800765491751396
2010-12-03,sh.600748,8.76,8.84,8.65,8.78,4285970,37526456.0,3,0.492107,1,1.2687,27.750701,3.7621559999999996,2.697771,-32.531675,0,8.68199999999999,8.853000000000012,8.959000000000009,1,-1,-1,-1,-1,35.44061302681988,30.895380335309966,44.53107840983972,1,-0.11525835046528243,-0.09565235597551706,-0.01960599448976537
2010-12-06,sh.600748,8.8,8.87,8.6,8.69,4745202,41505228.0,3,0.544835,1,-1.0251,27.466240999999997,3.723592,2.670117,-32.198207,0,8.63999999999999,8.858000000000013,8.885000000000009,1,-1,-1,-1,-1,35.24904214559384,32.694763729246404,40.357598978288706,1,-0.11697720144466928,-0.0999173250693475,-0.017059876375321775
2010-12-07,sh.600748,8.75,9.0,8.68,8.95,9985574,88720753.0,3,1.146524,1,2.9919,28.288015,3.835,2.750006,-33.161560,0,8.75799999999999,8.866000000000012,8.835500000000009,1,1,1,-1,-1,40.61302681992333,37.10089399744564,47.6372924648787,1,-0.0962500653009446,-0.09918387311566693,0.002933807814722328
2010-12-08,sh.600748,8.91,8.94,8.6,8.61,7544205,66096588.0,3,0.866211,1,-3.7989,27.213387,3.689313,2.645536,-31.901791,0,8.73999999999999,8.793000000000012,8.78600000000001,-1,-1,-1,-1,-1,43.04075235109715,39.63427377220473,49.85370950888198,1,-0.10603649635300094,-0.10055439776313373,-0.005482098589867215
2010-12-09,sh.600748,8.5,8.6,8.31,8.32,5922167,49967478.0,3,0.679971,1,-3.3682,26.296792,3.56505,2.5564299999999998,-30.827282,0,8.66999999999999,8.697000000000012,8.72550000000001,-1,-1,-1,-1,-1,39.45736860437403,41.0370492584648,36.298007296192495,-1,-0.1356294381020131,-0.1075694058309096,-0.028060032271103513
2010-12-10,sh.600748,8.3,8.43,8.16,8.39,3837910,32040828.0,3,0.440661,1,0.8413,26.518039,3.595045,2.577938,-31.086646,0,8.591999999999988,8.637000000000011,8.70950000000001,-1,-1,-1,-1,-1,33.349282296650735,38.61580108404059,22.81624472187103,-1,-0.1516851111178834,-0.11639254688830436,-0.03529256422957905
2010-12-13,sh.600748,8.45,8.59,8.4,8.56,4049717,34417890.0,3,0.464980,1,2.0262,27.055353000000004,3.6678879999999996,2.630173,-31.716531,0,8.56599999999999,8.603000000000012,8.694000000000008,-1,-1,-1,-1,-1,32.87601025034499,35.22755371712321,28.172923316788555,-1,-0.14897448329706542,-0.12290893417005658,-0.02606554912700884
2010-12-14,sh.600748,8.58,8.88,8.49,8.82,8802039,76354150.0,3,1.010633,1,3.0374,27.877128000000003,3.779296,2.7100619999999997,-32.679883,0,8.53999999999999,8.649000000000012,8.71400000000001,1,1,1,-1,-1,51.34718819520714,39.19082691406757,75.65991075748627,1,-0.12441231639133044,-0.12320961061431135,-0.0012027057770190863
2010-12-15,sh.600748,8.72,8.84,8.59,8.65,5415823,47151675.0,3,0.621834,1,-1.9274,27.339814,3.7064529999999998,2.657827,-32.049999,0,8.547999999999991,8.644000000000013,8.727000000000007,1,1,-1,-1,-1,60.61619404316034,48.27979749623744,85.28898713700615,1,-0.11731190281684967,-0.12203006905481902,0.004718166237969348
2010-12-16,sh.600748,8.63,8.8,8.62,8.67,4774815,41608996.0,3,0.548235,1,0.2312,27.403027,3.7150220000000003,2.6639720000000002,-32.124103,0,8.617999999999991,8.644000000000013,8.734500000000008,1,1,-1,-1,-1,65.87301587301589,59.27879937046108,79.06144887812549,1,-0.10881657135175082,-0.11938736951420538,0.010570798162454556
2010-12-17,sh.600748,8.62,8.69,8.56,8.63,3106203,26780991.0,3,0.356648,1,-0.4614,27.2766,3.697883,2.651682,-31.975895,0,8.665999999999991,8.629000000000012,8.741000000000007,-1,1,-1,1,-1,58.333333333333364,61.60751441650316,51.78497116699377,-1,-0.10411149317993029,-0.11633219424735036,0.01222070106742007
2010-12-20,sh.600748,8.63,8.69,8.22,8.38,5489874,46318292.0,3,0.630336,1,-2.8969,26.486432,3.59076,2.574866,-31.049594,0,8.629999999999992,8.598000000000011,8.728000000000005,-1,-1,-1,1,-1,48.290598290598346,57.49898249898249,29.873829873830047,-1,-0.11918174255323422,-0.11690210390852714,-0.00227963864470708
2010-12-21,sh.600748,8.44,8.85,8.29,8.77,9968111,86563136.0,3,1.144519,1,4.6539,27.719094000000002,3.7578720000000003,2.694699,-32.494623,0,8.61999999999999,8.58000000000001,8.723000000000006,1,1,1,1,-1,56.29324379324379,54.30572513905846,60.26828110161445,1,-0.09851961038071444,-0.1132256052029646,0.014705994822250157
2010-12-22,sh.600748,8.78,8.99,8.6,8.66,7936158,70069811.0,3,0.911214,1,-1.2543,27.37142,3.7107370000000004,2.6609,-32.087051,0,8.621999999999991,8.585000000000012,8.689000000000005,1,1,-1,1,-1,57.722771427590665,54.10220450381089,64.96390527515022,1,-0.08998352836086987,-0.10857718983454565,0.018593661473675777
2010-12-23,sh.600748,8.69,8.7,8.52,8.56,3880452,33402954.0,3,0.445546,1,-1.1547,27.055353000000004,3.6678879999999996,2.630173,-31.716531,0,8.59999999999999,8.609000000000012,8.653000000000006,-1,-1,-1,-1,-1,63.03967674449595,59.01856398844342,71.08190225660101,1,-0.09024746947511275,-0.10491124576265906,0.01466377628754631
2010-12-24,sh.600748,8.56,8.77,8.41,8.69,6218140,53669402.0,3,0.713954,1,1.5187,27.466240999999997,3.723592,2.670117,-32.198207,0,8.611999999999991,8.639000000000012,8.638000000000005,1,1,1,-1,-1,55.14525635007558,58.63590150738735,48.16396603545202,-1,-0.07905542938541466,-0.09974008248721018,0.020684653101795528
2010-12-27,sh.600748,8.56,8.74,8.25,8.31,6118232,52123096.0,3,0.702483,1,-4.3728,26.265185,3.560765,2.553357,-30.790230,0,8.59799999999999,8.614000000000011,8.608500000000005,-1,-1,-1,-1,-1,38.9610389610389,52.38199068520343,12.11913551270986,-1,-0.09969921074664256,-0.09973190813909666,3.26973924540952e-05
2010-12-28,sh.600748,8.29,8.34,8.0,8.04,5031375,41121245.0,3,0.577692,1,-3.2491,25.411804,3.4450730000000003,2.470396,-29.789826,0,8.451999999999991,8.53600000000001,8.592500000000005,-1,-1,-1,-1,-1,25.589225589225503,39.89850696677995,-3.0293371658833905,-1,-0.1362754017191552,-0.10704060685510837,-0.02923479486404683
2010-12-29,sh.600748,8.09,8.12,7.9,8.07,2910574,23397559.0,3,0.334186,1,0.3731,25.506624,3.4579269999999998,2.4796139999999998,-29.900982,0,8.33399999999999,8.478000000000009,8.561000000000005,-1,-1,-1,-1,-1,10.44168200131498,24.997315517193083,-18.669585030441226,-1,-0.16098580317375344,-0.11782964611883738,-0.04315615705491606
2010-12-30,sh.600748,8.08,8.09,7.9,7.94,3404865,27187123.0,3,0.390940,1,-1.6109,25.095736,3.402224,2.43967,-29.419305,0,8.20999999999999,8.405000000000008,8.524500000000007,-1,-1,-1,-1,-1,7.768819695425155,14.599909095321834,-5.893359104368201,-1,-0.18888157863620236,-0.13204003262231037,-0.05684154601389199
2010-12-31,sh.600748,7.96,8.07,7.93,8.07,2620724,21002114.0,3,0.300906,1,1.6373,25.506624,3.4579269999999998,2.4796139999999998,-29.900982,0,8.08599999999999,8.349000000000009,8.489000000000006,-1,-1,-1,-1,-1,11.620795107033622,9.943765601257875,14.974854118585117,1,-0.19821437617930293,-0.14527490133370888,-0.05293947484559405
2011-01-04,sh.600748,8.16,8.53,8.08,8.32,6329648,52702465.0,3,0.726758,1,3.0979,26.296792,3.56505,2.5564299999999998,-30.827282,0,8.08799999999999,8.343000000000009,8.470500000000005,1,-1,-1,-1,-1,19.266055045871543,12.885223282776728,32.027718572061175,1,-0.18332452381359232,-0.15288482582968557,-0.03043969798390675
2011-01-05,sh.600748,8.28,8.34,8.18,8.22,4062478,33508343.0,3,0.466446,1,-1.2019,25.980725,3.5222010000000004,2.525704,-30.456762,0,8.12399999999999,8.28800000000001,8.434000000000006,1,-1,-1,-1,-1,30.303349854124928,20.396733335676654,50.11658289102147,1,-0.17754672468018917,-0.1578172055997863,-0.01972951908040288
2011-01-06,sh.600748,8.23,8.35,8.19,8.2,3769302,31159644.0,3,0.432784,1,-0.2433,25.917510999999998,3.5136309999999997,2.519558,-30.382658,0,8.149999999999988,8.24200000000001,8.413500000000004,1,-1,-1,-1,-1,36.59882596927833,28.722743623091556,52.350990661651885,1,-0.172592076075043,-0.16077217969483765,-0.011819896380205364
2011-01-07,sh.600748,8.25,8.5,8.21,8.32,6338711,53173820.0,3,0.727798,1,1.4634,26.296792,3.56505,2.5564299999999998,-30.827282,0,8.225999999999988,8.218000000000009,8.413500000000004,1,1,-1,1,-1,40.4214559386973,35.77454392070015,49.7152799746916,1,-0.15717071803881666,-0.16005188736363346,0.0028811693248168013
2011-01-10,sh.600748,8.3,8.43,8.12,8.18,3652362,30292702.0,3,0.419357,1,-1.6827,25.854298,3.505062,2.513413,-30.308554,0,8.247999999999989,8.16700000000001,8.403000000000006,-1,1,-1,1,-1,42.975734355044644,39.998672087673384,48.92985888978717,1,-0.15446542934332363,-0.1589345957595715,0.004469166416247866
2011-01-11,sh.600748,8.18,8.39,8.1,8.36,3804083,31499316.0,3,0.436777,1,2.2005,26.423219,3.58219,2.568721,-30.975490,0,8.25599999999999,8.17200000000001,8.393000000000006,1,1,-1,1,-1,55.82010582010579,46.40576537128254,74.64878671775227,1,-0.13622663701103477,-0.15439300400986417,0.018166366998829397
2011-01-12,sh.600748,8.38,8.64,8.31,8.51,6666114,56695847.0,3,0.765390,1,1.7943,26.89732,3.646464,2.61481,-31.531271,0,8.31399999999999,8.21900000000001,8.377500000000007,1,1,1,1,-1,66.63091663091656,55.14225226868896,89.60824535537178,1,-0.1084187326252124,-0.14519814973293382,0.036779417107721424
2011-01-13,sh.600748,8.52,8.56,8.35,8.37,3656001,30783283.0,3,0.419775,1,-1.6451,26.454825,3.586475,2.571793,-31.012542,0,8.347999999999988,8.24900000000001,8.363500000000005,1,1,1,1,-1,72.47337881140687,64.9748004208097,87.47053559260124,1,-0.09656446300526333,-0.13547141238739974,0.0389069493821364
2011-01-14,sh.600748,8.32,8.4,8.18,8.23,3228831,26739818.0,3,0.370728,1,-1.6726,26.012331,3.5264860000000002,2.5287759999999997,-30.493814,0,8.32999999999999,8.27800000000001,8.341500000000007,-1,-1,-1,1,-1,57.063325901354,65.38920711455911,40.41156347494376,-1,-0.09734457127447271,-0.12784604416481432,0.030501472890341608
2011-01-17,sh.600748,8.17,8.23,7.74,7.78,5596364,44375299.0,3,0.642563,1,-5.4678,24.590029,3.3336650000000003,2.390508,-28.826473,0,8.24999999999999,8.24900000000001,8.299000000000007,-1,-1,-1,1,-1,31.067329905358033,53.534678206039594,-13.867366696005092,-1,-0.1327438632657394,-0.12882560798499934,-0.003918255280740052
2011-01-18,sh.600748,7.75,7.85,7.63,7.71,3985950,30816204.0,3,0.457659,1,-0.8997,24.368782,3.30367,2.368999,-28.567109,0,8.11999999999999,8.18800000000001,8.265500000000007,-1,-1,-1,-1,-1,13.050316936455554,33.726990914389155,-28.303031019411648,-1,-0.1645496462986049,-0.13597041564772044,-0.02857923065088447
2011-01-19,sh.600748,7.7,7.83,7.6,7.81,4587129,35356305.0,3,0.526685,1,1.297,24.684849,3.3465199999999995,2.399726,-28.937629,0,7.9799999999999915,8.14700000000001,8.217500000000006,-1,-1,-1,-1,-1,10.852514738653335,18.323387193488937,-4.089230171017867,-1,-0.17961628945770336,-0.14469959040971703,-0.03491669904798633
2011-01-20,sh.600748,7.78,7.88,7.54,7.56,3413823,26318432.0,3,0.391968,1,-3.201,23.894681,3.2393970000000003,2.32291,-28.011329,0,7.8179999999999925,8.083000000000009,8.162500000000007,-1,-1,-1,-1,-1,9.977093863232446,11.293308512780406,7.344664564136522,-1,-0.20931675017257945,-0.1576230223622895,-0.05169372781028994
2011-01-21,sh.600748,7.55,7.85,7.43,7.67,3833013,29314211.0,3,0.440099,1,1.455,24.242355,3.2865309999999996,2.356709,-28.418901,0,7.7059999999999915,8.018000000000011,8.118000000000006,-1,-1,-1,-1,-1,13.94840008476369,11.592669562216452,18.659861129858168,1,-0.2214260370554868,-0.17038362530092896,-0.05104241175455784
2011-01-24,sh.600748,7.65,7.7,7.55,7.6,2323780,17735763.0,3,0.266812,1,-0.9126,24.021107999999998,3.256536,2.3352009999999996,-28.159537,0,7.669999999999992,7.960000000000011,8.063500000000007,-1,-1,-1,-1,-1,11.900826446280965,11.94210679809233,11.81826574265823,-1,-0.23397404202579342,-0.18310170864590186,-0.050872333379891554
2011-01-25,sh.600748,7.59,7.71,7.55,7.63,2167143,16535753.0,3,0.248827,1,0.3947,24.115928,3.269391,2.344418,-28.270693,0,7.653999999999992,7.88700000000001,8.029500000000006,-1,-1,-1,-1,-1,17.194470854969634,14.347899128671392,22.887614307566114,1,-0.238745566808503,-0.1942304802784221,-0.044515086530080905
2011-01-26,sh.600748,7.63,7.76,7.62,7.71,2369445,18239696.0,3,0.272055,1,1.0485,24.368782,3.30367,2.368999,-28.567109,0,7.6339999999999915,7.807000000000009,8.013000000000007,1,-1,-1,-1,-1,20.204893734183518,16.433397011811333,27.74788717892789,1,-0.23338142734414813,-0.2020606696915673,-0.03132075765258083
2011-01-27,sh.600748,7.65,7.68,7.51,7.64,4530386,34481676.0,3,0.520170,1,-0.9079,24.147535,3.273676,2.3474909999999998,-28.307745,0,7.6499999999999915,7.734000000000009,7.9915000000000065,-1,-1,-1,-1,-1,24.27169814189701,20.557020910350015,31.701052604991,1,-0.23210318215305215,-0.20806917218386428,-0.024034009969187864
2011-01-28,sh.600748,7.71,7.97,7.71,7.76,5902768,46283799.0,3,0.677744,1,1.5707,24.526816,3.3250949999999997,2.384363,-28.752369,0,7.66799999999999,7.687000000000009,7.982500000000006,1,1,-1,-1,-1,38.74236349751812,27.73965179119951,60.74778691015535,1,-0.21888400791896778,-0.21023213933088497,-0.008651868588082812
2011-01-31,sh.600748,7.76,7.76,7.6,7.73,3932328,30221864.0,3,0.451502,1,-0.3866,24.431995,3.31224,2.3751450000000003,-28.641213,0,7.693999999999991,7.682000000000009,7.965500000000006,1,1,-1,1,-1,47.638888888888914,36.88431684276798,69.14803298113078,1,-0.20842586277353004,-0.20987088401941398,0.0014450212458839429
2011-02-01,sh.600748,7.78,7.84,7.73,7.8,2633056,20492222.0,3,0.302322,1,0.9056,24.653242000000002,3.342235,2.3966529999999997,-28.900577,0,7.727999999999992,7.69100000000001,7.939500000000007,1,1,-1,1,-1,61.728395061728435,49.369882482711795,86.44542021976171,1,-0.19227289022056748,-0.2063512852596447,0.014078395039077207
2011-02-09,sh.600748,7.7,7.78,7.63,7.66,4165615,32011223.0,3,0.478288,1,-1.7949,24.210748000000002,3.2822459999999998,2.353636,-28.381849,0,7.717999999999992,7.676000000000009,7.911500000000006,-1,-1,-1,1,-1,55.55555555555562,54.974279835390966,56.71810699588492,1,-0.1885943745141665,-0.20279990311054905,0.01420552859638255
2011-02-10,sh.600748,7.65,7.81,7.59,7.78,4422920,34062047.0,3,0.507831,1,1.5666,24.590029,3.3336650000000003,2.390508,-28.826473,0,7.7459999999999924,7.698000000000009,7.890500000000007,1,1,-1,1,-1,56.60225442834144,57.962068348541806,53.882626587940706,-1,-0.17399047332522866,-0.19703801715348496,0.0230475438282563
2011-02-11,sh.600748,7.81,8.2,7.75,8.08,9103829,72366287.0,3,1.045283,1,3.856,25.538231,3.462212,2.482687,-29.938034,0,7.8099999999999925,7.739000000000009,7.878500000000008,1,1,1,1,-1,61.29898013955994,57.818930041152306,68.25908033637519,1,-0.13663424905098775,-0.18495726353298553,0.04832301448199777
2011-02-14,sh.600748,8.03,8.2,7.94,8.18,8701462,70446712.0,3,0.999085,1,1.2376,25.854298,3.505062,2.513413,-30.308554,0,7.8999999999999915,7.797000000000009,7.878500000000008,1,1,1,1,1,79.46859903381652,65.78994453390594,106.82590803363766,1,-0.09783225853355049,-0.16753226253309852,0.06970000399954804
2011-02-15,sh.600748,8.13,8.19,8.07,8.09,6617613,53828494.0,3,0.759821,1,-1.1002,25.569837,3.466497,2.48576,-29.975086,0,7.957999999999991,7.843000000000009,7.865000000000007,1,1,1,1,1,87.92270531400975,76.2300948291287,111.30792628377182,1,-0.07349642825882352,-0.14872509567824352,0.07522866741942
2011-02-16,sh.600748,8.09,8.21,8.07,8.17,6226047,50675254.0,3,0.714862,1,0.9889,25.822691,3.500777,2.510341,-30.271502,0,8.059999999999992,7.88900000000001,7.848000000000008,1,1,1,1,1,91.56926912887643,86.32019115890087,102.06742506882753,1,-0.04721056205202778,-0.12842218895300037,0.08121162690097258
2011-02-17,sh.600748,8.19,8.26,8.0,8.09,6810703,55285438.0,3,0.781991,1,-0.9792,25.569837,3.466497,2.48576,-29.975086,0,8.121999999999991,7.93400000000001,7.834000000000008,-1,1,1,1,1,84.07774126096956,87.85657190128522,76.52007998033824,-1,-0.032459976709927396,-0.10922974650438577,0.07676976979445838
2011-02-18,sh.600748,8.09,8.42,8.08,8.36,13929099,115247034.0,3,1.599311,1,3.3375,26.423219,3.58219,2.568721,-30.975490,0,8.177999999999992,7.9940000000000095,7.8405000000000085,1,1,1,1,1,86.9821123685884,87.54304091947809,85.86025526680905,-1,0.0010051255006633397,-0.08718277210337595,0.08818789760403929
2011-02-21,sh.600748,8.34,8.35,8.17,8.33,8099676,66889195.0,3,0.929989,1,-0.3589,26.328398999999997,3.5693349999999997,2.559503,-30.864334,0,8.207999999999991,8.05400000000001,7.868000000000009,1,1,1,1,1,85.51819217167177,85.52601526707655,85.50254598086221,-1,0.02481960585937948,-0.06478229651082487,0.08960190237020435
2011-02-22,sh.600748,8.3,8.3,7.95,7.96,9905512,80046665.0,3,1.137331,1,-4.4418,25.15895,3.410793,2.445815,-29.493409,0,8.181999999999992,8.07000000000001,7.880500000000009,-1,-1,1,1,1,75.50200803212853,82.66743752412953,61.17114904812655,-1,0.013679160489607156,-0.049090005110738466,0.06276916560034562
2011-02-23,sh.600748,7.95,8.08,7.89,8.03,4732262,37760131.0,3,0.543349,1,0.8794,25.380197,3.440788,2.467324,-29.752774,0,8.153999999999993,8.10700000000001,7.8915000000000095,-1,-1,1,1,1,58.508661511718515,73.17628723850623,29.173410058143077,-1,0.010379049040473376,-0.0371961942804961,0.047575243320969476
2011-02-24,sh.600748,7.99,8.17,7.94,8.12,5872826,47349041.0,3,0.674306,1,1.1208,25.664657000000002,3.4793519999999996,2.494977,-30.086242,0,8.159999999999993,8.141000000000009,7.919500000000009,-1,-1,1,1,1,43.255194814741884,59.08862145286293,11.58834153849979,-1,0.014854699055646847,-0.02678601561326751,0.04164071466891436
2011-02-25,sh.600748,8.15,8.15,7.99,8.09,4238806,34226309.0,3,0.486691,1,-0.3695,25.569837,3.466497,2.48576,-29.975086,0,8.105999999999991,8.14200000000001,7.94050000000001,-1,-1,1,-1,1,40.974373415939134,47.57940991413313,27.764300419551134,-1,0.01579881574496511,-0.018269049341620984,0.034067865086586095
2011-02-28,sh.600748,8.06,8.17,8.05,8.13,4770259,38738924.0,3,0.547712,1,0.4944,25.696264000000003,3.4836370000000003,2.49805,-30.123294,0,8.065999999999992,8.13700000000001,7.96700000000001,1,-1,1,-1,1,42.13836477987426,42.122644336851714,42.169805665919355,1,0.01954934801443109,-0.01070536987041057,0.03025471788484166
2011-03-01,sh.600748,8.15,8.32,8.11,8.24,8483007,69814614.0,3,0.974002,1,1.353009,26.043938,3.530771,2.5318490000000002,-30.530866,0,8.121999999999993,8.152000000000008,7.997500000000011,1,1,1,-1,1,49.68553459119507,44.26609092900278,60.52442191557965,1,0.03103994340487226,-0.002356307215354002,0.03339625062022626
2011-03-02,sh.600748,8.15,8.23,8.03,8.22,6952054,56486083.0,3,0.798221,1,-0.2427,25.980725,3.5222010000000004,2.525704,-30.456762,0,8.159999999999993,8.157000000000007,8.02300000000001,1,1,1,1,1,57.861635220125926,49.895178197065036,73.79454926624771,1,0.03809337348678632,0.005733628925074062,0.032359744561712256
2011-03-03,sh.600748,8.2,8.37,8.16,8.23,10099694,83632776.0,3,1.159627,1,0.1217,26.012331,3.5264860000000002,2.5287759999999997,-30.493814,0,8.181999999999993,8.171000000000008,8.05250000000001,1,1,1,1,1,66.37840670859555,57.975192173305466,83.18483577917571,1,0.04398317342575808,0.013383537825210866,0.030599635600547216
2011-03-04,sh.600748,8.24,8.54,8.18,8.51,14570739,122381721.0,3,1.672983,1,3.4022,26.89732,3.646464,2.61481,-31.531271,0,8.265999999999993,8.186000000000009,8.09000000000001,1,1,1,1,1,76.16069988711514,66.80024727194548,94.88160511745448,1,0.07043263863804938,0.02479335798777857,0.045639280650270814
2011-03-07,sh.600748,8.54,8.55,8.4,8.49,11496872,97581883.0,3,1.320048,1,-0.235,26.834106,3.637894,2.6086650000000002,-31.457167,0,8.337999999999992,8.202000000000009,8.12800000000001,1,1,1,1,1,85.70901320901332,76.08270660157461,104.96162642389072,1,0.08875706136975303,0.037586098664173465,0.05117096270557957
2011-03-08,sh.600748,8.48,8.59,8.4,8.5,6701439,56882198.0,3,0.769446,1,0.1178,26.865713,3.642179,2.6117369999999998,-31.494219,0,8.389999999999992,8.256000000000009,8.163000000000011,1,1,1,1,1,90.81585081585085,84.22852130399305,103.99050983956644,1,0.10290004714109102,0.05064888835955698,0.052251158781534045
2011-03-09,sh.600748,8.54,8.54,8.38,8.41,5266484,44466801.0,3,0.604687,1,-1.0588,26.581252000000003,3.603615,2.584084,-31.160750,0,8.427999999999992,8.294000000000008,8.20050000000001,-1,1,1,1,1,82.35431235431237,86.29305879305879,74.47681947681954,-1,0.10562859670961977,0.06164483002956954,0.04398376668005023
2011-03-10,sh.600748,8.4,8.47,8.25,8.34,5995004,49988448.0,3,0.688334,1,-0.8323,26.360004999999997,3.5736199999999996,2.562575,-30.901386,0,8.449999999999992,8.316000000000008,8.228500000000011,-1,1,1,1,1,70.50366300366305,81.2246087246087,49.061771561771735,-1,0.1009785589446821,0.06951157581259206,0.03146698313209005
2011-03-11,sh.600748,8.28,8.38,8.18,8.2,4937831,40941454.0,3,0.566952,1,-1.6787,25.917510999999998,3.5136309999999997,2.519558,-30.382658,0,8.387999999999991,8.327000000000009,8.23450000000001,-1,-1,-1,1,1,51.904761904761926,68.25424575424573,19.20579420579432,-1,0.08501652298702744,0.07261256524747914,0.012403957739548305
2011-03-14,sh.600748,8.08,8.21,8.08,8.19,3909861,31863276.0,3,0.448922,1,-0.122,25.885904999999998,3.509346,2.516486,-30.345606,0,8.32799999999999,8.333000000000009,8.23500000000001,-1,-1,-1,-1,1,38.09523809523811,53.501221001220976,7.283272283272382,-1,0.07074408429670598,0.0722388690573245,-0.0014947847606185255
2011-03-15,sh.600748,8.15,8.18,7.89,7.97,6646261,53115467.0,3,0.763110,1,-2.6862,25.190557000000002,3.415078,2.448888,-29.530461,0,8.22199999999999,8.306000000000008,8.22900000000001,-1,-1,-1,-1,-1,23.452380952380953,37.817460317460274,-5.277777777777686,-1,0.041205916270993015,0.0660322785000582,-0.024826362229065188
2011-03-16,sh.600748,7.97,8.08,7.95,8.08,4097529,32894339.0,3,0.470470,1,1.3802,25.538231,3.462212,2.482687,-29.938034,0,8.155999999999988,8.292000000000009,8.22450000000001,-1,-1,-1,-1,-1,22.38095238095241,27.976190476190435,11.190476190476367,-1,0.026368822618128007,0.05809958732367217,-0.03173076470554416
2011-03-17,sh.600748,8.02,8.37,7.9,8.32,12336554,100791311.0,3,1.416459,1,2.9703,27.392869,3.486394,2.680386,310.014762,0,8.151999999999989,8.301000000000007,8.23600000000001,1,1,1,-1,-1,33.33333333333339,26.38888888888886,47.22222222222245,1,0.03358911878619075,0.05319749361617589,-0.019608374829985134
2011-03-18,sh.600748,8.3,9.15,8.27,8.94,29375489,256534460.0,3,3.372835,1,7.4519,29.434164000000003,3.746198,2.880127,333.116823,0,8.299999999999988,8.344000000000007,8.26500000000001,1,1,1,-1,1,57.30158730158734,37.671957671957664,96.56084656084668,1,0.08832195346161065,0.06022238558526284,0.028099567876347806
2011-03-21,sh.600748,8.86,9.2,8.63,8.85,24517532,216839208.0,3,2.815054,1,-1.0067,29.137846999999997,3.7084839999999994,2.8511319999999998,329.763298,0,8.43199999999999,8.380000000000006,8.291000000000007,1,1,1,1,1,72.68144916999881,54.43878993497313,109.16676764005018,1,0.1230177988231329,0.07278146823283685,0.05023633059029606
2011-03-22,sh.600748,8.72,9.09,8.63,8.74,12420391,108706282.0,3,1.426085,1,-1.2429,28.775682,3.6623900000000003,2.8156939999999997,325.664545,0,8.58599999999999,8.404000000000007,8.330000000000009,1,1,1,1,1,73.8337574215437,67.93893129770989,85.62340966921133,1,0.14002431243887692,0.08623003707404486,0.053794275364832056
2011-03-23,sh.600748,8.66,9.0,8.5,8.82,19833081,174503437.0,3,2.277195,1,0.9153,29.039075,3.6959129999999996,2.8414669999999997,328.645456,0,8.733999999999991,8.445000000000007,8.369500000000007,1,1,1,1,1,69.72010178117056,72.07843612423763,65.0034330950364,-1,0.15813455173965707,0.1006109400071673,0.057523611732489766
2011-03-24,sh.600748,8.84,8.84,8.58,8.61,11082600,96305942.0,3,1.272482,1,-2.381,28.347668,3.607915,2.773813,320.820565,0,8.791999999999991,8.472000000000007,8.394000000000009,-1,1,1,1,1,63.613231552162915,69.05569691829233,52.72830081990409,-1,0.15376924575890527,0.1112426011575149,0.04252664460139037
2011-03-25,sh.600748,8.58,8.79,8.55,8.69,8420916,73200276.0,3,0.966873,1,0.9292,28.611061,3.641438,2.799586,323.801476,0,8.74199999999999,8.521000000000006,8.424000000000008,-1,1,1,1,1,62.34096692111964,65.22476675148432,56.573367260390256,-1,0.15497854454026516,0.11998978983406496,0.034988754706200206
2011-03-28,sh.600748,8.73,8.89,8.53,8.6,11420074,99292382.0,3,1.054124,1,-1.0357,28.314744,3.603725,2.7705919999999997,320.447951,0,8.69199999999999,8.562000000000006,8.447500000000009,-1,1,1,1,1,56.625562732432975,60.85992040190513,48.156847393488675,-1,0.14698037641124273,0.12538790714950052,0.021592469261742214
2011-03-29,sh.600748,8.54,8.85,8.48,8.65,11678017,101463034.0,3,1.077933,1,0.5814,28.479365,3.6246769999999997,2.7867,322.311020,0,8.673999999999989,8.630000000000006,8.468000000000007,-1,1,1,1,1,57.53572127617932,58.83408364324393,54.93899654205012,-1,0.14302761931401697,0.12891584958240382,0.014111769731613155
2011-03-30,sh.600748,8.59,8.66,8.5,8.52,7063783,60407007.0,3,0.652019,1,-1.5029,28.051351,3.5702019999999997,2.7448189999999997,317.467040,0,8.61399999999999,8.674000000000007,8.483000000000008,-1,-1,1,-1,1,46.140060656189725,53.43378155493395,31.55261885870128,-1,0.1279304151003604,0.12871876268599514,-0.00078834758563473
2011-03-31,sh.600748,8.5,8.61,8.31,8.32,5789781,48960649.0,3,0.534423,1,-2.3474,27.392869,3.486394,2.680386,310.014762,0,8.55599999999999,8.674000000000007,8.487500000000008,-1,-1,-1,-1,1,28.565874542677765,44.08055215834889,-2.4634806886644753,-1,0.0986898087779764,0.12271297190439139,-0.02402316312641499
2011-04-01,sh.600748,8.31,8.57,8.3,8.53,4388015,36946273.0,3,0.405034,1,2.524,28.084275,3.574392,2.74804,317.839653,0,8.52399999999999,8.633000000000006,8.488500000000009,1,-1,1,-1,1,19.03974666211944,31.248560620328927,-5.377881254299531,-1,0.09140796839687226,0.11645197120288756,-0.025044002806015292
2011-04-06,sh.600748,8.53,8.53,8.53,8.53,0,0.0,3,,0,0.0,28.084275,3.574392,2.74804,317.839653,0,8.509999999999991,8.601000000000008,8.490500000000008,1,-1,1,-1,1,21.03155413779783,22.87905844753163,17.336545518330233,-1,0.08466113654960417,0.11009380427223088,-0.025432667722626714
2011-04-07,sh.600748,8.65,8.78,8.58,8.61,7916828,68578859.0,3,0.730759,1,0.9379,28.347668,3.607915,2.773813,320.820565,0,8.501999999999992,8.588000000000008,8.49600000000001,1,1,1,-1,1,38.171146596377085,26.080815798764736,62.35180819160178,1,0.08479212428693472,0.10503346827517165,-0.02024134398823693
2011-04-08,sh.600748,8.65,8.66,8.45,8.65,7298255,62467131.0,3,0.673662,1,0.4646,28.479365,3.6246769999999997,2.7867,322.311020,0,8.52799999999999,8.571000000000009,8.50800000000001,1,1,1,-1,1,48.24051654560117,35.814405759925314,73.09273811695287,1,0.08711934118328202,0.10145064285679373,-0.01433130167351171
2011-04-11,sh.600748,8.65,8.74,8.55,8.66,7677792,66357988.0,3,0.708695,1,0.1156,28.512289000000003,3.6288669999999996,2.789921,322.683634,0,8.59599999999999,8.57600000000001,8.52400000000001,1,1,1,1,1,57.6271186440677,48.01292726201527,76.85550140817256,1,0.08874756705725062,0.0989100276968851,-0.010162460639634482
2011-04-12,sh.600748,8.66,8.84,8.61,8.8,10333569,90415280.0,3,0.953835,1,1.6166,28.973226,3.687533,2.835024,327.900229,0,8.649999999999988,8.587000000000009,8.554000000000011,1,1,1,1,1,70.41602465331282,58.761219947660514,93.72563406461741,1,0.10017996548207009,0.0991640152539221,0.0010159502281479882
2011-04-13,sh.600748,8.79,8.95,8.65,8.91,10552506,93123519.0,3,0.974044,1,1.25,29.335392,3.733627,2.870462,331.998982,0,8.725999999999988,8.61800000000001,8.59000000000001,1,1,1,1,1,81.92406463592913,69.98906931110317,105.79405528558104,1,0.11677024954160586,0.10268526211145886,0.014084987430147008
2011-04-14,sh.600748,8.85,8.89,8.68,8.71,7285740,63772297.0,3,0.672507,1,-2.2447,28.676909000000002,3.6498190000000004,2.80603,324.546704,0,8.745999999999988,8.62400000000001,8.627000000000011,-1,1,1,1,1,82.61072261072277,78.3169372999882,91.19829323219193,1,0.11248320429433178,0.10464485054803344,0.007838353746298349
2011-04-15,sh.600748,8.66,9.12,8.64,8.92,14981315,133328755.0,3,1.382843,1,2.411,29.368315999999997,3.7378169999999997,2.873683,332.371595,0,8.799999999999988,8.66400000000001,8.66900000000001,1,1,1,1,1,77.51094434021276,80.68191052895484,71.1690119627286,-1,0.12459468503456428,0.10863481744533961,0.01595986758922467
2011-04-18,sh.600748,8.83,9.01,8.76,8.92,9994879,88768159.0,3,0.922572,1,0.0,29.368315999999997,3.7378169999999997,2.873683,332.371595,0,8.85199999999999,8.72400000000001,8.699000000000009,1,1,1,1,1,69.61197763527589,76.57788152873708,55.68016984835353,-1,0.1326638544460348,0.11344062484547865,0.01922322960055614
2011-04-19,sh.600748,8.86,8.86,8.61,8.67,8597895,74869101.0,3,0.793624,1,-2.8027,28.545213,3.633058,2.793143,323.056248,0,8.82599999999999,8.73800000000001,8.685500000000008,-1,-1,-1,1,1,59.53161024147565,68.88484407232137,40.8251425797842,-1,0.11753099453255977,0.11425869878289488,0.003272295749664894
2011-04-20,sh.600748,8.68,8.9,8.64,8.74,7807809,68394457.0,3,0.720696,1,0.8074,28.775682,3.6623900000000003,2.8156939999999997,325.664545,0,8.791999999999991,8.759000000000011,8.68000000000001,-1,-1,1,1,1,48.75621890547277,59.29993559407472,27.668785528268884,-1,0.1099194262865879,0.11339084428363348,-0.0034714179970455755
2011-04-21,sh.600748,8.78,8.8,8.64,8.72,6225560,54153902.0,3,0.574647,1,-0.2288,28.709834000000004,3.65401,2.8092509999999997,324.919317,0,8.793999999999992,8.77000000000001,8.67900000000001,-1,-1,1,1,1,35.31465479619459,47.867494647714274,10.208975093155217,-1,0.10110786226154822,0.11093424787921644,-0.009826385617668215
2011-04-22,sh.600748,8.73,8.74,8.59,8.65,4995644,43149740.0,3,0.461120,1,-0.8028,28.479365,3.6246769999999997,2.7867,322.311020,0,8.739999999999991,8.77000000000001,8.67050000000001,-1,-1,-1,-1,1,28.14296607001417,37.40461325722712,9.61967169558828,-1,0.08746794329877972,0.10624098696312909,-0.01877304366434937
2011-04-25,sh.600748,8.6,8.61,8.4,8.41,4884018,41349407.0,3,0.450817,1,-2.7746,27.689186,3.524108,2.709381,313.368287,0,8.637999999999991,8.74500000000001,8.66050000000001,-1,-1,-1,-1,-1,14.178068336459667,25.878563067556083,-9.222921125733166,-1,0.056639312278960574,0.09632065202629539,-0.039681339747334815
2011-04-26,sh.600748,8.38,8.46,8.31,8.41,3715231,31127151.0,3,0.342933,1,0.0,27.689186,3.524108,2.709381,313.368287,0,8.58599999999999,8.70600000000001,8.646500000000009,-1,-1,-1,-1,-1,8.351774206071939,16.890936204181866,-8.726549790147914,-1,0.031840364189028136,0.08342459445884194,-0.051584230269813805
2011-04-27,sh.600748,8.42,8.45,8.12,8.2,4525838,37626552.0,3,0.417755,1,-2.497,26.997778999999998,3.4361099999999998,2.641727,305.543395,0,8.477999999999989,8.63500000000001,8.626500000000009,-1,-1,-1,-1,-1,7.244855967078195,9.924899503203205,1.8847688948281736,-1,-0.0047040010003946975,0.06579887536699461,-0.0705028763673893
2011-04-28,sh.600748,8.22,8.28,8.0,8.13,4343877,35291765.0,3,0.400959,1,-0.8537,23.112471,3.345472,2.564514,5.538903,0,8.359999999999989,8.577000000000009,8.600500000000007,-1,-1,-1,-1,-1,11.07232204701956,8.889650740056503,15.437664660945671,1,-0.038866064883841034,0.044865887316827474,-0.08373195220066851
2011-04-29,sh.600748,8.09,8.2,8.09,8.19,2293157,18706286.0,3,0.211669,1,0.738,23.283043,3.370162,2.58344,5.579781,0,8.26799999999999,8.504000000000008,8.584000000000007,-1,-1,-1,-1,-1,13.994132746608024,10.770436920235198,20.441524399353675,1,-0.060401971745415395,0.0238123155043789,-0.0842142872497943
2011-05-03,sh.600748,8.19,8.29,8.15,8.28,2394084,19662775.0,3,0.220985,1,1.0989,23.5389,3.407196,2.61183,5.641097,0,8.24199999999999,8.440000000000008,8.582000000000008,1,-1,-1,-1,-1,21.697836450311698,15.588097081313032,33.91731518830903,1,-0.06940700450880932,0.005168451501741254,-0.07457545601055057
2011-05-04,sh.600748,8.24,8.24,8.05,8.08,2810505,22897171.0,3,0.259422,1,-2.4155,22.970328,3.324897,2.548742,5.504839,0,8.175999999999991,8.381000000000009,8.559500000000009,-1,-1,-1,-1,-1,20.740740740740716,18.810903312553418,24.60041559711531,1,-0.09162568254840586,-0.014190375308288171,-0.07743530724011768
2011-05-05,sh.600748,8.07,8.17,8.06,8.13,2542659,20627353.0,3,0.234699,1,0.6188,23.112471,3.345472,2.564514,5.538903,0,8.16199999999999,8.32000000000001,8.539500000000007,-1,-1,-1,-1,-1,19.559559559559588,20.666045583537272,17.34658751160422,-1,-0.10400070742218048,-0.03215244173106663,-0.07184826569111386
2011-05-06,sh.600748,8.1,8.14,8.01,8.11,3200386,25826815.0,3,0.295410,1,-0.246,23.055614000000002,3.337242,2.558205,5.525278,0,8.15799999999999,8.25900000000001,8.514500000000009,-1,-1,-1,-1,-1,15.200118150937854,18.50013948374599,8.600075485321582,-1,-0.11410648807915891,-0.048543251000685086,-0.06556323707847382
2011-05-09,sh.600748,8.12,8.18,8.05,8.16,3007517,24408282.0,3,0.277607,1,0.6165,23.197757,3.357817,2.573977,5.559342,0,8.15199999999999,8.210000000000008,8.490000000000009,1,-1,-1,-1,-1,23.460987716155234,19.40688847555083,31.569186197364047,1,-0.11673515966990777,-0.062181632734529625,-0.05455352693537815
2011-05-10,sh.600748,8.14,8.17,8.05,8.16,2253027,18277591.0,3,0.207965,1,0.0,23.197757,3.357817,2.573977,5.559342,0,8.12799999999999,8.185000000000008,8.465000000000009,1,-1,-1,-1,-1,29.456983712151228,22.706029859748043,42.9588914169576,1,-0.11746434499405467,-0.07323817518643463,-0.044226169807620036
2011-05-11,sh.600748,8.14,8.23,8.06,8.2,3698395,30198603.0,3,0.341378,1,0.4902,23.311471,3.3742769999999997,2.586595,5.586594,0,8.15199999999999,8.164000000000009,8.435000000000008,1,1,-1,-1,-1,46.43456049752904,33.1175106419451,73.06866020869691,1,-0.11350613583212876,-0.08129176731557346,-0.032214368516555306
2011-05-12,sh.600748,8.15,8.33,8.13,8.19,5051738,41690109.0,3,0.466298,1,-0.122,23.283043,3.370162,2.58344,5.579781,0,8.163999999999989,8.163000000000007,8.399000000000008,1,1,-1,1,-1,53.59035759897828,43.160633936219455,74.44980492449594,1,-0.10990917838809011,-0.08701524953007679,-0.02289392885801332
2011-05-13,sh.600748,8.19,8.38,8.15,8.37,6588565,54610407.0,3,0.608154,1,2.1978,23.794757999999998,3.444231,2.6402189999999996,5.702413,0,8.215999999999989,8.187000000000008,8.382000000000009,1,1,-1,1,-1,74.17093817955869,58.06528542535528,106.38224368796553,1,-0.09147954872808128,-0.08790810936967769,-0.003571439358403594
2011-05-16,sh.600748,8.38,8.39,8.26,8.34,5005063,41691615.0,3,0.461990,1,-0.3584,23.709472,3.431886,2.6307560000000003,5.681975,0,8.25199999999999,8.202000000000009,8.353000000000009,1,1,-1,1,-1,80.12980085348487,69.29703221067388,101.79533813910683,1,-0.07839104060439261,-0.08600469561662068,0.007613655012228063
2011-05-17,sh.600748,8.33,8.42,8.26,8.32,4349713,36261632.0,3,0.401498,1,-0.2398,23.652615,3.423656,2.624447,5.668349,0,8.28399999999999,8.206000000000008,8.32300000000001,1,1,-1,1,-1,86.58305288600526,80.29459730634954,99.15996404531671,1,-0.06883860785102414,-0.08257147806350137,0.013732870212477238
2011-05-18,sh.600748,8.35,8.48,8.31,8.39,5030572,42288793.0,3,0.464344,1,0.8413,23.851615,3.452461,2.646528,5.716039,0,8.321999999999992,8.237000000000009,8.309000000000008,1,1,1,1,1,81.10097506350206,82.60460960099734,78.09370598851152,-1,-0.05498597697187968,-0.07705437784517703,0.022068400873297353
2011-05-19,sh.600748,8.39,8.46,8.21,8.21,4182130,34924550.0,3,0.386029,1,-2.1454,23.3399,3.378392,2.5897490000000003,5.593407,0,8.325999999999992,8.24500000000001,8.28250000000001,-1,-1,-1,1,1,64.5567074176433,77.4135784557168,38.842965341496296,-1,-0.05786512967942237,-0.0732165282120261,0.015351398532603727
2011-05-20,sh.600748,8.23,8.38,8.05,8.27,3817704,31449649.0,3,0.352391,1,0.7308,23.510472,3.403081,2.608675,5.634284,0,8.305999999999992,8.26100000000001,8.260000000000009,-1,1,1,1,1,56.40771895101434,67.35513381071983,34.51288923160334,-1,-0.054675119639126635,-0.0695082464974462,0.01483312685831957
2011-05-23,sh.600748,8.25,8.25,7.8,7.89,4890999,39115908.0,3,0.451461,1,-4.5949,22.430184,3.246713,2.488809,5.375393,0,8.21599999999999,8.23400000000001,8.222000000000008,-1,-1,-1,-1,-1,33.86912904696758,51.61118513854168,-1.6149831361806122,-1,-0.08186613605041515,-0.07197982440803999,-0.009886311642375162
2011-05-24,sh.600748,7.89,7.99,7.76,7.86,2645227,20835642.0,3,0.244166,1,0.0,22.344898,3.234368,2.479346,5.354955,0,8.123999999999992,8.204000000000011,8.194500000000009,-1,-1,-1,-1,-1,26.09565790140341,38.79083529979505,0.7053031046201284,-1,-0.10462985391053614,-0.07850983030853922,-0.026120023601996917
2011-05-25,sh.600748,7.83,7.92,7.61,7.68,2693655,20966255.0,3,0.248636,1,-2.2901,21.833183,3.160298,2.422567,5.232322,0,7.98199999999999,8.15200000000001,8.15800000000001,-1,-1,-1,-1,-1,11.72338667267674,23.89605787368252,-12.621955729334815,-1,-0.13563128694726423,-0.08993412163628423,-0.045697165310980004
2011-05-26,sh.600748,7.73,7.82,7.56,7.59,3532951,27269464.0,3,0.326107,1,-1.1719,21.577325,3.123263,2.394177,5.171006,0,7.85799999999999,8.09200000000001,8.12750000000001,-1,-1,-1,-1,-1,8.398578488533538,15.405874354204505,-5.616013242808396,-1,-0.1655539904723664,-0.10505809540350067,-0.06049589506886574
2011-05-27,sh.600748,7.68,7.69,7.47,7.48,3841992,29013304.0,3,0.354633,1,-1.4493,21.26461,3.077999,2.359479,5.096064,0,7.69999999999999,8.00300000000001,8.09500000000001,-1,-1,-1,-1,-1,4.09898186220424,8.07364900780478,-3.8503524289968425,-1,-0.19588597767326021,-0.12322367185745257,-0.07266230581580764
2011-05-30,sh.600748,7.5,7.54,7.37,7.39,2425775,17991096.0,3,0.223910,1,-1.2032,21.008753,3.040964,2.33109,5.034747,0,7.59999999999999,7.90800000000001,8.05500000000001,-1,-1,-1,-1,-1,2.0175901256401003,4.8383834921259,-3.6239966073314998,-1,-0.22459752345546136,-0.14349844217705432,-0.08109908127840704
2011-05-31,sh.600748,7.4,7.54,7.36,7.52,2348744,17491984.0,3,0.216800,1,1.7591,21.378325,3.094459,2.372097,5.123315,0,7.531999999999991,7.82800000000001,8.01700000000001,-1,-1,-1,-1,-1,5.779118452385785,3.965230146743316,9.406895063670724,1,-0.23416243797478753,-0.16163124133660095,-0.07253119663818658
2011-06-01,sh.600748,7.53,7.84,7.48,7.82,6955718,53443030.0,3,0.642044,1,3.9894,22.231182999999998,3.217908,2.466728,5.327703,0,7.559999999999991,7.77100000000001,8.004000000000008,1,1,-1,-1,-1,20.481765187647515,9.426157921891074,42.5929797191604,1,-0.21505617512839326,-0.17231622809495942,-0.04273994703343384
2011-06-02,sh.600748,7.7,7.9,7.64,7.78,5669373,43997314.0,3,0.523309,1,-0.5115,22.117469,3.201448,2.454111,5.300451,0,7.59799999999999,7.728000000000009,7.986500000000009,1,1,-1,-1,-1,35.61150166569862,20.624128435243914,65.58624812660801,1,-0.2008269814438579,-0.1780183787647391,-0.0228086026791188
2011-06-03,sh.600748,7.8,7.96,7.71,7.88,9269112,72453908.0,3,0.855581,1,1.2853,22.401754999999998,3.242598,2.4856540000000003,5.368580,0,7.67799999999999,7.689000000000009,7.9750000000000085,1,1,-1,-1,-1,58.276244330441294,38.123170394595746,98.58239220213238,1,-0.17941291822726946,-0.17829728665724517,-0.0011156315700242836
2011-06-07,sh.600748,7.8,7.94,7.68,7.78,5961204,46259578.0,3,0.550246,1,-1.269,22.117469,3.201448,2.454111,5.300451,0,7.7559999999999905,7.678000000000009,7.956000000000008,1,1,-1,1,-1,66.57689792521255,53.48821464045076,92.75426449473612,1,-0.16856813458775033,-0.1763514562433462,0.007783321655595865
2011-06-08,sh.600748,7.77,7.77,7.55,7.7,4145195,31795782.0,3,0.382620,1,-1.0283,21.89004,3.168528,2.428876,5.245948,0,7.79199999999999,7.662000000000009,7.933000000000009,-1,1,-1,1,-1,69.73544973544976,64.86286399703447,79.48062121228034,1,-0.16453227122815317,-0.1739876192403076,0.009455348012154419
2011-06-09,sh.600748,7.68,7.76,7.51,7.52,2886886,22028597.0,3,0.266473,1,-2.3377,21.378325,3.094459,2.372097,5.123315,0,7.73199999999999,7.646000000000008,7.89900000000001,-1,-1,-1,1,-1,51.111111111111114,62.47448625725773,28.384360818817882,-1,-0.17385423274153844,-0.17396094194055375,0.00010670919901531462
2011-06-10,sh.600748,7.55,7.63,7.47,7.56,2391196,18063935.0,3,0.220718,1,0.5319,21.492039000000002,3.110918,2.384714,5.150567,0,7.687999999999991,7.643000000000008,7.8675000000000095,-1,-1,-1,1,-1,38.88888888888885,53.2451499118165,10.176366843033549,-1,-0.17598563583331828,-0.17436588071910666,-0.0016197551142116129
2011-06-13,sh.600748,7.51,7.51,7.35,7.44,2637654,19548107.0,3,0.243467,1,-1.5873,21.150896,3.061539,2.346862,5.068812,0,7.599999999999992,7.639000000000007,7.8210000000000095,-1,-1,-1,-1,-1,24.918032786885238,38.306010928961655,-1.857923497267592,-1,-0.18522265380171188,-0.1765372353356277,-0.008685418466084172
2011-06-14,sh.600748,7.45,7.74,7.43,7.6,3598777,27476899.0,3,0.332183,1,2.1505,21.605754,3.1273779999999998,2.397332,5.177819,0,7.563999999999991,7.660000000000006,7.784000000000009,1,-1,-1,-1,-1,29.69034608378873,31.165755919854192,26.739526411657806,-1,-0.17758530145442286,-0.17674684855938674,-0.0008384528950361181
2011-06-15,sh.600748,7.66,7.68,7.48,7.5,3063924,23216266.0,3,0.282814,1,-1.3158,21.321468,3.086229,2.3657880000000002,5.109689,0,7.523999999999992,7.658000000000007,7.743000000000009,-1,-1,-1,-1,-1,26.77595628415308,27.1281117182756,26.07164541590803,-1,-0.17755506469851934,-0.17690849178721327,-0.0006465729113060703
2011-06-16,sh.600748,7.54,7.54,7.3,7.31,2681754,19842948.0,3,0.247538,1,-2.5333,20.781323999999998,3.008044,2.3058549999999998,4.980244,0,7.481999999999992,7.607000000000008,7.68900000000001,-1,-1,-1,-1,-1,22.362974002318285,26.276425456753284,14.536071093448292,-1,-0.19066465054846837,-0.1796597235394643,-0.011004927009004073
2011-06-17,sh.600748,7.34,7.41,7.21,7.22,2903758,21223480.0,3,0.268030,1,-1.2312,20.525466,2.971009,2.2774650000000003,4.918928,0,7.413999999999993,7.551000000000007,7.63950000000001,-1,-1,-1,-1,-1,9.158392821092143,19.43244103585442,-11.389703608432413,-1,-0.20594236424232104,-0.18491625168003564,-0.0210261125622854
2011-06-20,sh.600748,7.22,7.28,6.97,7.05,8459994,59709365.0,3,0.780895,1,-2.3546,20.042179,2.901055,2.223841,4.803108,0,7.335999999999993,7.468000000000008,7.57850000000001,-1,-1,-1,-1,-1,4.295004842950054,11.938790555453414,-10.992566582056664,-1,-0.22912641497975716,-0.19375828433997994,-0.03536813063977723
2011-06-21,sh.600748,7.07,7.12,7.02,7.11,4512420,31935590.0,3,0.416517,1,0.8511,20.212751,2.925745,2.2427669999999997,4.843986,0,7.237999999999992,7.401000000000008,7.539500000000011,-1,-1,-1,-1,-1,9.697127333680173,7.716841665907377,13.657698669225768,1,-0.23989310527285124,-0.2029852485265542,-0.03690785674629704
2011-06-22,sh.600748,7.12,7.14,7.0,7.03,3582405,25241394.0,3,0.330672,1,-1.1252,19.985322,2.892825,2.217532,4.789482,0,7.143999999999993,7.334000000000008,7.49800000000001,-1,-1,-1,-1,-1,11.837908926516592,8.610013701048858,18.29369937745206,1,-0.25197648820592633,-0.2127834964624286,-0.03919299174349772
2011-06-23,sh.600748,7.01,7.15,6.92,7.13,4062526,28588563.0,3,0.374989,1,1.4225,20.269607999999998,2.933975,2.2490759999999996,4.857611,0,7.1079999999999925,7.295000000000007,7.47050000000001,1,-1,-1,-1,-1,17.04116095903691,12.858732406411145,25.406018064288443,1,-0.2505947912081261,-0.22034575541156812,-0.030249035796557994
2011-06-24,sh.600748,7.11,7.3,7.09,7.28,6491657,46813810.0,3,0.599209,1,2.1038,20.696038,2.995699,2.296391,4.959805,0,7.119999999999993,7.2670000000000075,7.45500000000001,1,1,-1,-1,-1,25.768134304719723,18.215734730090997,40.872933453977176,1,-0.23469067200804794,-0.2232147387308641,-0.011475933277183853
2011-06-27,sh.600748,7.24,7.37,7.24,7.31,4888895,35758746.0,3,0.451267,1,0.4121,20.781323999999998,3.008044,2.3058549999999998,4.980244,0,7.171999999999993,7.2540000000000076,7.44650000000001,1,1,-1,-1,-1,40.275994865211835,27.69509670965608,65.43779117632334,1,-0.21716247979137027,-0.2220042869429653,0.004841807151595046
2011-06-28,sh.600748,7.29,7.34,7.17,7.28,3982472,28869926.0,3,0.367600,1,-0.4104,20.696038,2.995699,2.296391,4.959805,0,7.205999999999993,7.222000000000008,7.441000000000011,1,1,-1,-1,-1,51.09424820903561,39.04612579298898,75.19049304112887,1,-0.20334794196016848,-0.21827301794640594,0.014925075986237463
2011-06-29,sh.600748,7.29,7.29,7.14,7.17,3807878,27462839.0,3,0.351484,1,-1.511,20.383323,2.9504349999999997,2.261693,4.884863,0,7.233999999999993,7.189000000000009,7.4235000000000095,-1,-1,-1,1,-1,53.46690458866061,48.27904922096928,63.84261532404328,1,-0.198982159420507,-0.21441484624122614,0.015432686820719133
2011-06-30,sh.600748,7.17,7.29,7.12,7.24,6009446,43433889.0,3,0.554699,1,0.9763,20.582323000000002,2.9792389999999997,2.283774,4.932554,0,7.255999999999993,7.1820000000000075,7.3945000000000105,-1,1,-1,1,-1,60.0653451344696,54.875499310721864,70.44503678196509,1,-0.18771002598435693,-0.2090738821898523,0.021363856205495357
2011-07-01,sh.600748,7.27,7.39,7.21,7.32,6417180,46964406.0,3,0.592335,1,1.105,20.809752,3.012159,2.309009,4.987057,0,7.263999999999993,7.192000000000007,7.37150000000001,1,1,-1,1,-1,69.07930075103334,60.87051682472111,85.49686860365782,1,-0.17035767043199534,-0.2013306398382809,0.03097296940628555
2011-07-04,sh.600748,7.34,7.5,7.29,7.47,6697985,49743264.0,3,0.618254,1,2.0492,21.236182,3.073884,2.356325,5.089251,0,7.295999999999994,7.234000000000007,7.351000000000011,1,1,1,1,-1,83.68169343224376,70.9421131059155,109.16085408490028,1,-0.14285531015100528,-0.18963557390082578,0.0467802637498205
2011-07-05,sh.600748,7.47,7.66,7.45,7.54,5805499,43847318.0,3,0.535874,1,0.9371,21.435182,3.102689,2.378405,5.136941,0,7.347999999999994,7.277000000000008,7.33900000000001,1,1,1,1,1,87.90591765646798,80.22230394658162,103.2731450762407,1,-0.11409585055591709,-0.17452762923184403,0.060431778675926945
2011-07-06,sh.600748,7.57,7.58,7.39,7.47,3804619,28363732.0,3,0.351183,1,-0.9284,21.236182,3.073884,2.356325,5.089251,0,7.407999999999992,7.321000000000008,7.32750000000001,1,1,1,1,1,81.759345552449,84.44898554705351,76.38006556323998,-1,-0.09584731838818694,-0.15879156706311262,0.06294424867492568
2011-07-07,sh.600748,7.47,7.53,7.4,7.43,4544673,33933869.0,3,0.419494,1,-0.5355,21.122467,3.057424,2.3437069999999998,5.061999,0,7.445999999999993,7.351000000000008,7.32300000000001,-1,1,1,1,1,69.28595261928594,79.65040527606756,48.557047305722705,-1,-0.08364864140904604,-0.1437629819322993,0.06011434052325326
2011-07-08,sh.600748,7.43,7.5,7.39,7.43,2872321,21395376.0,3,0.265128,1,0.0,21.122467,3.057424,2.3437069999999998,5.061999,0,7.467999999999992,7.3660000000000085,7.31650000000001,-1,1,1,1,1,60.493827160493794,70.5130417774095,40.455397926662386,-1,-0.07313801253468721,-0.12963798805277688,0.05649997551808966
2011-07-11,sh.600748,7.44,7.44,7.34,7.42,2761033,20414892.0,3,0.254856,1,-0.1346,21.094039000000002,3.053309,2.340553,5.055186,0,7.457999999999993,7.377000000000008,7.31550000000001,-1,1,1,1,1,56.7901234567901,62.189967745523205,45.990434879323885,-1,-0.0648674285159192,-0.11668387614540535,0.051816447629486145
2011-07-12,sh.600748,7.39,7.39,7.19,7.2,4065480,29531377.0,3,0.375262,1,-2.965,20.468609,2.9627790000000003,2.271156,4.905302,0,7.3899999999999935,7.369000000000009,7.295500000000009,-1,-1,-1,1,1,42.592592592592595,53.29218106995876,21.19341563786027,-1,-0.0751982538172733,-0.10838675167977893,0.033188497862505634
2011-07-13,sh.600748,7.23,7.34,7.18,7.32,3449743,25142045.0,3,0.318427,1,1.6667,20.809752,3.012159,2.309009,4.987057,0,7.359999999999994,7.384000000000009,7.286500000000009,-1,-1,1,-1,1,33.17901234567907,44.18724279835385,11.162551440329509,-1,-0.07286259553409202,-0.10128192045064155,0.028419324916549527
2011-07-14,sh.600748,7.34,7.38,7.31,7.38,3226531,23697484.0,3,0.297823,1,0.8197,20.980324,3.036849,2.3279349999999996,5.027934,0,7.349999999999994,7.398000000000009,7.290000000000009,1,-1,1,-1,1,28.54938271604945,34.7736625514403,16.100823045267745,-1,-0.06541599607537041,-0.09410873557558733,0.02869273950021692
2011-07-15,sh.600748,7.33,7.35,7.25,7.35,4407617,32163946.0,3,0.406843,1,-0.4065,20.895038,3.0245040000000003,2.3184720000000003,5.007496,0,7.333999999999994,7.401000000000008,7.296500000000009,1,-1,1,-1,1,35.416666666666714,32.38168724279834,41.48662551440346,1,-0.061229446686624556,-0.08753287779779477,0.026303431111170214
2011-07-18,sh.600748,7.34,7.46,7.27,7.42,4904709,36145220.0,3,0.452727,1,0.9524,21.094039000000002,3.053309,2.340553,5.055186,0,7.333999999999994,7.396000000000008,7.3150000000000075,1,1,1,-1,1,45.69444444444446,36.553497942386805,63.97633744855976,1,-0.05166756956795826,-0.08035981615182747,0.028692246583869208
2011-07-19,sh.600748,7.36,7.45,7.31,7.38,3644607,26879945.0,3,0.336414,1,-0.5391,20.980324,3.036849,2.3279349999999996,5.027934,0,7.369999999999995,7.380000000000007,7.328500000000007,1,-1,1,-1,1,50.8531746031746,43.988095238095184,64.58333333333343,1,-0.0467781493801942,-0.07364348279750081,0.02686533341730661
2011-07-20,sh.600748,7.36,7.45,7.3,7.33,3374164,24918371.0,3,0.311450,1,-0.6775,20.838181,3.016274,2.312163,4.993870,0,7.371999999999995,7.366000000000007,7.343500000000008,-1,-1,-1,1,1,54.67261904761907,50.40674603174597,63.20436507936529,1,-0.04640292673302682,-0.06819537158460601,0.02179244485157919
2011-07-21,sh.600748,7.32,7.33,7.2,7.21,3210770,23268693.0,3,0.296368,1,-1.6371,20.497037,2.966894,2.274311,4.912115,0,7.337999999999994,7.3440000000000065,7.347500000000008,-1,-1,-1,-1,-1,38.24404761904767,47.923280423280374,18.885582010582254,-1,-0.05515279016635155,-0.06558685530095512,0.01043406513460357
2011-07-22,sh.600748,7.26,7.35,7.18,7.28,3511911,25369485.0,3,0.324165,1,0.9709,20.696038,2.995699,2.296391,4.959805,0,7.323999999999994,7.329000000000008,7.347500000000008,-1,-1,-1,-1,-1,31.101190476190595,41.3392857142857,10.625000000000384,-1,-0.05579552886577854,-0.06362859001391981,0.007833061148141265
2011-07-25,sh.600748,7.24,7.27,6.94,6.95,4149448,29304744.0,3,0.383013,1,-4.533,19.757893,2.859905,2.192297,4.734979,0,7.229999999999994,7.282000000000008,7.3295000000000075,-1,-1,-1,-1,-1,16.1172161172162,28.48748473748475,-8.623321123320906,-1,-0.08198803891386763,-0.06730047979390938,-0.014687559119958254
2011-07-26,sh.600748,6.97,6.99,6.9,6.95,2315819,16053789.0,3,0.213761,1,0.0,19.757893,2.859905,2.192297,4.734979,0,7.143999999999994,7.257000000000008,7.313000000000007,-1,-1,-1,-1,-1,15.52197802197807,20.91346153846155,4.739010989011106,-1,-0.10157489961919275,-0.07415536375896606,-0.02741953586022669
2011-07-27,sh.600748,6.9,7.01,6.9,7.0,1938551,13511326.0,3,0.178937,1,0.7194,19.900036,2.88048,2.208069,4.769043,0,7.077999999999994,7.2250000000000085,7.304500000000007,-1,-1,-1,-1,-1,9.569597069597046,13.7362637362637,1.2362637362637408,-1,-0.11177457795391543,-0.08167920659795594,-0.030095371355959494
2011-07-28,sh.600748,6.9,6.94,6.83,6.92,2096669,14441396.0,3,0.193532,1,-1.1429,19.672607,2.8475599999999996,2.182834,4.714540,0,7.019999999999994,7.179000000000009,7.288500000000006,-1,-1,-1,-1,-1,13.690476190476174,12.927350427350357,15.216727716727807,1,-0.12487376094603242,-0.09031811746757124,-0.034555643478461184
2011-07-29,sh.600748,7.0,7.49,6.99,7.19,14638585,106642155.0,3,1.351207,1,3.9017,20.440179999999998,2.9586650000000003,2.268002,4.898489,0,7.001999999999994,7.163000000000009,7.282000000000006,1,1,-1,-1,-1,28.8961038961039,17.385392385392297,51.917526917527105,1,-0.11217512926240847,-0.09468951982653868,-0.017485609435869784
2011-08-01,sh.600748,7.07,7.17,7.0,7.1,5444458,38492627.0,3,0.502548,1,-1.2517,20.184323000000003,2.92163,2.2396130000000003,4.837173,0,7.031999999999994,7.131000000000009,7.263500000000006,1,-1,-1,-1,-1,36.58008658008658,26.38888888888881,56.96248196248212,1,-0.10812719698307482,-0.09737705525784592,-0.01075014172522891
2011-08-02,sh.600748,7.23,7.23,7.04,7.16,4068603,28988526.0,3,0.375550,1,0.8451,20.354894,2.94632,2.258539,4.878050,0,7.073999999999994,7.109000000000009,7.244500000000007,1,1,-1,-1,-1,48.48484848484849,37.98701298701292,69.48051948051963,1,-0.09893719651370336,-0.09768908350901741,-0.001248113004685955
2011-08-03,sh.600748,7.05,7.17,7.04,7.1,2590460,18414924.0,3,0.239111,1,-0.838,20.184323000000003,2.92163,2.2396130000000003,4.837173,0,7.093999999999994,7.086000000000008,7.226000000000006,1,1,-1,1,-1,43.9393939393939,43.001443001442915,45.81529581529587,1,-0.09539588906318563,-0.09723044461985106,0.0018345555566654237
2011-08-04,sh.600748,7.19,7.19,7.09,7.12,2382530,16960641.0,3,0.219918,1,0.2817,20.24118,2.9298599999999997,2.245921,4.850799,0,7.133999999999993,7.077000000000008,7.210500000000006,-1,1,-1,1,-1,44.94949494949493,45.7912457912457,43.26599326599339,-1,-0.08993878619952422,-0.09577211293578569,0.005833326736261468
2011-08-05,sh.600748,7.0,7.0,6.89,6.92,3694310,25602043.0,3,0.341001,1,-2.809,19.672607,2.8475599999999996,2.182834,4.714540,0,7.079999999999993,7.041000000000008,7.185000000000005,-1,-1,-1,1,-1,32.8282828282828,40.57239057239047,17.340067340067478,-1,-0.10059275077985141,-0.09673624050459884,-0.003856510275252578
2011-08-08,sh.600748,6.92,6.92,6.48,6.62,6342330,42272501.0,3,0.585426,1,-4.3353,18.819748999999998,2.724111,2.088202,4.510153,0,6.983999999999992,7.008000000000008,7.145000000000006,-1,-1,-1,-1,-1,23.812381238123802,33.86338633863377,3.7103710371038687,-1,-0.13172514182392714,-0.1037340207684645,-0.027991121055462642
2011-08-09,sh.600748,6.33,6.65,6.33,6.63,4252673,27790270.0,3,0.392541,1,0.1511,18.848177,2.728226,2.091356,4.516965,0,6.877999999999991,6.976000000000008,7.1165000000000065,-1,-1,-1,-1,-1,17.786606246831564,24.809090104412643,3.741638531669402,-1,-0.1538177542735717,-0.11375076746948594,-0.040066986804085755
2011-08-10,sh.600748,6.74,6.83,6.63,6.63,5493685,36982788.0,3,0.507092,1,0.0,18.848177,2.728226,2.091356,4.516965,0,6.783999999999992,6.939000000000007,7.082000000000006,-1,-1,-1,-1,-1,21.861841356549434,21.153609613834853,23.278304841978596,1,-0.1693738722409739,-0.12487538842378353,-0.04449848381719036
2011-08-11,sh.600748,6.47,6.79,6.41,6.78,3962901,26368850.0,3,0.365794,1,2.2624,19.274607,2.789951,2.138672,4.619159,0,6.715999999999991,6.925000000000007,7.052000000000007,1,-1,-1,-1,-1,33.90804597701149,24.51883119346408,52.686475544106315,1,-0.1676657154092691,-0.13343345382088065,-0.03423226158838846
2011-08-12,sh.600748,6.82,6.89,6.7,6.86,4126325,28091229.0,3,0.380878,1,1.1799,19.502036,2.82287,2.163907,4.673663,0,6.703999999999991,6.8920000000000075,7.027500000000008,1,-1,-1,-1,-1,44.91698595146872,33.5622910950098,67.62637566438656,1,-0.1580349291119587,-0.13835374887909627,-0.019681180232862444
2011-08-15,sh.600748,6.88,6.92,6.77,6.91,2835293,19407316.0,3,0.261710,1,0.7289,19.644179,2.843445,2.179679,4.707727,0,6.761999999999991,6.873000000000007,7.002000000000008,1,1,-1,-1,-1,58.77691645133507,45.86731612660501,84.59611710079518,1,-0.144699869430454,-0.13962297298936782,-0.005076896441086165
2011-08-16,sh.600748,6.89,6.89,6.75,6.83,2397995,16364611.0,3,0.221346,1,-1.1577,19.41675,2.810526,2.154444,4.653224,0,6.801999999999991,6.840000000000008,6.974500000000009,1,-1,-1,-1,-1,61.4900947459087,55.061332382904084,74.34761947191794,1,-0.13898493811952672,-0.1394953660153996,0.0005104278958728836
2011-08-17,sh.600748,6.77,7.08,6.77,6.93,3856425,26736428.0,3,0.355965,1,1.4641,19.701036,2.851675,2.185988,4.721353,0,6.861999999999992,6.8230000000000075,6.954500000000008,1,1,-1,1,-1,68.52713178294572,62.93138099339641,79.71863336204432,1,-0.12494634591729525,-0.13658556199577873,0.011639216078483478
2011-08-18,sh.600748,6.94,6.95,6.64,6.73,2524896,17107597.0,3,0.233059,1,-2.886,19.132464000000002,2.769376,2.1229,4.585095,0,6.851999999999992,6.784000000000008,6.930500000000007,-1,-1,-1,1,-1,63.82428940568476,64.61383864484631,62.24519092736165,-1,-0.1284779748652074,-0.13496404456966446,0.006486069704457059
2011-08-19,sh.600748,6.6,7.08,6.58,6.8,2309325,15590468.0,3,0.213161,1,1.0401,19.331464,2.798181,2.144981,4.632785,0,6.839999999999992,6.772000000000007,6.906500000000008,-1,1,-1,1,-1,65.33333333333333,65.89491817398785,64.2101636520243,-1,-0.12419673857237257,-0.13281058337020607,0.008613844797833503
2011-08-22,sh.600748,6.78,6.89,6.72,6.78,1475474,10003875.0,3,0.136193,1,-0.2941,19.274607,2.789951,2.138672,4.619159,0,6.813999999999991,6.7880000000000065,6.898000000000009,-1,-1,-1,1,-1,57.07462686567166,62.07741653489649,47.069047527222,-1,-0.12102258776092167,-0.1304529842483492,0.009430396487427523
2011-08-23,sh.600748,6.79,7.0,6.72,6.94,6285273,43404764.0,3,0.580159,1,2.3599,19.729465,2.8557900000000003,2.189142,4.728166,0,6.835999999999991,6.819000000000007,6.89750000000001,1,1,1,1,-1,65.66500829187397,62.69098949695956,71.61304588170282,1,-0.10439300991421963,-0.12524098938152328,0.020847979467303657
2011-08-24,sh.600748,6.95,7.12,6.87,7.09,5904013,41219701.0,3,0.544967,1,2.1614,20.155894,2.9175150000000003,2.2364580000000003,4.830360,0,6.867999999999992,6.865000000000006,6.90200000000001,1,1,1,1,-1,76.25760088446657,66.33241201400398,96.10797862539175,1,-0.07820866248544434,-0.1158345240023075,0.03762586151686316
2011-08-25,sh.600748,7.05,7.25,7.02,7.16,8573389,61271106.0,3,0.791362,1,0.9873,20.354894,2.94632,2.258539,4.878050,0,6.953999999999992,6.903000000000006,6.91400000000001,1,1,1,1,1,86.70536207849642,76.20932375161223,107.6974387322648,1,-0.05121854797588643,-0.10291132879702328,0.05169278082113685
2011-08-26,sh.600748,7.18,7.31,7.1,7.23,5545555,39980778.0,3,0.511880,1,0.977656,19.106679,2.318638,2.306741,2.990138,0,7.039999999999992,6.940000000000007,6.916000000000009,1,1,1,1,1,90.01756817131998,84.32684371142756,101.39901709110484,1,-0.023904714123943016,-0.08711000586240722,0.0632052917384642
2011-08-29,sh.600748,7.22,7.24,7.13,7.22,5741185,41326261.0,3,0.529937,1,-0.1383,19.080251999999998,2.3154310000000002,2.30355,2.986002,0,7.127999999999991,6.971000000000006,6.9220000000000095,1,1,1,1,1,87.75983098207597,88.1609204106307,86.9576521249665,-1,-0.003030289150210308,-0.07029406251996784,0.06726377336975753
2011-08-30,sh.600748,7.22,7.3,7.12,7.19,6140204,44286037.0,3,0.566768,1,-0.4155,19.000971,2.3058099999999997,2.293979,2.973595,0,7.177999999999992,7.007000000000007,6.9235000000000095,1,1,1,1,1,86.75799086757998,88.17846334032521,83.91704592208953,-1,0.010965688127217987,-0.05404211239053067,0.06500780051774865
2011-08-31,sh.600748,7.19,7.45,7.06,7.4,13929760,101643945.0,3,1.285779,1,2.9207,19.555937,2.373157,2.360979,3.060445,0,7.239999999999992,7.0540000000000065,6.93850000000001,1,1,1,1,1,88.49525009184912,87.6710239805016,90.14370231454413,1,0.038558369035433415,-0.03552201610533785,0.07408038514077127
2011-09-01,sh.600748,7.4,7.59,7.27,7.42,19396220,144776815.0,3,1.790358,1,0.2703,19.608791,2.379571,2.3673599999999997,3.068717,0,7.291999999999992,7.123000000000006,6.95350000000001,1,1,1,1,1,86.09142917125918,87.11489004356265,84.04450742665225,-1,0.06133259631069787,-0.016151093622130706,0.07748368993282859
2011-09-02,sh.600748,7.43,7.56,7.24,7.5,20229113,150212206.0,3,1.867238,1,1.0782,19.820206,2.405226,2.392884,3.101803,0,7.345999999999992,7.193000000000007,6.982500000000011,1,1,1,1,1,88.1226053639847,87.56976154236423,89.22829300722566,1,0.08485847128350343,0.004050819358996125,0.08080765192450731
2011-09-05,sh.600748,7.47,7.71,7.31,7.51,26521039,198661408.0,3,2.448011,1,0.1333,19.846632999999997,2.408433,2.396075,3.105939,0,7.403999999999992,7.266000000000007,7.02700000000001,1,1,1,1,1,82.10180623973729,85.43861359166029,75.42819153589127,-1,0.1031210973017016,0.023864874947537223,0.07925622235416438
2011-09-06,sh.600748,7.51,7.69,7.36,7.6,20036391,151781845.0,3,1.849449,1,1.1984,20.084476000000002,2.437296,2.4247900000000002,3.143160,0,7.485999999999992,7.332000000000006,7.07550000000001,1,1,1,1,1,83.30120653958734,84.508539381103,80.88654085655602,-1,0.12343374050910239,0.04377864805985025,0.07965509244925213
2011-09-07,sh.600748,7.6,7.69,7.33,7.39,23773806,177383216.0,3,2.194429,1,-2.7632,19.529510000000002,2.36995,2.357789,3.056310,0,7.483999999999992,7.362000000000006,7.113500000000009,-1,1,1,1,1,70.33922599139989,78.58074625690807,53.85618546038353,-1,0.12118941549485385,0.05926080154685097,0.06192861394800288
2011-09-08,sh.600748,7.3,7.33,7.11,7.13,11858076,85452834.0,3,1.094554,1,-3.518265,18.842409,2.286569,2.274836,2.948781,0,7.425999999999992,7.359000000000006,7.131000000000009,-1,-1,-1,1,1,48.53214418431809,67.39085890510167,10.814714742750937,-1,0.09730922449514523,0.06687048613650982,0.030438738358635406
2011-09-09,sh.600748,7.15,7.18,7.02,7.05,6242781,44208815.0,3,0.576237,1,-1.122,18.630994,2.260913,2.249311,2.915695,0,7.335999999999991,7.3410000000000055,7.140500000000008,-1,-1,-1,-1,1,21.962095875139372,46.94448868361902,-28.00268974181992,-1,0.07110896972904701,0.06771818285501727,0.003390786874029744
2011-09-13,sh.600748,6.94,6.94,6.76,6.81,5131946,35044915.0,3,0.473702,1,-3.4043,17.996747,2.1839459999999997,2.172739,2.816437,0,7.195999999999993,7.300000000000006,7.135500000000009,-1,-1,-1,-1,1,6.79340491697473,25.762548325477297,-31.144881900030406,-1,0.03062604682422343,0.0602997556488585,-0.02967370882463507
2011-09-14,sh.600748,6.83,6.92,6.62,6.82,6506917,43940709.0,3,0.600618,1,0.1468,18.023173999999997,2.187152,2.17593,2.820573,0,7.039999999999992,7.263000000000005,7.135000000000008,-1,-1,-1,-1,-1,9.31986927830147,12.691790023471755,2.5760277879609,-1,-0.0006426368969263407,0.04811127713970153,-0.04875391403662787
2011-09-15,sh.600748,6.82,6.88,6.75,6.76,3486111,23752096.0,3,0.321784,1,-0.8798,17.864612,2.167911,2.156787,2.795758,0,6.913999999999992,7.199000000000005,7.126500000000007,-1,-1,-1,-1,-1,12.151939481731844,9.421737892335914,17.612342660523705,1,-0.029919894662533864,0.03250504277925445,-0.062424937441788314
2011-09-16,sh.600748,6.78,6.83,6.71,6.72,3650158,24678046.0,3,0.336926,1,-0.5917,17.758905,2.1550830000000003,2.1440240000000004,2.779215,0,6.831999999999992,7.129000000000005,7.126000000000007,-1,-1,-1,-1,-1,13.455657492354726,11.642488750795913,17.081994975472355,1,-0.05570783285880765,0.01486246765164203,-0.07057030051044968
2011-09-19,sh.600748,6.7,6.7,6.56,6.6,4042130,26735848.0,3,0.373107,1,-1.7857,17.441781,2.1165990000000003,2.105738,2.729586,0,6.741999999999992,7.039000000000004,7.116000000000007,-1,-1,-1,-1,-1,8.519390544234238,11.375662506106835,2.8068466204890434,-1,-0.08484986041590226,-0.005079997961866832,-0.07976986245403542
2011-09-20,sh.600748,6.62,6.73,6.57,6.69,3531910,23516664.0,3,0.326011,1,1.3636,17.679624,2.1454619999999998,2.1344529999999997,2.766808,0,6.717999999999992,6.957000000000005,7.111500000000007,-1,-1,-1,-1,-1,8.072853238072051,10.01596709155357,4.186625531109016,-1,-0.09953549613253276,-0.023971097596000017,-0.07556439853653274
2011-09-21,sh.600748,6.7,6.84,6.65,6.84,3635729,24647919.0,3,0.335594,1,2.2422,18.076028,2.193566,2.182311,2.828844,0,6.7219999999999915,6.881000000000005,7.106500000000007,1,-1,-1,-1,-1,17.13596138374902,11.242735055351668,28.922414040543725,1,-0.09794121646741338,-0.03876512137028269,-0.05917609509713069
2011-09-22,sh.600748,6.8,6.82,6.48,6.49,4804342,32010683.0,3,0.443462,1,-5.117,17.151085000000002,2.081323,2.070643,2.684093,0,6.667999999999992,6.791000000000004,7.076500000000007,-1,-1,-1,-1,-1,16.432210856989634,13.880341826270135,21.535948918428634,1,-0.12349622565893092,-0.05571134222801234,-0.06778488343091858
2011-09-23,sh.600748,6.4,6.54,6.36,6.49,2616546,16887000.0,3,0.241519,1,0.0,17.151085000000002,2.081323,2.070643,2.684093,0,6.621999999999993,6.727000000000004,7.043000000000008,-1,-1,-1,-1,-1,20.06866696521868,17.878946401985676,24.44810809168468,1,-0.1421105921120125,-0.07299119220481237,-0.06911939990720012
2011-09-26,sh.600748,6.48,6.5,6.27,6.31,3154148,20164838.0,3,0.291142,1,-2.7735,16.6754,2.023597,2.013213,2.609650,0,6.563999999999993,6.653000000000004,6.997000000000009,-1,-1,-1,-1,-1,9.998736895288605,15.49987157249887,-1.0035324591319252,-1,-0.16943397788451708,-0.09227974934075331,-0.07715422854376378
2011-09-27,sh.600748,6.36,6.39,6.21,6.3,2792589,17653569.0,3,0.257769,1,-0.1585,16.648973,2.0203900000000004,2.010023,2.605514,0,6.485999999999993,6.602000000000004,6.951000000000009,-1,-1,-1,-1,-1,14.000158359396641,14.68918740663454,12.622100264920842,-1,-0.18970803821471893,-0.11176540711554643,-0.0779426310991725
2011-09-28,sh.600748,6.32,6.36,6.03,6.09,4534052,28051837.0,3,0.418513,1,-3.3333,16.094007,1.9530439999999998,1.943022,2.518664,0,6.335999999999993,6.5290000000000035,6.89600000000001,-1,-1,-1,-1,-1,8.998029794049677,10.998975016244872,4.996139349659284,-1,-0.22018249530288614,-0.13344882475301437,-0.08673367054987177
2011-09-29,sh.600748,6.07,6.1,5.94,5.96,3295313,19845677.0,3,0.304172,1,-2.1346,15.750457,1.9113529999999999,1.901546,2.464899,0,6.229999999999992,6.449000000000003,6.82400000000001,-1,-1,-1,-1,-1,7.687488483508349,10.228558878984787,2.6053476925554726,-1,-0.2519196625907334,-0.15714299232055817,-0.09477667027017522
2011-09-30,sh.600748,5.96,6.05,5.96,6.03,2267723,13633070.0,3,0.209321,1,1.1745,15.935445999999999,1.933802,1.9238790000000001,2.493849,0,6.137999999999993,6.380000000000004,6.75450000000001,-1,-1,-1,-1,-1,6.543209876543178,7.742909384700298,4.143810860228937,-1,-0.26833003966707203,-0.17938040178986095,-0.08894963787721108
2011-10-10,sh.600748,6.05,6.07,5.88,5.92,2129720,12659105.0,3,0.196583,1,-1.8242,15.644749,1.898525,1.888783,2.448356,0,6.0599999999999925,6.312000000000004,6.675500000000009,-1,-1,-1,-1,-1,5.462962962962948,6.564553774338056,3.259781340212731,-1,-0.286904209289081,-0.20088516328970496,-0.08601904599937604
2011-10-11,sh.600748,6.05,6.08,5.79,5.89,3260357,19312437.0,3,0.300946,1,-0.5068,15.565469,1.8889040000000001,1.8792119999999999,2.435949,0,5.977999999999993,6.232000000000005,6.594500000000009,-1,-1,-1,-1,-1,7.958468176914767,6.654880338806862,10.565643853130577,1,-0.30058022014063646,-0.22082417465989126,-0.07975604548074519
2011-10-12,sh.600748,5.88,6.09,5.79,6.07,3424755,20581755.0,3,0.316120,1,3.056,16.041153,1.9466299999999999,1.936641,2.510392,0,5.973999999999992,6.155000000000005,6.51800000000001,1,-1,-1,-1,-1,17.069579288025896,10.163670142634436,30.88139757880882,1,-0.29351065348426886,-0.2353614704247668,-0.05814918305950206
2011-10-13,sh.600748,6.06,6.16,6.03,6.12,3486389,21304623.0,3,0.321809,1,0.8237,16.173288,1.962665,1.952594,2.531071,0,6.005999999999992,6.118000000000004,6.454500000000008,1,1,-1,-1,-1,31.173648145615882,18.73389853685208,56.05314736314348,1,-0.28063836446877577,-0.2444168492335686,-0.03622151523520717
2011-10-14,sh.600748,6.1,6.13,6.04,6.11,2743690,16675659.0,3,0.253255,1,-0.1634,16.146860999999998,1.9594580000000001,1.9494029999999998,2.526935,0,6.021999999999992,6.080000000000004,6.40350000000001,1,1,-1,-1,-1,45.715179968701136,31.319469134114204,74.50660163787501,1,-0.26815280054531243,-0.24916403949591737,-0.018988761049395064
2011-10-17,sh.600748,6.1,6.18,6.09,6.13,2282936,13991858.0,3,0.210725,1,0.3273,16.199714999999998,1.965872,1.955784,2.535207,0,6.063999999999992,6.062000000000004,6.35750000000001,1,1,-1,1,-1,53.15377645992917,43.347534858081964,72.76625966362359,1,-0.2537193496019112,-0.25007510151711615,-0.0036442480847950764
2011-10-18,sh.600748,6.08,6.13,5.86,5.87,2308820,13821409.0,3,0.213114,1,-4.2414,15.512615,1.8824900000000002,1.8728310000000001,2.427678,0,6.0599999999999925,6.019000000000004,6.31050000000001,-1,-1,-1,1,-1,44.498425551057146,47.78912732656239,37.91702200004666,-1,-0.26026044245706004,-0.2521121697051049,-0.008148272751955121
2011-10-19,sh.600748,5.89,5.96,5.85,5.88,1938277,11451714.0,3,0.178912,1,0.1704,15.539042000000002,1.8856970000000002,1.876021,2.431813,0,6.021999999999992,5.998000000000004,6.263500000000009,-1,-1,-1,1,-1,34.412955465587025,44.021719158857685,15.195428079045698,-1,-0.2616215785406437,-0.2540140514722127,-0.007607527068431041
2011-10-20,sh.600748,5.87,5.88,5.65,5.71,2424302,13888520.0,3,0.223774,1,-2.8912,15.089784,1.8311790000000001,1.8217830000000002,2.361506,0,5.939999999999992,5.973000000000004,6.211000000000008,-1,-1,-1,-1,-1,18.30349943557488,32.40496015073959,-9.899421994754533,-1,-0.27326780677090845,-0.2578648025319518,-0.01540300423895663
2011-10-21,sh.600748,5.7,5.8,5.67,5.68,1703697,9742642.0,3,0.157259,1,-0.5254,15.010503,1.8215580000000002,1.812211,2.349099,0,5.853999999999992,5.938000000000004,6.159000000000009,-1,-1,-1,-1,-1,13.352685050798184,22.02304665065327,-3.98803814891199,-1,-0.2816713439111904,-0.2626261108077995,-0.0190452331033909
2011-10-24,sh.600748,5.75,5.85,5.61,5.84,2244030,12897525.0,3,0.207134,1,2.8169,15.433334,1.87287,1.863259,2.415270,0,5.795999999999992,5.930000000000004,6.121000000000009,1,-1,-1,-1,-1,19.110669756151303,16.92228474750803,23.48743977343785,1,-0.27228184914746656,-0.2645572584757329,-0.007724590671733644
2011-10-25,sh.600748,5.8,6.01,5.78,5.97,2993763,17722745.0,3,0.276338,1,2.226,15.776883999999999,1.9145599999999998,1.904736,2.469035,0,5.815999999999992,5.938000000000004,6.08500000000001,1,1,-1,-1,-1,36.3897164294383,22.951023745462503,63.267101797389905,1,-0.25145210995483414,-0.26193622877155315,0.010484118816719012
2011-10-26,sh.600748,5.95,6.06,5.92,5.99,2690048,16213139.0,3,0.248304,1,0.335,15.829738,1.9209740000000002,1.9111169999999997,2.477306,0,5.837999999999992,5.930000000000004,6.042500000000009,1,1,-1,-1,-1,56.725146198830394,37.408510794806574,95.35841700687803,1,-0.23067152101525235,-0.255683287220293,0.025011766205040642
2011-10-27,sh.600748,6.0,6.08,6.0,6.07,2969177,17968220.0,3,0.274068,1,1.3356,14.916664,1.45615,1.929401,3.232035,0,5.909999999999992,5.925000000000004,6.0215000000000085,1,1,1,-1,-1,70.17543859649125,54.430100408253224,101.6661149729673,1,-0.20537993115073316,-0.24562261600638102,0.04024268485564786
2011-10-28,sh.600748,6.12,6.54,6.1,6.23,7262951,45904426.0,3,0.670403,1,2.6359,15.309854000000001,1.494533,1.980259,3.317229,0,6.0199999999999925,5.937000000000005,6.0085000000000095,1,1,1,1,1,71.34502923976612,66.08187134502917,81.87134502924002,1,-0.17046053816684292,-0.2305902004384734,0.06012966227163047
2011-10-31,sh.600748,6.18,6.22,6.11,6.21,4105592,25333231.0,3,0.378965,1,-0.321,15.260705999999999,1.489735,1.973902,3.306580,0,6.093999999999992,5.945000000000005,6.003500000000009,1,1,1,1,1,70.6281833616299,70.71621706596233,70.45211595296502,-1,-0.14275491075021307,-0.21302314250082133,0.07026823175060826
2011-11-01,sh.600748,6.17,6.23,6.1,6.15,2274643,13986969.0,3,0.209960,1,-0.9662,15.113259,1.475342,1.9548299999999998,3.274632,0,6.129999999999993,5.973000000000004,5.996000000000009,1,1,1,1,1,63.08243727598566,68.35188329246047,52.54354524303605,-1,-0.12420771079985915,-0.1952600561606289,0.07105234536076974
2011-11-02,sh.600748,6.05,6.23,6.04,6.22,3212425,19733301.0,3,0.296521,1,1.1382,15.285279999999998,1.492134,1.97708,3.311904,0,6.175999999999992,6.007000000000004,6.002500000000009,1,1,1,1,1,62.72401433691754,65.47821165817761,57.21561969439739,-1,-0.10267691071568041,-0.1767434270716392,0.07406651635595879
2011-11-03,sh.600748,6.21,6.3,6.21,6.22,3763278,23501724.0,3,0.347367,1,0.0,15.285279999999998,1.492134,1.97708,3.311904,0,6.2059999999999915,6.058000000000004,6.015500000000009,1,1,1,1,1,63.082437275985626,62.962962962962855,63.32138590203117,1,-0.0846379430062445,-0.15832233025856027,0.07368438725231577
2011-11-04,sh.600748,6.24,6.31,6.23,6.28,2628508,16481374.0,3,0.242623,1,0.9646,15.432726,1.506528,1.9961520000000001,3.343852,0,6.215999999999992,6.118000000000004,6.028000000000009,1,1,1,1,1,65.65742312771171,63.82129158020488,69.32968622272539,1,-0.06475398889764072,-0.13960866198637636,0.07485467308873564
2011-11-07,sh.600748,6.24,6.28,6.18,6.22,2352443,14643309.0,3,0.217141,1,-0.9554,15.285279999999998,1.492134,1.97708,3.311904,0,6.217999999999991,6.156000000000004,6.043000000000009,1,1,1,1,1,59.922656102622106,62.8875055021064,53.99295730365351,-1,-0.053223779964715945,-0.12233168558204428,0.06910790561732834
2011-11-08,sh.600748,6.21,6.21,6.05,6.08,4576768,27957494.0,3,0.422456,1,-2.2508,14.941238,1.4585489999999999,1.93258,3.237360,0,6.203999999999991,6.167000000000004,6.052500000000009,-1,-1,1,1,1,42.99712842440627,56.19240255157995,16.606580170058905,-1,-0.05475169285242831,-0.10881568703612109,0.05406399418369277
2011-11-09,sh.600748,6.1,6.13,6.04,6.12,2451867,14915136.0,3,0.226318,1,0.6579,15.039535999999998,1.468145,1.9452939999999999,3.258658,0,6.183999999999991,6.180000000000004,6.0550000000000095,-1,-1,1,1,1,26.400637196336096,43.10680724112141,-7.011702893234528,-1,-0.05213394149263095,-0.09747933792742305,0.0453453964347921
2011-11-10,sh.600748,6.06,6.08,5.97,5.99,2491766,15032688.0,3,0.230001,1,-2.1242,14.720069,1.436959,1.903973,3.189438,0,6.137999999999991,6.172000000000004,6.0485000000000095,-1,-1,-1,-1,1,12.232389251997127,27.210051624246415,-17.72293549250145,-1,-0.05985924807407006,-0.08995531995675246,0.0300960718826824
2011-11-11,sh.600748,6.0,6.11,5.97,6.02,1913645,11567967.0,3,0.176638,1,0.5008,14.793792000000002,1.444156,1.9135080000000002,3.205412,0,6.0859999999999905,6.151000000000003,6.044000000000009,-1,-1,-1,-1,1,12.19607843137256,16.943034959901844,2.702165374313992,-1,-0.06283651963418269,-0.08453155989223851,0.021695040258055825
2011-11-14,sh.600748,6.03,6.14,6.03,6.14,2869051,17533029.0,3,0.264826,1,1.9934,15.088685,1.4729430000000001,1.9516509999999998,3.269308,0,6.069999999999991,6.144000000000004,6.044500000000009,1,-1,1,-1,1,23.529411764705888,15.985959816025108,38.61631566206745,1,-0.054880404535875726,-0.07860132882096596,0.023720924285090234
2011-11-15,sh.600748,6.13,6.18,6.1,6.17,2438263,14973009.0,3,0.225063,1,0.4886,15.162408,1.48014,1.9611869999999998,3.285281,0,6.087999999999991,6.1460000000000035,6.059500000000009,1,1,1,-1,1,41.17647058823528,25.63398692810449,72.26143790849687,1,-0.045628400917134826,-0.07200674324019973,0.026378342323064907
2011-11-16,sh.600748,6.16,6.18,5.93,5.98,3096265,18719647.0,3,0.285799,1,-3.0794,14.695494,1.43456,1.9007939999999999,3.184114,0,6.059999999999991,6.122000000000004,6.0645000000000095,-1,-1,-1,-1,-1,40.66047471620234,35.12211902304775,51.7371861025115,1,-0.05301639351308296,-0.06820867329477638,0.015192279781693421
2011-11-17,sh.600748,6.01,6.02,5.83,5.93,1225687,7310380.0,3,0.113136,1,-0.8361,14.572622,1.4225649999999999,1.884901,3.157491,0,6.04799999999999,6.093000000000004,6.07550000000001,-1,-1,-1,-1,-1,31.40121545694305,37.7460535871268,18.711539196575544,-1,-0.06218913536446102,-0.0670047657087133,0.004815630344252281
2011-11-18,sh.600748,5.9,5.98,5.83,5.88,2587500,15259915.0,3,0.238838,1,-0.8432,14.44975,1.410571,1.8690080000000002,3.130868,0,6.019999999999991,6.053000000000004,6.085500000000009,-1,-1,-1,-1,-1,16.17933723196881,29.413675801704652,-10.289339907502878,-1,-0.07265565236637173,-0.06813494304024499,-0.0045207093261267345
2011-11-21,sh.600748,5.86,5.91,5.82,5.9,1222731,7172946.0,3,0.112864,1,0.3401,14.498899,1.415369,1.8753650000000002,3.141517,0,5.97199999999999,6.021000000000004,6.088500000000009,-1,-1,-1,-1,-1,19.20077972709547,22.26044413866903,13.081450903948351,-1,-0.07843248873691344,-0.07019445217957868,-0.008238036557334766
2011-11-22,sh.600748,5.83,5.92,5.83,5.89,1189394,6990534.0,3,0.109786,1,-0.1695,14.474325,1.41297,1.8721869999999998,3.136192,0,5.91599999999999,6.002000000000004,6.084500000000009,-1,-1,-1,-1,-1,18.274853801169527,17.88499025341119,19.054580896686204,1,-0.08286240340059248,-0.07272804242378143,-0.010134360976811044
2011-11-23,sh.600748,5.89,5.89,5.79,5.82,1540679,8997596.0,3,0.142212,1,-1.1885,14.302304000000001,1.396177,1.849937,3.098920,0,5.88399999999999,5.972000000000005,6.076000000000009,-1,-1,-1,-1,-1,16.45299145299143,17.9762083270854,13.406557704803497,-1,-0.09097287895304085,-0.07637700972963332,-0.014595869223407526
2011-11-24,sh.600748,5.79,5.89,5.71,5.79,2001436,11634790.0,3,0.184742,1,-0.5155,14.228581,1.3889799999999999,1.8404009999999997,3.082946,0,5.855999999999989,5.952000000000004,6.06200000000001,-1,-1,-1,-1,-1,14.71934291083224,16.482396054997654,11.19323662250141,-1,-0.0986836745687425,-0.08083834269745516,-0.01784533187128734
2011-11-25,sh.600748,5.79,5.86,5.75,5.77,1471348,8547668.0,3,0.135812,1,-0.3454,14.179432,1.384183,1.8340439999999998,3.072297,0,5.83399999999999,5.927000000000004,6.0390000000000095,-1,-1,-1,-1,-1,12.493180578286948,14.555171647370129,8.369198440120588,-1,-0.10519573752043154,-0.08570982166205043,-0.01948591585838111
2011-11-28,sh.600748,5.77,5.8,5.72,5.73,927224,5330164.0,3,0.085587,1,-0.6932,14.081134,1.374587,1.8213290000000002,3.050999,0,5.799999999999989,5.886000000000005,6.0150000000000095,-1,-1,-1,-1,-1,11.34751773049645,12.853347073205136,8.335859045079083,-1,-0.11228985251083756,-0.09102582783180786,-0.0212640246790297
2011-11-29,sh.600748,5.76,5.83,5.75,5.81,1226608,7099411.0,3,0.113221,1,1.3962,14.277729,1.393778,1.8467580000000001,3.093596,0,5.783999999999989,5.850000000000004,5.99800000000001,1,-1,-1,-1,-1,16.4264470372912,13.422381782024791,22.434577547824023,1,-0.11018649699037741,-0.09485796166352177,-0.015328535326855644
2011-11-30,sh.600748,5.8,5.82,5.48,5.55,2124466,11945290.0,3,0.196098,1,-4.475,13.638795000000002,1.3314059999999999,1.764115,2.955156,0,5.729999999999989,5.807000000000004,5.96450000000001,-1,-1,-1,-1,-1,16.837794555021684,14.87058644093637,20.77221078319231,1,-0.12802362304140846,-0.10149109393909911,-0.026532529102309355
2011-12-01,sh.600748,5.79,5.84,5.68,5.8,4487700,25876643.0,3,0.414235,1,4.5045,14.253155,1.3913790000000001,1.84358,3.088271,0,5.7319999999999895,5.794000000000003,5.943500000000009,1,1,-1,-1,-1,39.66177908113382,24.308673557815496,70.36799012777047,1,-0.120596600739038,-0.10531219529908689,-0.015284405439951104
2011-12-02,sh.600748,5.76,5.8,5.62,5.72,2417693,13809316.0,3,0.223164,1,-1.3793,14.056560000000001,1.372188,1.8181509999999999,3.045674,0,5.721999999999989,5.778000000000003,5.9155000000000095,-1,-1,-1,-1,-1,47.09090909090898,34.530160909021426,72.21240545468409,1,-0.11978515476722063,-0.10820678719271364,-0.01157836757450699
2011-12-05,sh.600748,5.69,5.71,5.6,5.65,1855365,10493107.0,3,0.171259,1,-1.2238,13.884539000000002,1.3553950000000001,1.7959009999999997,3.008402,0,5.705999999999989,5.753000000000003,5.887000000000009,-1,-1,-1,-1,-1,56.245380635624485,47.666022935889025,73.4040960350954,1,-0.12336837909394749,-0.1112391055729604,-0.012129273520987083
2011-12-06,sh.600748,5.64,5.74,5.62,5.69,1861410,10603311.0,3,0.171817,1,0.708,13.982835999999999,1.364991,1.808615,3.029700,0,5.68199999999999,5.733000000000002,5.8675000000000095,1,-1,-1,-1,-1,49.0761271249076,50.80413895048028,45.62010347376224,-1,-0.12157895793575424,-0.11330707604551918,-0.008271881890235061
2011-12-07,sh.600748,5.68,5.81,5.65,5.76,2005486,11546822.0,3,0.185115,1,1.2302,14.154857000000002,1.3817840000000001,1.8308650000000002,3.066973,0,5.7239999999999895,5.727000000000002,5.84950000000001,1,1,-1,-1,-1,55.45571245186133,53.592406737464394,59.182323880655204,1,-0.11320742901767389,-0.11328714663995013,7.971762227623747e-05
2011-12-08,sh.600748,5.77,5.79,5.58,5.72,1740284,9940823.0,3,0.160636,1,-0.6944,14.056560000000001,1.372188,1.8181509999999999,3.045674,0,5.7079999999999895,5.720000000000002,5.83600000000001,1,-1,-1,-1,-1,63.85679646270139,56.12954534649003,79.3112986951241,1,-0.10854930887937542,-0.11233957908783518,0.0037902702084597617
2011-12-09,sh.600748,5.66,5.79,5.61,5.71,1891090,10860207.0,3,0.174556,1,-0.1748,14.031985,1.369789,1.814972,3.040350,0,5.70599999999999,5.714000000000002,5.82050000000001,1,-1,-1,-1,-1,68.07992202729032,62.46414364728427,79.31147878730245,1,-0.1044604761911998,-0.1107637585085081,0.006303282317308298
2011-12-12,sh.600748,5.67,5.73,5.55,5.55,1697507,9534660.0,3,0.156688,1,-2.8021,13.638795000000002,1.3314059999999999,1.764115,2.955156,0,5.685999999999989,5.696000000000002,5.791000000000009,-1,-1,-1,-1,-1,49.999999999999886,60.64557282999712,28.708854340005416,-1,-0.11283007478375584,-0.11117702176355765,-0.0016530530201981919
2011-12-13,sh.600748,5.53,5.55,5.3,5.36,1997222,10868078.0,3,0.184353,1,-3.4234,13.171880999999999,1.285826,1.7037220000000002,2.853988,0,5.619999999999989,5.651000000000002,5.7505000000000095,-1,-1,-1,-1,-1,31.481481481481424,49.85380116959046,-5.263157894736651,-1,-0.13325833493708217,-0.11559328439826255,-0.017665050538819616
2011-12-14,sh.600748,5.35,5.41,5.26,5.33,1698753,9053925.0,3,0.156803,1,-0.5597,13.098158,1.27863,1.694186,2.838015,0,5.533999999999989,5.629000000000002,5.718000000000009,-1,-1,-1,-1,-1,14.427609427609397,31.969696969696816,-20.65656565656544,-1,-0.15013793095536343,-0.12250221370968273,-0.027635717245680702
2011-12-15,sh.600748,5.34,5.44,5.23,5.39,3037784,16141824.0,3,0.280401,1,1.1257,13.245604,1.293023,1.7132580000000002,2.869962,0,5.467999999999989,5.588000000000003,5.691000000000009,-1,-1,-1,-1,-1,17.141530244978508,21.016873718023025,9.390843298889472,-1,-0.15686538731207555,-0.12937484843016128,-0.027490538881914273
2011-12-16,sh.600748,5.33,5.53,5.33,5.5,3037798,16472725.0,3,0.280402,1,2.0408,13.515923,1.3194110000000001,1.7482220000000002,2.928533,0,5.4259999999999895,5.5660000000000025,5.6720000000000095,1,-1,-1,-1,-1,28.955067920585112,20.17473586439092,46.515732032973496,1,-0.151573617935572,-0.13381460233124343,-0.017759015604328576
2011-12-19,sh.600748,5.49,5.49,5.3,5.43,2397055,12911680.0,3,0.221259,1,-1.2727,13.343901999999998,1.302619,1.725972,2.891261,0,5.401999999999989,5.544000000000002,5.648500000000008,1,-1,-1,-1,-1,36.20689655172405,27.434498239095802,53.75169317698055,1,-0.1512843556840604,-0.13730855300180683,-0.013975802682253569
2011-12-20,sh.600748,5.39,5.51,5.38,5.4,1793222,9777512.0,3,0.165522,1,-0.5525,13.270179,1.2954219999999999,1.716436,2.875287,0,5.4099999999999895,5.515000000000002,5.6240000000000085,-1,-1,-1,-1,-1,37.130541871921125,34.09750211474334,43.19662138627669,1,-0.15172684986667573,-0.1401922123747806,-0.011534637491895122
2011-12-21,sh.600748,5.43,5.48,5.2,5.2,1671791,8925129.0,3,0.154314,1,-3.7037,12.778691,1.247444,1.6528639999999999,2.768795,0,5.38399999999999,5.459000000000003,5.593000000000009,-1,-1,-1,-1,-1,21.61330049261078,31.650246305418563,1.5394088669952168,-1,-0.16629886838733832,-0.14541354357729214,-0.02088532481004618
2011-12-22,sh.600748,5.2,5.2,5.0,5.09,2931168,14933513.0,3,0.270560,1,-2.1154,12.508372,1.221055,1.6179,2.710224,0,5.323999999999989,5.3960000000000035,5.558000000000009,-1,-1,-1,-1,-1,14.22863666014347,24.324159674891703,-5.962409369352997,-1,-0.1845954769902809,-0.1532499302598899,-0.031345546730391
2011-12-23,sh.600748,5.09,5.25,5.06,5.15,2197607,11362562.0,3,0.202849,1,1.1788,12.655819000000001,1.235449,1.636971,2.742172,0,5.253999999999989,5.340000000000003,5.527000000000009,-1,-1,-1,-1,-1,13.200498132004965,16.347478428252984,6.906537539508925,-1,-0.19204044980466328,-0.16100803416884457,-0.03103241563581871
2011-12-26,sh.600748,5.16,5.22,5.11,5.16,1801793,9314668.0,3,0.166314,1,0.1942,12.680392999999999,1.237848,1.64015,2.747496,0,5.1999999999999895,5.301000000000004,5.498500000000009,-1,-1,-1,-1,-1,23.263391213765974,16.89750866863805,35.995156304021826,1,-0.19488718976117703,-0.16778386528731107,-0.02710332447386596
2011-12-27,sh.600748,5.16,5.19,5.13,5.14,2074847,10705276.0,3,0.191518,1,-0.3876,12.631244,1.23305,1.633793,2.736847,0,5.147999999999989,5.2790000000000035,5.465000000000009,-1,-1,-1,-1,-1,27.95883361921095,21.47424098832721,40.92801888097843,1,-0.19649204653894525,-0.1735255015376379,-0.022966545001307348
2011-12-28,sh.600748,5.14,5.21,5.04,5.08,3803082,19453398.0,3,0.351042,1,-1.1673,12.483798,1.218656,1.6147209999999999,2.704899,0,5.12399999999999,5.254000000000003,5.441500000000008,-1,-1,-1,-1,-1,23.899371069182337,25.040531967386332,21.617049272774345,-1,-0.2002965121450151,-0.17887970365911335,-0.021416808485901745
2011-12-29,sh.600748,5.05,5.11,5.01,5.05,2370408,12003318.0,3,0.218799,1,-0.5906,12.410075,1.21146,1.605186,2.688926,0,5.11599999999999,5.220000000000003,5.404000000000009,-1,-1,-1,-1,-1,17.104451843630468,22.98755217734117,5.338251176209063,-1,-0.20338779987461297,-0.18378132290221327,-0.0196064769723997
2011-12-30,sh.600748,5.06,5.13,5.02,5.12,3283091,16718384.0,3,0.303044,1,1.3861,12.582094999999999,1.2282520000000001,1.627436,2.726198,0,5.1099999999999905,5.182000000000003,5.3740000000000085,1,-1,-1,-1,-1,16.14255765199158,19.04879352160138,10.330085912771985,-1,-0.19790789368128348,-0.18660663705802732,-0.01130125662325615
2012-01-04,sh.600748,5.14,5.18,5.04,5.08,2041622,10438179.0,3,0.188451,1,-0.7812,12.483798,1.218656,1.6147209999999999,2.704899,0,5.09399999999999,5.147000000000003,5.345500000000008,-1,-1,-1,-1,-1,16.666666666666632,16.63789205409614,16.724215891807617,1,-0.19455004246222174,-0.1881953181388662,-0.006354724323355543
2012-01-05,sh.600748,5.05,5.08,4.91,4.92,2077113,10395531.0,3,0.191727,1,-3.1496,12.090607,1.180274,1.563864,2.619706,0,5.04999999999999,5.099000000000003,5.307000000000008,-1,-1,-1,-1,-1,14.37908496732022,15.72943642865939,11.678382044641879,-1,-0.20246568561011014,-0.191049391633115,-0.011416293976995145
2012-01-06,sh.600748,4.91,5.05,4.89,5.0,1707438,8434255.0,3,0.157604,1,1.626,12.287203,1.199465,1.589293,2.662303,0,5.03399999999999,5.079000000000002,5.269000000000008,-1,-1,-1,-1,-1,16.721132897603454,15.922294843863348,18.318809005083665,1,-0.1999783326848359,-0.19283517984345916,-0.007143152841376732
2012-01-09,sh.600748,4.97,5.16,4.94,5.15,2824436,14363980.0,3,0.260708,1,3.0,12.655819000000001,1.235449,1.636971,2.742172,0,5.0539999999999905,5.085000000000003,5.240500000000009,1,1,-1,-1,-1,37.428203604674216,22.842807156532544,66.59899650095755,1,-0.18378478457888292,-0.1910251007905439,0.007240316211660991
2012-01-10,sh.600748,5.14,5.32,5.09,5.3,4824067,25248252.0,3,0.445283,1,2.9126,13.024435,1.271433,1.68465,2.822041,0,5.089999999999991,5.100000000000003,5.220000000000009,1,1,1,-1,-1,68.23075718424558,40.79336456217433,123.10554242838805,1,-0.1570373063240318,-0.1842275418972415,0.02719023557320971
2012-01-11,sh.600748,5.28,5.35,5.2,5.33,3150412,16624194.0,3,0.290797,1,0.566,13.098158,1.27863,1.694186,2.838015,0,5.139999999999991,5.117000000000003,5.2090000000000085,1,1,1,1,-1,89.92962997007488,65.19619691966481,139.39649607089504,1,-0.13189854351668107,-0.17376174222112942,0.04186319870444835
2012-01-12,sh.600748,5.29,5.59,5.27,5.27,5858899,31521198.0,3,0.540803,1,-1.1257,12.950711,1.2642360000000001,1.675114,2.806067,0,5.20999999999999,5.130000000000003,5.204500000000008,1,1,1,1,1,81.76224180268665,79.97420965233562,85.3383061033887,1,-0.11548613911187111,-0.16210662159927774,0.046620482487406634
2012-01-13,sh.600748,5.27,5.3,5.13,5.13,2454990,12746490.0,3,0.226607,1,-2.6565,12.60667,1.230651,1.630614,2.731522,0,5.23599999999999,5.135000000000003,5.1945000000000086,-1,-1,-1,1,1,61.40786749482401,77.69991308919509,28.82377630608184,-1,-0.11247942752278206,-0.1521811827839786,0.03970175526119654
2012-01-16,sh.600748,5.09,5.15,5.05,5.09,1768093,9032628.0,3,0.163203,1,-0.7797,12.508372,1.221055,1.6179,2.710224,0,5.22399999999999,5.139000000000003,5.179500000000009,-1,-1,-1,1,1,39.047619047619015,60.739242781709805,-4.335628420562557,-1,-0.11203280815785188,-0.14415150785875325,0.032118699700901365
2012-01-17,sh.600748,5.1,5.35,5.09,5.33,3526210,18473470.0,3,0.325485,1,4.7151,13.098158,1.27863,1.694186,2.838015,0,5.22999999999999,5.160000000000003,5.171000000000008,1,1,1,1,1,41.9047619047619,47.453416149068225,30.807453416149244,-1,-0.09126086639720477,-0.13357337956644355,0.042312513169238786
2012-01-18,sh.600748,5.34,5.38,5.23,5.25,3110451,16529231.0,3,0.287109,1,-1.5009,12.901563000000001,1.2594379999999998,1.668757,2.795418,0,5.21399999999999,5.177000000000003,5.162000000000009,1,1,1,1,1,47.61904761904761,42.857142857142755,57.14285714285732,1,-0.08032830956026249,-0.12292436556520733,0.04259605600494484
2012-01-19,sh.600748,5.29,5.36,5.23,5.3,2659401,14080283.0,3,0.245475,1,0.9524,13.024435,1.271433,1.68465,2.822041,0,5.21999999999999,5.2150000000000025,5.157000000000009,1,1,1,1,1,56.556776556776526,48.6935286935286,72.28327228327238,1,-0.0668588897072695,-0.11171127039361976,0.044852380686350266
2012-01-20,sh.600748,5.31,5.4,5.29,5.37,3187501,17041322.0,3,0.294221,1,1.3208,13.196456,1.288225,1.7069,2.859313,0,5.267999999999991,5.2520000000000024,5.165500000000009,1,1,1,1,1,55.35748202414866,53.17776873332418,59.71690860579763,1,-0.0499599551819081,-0.09936100735127743,0.049401052169369325
2012-01-30,sh.600748,5.38,5.38,5.27,5.32,2121187,11278674.0,3,0.195795,1,-0.9311,13.073583,1.276231,1.691007,2.832690,0,5.313999999999991,5.269000000000003,5.1770000000000085,1,1,1,1,1,54.8812915479582,55.59851670962771,53.44684122461918,-1,-0.04013930898475149,-0.08751666767797224,0.04737735869322075
2012-01-31,sh.600748,5.29,5.31,5.21,5.3,1983945,10429270.0,3,0.183127,1,-0.3759,13.024435,1.271433,1.68465,2.822041,0,5.307999999999991,5.269000000000003,5.184500000000008,-1,1,1,1,1,51.85185185185185,54.03020847465282,47.49513860624991,-1,-0.033583084084019,-0.07672995095918159,0.04314686687516259
2012-02-01,sh.600748,5.29,5.31,5.21,5.23,1748072,9182961.0,3,0.161355,1,-1.3208,12.852414,1.25464,1.6624,2.784768,0,5.3039999999999905,5.259000000000003,5.188000000000008,-1,-1,1,1,1,49.24162257495592,51.99158865825524,43.74169040835727,-1,-0.03364777301838551,-0.06811351537102237,0.03446574235263686
2012-02-02,sh.600748,5.26,5.34,5.22,5.33,2236111,11797057.0,3,0.206403,1,1.912,13.098158,1.27863,1.694186,2.838015,0,5.309999999999991,5.265000000000003,5.197500000000008,1,1,1,1,1,59.241622574955876,53.44503233392113,70.83480305702538,1,-0.02533779684994375,-0.05955837166680664,0.03422057481686289
2012-02-03,sh.600748,5.34,5.41,5.3,5.38,3835487,20561558.0,3,0.354033,1,0.9381,13.221029999999999,1.290624,1.7100790000000001,2.864638,0,5.3119999999999905,5.290000000000004,5.2125000000000075,1,1,1,1,1,74.0178571428571,60.83370076425621,100.38616990005886,1,-0.014549777950453091,-0.050556652923535936,0.036006874973082845
2012-02-06,sh.600748,5.36,5.43,5.35,5.39,3135462,16894025.0,3,0.289417,1,0.1859,13.245604,1.293023,1.7132580000000002,2.869962,0,5.325999999999991,5.320000000000003,5.229500000000008,1,1,1,1,1,84.14772727272718,72.46906899684662,107.5050438244883,1,-0.005134096157969559,-0.04147214157042266,0.0363380454124531
2012-02-07,sh.600748,5.38,5.38,5.31,5.36,3109641,16603034.0,3,0.287034,1,-0.5566,13.171880999999999,1.285826,1.7037220000000002,2.853988,0,5.33799999999999,5.323000000000003,5.241500000000007,1,1,1,1,1,80.20833333333333,79.45797258297245,81.70905483405511,1,-9.179166348260992e-05,-0.03319607158903465,0.03310427992555204
2012-02-08,sh.600748,5.33,5.49,5.32,5.46,4671155,25189105.0,3,0.431169,1,1.8657,13.417625,1.309816,1.7355080000000003,2.907234,0,5.383999999999991,5.344000000000003,5.2605000000000075,1,1,1,1,1,79.76190476190476,81.37265512265499,76.5404040404043,-1,0.011836985836910507,-0.024189460103845616,0.03602644594075612
2012-02-09,sh.600748,5.43,5.66,5.42,5.52,5486438,30402783.0,3,0.506423,1,1.0989,13.565072,1.324209,1.754579,2.939182,0,5.421999999999991,5.366000000000004,5.290500000000007,1,1,1,1,1,75.45214045214043,78.47412618245941,69.40816899150244,-1,0.025834324495771277,-0.014184703183922237,0.040019027679693515
2012-02-10,sh.600748,5.53,5.68,5.5,5.58,8947536,50389313.0,3,0.825898,1,1.087,13.712518,1.338603,1.7736509999999999,2.971130,0,5.461999999999991,5.387000000000004,5.319500000000007,1,1,1,1,1,78.9660024766407,78.06001589689521,80.77797563613166,1,0.041292816898061524,-0.003089199167525484,0.044382016065587004
2012-02-13,sh.600748,5.45,5.56,5.42,5.55,4751482,26052051.0,3,0.438583,1,-0.5376,13.638795000000002,1.3314059999999999,1.764115,2.955156,0,5.493999999999991,5.410000000000004,5.339500000000006,1,1,1,1,1,73.31757289204091,75.91190527360726,68.12890812890822,-1,0.05054043553919385,0.007636727773818384,0.04290370776537547
2012-02-14,sh.600748,5.53,5.68,5.47,5.67,5329490,29744477.0,3,0.491936,1,2.1622,13.933688,1.360193,1.8022580000000001,3.019051,0,5.55599999999999,5.4470000000000045,5.358000000000007,1,1,1,1,1,82.9633055812519,78.41562698331109,92.05866277713352,1,0.06678241099262561,0.01946586441757983,0.047316546575045776
2012-02-15,sh.600748,5.65,5.69,5.59,5.68,3666089,20717163.0,3,0.338396,1,0.1764,13.958262,1.362592,1.805436,3.024376,0,5.59999999999999,5.4920000000000035,5.375500000000007,1,1,1,1,1,89.20080330811125,81.82722726046792,103.94795540339791,1,0.07954427311719314,0.031481546157502496,0.048062726959690646
2012-02-16,sh.600748,5.71,5.75,5.56,5.65,3451181,19525835.0,3,0.318560,1,-0.5282,13.884539000000002,1.3553950000000001,1.7959009999999997,3.008402,0,5.625999999999991,5.524000000000004,5.394500000000007,1,1,1,1,1,90.84490388838208,87.66967092591499,97.19536981331626,1,0.08624323320775584,0.04243388356755316,0.04380934964020268
2012-02-17,sh.600748,5.71,5.73,5.57,5.63,2989283,16829663.0,3,0.275924,1,-0.354,13.83539,1.350598,1.7895439999999998,2.997753,0,5.63599999999999,5.549000000000004,5.419500000000007,-1,1,1,1,1,82.47863247863239,87.50811322504181,72.41967098581355,-1,0.08891343574927557,0.05172979400389764,0.03718364174537793
2012-02-20,sh.600748,5.7,5.77,5.67,5.68,4968870,28315407.0,3,0.458649,1,0.8881,13.958262,1.362592,1.805436,3.024376,0,5.66199999999999,5.578000000000004,5.449000000000007,1,1,1,1,1,76.66666666666664,83.33006767789361,63.339864644212724,-1,0.0939808202390795,0.060179999250934015,0.033800820988145484
2012-02-21,sh.600748,5.67,5.77,5.61,5.74,4225032,24051623.0,3,0.389989,1,1.0563,14.105709,1.376986,1.8245080000000002,3.056323,0,5.67599999999999,5.616000000000004,5.469500000000006,1,1,1,1,1,81.38528138528137,80.17686017686003,83.80212380212407,1,0.10166631156027517,0.06847726171280225,0.03318904984747292
2012-02-22,sh.600748,5.81,6.12,5.8,6.0,19200710,114960604.0,3,1.772312,1,4.5296,14.744643,1.439358,1.9071509999999998,3.194763,0,5.73999999999999,5.6700000000000035,5.507000000000007,1,1,1,1,1,84.76190476190474,80.93795093795082,92.40981240981259,1,0.12726985819015457,0.08023578100827271,0.047034077181881864
2012-02-23,sh.600748,6.02,6.07,5.9,5.96,7990232,47746597.0,3,0.737534,1,-0.6667,14.646345000000002,1.429762,1.894437,3.173465,0,5.801999999999991,5.714000000000004,5.540000000000006,1,1,1,1,1,83.80952380952378,83.31890331890321,84.79076479076491,1,0.1426883650005708,0.09272629780673233,0.04996206719383847
2012-02-24,sh.600748,5.93,6.56,5.93,6.56,31826527,203836563.0,3,2.937731,1,10.0671,16.120810000000002,1.573698,2.085152,3.492941,0,5.987999999999991,5.812000000000004,5.599500000000006,1,1,1,1,1,86.66666666666657,85.07936507936495,89.84126984126982,1,0.20100556133351155,0.11438215051208818,0.08662341082142337
2012-02-27,sh.600748,6.71,7.03,6.67,6.76,34307398,234713424.0,3,3.166727,1,3.0488,16.612298000000003,1.621677,2.148724,3.599433,0,6.203999999999991,5.933000000000004,5.671500000000007,1,1,1,1,1,86.25850340136044,85.57823129251683,87.61904761904768,1,0.260359426707371,0.14357760575114475,0.11678182095622625
2012-02-28,sh.600748,6.75,6.83,6.57,6.8,12807709,85559386.0,3,1.182209,1,0.5917,16.710595,1.6312719999999998,2.161438,3.620731,0,6.41599999999999,6.046000000000004,5.746500000000006,1,1,1,1,1,88.66213151927428,87.195767195767,91.59486016628884,1,0.3070855670805388,0.17627919801702358,0.13080636906351523
2012-02-29,sh.600748,6.58,6.58,6.37,6.41,13334223,86243412.0,3,1.230809,1,-5.7353,15.752194,1.537714,2.037473,3.413072,0,6.4979999999999905,6.119000000000004,5.8055000000000065,-1,1,1,1,1,74.50688037772177,83.14250509945207,57.235630934261195,-1,0.3090837047850945,0.20284009937063777,0.10624360541445674
2012-03-01,sh.600748,6.36,6.51,6.35,6.39,7560433,48597343.0,3,0.697862,1,-0.312,15.703045000000001,1.532916,2.031116,3.402423,0,6.583999999999991,6.193000000000004,5.8585000000000065,-1,1,1,1,1,65.60585517890985,76.25828902530186,44.30098748612582,-1,0.30553143427117035,0.2233783663507443,0.08215306792042606
2012-03-02,sh.600748,6.42,6.77,6.36,6.65,12810937,84461326.0,3,1.182507,1,4.0689,16.341979000000002,1.5952879999999998,2.113759,3.540862,0,6.601999999999991,6.2950000000000035,5.922000000000007,1,1,1,1,1,61.90108688661642,67.33794081441592,51.02737903101743,-1,0.32000721738110194,0.24270413655681583,0.07730308082428611
2012-03-05,sh.600748,6.64,6.71,6.41,6.55,9000937,59238378.0,3,0.830827,1,-1.5038,16.096235,1.571299,2.081973,3.487616,0,6.559999999999991,6.382000000000003,5.980000000000007,-1,1,1,1,1,63.048207946868125,63.51838333746469,62.107857165674986,-1,0.31972462902129273,0.2581082350497112,0.06161639397158153
2012-03-06,sh.600748,6.5,6.54,6.35,6.45,6458183,41500730.0,3,0.596119,1,-1.5267,15.850491,1.54731,2.050188,3.434370,0,6.48999999999999,6.453000000000003,6.034500000000007,-1,-1,1,1,1,60.96253758249903,61.97061080532776,58.94639113684157,-1,0.30788243439156915,0.2680630749180828,0.03981935947348636
2012-03-07,sh.600748,6.36,6.48,6.3,6.31,5388368,34459768.0,3,0.497371,1,-2.1705,15.50645,1.513725,2.005687,3.359826,0,6.46999999999999,6.4840000000000035,6.077000000000007,-1,-1,1,-1,1,48.06454355774443,57.35842969570376,29.476771281825762,-1,0.28392763877692495,0.27123598768985124,0.012691651087073708
2012-03-08,sh.600748,6.36,6.43,6.24,6.35,12219350,77552518.0,3,1.127901,1,0.6339,15.604747,1.523321,2.018402,3.381124,0,6.461999999999991,6.523000000000003,6.118500000000007,-1,-1,1,-1,1,32.38069051668236,47.13592388564184,2.870223778763389,-1,0.2651148770984779,0.2700117655715766,-0.0048968884730986595
2012-03-09,sh.600748,6.37,6.46,6.33,6.4,7472830,47848280.0,3,0.689776,1,0.7874,15.727619,1.535315,2.034295,3.407747,0,6.41199999999999,6.507000000000003,6.1595000000000075,-1,-1,1,-1,1,25.196049748720764,35.21376127438241,5.160626697397461,-1,0.25134288573105135,0.26627798960347154,-0.014935103872420197
2012-03-12,sh.600748,6.45,6.46,6.24,6.33,7671811,48405380.0,3,0.708143,1,-1.0938,15.555598000000002,1.518523,2.012045,3.370475,0,6.367999999999991,6.464000000000004,6.198500000000008,-1,-1,1,-1,1,19.34127559205982,25.639338619154213,6.745149537871036,-1,0.2321045120302916,0.25944329408883554,-0.027338782058543953
2012-03-13,sh.600748,6.31,6.44,6.31,6.43,5412012,34451240.0,3,0.499553,1,1.5798,15.801342000000002,1.542512,2.04383,3.423721,0,6.363999999999991,6.427000000000004,6.236500000000008,1,1,1,-1,1,26.649610915680558,23.728978752153612,32.490875242734454,1,0.22236385443533457,0.25202740615813535,-0.029663551722800774
2012-03-14,sh.600748,6.45,6.52,5.91,6.06,12115456,76028128.0,3,1.118311,1,-5.7543,14.892089000000002,1.453752,1.926223,3.226711,0,6.313999999999991,6.392000000000005,6.255500000000008,-1,-1,-1,-1,1,23.424016381453754,23.13830096306461,23.995447218232044,1,0.18268255455968063,0.2381584358384444,-0.05547588127876377
2012-03-15,sh.600748,6.0,6.06,5.79,5.81,9764589,57378337.0,3,0.901315,1,-4.1254,14.277729,1.393778,1.8467580000000001,3.093596,0,6.205999999999991,6.334000000000005,6.263500000000008,-1,-1,-1,-1,-1,18.488276704122594,22.85396800041887,9.756894111530038,-1,0.12956834463362998,0.2164404175974815,-0.08687207296385152
2012-03-16,sh.600748,5.81,5.9,5.79,5.88,7792633,45548269.0,3,0.719295,1,1.2048,14.44975,1.410571,1.8690080000000002,3.130868,0,6.1019999999999905,6.257000000000005,6.276000000000008,-1,-1,-1,-1,-1,10.538591169531411,17.48362808503582,-3.3514826614774087,-1,0.09206213065015945,0.1915647602080171,-0.09950262955785766
2012-03-19,sh.600748,5.85,5.96,5.76,5.95,6567388,38511860.0,3,0.606199,1,1.1905,14.621770999999999,1.427363,1.891258,3.168140,0,6.02599999999999,6.197000000000005,6.289500000000007,-1,-1,-1,-1,-1,13.057971014492688,14.028279629382133,11.1173537847138,-1,0.0672118247582647,0.1666941731180666,-0.09948234835980191
2012-03-20,sh.600748,5.93,6.09,5.84,5.9,6833461,40675225.0,3,0.630759,1,-0.8403,14.498899,1.415369,1.8753650000000002,3.141517,0,5.91999999999999,6.142000000000005,6.297500000000008,-1,-1,-1,-1,-1,18.47368421052629,14.023415464850032,27.37422170187881,1,0.042987661170503344,0.14195287072855395,-0.0989652095580506
2012-03-21,sh.600748,5.92,6.0,5.84,5.93,3767459,22253059.0,3,0.347753,1,0.5085,14.572622,1.4225649999999999,1.884901,3.157491,0,5.89399999999999,6.1040000000000045,6.2940000000000085,1,-1,-1,-1,-1,21.92982456140349,17.820493262140726,30.14848715992901,1,0.025911890141111726,0.1187446746110655,-0.09283278446995377
2012-03-22,sh.600748,5.94,6.05,5.88,6.02,5240584,31380206.0,3,0.483729,1,1.5177,14.793792000000002,1.444156,1.9135080000000002,3.205412,0,5.935999999999991,6.071000000000005,6.297000000000009,1,-1,-1,-1,-1,24.999999999999954,21.801169590643145,31.397660818713568,1,0.019417632039553823,0.09887926609676316,-0.07946163405720934
2012-03-23,sh.600748,6.0,6.0,5.8,5.83,4404432,25994170.0,3,0.406549,1,-3.1561,14.326878,1.398576,1.853115,3.104245,0,5.92599999999999,6.014000000000005,6.260500000000008,-1,-1,-1,-1,-1,21.929824561403446,22.953216374268866,19.883040935672604,-1,-0.0010484406273603142,0.07889372475193847,-0.07994216537929878
2012-03-26,sh.600748,5.8,5.87,5.78,5.81,2616162,15193038.0,3,0.241484,1,-0.3431,14.277729,1.393778,1.8467580000000001,3.093596,0,5.897999999999991,5.962000000000005,6.213000000000008,-1,-1,-1,-1,-1,16.666666666666597,21.19883040935657,7.602339181286645,-1,-0.018666606498847216,0.05938165850178133,-0.07804826500062854
2012-03-27,sh.600748,5.86,5.87,5.76,5.78,2866992,16654948.0,3,0.264636,1,-0.5164,13.766929000000001,1.303648,1.7480099999999998,3.992626,0,5.873999999999991,5.897000000000006,6.162000000000008,-1,-1,-1,-1,-1,7.283359914938846,15.2932837143362,-8.73648768385586,-1,-0.03465045034119374,0.04057523673318632,-0.07522568707438006
2012-03-28,sh.600748,5.78,5.82,5.58,5.6,4573510,26023848.0,3,0.422156,1,-3.1142,13.338201999999999,1.26305,1.6935740000000001,3.868288,0,5.807999999999991,5.851000000000005,6.121500000000008,-1,-1,-1,-1,-1,5.520374018825975,9.823466866810376,-3.0858116771428286,-1,-0.061137502350539386,0.020232688916441175,-0.08137019126698056
2012-03-29,sh.600748,5.55,5.72,5.5,5.56,4005329,22396228.0,3,0.369710,1,-0.7143,13.242929,1.2540280000000001,1.681477,3.840657,0,5.715999999999991,5.826000000000006,6.080000000000008,-1,-1,-1,-1,-1,6.717222071160187,6.506985334974907,7.1376955435307465,1,-0.08438362569289826,-0.0006905740054267105,-0.08369305168747154
2012-03-30,sh.600748,5.57,5.72,5.52,5.69,4580186,25764771.0,3,0.422772,1,2.3381,13.552565,1.283349,1.7207919999999999,3.930457,0,5.687999999999992,5.807000000000005,6.032000000000008,1,-1,-1,-1,-1,15.431483327794304,9.223026472593393,27.848397038196126,1,-0.09126439326092406,-0.01880533785652618,-0.07245905540439787
2012-04-05,sh.600748,5.7,5.87,5.64,5.85,4103979,23667487.0,3,0.378816,1,2.812,13.933657,1.319436,1.76918,4.040979,0,5.695999999999993,5.797000000000005,5.997000000000008,1,1,-1,-1,-1,35.336414997431866,19.161706798795354,67.6858313947049,1,-0.08285172519301387,-0.03161461532382372,-0.05123710986919015
2012-04-06,sh.600748,5.83,5.96,5.77,5.84,6728797,39339375.0,3,0.621098,1,-0.1709,13.909839000000002,1.317181,1.766155,4.034072,0,5.707999999999992,5.791000000000006,5.966500000000008,1,1,-1,-1,-1,52.552645095017915,34.440181140081265,88.77757300489122,1,-0.07611414508062797,-0.04051452127518457,-0.0355996238054434
2012-04-09,sh.600748,5.84,5.84,5.71,5.72,3321010,19152369.0,3,0.306544,1,-2.0548,13.624020000000002,1.290115,1.7298639999999998,3.951180,0,5.731999999999992,5.770000000000005,5.937000000000007,-1,-1,-1,-1,-1,56.484848484848385,48.124636192432625,73.2052730696799,1,-0.07954066613125921,-0.04831975024639949,-0.031220915884859715
2012-04-10,sh.600748,5.69,5.81,5.53,5.8,4086291,23168450.0,3,0.377183,1,1.3986,13.814566000000001,1.308159,1.7540580000000001,4.006441,0,5.779999999999992,5.748000000000005,5.9095000000000075,1,1,-1,1,-1,57.01185770750978,55.3497837624586,60.33600559761214,1,-0.07493704967655379,-0.053643210132430355,-0.021293839544123436
2012-04-11,sh.600748,5.73,6.29,5.71,6.05,12638827,76487071.0,3,1.166621,1,4.3103,14.410020999999999,1.3645450000000001,1.829664,4.179133,0,5.851999999999992,5.770000000000005,5.8920000000000075,1,1,1,1,-1,59.61254815630148,57.70308478288646,63.43147490313153,1,-0.05053322425276452,-0.053021212956497185,0.002487988703732666
2012-04-12,sh.600748,6.0,6.25,6.0,6.23,11040036,67870130.0,3,1.019045,1,2.9752,14.838748999999998,1.405143,1.8841009999999998,4.303470,0,5.927999999999992,5.812000000000005,5.887000000000008,1,1,1,1,1,75.74756925334793,64.12399170571963,98.99472434860454,1,-0.01647856645061907,-0.045712683655321565,0.029234117204702495
2012-04-13,sh.600748,6.26,6.39,6.06,6.27,10081518,63366992.0,3,0.930569,1,0.6421,14.934022,1.414165,1.896198,4.331101,0,6.013999999999992,5.861000000000004,5.879000000000007,1,1,1,1,1,82.84739012942676,72.73583584635863,103.07049869556303,1,0.013581106373861118,-0.03385392564948503,0.047435032023346146
2012-04-16,sh.600748,6.27,6.27,6.27,6.27,0,0.0,3,,0,0.0,14.934022,1.414165,1.896198,4.331101,0,6.123999999999993,5.928000000000004,5.889500000000007,1,1,1,1,1,88.3762712584825,82.32374354708564,100.48132668127622,1,0.03697736164803889,-0.019687668189980245,0.05666502983801913
2012-04-17,sh.600748,6.33,6.6,6.1,6.11,10714958,68325068.0,3,0.989039,1,-2.5518,14.552931,1.3780780000000001,1.84781,4.220579,0,6.185999999999992,5.983000000000004,5.904500000000007,-1,1,1,1,1,75.64311932031458,82.28892690274118,62.351504155461384,-1,0.04212283388110727,-0.007325567775762742,0.04944840165687001
2012-04-18,sh.600748,6.14,6.38,6.0,6.33,7085296,44260916.0,3,0.654005,1,3.6007,15.076931,1.427698,1.9143430000000001,4.372547,0,6.241999999999992,6.047000000000004,5.927000000000007,1,1,1,1,1,71.72628638951547,78.58189232277074,58.01507452300493,-1,0.06322401202517902,0.006784348184425611,0.05643966384075341
2012-04-19,sh.600748,6.31,6.39,6.26,6.27,4178986,26404907.0,3,0.385739,1,-0.9479,14.582009,1.381073,1.887686,84.221594,0,6.249999999999991,6.089000000000004,5.943000000000007,1,1,1,1,1,66.04361370716505,71.13767313899825,55.85549484349866,-1,0.07424944775600295,0.020277368098741082,0.05397207965726187
2012-04-20,sh.600748,6.28,6.47,6.24,6.43,11379936,72886832.0,3,1.050419,1,2.5518,14.954118,1.416316,1.935856,86.370790,0,6.281999999999991,6.148000000000004,5.969500000000006,1,1,1,1,1,76.01246105918996,71.26078705195671,85.51580907365647,1,0.09480499486412963,0.03518289345181879,0.05962210141231084
2012-04-23,sh.600748,6.48,6.54,6.3,6.38,8758203,56391708.0,3,0.808421,1,-0.7776,14.837833999999999,1.405302,1.9208029999999998,85.699166,0,6.303999999999991,6.214000000000004,5.992000000000006,1,1,1,1,1,76.18397563792917,72.74668346809462,83.05855997759826,1,0.10584076544896881,0.049314467851248794,0.056526297597720015
2012-04-24,sh.600748,6.33,6.5,6.15,6.45,10324678,65524069.0,3,0.953014,1,1.0972,15.000632000000001,1.420721,1.941878,86.639439,0,6.371999999999991,6.279000000000005,6.013500000000006,1,1,1,1,1,78.13101613637156,76.77581761116346,80.84141318678775,1,0.11886490746901046,0.06322455577480113,0.05564035169420933
2012-04-25,sh.600748,6.45,6.98,6.41,6.82,22632265,152868557.0,3,2.089060,1,5.7364,15.861132999999999,1.50222,2.053272,91.609454,0,6.469999999999992,6.356000000000005,6.063000000000007,1,1,1,1,1,77.9847894213865,77.43326039856231,79.08784746703486,1,0.15723009101782992,0.08202566282340688,0.07520442819442304
2012-04-26,sh.600748,6.77,6.86,6.57,6.59,12899982,86640681.0,3,1.190726,1,-3.3724,15.326227,1.451558,1.984027,88.519985,0,6.533999999999992,6.392000000000006,6.1020000000000065,1,1,1,1,1,72.95918367346933,76.35832974374237,66.16089153292322,-1,0.16714890900031953,0.09905031205878942,0.06809859694153012
2012-04-27,sh.600748,6.68,6.68,6.43,6.47,7948548,52136320.0,3,0.733687,1,-1.8209,15.047145,1.4251260000000001,1.9478990000000003,86.908089,0,6.541999999999992,6.412000000000006,6.136500000000007,-1,1,1,1,1,63.945578231292416,71.62985044204932,48.57703380977861,-1,0.16344258224585673,0.11192876609620288,0.05151381614965385
2012-05-02,sh.600748,6.57,6.65,6.46,6.58,8798083,57558766.0,3,0.812103,1,1.7002,15.302970000000002,1.4493559999999999,1.9810159999999999,88.385661,0,6.581999999999992,6.443000000000007,6.185500000000006,-1,1,1,1,1,55.78231292516997,64.22902494331048,38.88888888888894,-1,0.1674511002331478,0.12303323292359186,0.044417867309555936
2012-05-03,sh.600748,6.66,6.67,6.42,6.43,7194134,46939509.0,3,0.664051,1,-2.2796,14.954118,1.416316,1.935856,86.370790,0,6.577999999999991,6.475000000000006,6.229000000000006,-1,-1,1,1,1,46.95926563396432,55.56238559680882,29.75302570827533,-1,0.15671759039147393,0.12977010441716827,0.026947485974305657
2012-05-04,sh.600748,6.5,6.55,6.41,6.53,4943553,32048271.0,3,0.456312,1,1.5552,15.186685999999998,1.438342,1.9659630000000001,87.714037,0,6.519999999999992,6.495000000000006,6.271000000000006,1,1,1,1,1,46.23391525284803,49.658497937327354,39.384749883889384,-1,0.1544993978899747,0.13471596311172956,0.019783434778245124
2012-05-07,sh.600748,6.48,6.5,6.37,6.45,4737741,30436713.0,3,0.437315,1,-1.2251,15.000632000000001,1.420721,1.941878,86.639439,0,6.491999999999992,6.513000000000007,6.301000000000007,-1,-1,1,-1,1,38.55421686746978,43.915799251427295,27.831052099554753,-1,0.14461905450116497,0.13669658138961666,0.007922473111548312
2012-05-08,sh.600748,6.45,6.5,6.36,6.46,3682688,23692046.0,3,0.339929,1,0.155,15.023888000000001,1.422924,1.9448880000000002,86.773764,0,6.489999999999992,6.516000000000007,6.332000000000006,-1,-1,1,-1,1,39.759036144578225,41.51572275496526,36.24566292380415,-1,0.13602768512815278,0.13656280213732389,-0.0005351170091711099
2012-05-09,sh.600748,6.43,6.43,6.3,6.35,4374196,27788891.0,3,0.403758,1,-1.7028,14.768064,1.398694,1.9117709999999999,85.296192,0,6.443999999999993,6.513000000000007,6.363500000000006,-1,-1,-1,-1,1,26.94897236002825,35.08740845735867,10.67210016536741,-1,0.11897145345268001,0.1330445324003951,-0.01407307894771509
2012-05-10,sh.600748,6.33,6.4,6.25,6.29,3178398,20074847.0,3,0.293380,1,-0.9449,14.628523000000001,1.385478,1.893707,84.490244,0,6.415999999999992,6.497000000000007,6.388000000000007,-1,-1,-1,-1,1,17.086571938670698,27.93152681442564,-4.603337812839193,-1,0.09946618415192265,0.1263288627507006,-0.026862678598777945
2012-05-11,sh.600748,6.26,6.36,6.22,6.22,2775168,17449482.0,3,0.256160,1,-1.1129,14.465725,1.37006,1.8726330000000002,83.549971,0,6.353999999999992,6.437000000000007,6.396500000000007,-1,-1,-1,-1,-1,4.636772741883564,16.22410568019409,-18.537893134737487,-1,0.0774667146524477,0.11655643313105002,-0.03908971847860232
2012-05-14,sh.600748,6.31,6.38,6.26,6.27,5069999,32109646.0,3,0.467984,1,0.8039,14.582009,1.381073,1.887686,84.221594,0,6.3179999999999925,6.4050000000000065,6.3985000000000065,-1,-1,-1,-1,-1,5.889496053430402,9.204280244661472,-0.7400723290317401,-1,0.06333645547590727,0.10591243760002148,-0.0425759821241142
2012-05-15,sh.600748,6.18,6.41,6.13,6.4,7778424,48932991.0,3,0.717983,1,2.0734,14.884348000000001,1.409708,1.926824,85.967816,0,6.305999999999992,6.398000000000007,6.4050000000000065,1,1,-1,-1,-1,20.37037037037032,10.29887972189468,40.5133516673216,1,0.06191432699883581,0.09711281547978434,-0.03519848848094853
2012-05-16,sh.600748,6.39,6.4,6.22,6.24,3133909,19732051.0,3,0.289274,1,-2.5,14.512239000000001,1.374465,1.878654,83.818620,0,6.283999999999992,6.364000000000007,6.403500000000006,-1,-1,-1,-1,-1,29.100529100529076,18.453465174776515,50.394656952034204,1,0.04733101463647138,0.08715645531112175,-0.03982544067465037
2012-05-17,sh.600748,6.25,6.42,6.21,6.39,3620625,22974158.0,3,0.334200,1,2.4038,14.861091,1.407505,1.923814,85.833491,0,6.303999999999992,6.360000000000007,6.417500000000007,1,1,-1,-1,-1,48.820248820248786,32.76371609704931,80.93331426664773,1,0.04733176974132558,0.07919151819716251,-0.03185974845583693
2012-05-18,sh.600748,6.33,6.34,6.16,6.16,3836243,23968326.0,3,0.354102,1,-3.5994,14.326185,1.356843,1.854569,82.744023,0,6.291999999999993,6.3230000000000075,6.409000000000008,-1,-1,-1,-1,-1,34.85628485628481,37.5923542590208,29.384146050812816,-1,0.028445389612748784,0.06904229248027977,-0.04059690286753098
2012-05-21,sh.600748,6.18,6.22,6.0,6.09,4367948,26634193.0,3,0.403181,1,-1.1364,14.163387,1.341425,1.833494,81.803750,0,6.255999999999992,6.287000000000008,6.4000000000000075,-1,-1,-1,-1,-1,33.10287031217256,38.926467996235296,21.45567494404709,-1,0.00774015857625443,0.0567818656994747,-0.04904170712322027
2012-05-22,sh.600748,6.13,6.29,6.1,6.27,3519345,21812453.0,3,0.324851,1,2.9557,14.582009,1.381073,1.887686,84.221594,0,6.2299999999999915,6.268000000000008,6.392000000000007,1,1,-1,-1,-1,31.108018317320568,33.02239116192589,27.279272628109922,-1,0.005788878891521243,0.04658326833788401,-0.04079438944636277
2012-05-23,sh.600748,6.25,6.35,6.15,6.26,4237093,26513257.0,3,0.391103,1,-0.1595,14.558753,1.37887,1.884675,84.087270,0,6.233999999999992,6.2590000000000074,6.386000000000007,1,1,-1,-1,-1,49.040236249538474,37.75037495967712,71.61995882926118,1,0.0033964075842067842,0.03794589618714857,-0.03454948860294178
2012-05-24,sh.600748,6.26,6.38,6.23,6.28,6147389,38813218.0,3,0.567432,1,0.3195,14.605266,1.383276,1.890696,84.355919,0,6.211999999999992,6.258000000000008,6.377500000000007,1,1,-1,-1,-1,64.2857142857142,48.144656284191,96.5678302887606,1,0.0030787003481709263,0.03097245701935304,-0.027893756671182112
2012-05-25,sh.600748,6.28,6.33,6.15,6.21,3685031,23021239.0,3,0.340145,1,-1.1146,14.442469000000001,1.3678569999999999,1.8696220000000001,83.415646,0,6.221999999999992,6.257000000000008,6.347000000000007,-1,-1,-1,-1,-1,59.52380952380948,57.61658668635397,63.3382551987205,1,-0.002789346065795506,0.024220096402323327,-0.027009442468118833
2012-05-28,sh.600748,6.19,6.37,6.07,6.35,4632283,28821488.0,3,0.427581,1,2.2544,14.768064,1.398694,1.9117709999999999,85.296192,0,6.273999999999992,6.265000000000009,6.335000000000006,1,1,1,1,-1,66.66666666666661,63.492063492063345,73.01587301587314,1,0.0038130602601942343,0.02013868917389751,-0.016325628913703275
2012-05-29,sh.600748,6.41,6.53,6.35,6.45,8411738,54230274.0,3,0.776441,1,1.5748,15.000632000000001,1.420721,1.941878,86.639439,0,6.3099999999999925,6.2700000000000085,6.334000000000006,1,1,1,1,-1,72.74633123689719,66.31226914245768,85.61445542577621,1,0.01691964002830293,0.019494879344778594,-0.002575239316475665
2012-05-30,sh.600748,6.49,6.64,6.43,6.48,7101891,46434428.0,3,0.655536,1,0.4651,15.070402,1.427329,1.95091,87.042413,0,6.353999999999993,6.2940000000000085,6.329000000000006,1,1,1,1,1,81.07966457023055,73.49755415793136,96.24388539482894,1,0.0293886738633935,0.021473638248501577,0.007915035614891923
2012-05-31,sh.600748,6.49,6.49,6.38,6.44,3596783,23167272.0,3,0.331999,1,-0.6173,14.977375,1.418518,1.938867,86.505115,0,6.385999999999993,6.299000000000008,6.329500000000006,1,1,1,1,1,76.2185534591195,76.68151642208232,75.29262753319387,-1,0.035632063063382624,0.024305323211477787,0.011326739851904837
2012-06-01,sh.600748,6.46,6.55,6.43,6.49,3902735,25353687.0,3,0.360240,1,0.7764,15.093658999999999,1.429532,1.95392,87.176738,0,6.441999999999993,6.332000000000009,6.327500000000006,1,1,1,1,1,72.47807017543863,76.5920960682628,64.25001838979028,-1,0.04410614790025935,0.0282654881492341,0.015840659751025252
2012-06-04,sh.600748,6.39,6.4,6.16,6.17,5024025,31614535.0,3,0.463740,1,-4.9307,14.349441,1.359046,1.857579,82.878347,0,6.4059999999999935,6.340000000000009,6.313500000000006,-1,-1,-1,1,1,53.326023391812846,67.34088234212356,25.29630549119142,-1,0.024715688465899888,0.027555528212567258,-0.0028398397466673705
2012-06-05,sh.600748,6.22,6.26,6.12,6.18,3220199,19924511.0,3,0.297239,1,0.1621,14.372698000000002,1.361249,1.8605900000000002,83.012672,0,6.351999999999993,6.331000000000009,6.299500000000006,-1,-1,-1,1,1,36.84210526315782,54.21539961013633,2.0955165692007967,-1,0.010039793598912716,0.02405238128983635,-0.014012587690923634
2012-06-06,sh.600748,6.18,6.2,6.04,6.1,2991358,18325495.0,3,0.276116,1,-1.2945,14.186644,1.3436270000000001,1.8365049999999998,81.938074,0,6.275999999999994,6.31500000000001,6.287000000000006,-1,-1,-1,-1,-1,15.614035087719182,35.26072124756318,-23.679337231968816,-1,-0.007954594614241195,0.01765098610902084,-0.025605580723262036
2012-06-07,sh.600748,6.16,6.24,6.09,6.1,2817077,17389402.0,3,0.260029,1,0.0,14.186644,1.3436270000000001,1.8365049999999998,81.938074,0,6.207999999999993,6.2970000000000095,6.277500000000005,-1,-1,-1,-1,-1,13.099415204678243,21.85185185185165,-4.405458089668571,-1,-0.021962111366834236,0.009728366613849826,-0.03169047798068406
2012-06-08,sh.600748,6.19,6.26,5.97,6.1,4967665,30506441.0,3,0.458538,1,0.0,14.186644,1.3436270000000001,1.8365049999999998,81.938074,0,6.129999999999993,6.28600000000001,6.271500000000005,-1,-1,-1,-1,-1,13.134328358208856,13.949259550201994,11.504465974222583,-1,-0.03268638105770538,0.001245417079538784,-0.03393179813724417
2012-06-11,sh.600748,6.07,6.38,6.0,6.24,5890762,36449338.0,3,0.543744,1,2.2951,14.512239000000001,1.374465,1.878654,83.818620,0,6.143999999999993,6.27500000000001,6.270000000000005,1,-1,-1,-1,-1,23.23383084577109,16.489191469552633,36.723109598208005,1,-0.02954800111684719,-0.004913266559738411,-0.024634734557108778
2012-06-12,sh.600748,6.18,6.34,6.14,6.3,5497885,34390247.0,3,0.507479,1,1.6129,14.651779999999999,1.387681,1.8967180000000001,84.624569,0,6.167999999999993,6.26000000000001,6.265000000000005,1,1,1,-1,-1,38.86601475381709,25.078057985932247,66.44192828958677,1,-0.021966102290057243,-0.008323833705802178,-0.013642268584255065
2012-06-13,sh.600748,6.37,6.4,6.29,6.37,3946685,25078962.0,3,0.364297,1,1.1111,14.814576999999998,1.4031,1.9177919999999997,85.564842,0,6.221999999999993,6.2490000000000085,6.271500000000005,1,1,1,-1,-1,55.386858809401254,39.16223480299638,87.83610682221101,1,-0.010191496630434393,-0.008697366290728622,-0.001494130339705772
2012-06-14,sh.600748,6.35,6.38,6.24,6.26,3214330,20312804.0,3,0.296697,1,-1.7268,14.558753,1.37887,1.884675,84.087270,0,6.253999999999993,6.231000000000009,6.265000000000006,1,1,-1,1,-1,64.43464314354445,52.89583890225416,87.512251626125,1,-0.009625164599328606,-0.008882925952448618,-0.000742238646879988
2012-06-15,sh.600748,6.32,6.32,6.08,6.19,3075243,19091590.0,3,0.283859,1,-1.1182,14.395954999999999,1.363451,1.8636009999999998,83.146997,0,6.271999999999993,6.2010000000000085,6.266500000000006,-1,-1,-1,1,1,62.52338946805663,60.78163047366734,66.00690745683521,1,-0.014655814266133937,-0.010037503615185682,-0.004618310650948256
2012-06-18,sh.600748,6.25,6.29,6.2,6.23,1967055,12288622.0,3,0.181568,1,0.6462,14.488982,1.372262,1.875643,83.684296,0,6.269999999999994,6.207000000000008,6.273500000000006,-1,1,-1,1,-1,59.68992248062012,62.21598503074029,54.63779738037978,-1,-0.015239305437948936,-0.011077863979738332,-0.004161441458210603
2012-06-19,sh.600748,6.24,6.26,6.18,6.19,1285666,7981492.0,3,0.118673,1,-0.6421,14.395954999999999,1.363451,1.8636009999999998,83.146997,0,6.247999999999994,6.208000000000007,6.269500000000006,-1,-1,-1,1,-1,54.26356589147289,58.825625946716436,45.13944578098578,-1,-0.01871367253338274,-0.012605025690467214,-0.006108646842915528
2012-06-20,sh.600748,6.2,6.24,6.07,6.09,3447600,21166924.0,3,0.318229,1,-1.6155,14.163387,1.341425,1.833494,81.803750,0,6.191999999999994,6.207000000000008,6.2610000000000054,-1,-1,-1,-1,-1,46.511627906976734,53.488372093023145,32.55813953488391,-1,-0.029199701767316455,-0.015923960905837063,-0.013275740861479392
2012-06-21,sh.600748,6.09,6.17,6.02,6.1,2624672,15963307.0,3,0.242269,1,0.1642,14.186644,1.3436270000000001,1.8365049999999998,81.938074,0,6.159999999999994,6.207000000000008,6.252000000000005,-1,-1,-1,-1,-1,34.68992248062008,45.1550387596898,13.759689922480646,-1,-0.03628477080510173,-0.019996122885689995,-0.016288647919411734
2012-06-25,sh.600748,6.07,6.11,5.93,5.95,2741811,16523859.0,3,0.253081,1,-2.459,13.837792000000002,1.3105870000000002,1.791345,79.923204,0,6.111999999999993,6.192000000000008,6.239000000000006,-1,-1,-1,-1,-1,19.054098631040674,33.41854967287906,-9.674803452636098,-1,-0.05338806112467598,-0.02667451053348719,-0.026713550591188788
2012-06-26,sh.600748,5.95,5.99,5.79,5.98,2490744,14684261.0,3,0.229907,1,0.5042,13.907561999999999,1.3171950000000001,1.8003770000000001,80.326178,0,6.061999999999993,6.166000000000008,6.220500000000007,-1,-1,-1,-1,-1,20.134286710847533,24.626102607502663,11.150654917537274,-1,-0.06378650156166721,-0.034096908739123195,-0.029689592822544013
2012-06-27,sh.600748,5.97,6.02,5.94,5.95,1585044,9471359.0,3,0.146307,1,-0.5017,13.837792000000002,1.3105870000000002,1.791345,79.923204,0,6.013999999999993,6.131000000000009,6.195500000000006,-1,-1,-1,-1,-1,20.840501400113116,20.00962891400034,22.502246372338668,1,-0.07359967852441951,-0.04199746269618246,-0.03160221582823705
2012-06-28,sh.600748,6.04,6.11,5.9,5.93,1785862,10740109.0,3,0.164843,1,-0.3361,13.791278,1.306182,1.785323,79.654554,0,5.981999999999993,6.087000000000009,6.168000000000006,-1,-1,-1,-1,-1,28.227093130341885,23.067293747100745,38.546691896824164,1,-0.08204476385393278,-0.050006922927732525,-0.03203784092620025
2012-06-29,sh.600748,5.9,6.04,5.82,6.01,1827115,10809516.0,3,0.168651,1,1.3491,13.977332999999998,1.323803,1.809409,80.729152,0,5.963999999999993,6.062000000000009,6.146500000000007,1,-1,-1,-1,-1,32.51124613580634,27.19294688875368,43.147844629911646,1,-0.08134453425336385,-0.05627444519285879,-0.025070089060505063
2012-07-02,sh.600748,6.07,6.1,5.99,6.01,1638708,9886981.0,3,0.151260,1,0.0,13.977332999999998,1.323803,1.809409,80.729152,0,5.975999999999994,6.044000000000009,6.122500000000008,1,-1,-1,-1,-1,39.074534992640075,33.270958086262674,50.68168880539487,1,-0.07986891807909124,-0.06099333977010528,-0.018875578308985966
2012-07-03,sh.600748,5.97,6.17,5.97,6.08,2430363,14812089.0,3,0.224333,1,1.1647,14.14013,1.339222,1.830483,81.669425,0,5.995999999999993,6.029000000000009,6.118000000000007,1,1,-1,-1,-1,51.75098502758069,41.11225538534227,73.02844431205752,1,-0.07221857585618086,-0.0632383869873204,-0.008980188868860456
2012-07-04,sh.600748,6.08,6.08,6.08,6.08,0,0.0,3,,0,0.0,14.14013,1.339222,1.830483,81.669425,0,6.021999999999994,6.01800000000001,6.1130000000000075,1,1,-1,1,-1,62.522914852142115,51.116144957454196,85.33645464151795,1,-0.06540171427576791,-0.0636710524450099,-0.0017306618307580124
2012-07-05,sh.600748,5.96,6.04,5.82,5.88,2348188,13878457.0,3,0.216748,1,-3.2895,13.674994,1.295169,1.77027,78.982931,0,6.011999999999994,5.997000000000009,6.102000000000007,-1,-1,-1,1,-1,54.81481481481475,56.36290489817909,51.71863464808608,-1,-0.07526996558141885,-0.06599083507229168,-0.009279130509127168
2012-07-06,sh.600748,6.08,6.15,5.96,6.1,4277200,25975940.0,3,0.394805,1,3.7415,14.186644,1.3436270000000001,1.8365049999999998,81.938074,0,6.029999999999994,5.997000000000009,6.102000000000007,1,1,-1,1,-1,60.52631578947361,59.288015152143394,63.002917064134024,1,-0.0645938665692487,-0.06571144137168308,0.001117574802434379
2012-07-09,sh.600748,6.01,6.13,5.89,5.96,2544622,15320775.0,3,0.234880,1,-2.2951,13.861049,1.31279,1.794355,80.057528,0,6.019999999999994,5.998000000000009,6.095000000000008,-1,-1,-1,1,-1,48.421052631578846,54.587394411955636,36.088369070825266,-1,-0.06666138025977908,-0.06590142914930228,-0.0007599511104768031
2012-07-10,sh.600748,5.91,5.97,5.72,5.8,2512386,14579481.0,3,0.231905,1,-2.6846,13.48894,1.277547,1.7461849999999999,77.908333,0,5.963999999999995,5.980000000000008,6.0730000000000075,-1,-1,-1,-1,-1,46.45224171539953,51.79987004548389,35.7569850552308,-1,-0.08028508608273288,-0.0687781605359884,-0.011506925546744484
2012-07-11,sh.600748,5.8,5.85,5.75,5.8,794609,4614093.0,3,0.073346,1,0.0,13.48894,1.277547,1.7461849999999999,77.908333,0,5.907999999999995,5.965000000000008,6.048000000000007,-1,-1,-1,-1,-1,25.185185185185134,40.01949317738774,-4.4834307992200735,-1,-0.09004399992028667,-0.07303132841284805,-0.017012671507438612
2012-07-12,sh.600748,5.84,5.95,5.77,5.92,1775236,10413393.0,3,0.163862,1,2.069,13.768022,1.303979,1.782313,79.520230,0,5.915999999999995,5.9640000000000075,6.025500000000007,1,-1,-1,-1,-1,26.66666666666664,32.768031189083665,14.463937621832585,-1,-0.08709108056315351,-0.07584327884290915,-0.011247801720244366
2012-07-13,sh.600748,5.95,5.96,5.85,5.87,832456,4903083.0,3,0.076839,1,-0.8446,13.651738,1.292966,1.767259,78.848606,0,5.869999999999996,5.950000000000008,6.006000000000007,1,-1,-1,-1,-1,31.851851851851844,27.901234567901103,39.75308641975332,1,-0.08777365279829752,-0.07822935363398682,-0.009544299164310696
2012-07-16,sh.600748,5.93,5.93,5.65,5.67,1830946,10538037.0,3,0.169005,1,-3.4072,13.186601999999999,1.248913,1.7070459999999998,76.162112,0,5.811999999999995,5.916000000000008,5.9800000000000075,-1,-1,-1,-1,-1,27.25925925925922,28.592592592592467,24.592592592592723,-1,-0.10326257802186234,-0.08323599851156192,-0.020026579510300416
2012-07-17,sh.600748,5.73,5.76,5.63,5.71,1350873,7723804.0,3,0.124692,1,0.7055,13.279629000000002,1.257723,1.7190889999999999,76.699411,0,5.793999999999995,5.879000000000008,5.954000000000007,-1,-1,-1,-1,-1,17.572649572649524,25.561253561253427,1.59544159544172,-1,-0.111030111139792,-0.08879482103720794,-0.022235290102584057
2012-07-18,sh.600748,5.76,5.76,5.54,5.67,2406038,13473190.0,3,0.222088,1,-0.7005,13.186601999999999,1.248913,1.7070459999999998,76.162112,0,5.767999999999995,5.838000000000009,5.928000000000007,-1,-1,-1,-1,-1,13.565363598150403,19.46575747668628,1.7645758410786456,-1,-0.11904136801406917,-0.09484413043258019,-0.02419723758148898
2012-07-19,sh.600748,5.65,5.89,5.64,5.78,3031486,17553984.0,3,0.279820,1,1.94,13.442426000000001,1.273142,1.7401630000000001,77.639684,0,5.739999999999995,5.828000000000008,5.912500000000007,1,-1,-1,-1,-1,25.791352298715413,18.97645515650501,39.42114658313622,1,-0.11518646820885614,-0.09891259798783539,-0.016273870221020753
2012-07-20,sh.600748,5.76,6.19,5.73,5.97,8279808,50039872.0,3,0.764263,1,3.2872,13.884306,1.314993,1.797366,80.191853,0,5.7599999999999945,5.815000000000008,5.906000000000008,1,1,1,-1,-1,42.71442922179231,27.35704837288594,73.42919091960505,1,-0.0956968861026759,-0.0982694556108035,0.0025725695081275923
2012-07-23,sh.600748,5.88,5.88,5.65,5.69,3589264,20534257.0,3,0.331305,1,-4.6901,13.233115,1.253318,1.713067,76.430761,0,5.763999999999995,5.788000000000008,5.893000000000007,-1,-1,-1,-1,-1,43.302911777488,37.26956443266514,55.36960646713372,1,-0.10167289002401425,-0.09895014249344565,-0.0027227475305686005
2012-07-24,sh.600748,5.68,5.76,5.63,5.72,1935439,11055857.0,3,0.178650,1,0.5272,13.302885999999999,1.259926,1.7220990000000003,76.833735,0,5.765999999999995,5.780000000000008,5.880000000000007,-1,-1,-1,-1,-1,38.9743589743589,41.66389999121298,33.59527694065075,-1,-0.1028031165717973,-0.09972073730911599,-0.0030823792626813173
2012-07-25,sh.600748,5.7,5.71,5.63,5.64,1441817,8167709.0,3,0.133086,1,-1.3986,13.116831,1.242305,1.698014,75.759138,0,5.759999999999995,5.764000000000008,5.864500000000007,-1,-1,-1,-1,-1,22.051282051281976,34.77618426770953,-3.3985223815731302,-1,-0.10889884259559501,-0.10155635836641179,-0.007342484229183224
2012-07-26,sh.600748,5.62,5.67,5.58,5.63,1150069,6459785.0,3,0.106157,1,-0.1773,13.093575,1.240102,1.6950029999999998,75.624813,0,5.729999999999995,5.735000000000008,5.849500000000006,-1,-1,-1,-1,-1,18.974358974358875,26.66666666666649,3.589743589743641,-1,-0.11323140466443338,-0.10389136762601611,-0.009340037038417265
2012-07-27,sh.600748,5.65,5.68,5.49,5.52,2646483,14655264.0,3,0.244282,1,-1.9538,12.83775,1.215873,1.661886,74.147241,0,5.639999999999995,5.700000000000008,5.8250000000000055,-1,-1,-1,-1,-1,11.172161172161061,17.399267399267213,-1.282051282051242,-1,-0.12411040452276012,-0.10793517500536491,-0.01617522951739521
2012-07-30,sh.600748,5.55,5.56,5.29,5.29,2206432,11868510.0,3,0.203664,1,-4.1667,12.302844,1.165211,1.592641,71.057773,0,5.559999999999994,5.662000000000008,5.789000000000006,-1,-1,-1,-1,-1,6.043956043955954,12.063492063491871,-5.9951159951158814,-1,-0.14956705222346933,-0.1162615504489858,-0.033305501774483534
2012-07-31,sh.600748,5.29,5.33,5.19,5.26,3825735,20022600.0,3,0.353133,1,-0.5671,12.233073,1.158603,1.583609,70.654799,0,5.467999999999995,5.617000000000008,5.748000000000006,-1,-1,-1,-1,-1,3.761904761904661,6.9926739926738,-2.699633699633617,-1,-0.1702004137870059,-0.1270493231165898,-0.04315109067041609
2012-08-01,sh.600748,5.22,5.35,5.2,5.33,1836245,9745574.0,3,0.169494,1,1.3308,12.395871000000001,1.174022,1.604683,71.595072,0,5.405999999999994,5.583000000000007,5.710500000000006,-1,-1,-1,-1,-1,6.999999999999919,5.601953601953419,9.796092796092921,1,-0.17884250146456804,-0.13740795878618545,-0.04143454267838259
2012-08-02,sh.600748,5.35,5.35,5.1,5.14,2183174,11336065.0,3,0.201517,1,-3.5647,11.953992,1.1321709999999998,1.5474809999999999,69.042902,0,5.3079999999999945,5.519000000000007,5.673500000000006,-1,-1,-1,-1,-1,8.70940170940163,6.49043549043531,13.14733414733427,1,-0.19873197185052582,-0.14967276139905353,-0.049059210451472296
2012-08-03,sh.600748,5.17,5.24,5.14,5.24,1746863,9064710.0,3,0.161243,1,1.9455,12.18656,1.154198,1.577588,70.386149,0,5.251999999999995,5.446000000000008,5.630500000000007,-1,-1,-1,-1,-1,13.446775446775414,9.71872571872556,20.902874902875123,1,-0.20407293045091457,-0.16055279520942572,-0.043520135241488844
2012-08-06,sh.600748,5.25,5.35,5.22,5.33,2010186,10635781.0,3,0.185549,1,1.7176,12.395871000000001,1.174022,1.604683,71.595072,0,5.259999999999995,5.410000000000008,5.599000000000006,1,-1,-1,-1,-1,21.348414791037737,14.5015306490715,35.04218307497021,1,-0.19875233755434252,-0.16819270367840908,-0.03055963387593344
2012-08-07,sh.600748,5.33,5.4,5.32,5.39,1942226,10401132.0,3,0.179276,1,1.1257,12.535411999999999,1.187238,1.622747,72.401020,0,5.285999999999996,5.377000000000008,5.578500000000007,1,1,-1,-1,-1,36.30567974830269,23.70028999537185,61.51645925416437,1,-0.18753247317606725,-0.1720606575779407,-0.015471815598126548
2012-08-08,sh.600748,5.38,5.47,5.3,5.33,2138879,11437486.0,3,0.197428,1,-1.1132,12.395871000000001,1.174022,1.604683,71.595072,0,5.285999999999996,5.346000000000008,5.555000000000007,1,-1,-1,-1,-1,42.45336348219332,33.36915267384449,60.62178509889098,1,-0.18139118372669483,-0.17392676280769154,-0.0074644209190032895
2012-08-09,sh.600748,5.35,5.42,5.34,5.4,2919958,15714313.0,3,0.269525,1,1.3133,12.558667999999999,1.189441,1.625758,72.535344,0,5.337999999999996,5.3230000000000075,5.529000000000007,1,1,-1,1,-1,51.624187906047005,43.46107704551424,67.95040962711253,1,-0.16892845058286454,-0.17292710036272613,0.003998649779861585
2012-08-10,sh.600748,5.41,5.41,5.34,5.36,1554439,8346706.0,3,0.143482,1,-0.7407,12.465641,1.1806299999999998,1.613715,71.998046,0,5.361999999999995,5.3070000000000075,5.503500000000007,-1,1,-1,1,-1,58.38094466280381,50.81949868368128,73.50383662104888,1,-0.16042997361168343,-0.1704276750125176,0.00999770140083417
2012-08-13,sh.600748,5.37,5.37,5.2,5.21,2153334,11332084.0,3,0.198762,1,-2.7985,12.116789,1.1475899999999999,1.5685559999999998,69.983175,0,5.337999999999996,5.299000000000008,5.480500000000006,-1,-1,-1,1,-1,55.07246376811602,55.02586544565552,55.16566041303703,1,-0.16390917286660667,-0.16912397458333542,0.005214801716728751
2012-08-14,sh.600748,5.19,5.27,5.16,5.26,1413214,7353847.0,3,0.130446,1,0.9597,12.233073,1.158603,1.583609,70.654799,0,5.311999999999995,5.299000000000008,5.458000000000007,-1,-1,-1,1,-1,47.74774774774778,53.73371872622244,35.77580579079846,-1,-0.16077852643822332,-0.167454884954313,0.006676358516089664
2012-08-15,sh.600748,5.24,5.25,5.15,5.17,1286251,6686633.0,3,0.118727,1,-1.711,12.023762,1.138779,1.5565129999999998,69.445876,0,5.279999999999996,5.283000000000008,5.433000000000007,-1,-1,-1,-1,-1,27.354627354627358,43.39161295683029,-4.719343849778511,-1,-0.16367299403492375,-0.16669850677043513,0.003025512735511382
2012-08-16,sh.600748,5.17,5.26,5.16,5.19,848716,4415514.0,3,0.078340,1,0.3868,12.070276,1.1431850000000001,1.562534,69.714526,0,5.237999999999996,5.288000000000008,5.403500000000006,-1,-1,-1,-1,-1,21.611384111384098,32.23791973791965,0.3583128583129991,-1,-0.16248007840231082,-0.16585482109681027,0.003374742694499444
2012-08-17,sh.600748,5.19,5.23,5.14,5.19,1543954,8015360.0,3,0.142514,1,0.0,12.070276,1.1431850000000001,1.562534,69.714526,0,5.203999999999996,5.2830000000000075,5.364500000000007,-1,-1,-1,-1,-1,12.247474747474795,20.40449540449532,-4.066566566566259,-1,-0.15969383306733143,-0.1646226234909145,0.004928790423583074
2012-08-20,sh.600748,5.17,5.18,5.1,5.18,1118309,5738853.0,3,0.103225,1,-0.1927,12.047019,1.140982,1.559524,69.580201,0,5.197999999999996,5.268000000000008,5.3390000000000075,-1,-1,-1,-1,-1,16.424378924378953,16.76107926107919,15.750978250978477,-1,-0.15648872537676528,-0.16299584386808466,0.00650711849131938
2012-08-21,sh.600748,5.18,5.24,5.12,5.21,1473932,7673745.0,3,0.136051,1,0.5792,12.116789,1.1475899999999999,1.5685559999999998,69.983175,0,5.187999999999997,5.250000000000008,5.3135000000000066,1,-1,-1,-1,-1,23.716045591045628,17.462633087633034,36.222870597870816,1,-0.14980109142687237,-0.1603568933798422,0.010555801952969845
2012-08-22,sh.600748,5.22,5.23,5.12,5.13,1172863,6054247.0,3,0.108261,1,-1.5355,11.930735,1.129969,1.54447,68.908577,0,5.179999999999996,5.230000000000008,5.2880000000000065,-1,-1,-1,-1,-1,21.89134699215343,20.677257169192576,24.31952663807514,1,-0.14923612361511118,-0.158132739426896,0.00889661581178483
2012-08-23,sh.600748,5.15,5.18,5.12,5.18,1179452,6079225.0,3,0.108869,1,0.9747,12.047019,1.140982,1.559524,69.580201,0,5.1779999999999955,5.208000000000008,5.265500000000007,1,-1,-1,-1,-1,24.560682994822756,23.389358526007175,26.903331932453916,1,-0.14310418446213458,-0.15512702843394371,0.012022843971809138
2012-08-24,sh.600748,5.17,5.17,5.1,5.1,1135211,5813858.0,3,0.104785,1,-1.5444,11.860965,1.123361,1.5354379999999999,68.505603,0,5.159999999999995,5.182000000000008,5.2445000000000075,-1,-1,-1,-1,-1,13.102349661489399,19.851459882821768,-0.3958707811753399,-1,-0.14305090809484877,-0.15271180436612472,0.009660896271275948
2012-08-27,sh.600748,5.08,5.1,4.95,5.0,2752520,13721255.0,3,0.254070,1,-1.9608,11.628397,1.101334,1.505332,67.162356,0,5.123999999999995,5.1610000000000085,5.230000000000007,-1,-1,-1,-1,-1,15.252887295897969,17.638639984069947,10.48138191955401,-1,-0.14935616554959807,-0.1520406766028194,0.0026845110532213168
2012-08-28,sh.600748,5.02,5.14,5.02,5.12,2741465,13941770.0,3,0.253050,1,2.4,7.390999000000001,1.2190590000000001,1.493009,-2.753650,0,5.105999999999995,5.147000000000008,5.223000000000007,1,-1,-1,-1,-1,23.655913978494567,17.33705031196055,36.2936413115626,1,-0.1430214679366566,-0.15023683486958683,0.007215366932930234
2012-08-29,sh.600748,5.12,5.12,5.05,5.07,1496362,7600307.0,3,0.138121,1,-0.9766,7.318821000000001,1.207154,1.478429,-2.726759,0,5.093999999999996,5.1370000000000084,5.210000000000006,-1,-1,-1,-1,-1,37.44901742677044,25.4526062337209,61.44183981286952,1,-0.1404171154713989,-0.14827289098994925,0.00785577551855035
2012-08-30,sh.600748,5.07,5.15,5.03,5.13,2629486,13421980.0,3,0.242713,1,1.183431,7.405435000000001,1.2214399999999999,1.495925,-2.759028,0,5.083999999999995,5.131000000000009,5.2095000000000065,1,-1,-1,-1,-1,52.76232851316271,37.955753306142476,82.37547892720316,1,-0.13199014854880264,-0.14501634250171994,0.013026193952917292
2012-08-31,sh.600748,5.12,5.18,5.1,5.17,2182065,11222402.0,3,0.201414,1,0.7797,7.463177000000001,1.230963,1.50759,-2.780541,0,5.097999999999996,5.129000000000009,5.206000000000007,1,1,-1,-1,-1,59.77011494252863,49.993820294153835,79.32270423927821,1,-0.12069277960889035,-0.14015162992315403,0.01945885031426367
2012-09-03,sh.600748,5.17,5.33,5.14,5.31,4977294,26271691.0,3,0.459427,1,2.7079,7.665274,1.264297,1.548414,-2.855836,0,5.159999999999996,5.142000000000009,5.205000000000007,1,1,1,1,-1,77.55595886267376,63.36280077278828,105.9422750424447,1,-0.09929805716754725,-0.13198091537203266,0.03268285820448541
2012-09-04,sh.600748,5.33,5.34,5.2,5.21,2552018,13412706.0,3,0.235563,1,-1.8832,7.520919,1.2404870000000001,1.519254,-2.802054,0,5.1779999999999955,5.142000000000009,5.196000000000007,1,1,1,1,-1,79.08852591248223,72.13819990589478,92.98917792565712,1,-0.0893814164266935,-0.12346101558296482,0.03407959915627132
2012-09-05,sh.600748,5.17,5.28,5.17,5.26,1850034,9678439.0,3,0.170766,1,0.9597,7.593097,1.252392,1.533834,-2.828945,0,5.215999999999996,5.155000000000009,5.192500000000007,1,1,1,1,1,80.29689608636966,78.98046028717512,82.92976768475873,1,-0.07660477292401069,-0.11408976705117399,0.0374849941271633
2012-09-06,sh.600748,5.26,5.3,5.23,5.28,1919045,10102237.0,3,0.177136,1,0.3802,7.621967999999999,1.257154,1.539666,-2.839701,0,5.245999999999996,5.165000000000009,5.186500000000007,1,1,1,1,1,76.92307692307688,78.76949964064282,73.23023148794499,-1,-0.06412615168488323,-0.10409704397791583,0.039970892293032606
2012-09-07,sh.600748,5.31,5.55,5.29,5.45,6480582,35115535.0,3,0.598187,1,3.2197,7.8673720000000005,1.297631,1.5892389999999998,-2.931131,0,5.301999999999996,5.200000000000009,5.191000000000007,1,1,1,1,1,81.74487985808739,79.65495095584454,85.92473766257308,1,-0.04005741821622344,-0.09128911882557736,0.05123170060935392
2012-09-10,sh.600748,5.43,5.48,5.39,5.46,3319448,18047107.0,3,0.306400,1,0.1835,7.881808,1.3000120000000002,1.592155,-2.936509,0,5.331999999999996,5.246000000000009,5.203500000000007,1,1,1,1,1,82.81325592646347,80.49373756920915,87.45229264097213,1,-0.0199459328123881,-0.07702048162293951,0.057074548810551406
2012-09-11,sh.600748,5.44,5.44,5.38,5.42,2177041,11765515.0,3,0.200951,1,-0.7326,7.824064999999999,1.2904879999999999,1.58049,-2.914996,0,5.373999999999997,5.27600000000001,5.211500000000006,1,1,1,1,1,79.60812772133524,81.38875450196194,76.04687416008184,-1,-0.007152650142005612,-0.06304691532675273,0.05589426518474712
2012-09-12,sh.600748,5.43,5.46,5.36,5.44,2735063,14796819.0,3,0.252459,1,0.369,7.852937,1.29525,1.586323,-2.925753,0,5.4099999999999975,5.3130000000000095,5.225000000000007,1,1,1,1,1,77.74928774928775,80.05689046569539,73.13408231647244,-1,0.004547530299371161,-0.04952802620152795,0.05407555650089911
2012-09-13,sh.600748,5.42,5.44,5.36,5.37,1754145,9475112.0,3,0.161915,1,-1.2868,7.751888,1.278583,1.5659100000000001,-2.888105,0,5.427999999999997,5.337000000000009,5.234000000000007,-1,1,1,1,1,68.88437217705511,75.41392921589261,55.82525809938011,-1,0.008078469046326475,-0.03800672715195706,0.04608519619828354
2012-09-14,sh.600748,5.42,5.46,5.32,5.41,2886166,15571915.0,3,0.266406,1,0.7449,7.80963,1.288107,1.577574,-2.909618,0,5.419999999999997,5.361000000000009,5.245000000000006,-1,1,1,1,1,64.93700375600251,70.5235545607817,53.76390214644411,-1,0.013943694913070459,-0.027616642738951556,0.041560337652022016
2012-09-17,sh.600748,5.41,5.41,5.23,5.24,2268415,12043788.0,3,0.209385,1,-3.1423,7.564226,1.24763,1.528002,-2.818188,0,5.375999999999998,5.354000000000008,5.248000000000006,-1,-1,-1,1,1,45.892169448010286,59.904515127022556,17.867478089985738,-1,0.004818801276894824,-0.02112955393578228,0.025948355212677104
2012-09-18,sh.600748,5.29,5.29,5.2,5.27,1150734,6028717.0,3,0.106218,1,0.5725,7.607532000000001,1.254773,1.53675,-2.834323,0,5.345999999999997,5.360000000000008,5.2510000000000066,-1,-1,1,-1,1,33.85964912280695,48.22960744227316,5.119732483874515,-1,7.915365054955714e-06,-0.016902060075614834,0.01690997544066979
2012-09-19,sh.600748,5.22,5.3,5.21,5.29,1112861,5854800.0,3,0.102722,1,0.3795,7.636403,1.259535,1.542582,-2.845079,0,5.315999999999997,5.363000000000008,5.2590000000000074,-1,-1,1,-1,1,21.378446115288128,33.7100882287017,-3.284838111539017,-1,-0.0021659458520852937,-0.013954837230908925,0.011788891378823631
2012-09-20,sh.600748,5.26,5.26,5.14,5.16,1711150,8895375.0,3,0.157947,1,-2.4575,7.448741,1.228583,1.504674,-2.775163,0,5.2739999999999965,5.351000000000008,5.258000000000007,-1,-1,-1,-1,1,17.19887955182065,24.145658263305155,3.3053221288516355,-1,-0.014214800699108743,-0.014006829924548889,-0.00020797077455985379
2012-09-21,sh.600748,5.1,5.17,4.99,5.01,2976732,15064210.0,3,0.274766,1,-2.907,7.232208,1.192868,1.460933,-2.694489,0,5.193999999999997,5.3070000000000075,5.253500000000008,-1,-1,-1,-1,-1,11.95065260146606,16.842659422858194,2.1666389586817942,-1,-0.03545860662541944,-0.018297185264723,-0.01716142136069644
2012-09-24,sh.600748,4.99,5.09,4.96,5.08,2025602,10186698.0,3,0.186972,1,1.3972,7.333257000000001,1.209535,1.4813450000000001,-2.732137,0,5.161999999999996,5.269000000000007,5.257500000000007,-1,-1,-1,-1,-1,11.3792240300375,13.509585394441316,7.11850130122987,-1,-0.04611448184830724,-0.023860644581439848,-0.022253837266867395
2012-09-25,sh.600748,5.03,5.08,5.02,5.05,999439,5047191.0,3,0.092253,1,-0.5906,7.28995,1.202392,1.472597,-2.716002,0,5.117999999999997,5.232000000000006,5.254000000000007,-1,-1,-1,-1,-1,15.41843971631196,12.916105449271754,20.423108250392374,1,-0.05633074326967691,-0.03035466431908726,-0.02597607895058965
2012-09-26,sh.600748,5.01,5.07,4.96,5.0,1417272,7086333.0,3,0.130821,1,-0.9901,7.217772999999999,1.190487,1.458017,-2.689111,0,5.059999999999997,5.188000000000007,5.250500000000007,-1,-1,-1,-1,-1,16.666666666666604,14.488110137671933,21.02377972465595,1,-0.06768159488733527,-0.03782005043273686,-0.02986154445459841
2012-09-27,sh.600748,4.96,5.15,4.96,5.13,2688415,13679313.0,3,0.248153,1,2.6,7.405435000000001,1.2214399999999999,1.495925,-2.759028,0,5.053999999999997,5.164000000000007,5.250500000000007,1,-1,-1,-1,-1,21.259259259259178,17.78145521407916,28.21486734961921,1,-0.0654330416545914,-0.04334264867710777,-0.022090392977483636
2012-09-28,sh.600748,5.12,5.23,5.08,5.2,3656770,18939492.0,3,0.337536,1,1.3645,7.506483,1.238106,1.516338,-2.796675,0,5.091999999999997,5.143000000000008,5.252000000000007,1,1,-1,-1,-1,38.7886710239651,25.571532316630208,65.22294843863489,1,-0.057341633376462475,-0.04614244561697871,-0.011199187759483767
2012-10-08,sh.600748,5.21,5.22,5.13,5.18,1868044,9661481.0,3,0.172429,1,-0.3846,7.477612,1.233344,1.510506,-2.785919,0,5.1119999999999965,5.137000000000008,5.245500000000007,1,1,-1,-1,-1,57.690631808278816,39.24618736383428,94.57952069716788,1,-0.051944186624351296,-0.047302793818453225,-0.004641392805898072
2012-10-09,sh.600748,5.16,5.33,5.16,5.3,5277449,27833083.0,3,0.487132,1,2.3166,7.6508389999999995,1.261916,1.545498,-2.850458,0,5.161999999999996,5.140000000000008,5.250000000000007,1,1,1,1,-1,75.72866984631685,57.40265755952017,112.3806944199102,1,-0.037550811686094754,-0.04535239739198153,0.007801585705886779
2012-10-10,sh.600748,5.29,5.35,5.25,5.34,2911772,15458071.0,3,0.268770,1,0.7547,7.708581,1.27144,1.5571620000000002,-2.871971,0,5.229999999999996,5.145000000000008,5.254000000000007,1,1,1,1,-1,84.67789056024343,72.69906407161295,108.63554353750436,1,-0.022655138310696543,-0.040812945575724534,0.01815780726502799
2012-10-11,sh.600748,5.33,5.33,5.21,5.23,1760414,9283531.0,3,0.162494,1,-2.0599,7.54979,1.245249,1.5250860000000002,-2.812810,0,5.2499999999999964,5.152000000000008,5.251500000000007,-1,1,-1,1,-1,86.18618618618619,82.19758219758207,94.16339416339443,1,-0.019501489503068292,-0.036550654361193285,0.017049164858124993
2012-10-12,sh.600748,5.23,5.33,5.22,5.26,1827080,9613523.0,3,0.168648,1,0.5736,7.593097,1.252392,1.533834,-2.828945,0,5.261999999999996,5.1770000000000085,5.242000000000007,-1,1,1,1,1,81.19658119658122,84.02021931433687,75.54930496106991,-1,-0.014415280442926282,-0.03212357957753988,0.017708299134613602
2012-10-15,sh.600748,5.27,5.29,5.23,5.26,1461631,7685023.0,3,0.134915,1,0.0,7.593097,1.252392,1.533834,-2.828945,0,5.277999999999996,5.195000000000008,5.232000000000008,-1,1,1,1,1,74.35897435897438,80.5805805805805,61.91576191576215,-1,-0.010266082114404718,-0.02775208008491285,0.017485997970508132
2012-10-16,sh.600748,5.24,5.37,5.24,5.31,4378262,23290203.0,3,0.404133,1,0.9506,7.665274,1.264297,1.548414,-2.855836,0,5.279999999999996,5.221000000000009,5.226500000000008,1,1,1,1,1,79.73733583489673,78.43096379681735,82.35007991105547,1,-0.0029096893257989365,-0.022783601933090068,0.01987391260729113
2012-10-17,sh.600748,5.32,5.36,5.26,5.33,2584322,13727845.0,3,0.238545,1,0.3766,7.694146000000001,1.269059,1.554246,-2.866592,0,5.277999999999996,5.254000000000008,5.221000000000008,1,1,1,1,1,82.83194237777913,78.97608419054997,90.54365875223746,1,0.004482466725967527,-0.017330388201278548,0.021812854927246075
2012-10-18,sh.600748,5.33,5.61,5.32,5.5,9244887,50649988.0,3,0.853345,1,3.1895,7.93955,1.309536,1.603819,-2.958022,0,5.331999999999995,5.291000000000008,5.227500000000008,1,1,1,1,1,82.88536118119791,81.81821313129116,85.0196572810114,1,0.02378421329956293,-0.009107467901110252,0.03289168120067318
2012-10-19,sh.600748,5.48,5.56,5.46,5.47,4719976,25958270.0,3,0.435675,1,-0.545458,7.896242999999999,1.3023930000000001,1.595071,-2.941887,0,5.373999999999995,5.318000000000008,5.230500000000008,1,1,1,1,1,77.39303959131534,81.03678105009736,70.1055566737513,-1,0.03624245675979143,-3.748296892991561e-05,0.036279939728721344
2012-10-22,sh.600748,5.43,5.54,5.41,5.52,3936817,21535515.0,3,0.363386,1,0.9141,7.968421,1.314298,1.609651,-2.968779,0,5.425999999999996,5.352000000000008,5.2445000000000075,1,1,1,1,1,74.49074074074058,78.25638050441785,66.95946121338602,-1,0.04957877335387639,0.009885768295631347,0.039693005058245044
2012-10-23,sh.600748,5.5,6.02,5.49,5.74,18429778,107146940.0,3,1.701151,1,3.9855,8.286003,1.366679,1.673804,-3.087099,0,5.511999999999996,5.396000000000009,5.268000000000008,1,1,1,1,1,70.60699588477353,74.16359207227639,63.49380350976779,-1,0.07701231172982492,0.023311076982470064,0.05370123474735486
2012-10-24,sh.600748,5.7,5.86,5.64,5.75,7689512,44312956.0,3,0.709777,1,0.1742,8.300438,1.36906,1.67672,-3.092478,0,5.5959999999999965,5.437000000000009,5.2910000000000075,1,1,1,1,1,69.72736625514396,71.60836762688592,65.96536351166003,-1,0.09842591231804843,0.038334044049585736,0.06009186826846269
2012-10-25,sh.600748,5.79,5.8,5.52,5.55,7804141,44060710.0,3,0.720357,1,-3.4783,8.011728,1.32144,1.618399,-2.984913,0,5.605999999999996,5.469000000000008,5.310500000000007,-1,1,1,1,1,57.39614262645202,65.9101682554564,40.36809136844326,-1,0.09812687104308981,0.05029260944828655,0.047834261594803265
2012-10-26,sh.600748,5.54,5.7,5.46,5.7,7500836,41836113.0,3,0.692361,1,2.7027,8.228261,1.357155,1.662139,-3.065587,0,5.651999999999997,5.513000000000009,5.345000000000008,1,1,1,1,1,55.24356269609431,60.78902385922999,44.15264036982295,-1,0.10874013647104963,0.061982114852839165,0.046758021618210466
2012-10-29,sh.600748,5.66,5.86,5.58,5.85,9287064,53482435.0,3,0.857238,1,2.6316,8.444794,1.39287,1.7058799999999998,-3.146260,0,5.717999999999996,5.572000000000009,5.383500000000007,1,1,1,1,1,59.0374223452171,57.22570922258771,62.660848590475894,1,0.1277819810488401,0.07514208809203934,0.05263989295680074
2012-10-30,sh.600748,5.75,5.97,5.7,5.75,10916642,63601301.0,3,1.007655,1,-1.7094,8.790163,1.3103420000000001,1.6933939999999998,-1602.494976,0,5.719999999999996,5.6160000000000085,5.418500000000007,1,1,1,1,1,66.01150311676625,60.097496052692456,77.83951724491384,1,0.13326739225880413,0.0867671489253923,0.04650024333341182
2012-10-31,sh.600748,5.74,5.83,5.66,5.78,5947567,34215879.0,3,0.548987,1,0.5217,8.836025,1.317178,1.702229,-1610.855820,0,5.725999999999996,5.661000000000009,5.457500000000008,1,1,1,1,1,66.57196269361928,63.873629385200786,71.96862931045627,1,0.1384395247764818,0.09710162409561021,0.04133790068087159
2012-11-01,sh.600748,5.78,6.36,5.76,6.36,31252769,194401539.0,3,2.884771,1,10.0346,9.722684,1.449352,1.873041,-1772.498791,0,5.887999999999996,5.747000000000009,5.519000000000007,1,1,1,1,1,74.02810304449646,68.87052295162725,84.3432632302349,1,0.18718191321880528,0.11511768192024922,0.07206423129855606
2012-11-02,sh.600748,6.3,6.95,6.25,6.71,40457929,265069318.0,3,3.734449,1,5.5031,10.257738,1.529112,1.976118,-1870.041964,0,6.089999999999996,5.871000000000009,5.594500000000007,1,1,1,1,1,81.51611838486079,74.0387280409921,96.47089907259817,1,0.2511574948961943,0.14232564451543825,0.10883185038075607
2012-11-05,sh.600748,6.69,6.77,6.4,6.47,29037850,191254630.0,3,2.680324,1,-3.5768,9.890844,1.4744190000000001,1.9054369999999998,-1803.155217,0,6.213999999999996,5.96600000000001,5.659000000000008,1,1,1,1,1,83.89261744966437,79.81227962634046,92.05329309631219,1,0.2792733210548759,0.1697151798233258,0.10955814123155011
2012-11-06,sh.600748,6.43,6.66,6.28,6.58,26289313,169796475.0,3,2.426622,1,1.7002,10.059004,1.499487,1.937832,-1833.811643,0,6.3799999999999955,6.05000000000001,5.723000000000008,1,1,1,1,1,75.61521252796415,80.34131612082969,66.16300534223305,-1,0.30689371680820354,0.19715088722030133,0.10974282958790221
2012-11-07,sh.600748,6.53,6.56,6.2,6.27,15907131,100787545.0,3,1.468300,1,-4.7112,9.585099000000001,1.428842,1.846536,-1747.416261,0,6.477999999999994,6.102000000000009,5.769500000000007,-1,1,1,1,1,65.77181208053685,75.09321401938838,47.129008202833774,-1,0.3003069189874976,0.2177820935737406,0.08252482541375702
2012-11-08,sh.600748,6.18,6.5,6.18,6.24,15282847,97047511.0,3,1.410675,1,-0.4785,9.539238000000001,1.4220059999999999,1.8377009999999998,-1739.055418,0,6.453999999999995,6.17100000000001,5.8200000000000065,-1,1,1,1,1,59.23512794134452,66.87405084994843,43.9572821241367,-1,0.2893308589400787,0.23209184664700822,0.05723901229307049
2012-11-09,sh.600748,6.16,6.34,6.11,6.26,8886601,55250402.0,3,0.820273,1,0.3205,9.569811999999999,1.426563,1.843591,-1744.629313,0,6.3639999999999946,6.227000000000009,5.870000000000006,-1,1,1,1,1,49.68307549870365,58.23000517352827,32.58921614905441,-1,0.27902960552469214,0.241479398422545,0.037550207102147126
2012-11-12,sh.600748,6.25,6.89,6.19,6.89,32817659,218336506.0,3,3.029217,1,10.0639,10.532908,1.570131,2.029128,-1920.207024,0,6.447999999999995,6.331000000000009,5.9515000000000065,1,1,1,1,1,63.34521586601024,57.42113976868607,75.19336806065859,1,0.31803540862631596,0.2567906004632992,0.06124480816301675
2012-11-13,sh.600748,6.98,7.04,6.28,6.35,31457942,208575812.0,3,2.903709,1,-7.8374,9.707397,1.447073,1.870096,-1769.711844,0,6.401999999999996,6.39100000000001,6.003500000000006,-1,-1,1,1,1,62.65140503875961,58.559898801157765,70.83441751396332,1,0.3018942525534989,0.2658113308813391,0.03608292167215976
2012-11-14,sh.600748,6.23,6.32,6.09,6.23,13090547,80878128.0,3,1.208316,1,-1.8898,9.52395,1.419727,1.834756,-1736.268470,0,6.393999999999996,6.43600000000001,6.048500000000006,-1,-1,1,-1,1,52.05980977152178,59.3521435587638,37.47514219703774,-1,0.2762350077380038,0.26789606625267204,0.008338941485331763
2012-11-15,sh.600748,6.23,6.83,6.15,6.41,23514354,153333688.0,3,2.170481,1,2.8892,9.799121000000001,1.4607459999999999,1.8877669999999998,-1786.433530,0,6.427999999999995,6.44100000000001,6.0940000000000065,-1,-1,1,-1,1,31.50493421052629,48.73871634026915,-2.9626300489594257,-1,0.2673426078656016,0.267785374575258,-0.00044276670965637255
2012-11-16,sh.600748,6.3,7.05,6.27,6.93,55014864,380699144.0,3,5.078119,1,8.1123,10.594057000000001,1.5792469999999998,2.0409080000000004,-1931.354815,0,6.561999999999995,6.46300000000001,6.167000000000006,1,1,1,1,1,45.30701754385962,42.957253841969155,50.00654494764056,1,0.2988104699841978,0.2739903936570459,0.024820076327151885
2012-11-19,sh.600748,6.74,7.11,6.6,6.97,37611715,257924818.0,3,3.471730,1,0.5772,10.655206,1.588362,2.0526880000000003,-1942.502606,0,6.577999999999994,6.51300000000001,6.239500000000006,1,1,1,1,1,69.15290677674572,48.654952843710475,110.1488146428162,1,0.3232504135815688,0.2838423976419505,0.03940801593961829
2012-11-20,sh.600748,7.03,7.44,6.75,6.81,37352615,263532459.0,3,3.447814,1,-2.2956,10.41061,1.5519,2.0055680000000002,-1897.911442,0,6.669999999999995,6.53600000000001,6.293000000000006,1,1,1,1,1,75.70261437908488,63.38751289989667,100.3328173374613,1,0.3259512193791494,0.2922641619893903,0.03368705738975908
2012-11-21,sh.600748,6.64,7.49,6.64,7.49,60802088,438575444.0,3,5.612306,1,9.9853,11.450142999999999,1.7068619999999999,2.2058299999999997,-2087.423891,0,6.921999999999994,6.65800000000001,6.380000000000006,1,1,1,1,1,79.86928104575155,74.90826740052732,89.79130833619999,1,0.3785977057518499,0.30953087074188224,0.06906683500996769
2012-11-22,sh.600748,7.3,7.4,7.1,7.13,47059705,339107270.0,3,4.343822,1,-4.8064,10.899802000000001,1.624824,2.099809,-1987.093771,0,7.065999999999994,6.74700000000001,6.459000000000006,1,1,1,1,1,75.87301587301579,77.14830376595067,73.32244008714602,-1,0.3868125004227476,0.3249871966780553,0.061825303744692306
2012-11-23,sh.600748,7.06,7.25,6.96,7.02,23399316,166048524.0,3,2.159862,1,-1.5428,10.731641999999999,1.599756,2.067414,-1956.437345,0,7.083999999999994,6.82300000000001,6.525000000000006,-1,1,1,1,1,80.23809523809516,78.6601307189541,83.39402427637728,1,0.38006554467575615,0.33600286627759546,0.04406267839816069
2012-11-26,sh.600748,6.97,7.23,6.92,7.12,20864561,148264427.0,3,1.925893,1,1.4245,10.884514999999999,1.6225450000000001,2.096864,-1984.306823,0,7.1139999999999946,6.846000000000011,6.588500000000006,1,1,1,1,1,71.42857142857135,75.84656084656069,62.592592592592666,-1,0.37842544493465713,0.3444873820090078,0.033938062925649326
2012-11-27,sh.600748,7.03,7.09,6.71,6.74,17882069,122970790.0,3,1.650595,1,-5.3371,10.3036,1.5359479999999999,1.984953,-1878.402807,0,7.099999999999994,6.8850000000000104,6.638000000000007,-1,-1,1,1,1,61.34328358208948,71.00331674958525,42.02321724709793,-1,0.34251453550861477,0.3440928127089292,-0.0015782772003144485
2012-11-28,sh.600748,6.68,6.84,6.3,6.4,22638974,147617361.0,3,2.089679,1,-5.0445,9.783833,1.458467,1.8848220000000002,-1783.646582,0,6.8819999999999935,6.902000000000011,6.669000000000007,-1,-1,-1,-1,1,42.75233900753838,58.50806467273299,11.24088767714916,-1,0.2833534009382559,0.33194493035479455,-0.04859152941653866
2012-11-29,sh.600748,6.39,6.51,6.31,6.44,14543522,93343882.0,3,1.342432,1,0.625,9.844982,1.467583,1.8966020000000001,-1794.794374,0,6.743999999999994,6.905000000000011,6.673000000000007,-1,-1,-1,-1,1,22.150098111179854,42.08190690026917,-17.713519466998775,-1,0.2369638692841196,0.31294871814065955,-0.07598484885653994
2012-11-30,sh.600748,6.39,6.86,6.34,6.61,23557902,157054787.0,3,2.174500,1,2.6398,10.104865,1.5063229999999999,1.946667,-1842.172486,0,6.661999999999995,6.873000000000012,6.668000000000008,-1,-1,-1,-1,-1,16.156954585112725,27.019797234610248,-5.568730713882324,-1,0.21147960523276943,0.29265489555908153,-0.0811752903263121
2012-12-03,sh.600748,6.58,6.89,6.5,6.65,20193226,136103941.0,3,1.863926,1,0.6051,10.166014,1.515439,1.958447,-1853.320277,0,6.567999999999995,6.841000000000013,6.6770000000000085,1,-1,-1,-1,-1,22.408963585434154,20.238672093908836,26.749546568484796,1,0.19229416068846028,0.2725827485849573,-0.08028858789649701
2012-12-04,sh.600748,6.55,6.73,6.26,6.54,18622848,119871923.0,3,1.718973,1,-1.6541,9.997855,1.490371,1.926052,-1822.663851,0,6.527999999999994,6.8140000000000125,6.675000000000009,1,-1,-1,-1,-1,26.674529460907138,21.746815877151263,36.52995662841889,1,0.1662965142712558,0.251325501722217,-0.08502898745096121
2012-12-05,sh.600748,6.51,7.07,6.48,6.82,25991750,177421021.0,3,2.399155,1,4.2813,10.425897,1.554179,2.008513,-1900.698389,0,6.611999999999995,6.747000000000012,6.7025000000000095,1,1,1,-1,-1,36.846274926770256,28.64325599103711,53.252312798236545,1,0.16636905324044093,0.2343342120258618,-0.06796515878542086
2012-12-06,sh.600748,6.78,7.37,6.78,7.19,30557994,218206291.0,3,2.820640,1,5.4252,10.991525,1.638497,2.117479,-2003.815457,0,6.761999999999995,6.7530000000000125,6.75000000000001,1,1,1,1,1,54.97028128607072,39.49702855791597,85.91678674238022,1,0.19404561165515322,0.2262764919517201,-0.03223088029656687
2012-12-07,sh.600748,7.17,7.3,7.04,7.28,26049094,186822415.0,3,2.404448,1,1.2517,11.129111,1.6590060000000002,2.143984,-2028.897988,0,6.8959999999999955,6.779000000000013,6.801000000000011,1,1,1,1,1,77.41377741377737,56.410111208872706,119.42110982358668,1,0.2206976661207518,0.22516072678552643,-0.004463060664774615
2012-12-10,sh.600748,7.22,7.43,7.18,7.26,19673289,143237444.0,3,1.815933,1,-0.2747,11.098536,1.654449,2.1380939999999997,-2023.324092,0,7.017999999999995,6.7930000000000135,6.81950000000001,1,1,1,1,1,87.04858704858698,73.14421524947828,114.8573306468044,1,0.2374683906607995,0.22762225956058105,0.009846131100218453
2012-12-11,sh.600748,7.25,7.71,7.16,7.42,32739264,246014305.0,3,3.021981,1,2.2039,11.343132,1.69091,2.1852150000000004,-2067.915257,0,7.1939999999999955,6.861000000000013,6.87300000000001,1,1,1,1,1,85.78732578732571,83.41656341656328,90.5288505288506,1,0.2606651874866399,0.23423084514579282,0.0264343423408471
2012-12-12,sh.600748,7.36,7.55,7.19,7.34,18123639,132922050.0,3,1.672893,1,-1.0782,11.220834,1.67268,2.161655,-2045.619674,0,7.2979999999999965,6.9550000000000125,6.928500000000011,1,1,1,1,1,79.98428136359163,84.27339806650136,71.40604795777219,-1,0.26948700622498567,0.24128207736163138,0.028204928863354295
2012-12-13,sh.600748,7.35,7.58,7.22,7.3,17970122,133168401.0,3,1.658723,1,-0.545,11.159685000000001,1.663564,2.149875,-2034.471883,0,7.319999999999996,7.041000000000013,6.973000000000011,-1,1,1,1,1,75.40229885057464,80.39130200049725,65.4242925507294,-1,0.2701367273877926,0.24705300736686361,0.023083720020928983
2012-12-14,sh.600748,7.29,7.92,7.27,7.69,28584787,218456763.0,3,2.638504,1,5.3425,11.755887,1.7524400000000002,2.2647310000000003,-2143.162847,0,7.401999999999996,7.1490000000000125,7.011000000000012,1,1,1,1,1,77.45049162165898,77.61235727860834,77.12676030776026,-1,0.2986783980721821,0.2573780855079273,0.041300312564254815
2012-12-17,sh.600748,7.75,7.92,7.55,7.68,31129335,240964664.0,3,2.873378,1,-0.13,11.7406,1.750161,2.261786,-2140.375899,0,7.485999999999995,7.252000000000012,7.0465000000000115,1,1,1,1,1,80.4006831925402,77.75115788825786,85.69973380110486,1,0.3168386426474479,0.26927019693583143,0.04756844571161645
2012-12-18,sh.600748,7.6,7.81,7.42,7.47,23020146,175215950.0,3,2.124863,1,-2.7344,11.419568,1.702305,2.1999400000000002,-2081.849995,0,7.495999999999995,7.345000000000011,7.079500000000012,-1,1,1,1,1,76.66807581201994,78.17308354207296,73.65806035191389,-1,0.310703920959722,0.2775569417406095,0.03314697921911247
2012-12-19,sh.600748,7.45,7.55,7.25,7.41,16791311,124211579.0,3,1.549913,1,-0.8032,11.327845,1.688632,2.18227,-2065.128309,0,7.509999999999995,7.404000000000011,7.075500000000011,-1,1,1,1,1,61.96836788942044,73.01237563132678,39.880352405607766,-1,0.29757040486865893,0.2815596343662194,0.016010770502439542
2012-12-20,sh.600748,7.38,7.59,7.34,7.53,16612005,123814473.0,3,1.533363,1,1.6194,11.511291,1.7159779999999998,2.2176099999999996,-2098.571682,0,7.555999999999995,7.438000000000011,7.095500000000011,-1,1,1,1,1,50.41866028708127,63.018367996173815,25.219244868896183,-1,0.2934621469070713,0.2839401368743898,0.009522010032681494
2012-12-21,sh.600748,7.59,7.67,7.21,7.27,19703711,145628562.0,3,1.818741,1,-3.4529,11.113823,1.656728,2.141039,-2026.111040,0,7.471999999999994,7.43700000000001,7.108000000000011,-1,-1,1,1,1,35.0677830940988,49.15160375686677,6.900141768562861,-1,0.2661583875707043,0.2803837870136527,-0.014225399442948372
2012-12-24,sh.600748,7.2,7.38,7.18,7.35,12960243,94190606.0,3,1.196289,1,1.1004,11.236121,1.6749580000000002,2.1646,-2048.406622,0,7.405999999999994,7.4460000000000095,7.119500000000011,-1,-1,1,-1,1,28.710289236604932,38.065577539261604,9.999712631291587,-1,0.24811517569667707,0.27393006475025755,-0.02581488905358048
2012-12-25,sh.600748,7.32,8.09,7.25,8.09,54064424,427002829.0,3,4.990389,1,10.068,12.367377000000001,1.843594,2.382532,-2254.640758,0,7.529999999999996,7.51300000000001,7.18700000000001,1,1,1,1,1,45.815552394499655,36.5312082417344,64.38424070003016,1,0.2901825717988302,0.2771805661599721,0.013002005638858116
2012-12-26,sh.600748,8.08,8.2,7.84,8.04,41216345,330517605.0,3,3.804454,1,-0.618,12.290941,1.8321990000000001,2.367807,-2240.706019,0,7.655999999999994,7.58300000000001,7.26900000000001,1,1,1,1,1,69.09556615438959,47.873802595164655,111.53909327283945,1,0.3158458300350029,0.28491361893497824,0.030932211100024642
2012-12-27,sh.600748,8.0,8.1,7.81,7.93,22703177,180812385.0,3,2.095605,1,-1.3682,12.122781,1.807132,2.335412,-2210.049594,0,7.735999999999994,7.64600000000001,7.34350000000001,1,1,1,1,1,85.94771241830057,66.95294365572987,123.93724994344197,1,0.3235780599347402,0.2926465071349306,0.03093155279980958
2012-12-28,sh.600748,7.91,8.38,7.91,8.22,33655601,275632373.0,3,3.106563,1,3.657,12.566111,1.873219,2.420818,-2290.871079,0,7.925999999999995,7.69900000000001,7.424000000000009,1,1,1,1,1,81.50326797385613,78.84884884884868,86.81210622387104,1,0.3490824786888389,0.3039337014457123,0.0451487772431266
2012-12-31,sh.600748,8.28,8.86,8.12,8.55,33747348,286558631.0,3,3.115032,1,4.0146,13.07059,1.948421,2.518004,-2382.840356,0,8.165999999999993,7.7860000000000085,7.51900000000001,1,1,1,1,1,80.58123249299715,82.6774042950512,76.38888888888903,-1,0.3914112115738009,0.32142920347133,0.06998200810247085
2013-01-04,sh.600748,8.69,9.41,8.6,9.24,48798280,446550133.0,3,4.504301,1,8.0702,14.125409,2.1056619999999997,2.7212110000000003,-2575.139753,0,8.395999999999994,7.963000000000008,7.654000000000011,1,1,1,1,1,86.86365577621177,82.98271874768827,94.62552983325878,1,0.4751569571494967,0.35217475420696337,0.12298220294253331
2013-01-07,sh.600748,9.18,9.48,8.92,9.35,32966255,303167314.0,3,3.042933,1,1.1905,14.293569,2.130729,2.753606,-2605.796179,0,8.657999999999994,8.157000000000007,7.780500000000011,1,1,1,1,1,89.42404224964172,85.6229768396168,97.02617306969154,1,0.5441297554535387,0.39056575445627845,0.15356400099726025
2013-01-08,sh.600748,9.36,9.45,8.96,9.22,24961123,229445991.0,3,2.304024,1,-1.3904,14.094835,2.1011040000000003,2.715321,-2569.565858,0,8.915999999999993,8.326000000000008,7.88200000000001,1,1,1,1,1,91.80671995840635,89.36480599475321,96.69054788571262,1,0.5815969933788869,0.42877200224080014,0.15282499113808679
2013-01-09,sh.600748,9.11,9.33,8.99,9.3,20502099,187660108.0,3,1.892436,1,0.8677,14.217132999999999,2.119335,2.738881,-2591.861440,0,9.131999999999994,8.529000000000007,7.983000000000011,1,1,1,1,1,91.65724312731517,90.962668445121,93.04639249170353,1,0.610705547384458,0.46515871126953173,0.1455468361149263
2013-01-10,sh.600748,9.24,9.98,9.13,9.78,43293718,418604909.0,3,3.996205,1,5.1613,14.950920000000002,2.22872,2.880243,-2725.634934,0,9.377999999999995,8.77200000000001,8.109000000000012,1,1,1,1,1,90.46910447774594,91.31102252115573,88.78526839092638,-1,0.6648423854528165,0.5050954461061887,0.15974693934662776
2013-01-11,sh.600748,9.7,9.75,9.09,9.19,29661728,278450237.0,3,2.737911,1,-6.0327,14.048973000000002,2.094268,2.706486,-2561.205014,0,9.367999999999993,8.882000000000009,8.197500000000012,-1,1,1,1,1,82.10204376846924,88.07613045784336,70.15387038972102,-1,0.6526152086066279,0.5345993986062766,0.11801581000035133
2013-01-14,sh.600748,9.08,10.05,9.01,9.84,34022070,324558746.0,3,3.140390,1,7.0729,15.042644000000001,2.242393,2.897913,-2742.356621,0,9.465999999999994,9.062000000000008,8.322500000000012,1,1,1,1,1,81.5215986907273,84.69758231231408,75.16963144755374,-1,0.6874501531447237,0.565169549513966,0.12228060363075766
2013-01-15,sh.600748,9.85,9.98,9.65,9.72,25082312,245233471.0,3,2.315210,1,-1.2195,14.859197,2.215047,2.862573,-2708.913247,0,9.565999999999994,9.241000000000009,8.44350000000001,1,1,1,1,1,78.89431344602606,80.83931863507411,75.00430306792998,-1,0.6973356492569671,0.5916027694625663,0.10573287979440082
2013-01-16,sh.600748,9.62,9.76,9.3,9.52,21167054,201020857.0,3,1.953814,1,-2.0576,14.553451999999998,2.16947,2.803672,-2653.174291,0,9.609999999999994,9.371000000000008,8.535000000000013,-1,1,1,1,1,78.84558205135473,79.75383139603593,77.02908336199232,-1,0.6811794351083602,0.6095181025917251,0.07166133251663509
2013-01-17,sh.600748,9.4,9.94,9.31,9.33,28388655,273676216.0,3,2.620400,1,-1.9958,14.262995000000002,2.126172,2.747716,-2600.222283,0,9.519999999999992,9.449000000000009,8.617500000000012,-1,-1,1,1,1,60.877672035640565,72.87252251100702,36.88797108490766,-1,0.6456020088083587,0.6167348838350518,0.0288671249733069
2013-01-18,sh.600748,9.32,9.77,9.3,9.71,29802281,285297912.0,3,2.750884,1,4.0729,14.843910000000001,2.212768,2.859628,-2706.126299,0,9.623999999999993,9.49600000000001,8.729500000000012,1,1,1,1,1,56.179600384105974,65.30095149036698,37.93689817158395,-1,0.6406840593276364,0.6215247189335688,0.019159340394067637
2013-01-21,sh.600748,9.72,10.09,9.62,9.67,29776213,293293584.0,3,2.748478,1,-0.4119,14.782760999999999,2.203653,2.8478470000000002,-2694.978508,0,9.589999999999995,9.52800000000001,8.842500000000012,1,1,1,1,1,55.63623570281027,57.56450270751884,51.77970169339312,-1,0.6263388389729077,0.6224875429414365,0.003851296031471163
2013-01-22,sh.600748,9.61,9.78,9.37,9.46,21204394,201780994.0,3,1.957261,1,-2.1717,14.461729,2.155797,2.786002,-2636.452605,0,9.537999999999995,9.55200000000001,8.939000000000012,-1,-1,1,-1,1,57.43072931146321,56.415521799459725,59.46114433547018,1,0.5912098049175185,0.6162319953366528,-0.025022190419134338
2013-01-23,sh.600748,9.4,9.65,9.29,9.46,15023468,141800157.0,3,1.386734,1,0.0,14.461729,2.155797,2.786002,-2636.452605,0,9.525999999999994,9.568000000000008,9.048500000000013,-1,-1,1,-1,1,48.383838383838366,53.81693446603719,37.51764621944072,-1,0.556949623763952,0.6043755210221127,-0.04742589725816071
2013-01-24,sh.600748,9.45,9.58,8.82,8.93,27317876,251446902.0,3,2.521563,1,-5.6025,13.651504999999998,2.035018,2.629915,-2488.744372,0,9.445999999999994,9.48300000000001,9.127500000000014,-1,-1,-1,-1,1,30.6649168853893,45.49316152689686,1.0084276023741694,-1,0.4814813949540184,0.5797966958084938,-0.09831530085447537
2013-01-25,sh.600748,8.9,9.02,8.68,8.77,11416083,100665092.0,3,1.053756,1,-1.7917,13.406908999999999,1.9985560000000002,2.582794,-2444.153208,0,9.257999999999996,9.44100000000001,9.161500000000014,-1,-1,-1,-1,1,18.903687570968458,32.650814280065276,-8.590565847225179,-1,0.40410336503222943,0.544658029653241,-0.14055466462101152
2013-01-28,sh.600748,8.79,9.22,8.79,9.18,17145043,155652215.0,3,1.582565,1,4.675,14.033686,2.091989,2.703541,-2558.418067,0,9.159999999999995,9.375000000000009,9.218500000000015,1,-1,-1,-1,-1,16.835129651346673,22.13457803590138,6.236232882237253,-1,0.37158093856892194,0.5100426114363772,-0.13846167286745525
2013-01-29,sh.600748,9.2,9.46,9.0,9.16,20583966,190149485.0,3,1.899993,1,-0.2179,14.003112,2.087431,2.697651,-2552.844171,0,9.099999999999994,9.319000000000008,9.280000000000014,1,-1,-1,-1,-1,25.295508274231604,20.344775165515482,35.196974491663845,1,0.34027042280913555,0.4760881737109289,-0.13581775090179332
2013-01-30,sh.600748,9.14,9.3,9.06,9.25,15174892,139445077.0,3,1.400711,1,0.9825,14.140697,2.107941,2.7241560000000002,-2577.926701,0,9.057999999999995,9.292000000000009,9.331500000000014,1,-1,-1,-1,-1,36.643026004728064,26.257887976768682,57.413302060646835,1,0.31904115350663353,0.4446787696700698,-0.12563761616343627
2013-01-31,sh.600748,9.24,9.24,8.51,8.62,27819632,244847306.0,3,2.567877,1,-6.8108,13.177601000000001,1.964373,2.5386189999999997,-2402.348991,0,8.995999999999993,9.221000000000009,9.335000000000013,-1,-1,-1,-1,-1,27.14337014094615,29.693968139968504,22.042174142901445,-1,0.24851632822966963,0.4054462813819898,-0.15692995315232017
2013-02-01,sh.600748,8.62,8.83,8.53,8.7,14161592,122888297.0,3,1.307179,1,0.9281,13.299899,1.982604,2.562179,-2424.644573,0,8.981999999999994,9.120000000000008,9.308000000000012,-1,-1,-1,-1,-1,20.782729050869623,28.18970839884784,5.96877035491319,-1,0.19681150696447247,0.3637193264984863,-0.16690781953401385
2013-02-04,sh.600748,8.75,8.82,8.4,8.63,14091598,121199366.0,3,1.300718,1,-0.8046,13.192888,1.966652,2.541564,-2405.135939,0,8.871999999999995,9.016000000000009,9.272000000000013,-1,-1,-1,-1,-1,13.440885079238425,20.455661423684628,-0.5886676096539816,-1,0.148475119853968,0.32067048516958263,-0.17219536531561463
2013-02-05,sh.600748,8.63,8.97,8.48,8.91,16104870,141374449.0,3,1.486552,1,3.2445,13.620931,2.0304599999999997,2.624025,-2483.170477,0,8.821999999999994,8.961000000000007,9.256500000000013,1,-1,-1,-1,-1,25.52698963477015,19.91686792162596,36.74723306105853,1,0.13124888927047884,0.28278616598976186,-0.15153727671928302
2013-02-06,sh.600748,8.9,8.94,8.68,8.7,10370277,90874426.0,3,0.957223,1,-2.3569,13.299899,1.982604,2.562179,-2424.644573,0,8.711999999999994,8.885000000000007,9.226500000000012,-1,-1,-1,-1,-1,29.97407525850112,22.980649990836458,43.96092579383045,1,0.09950470417776813,0.2461298736273631,-0.14662516944959497
2013-02-07,sh.600748,8.7,8.72,8.53,8.64,6240174,53794792.0,3,0.575996,1,-0.6897,13.208175,1.9689310000000002,2.544509,-2407.922886,0,8.715999999999996,8.856000000000007,9.16950000000001,-1,-1,-1,-1,-1,31.387911736488533,28.96299220991983,36.23775078962594,1,0.068713622362365,0.2106466233743635,-0.1419330010119985
2013-02-08,sh.600748,8.65,8.8,8.63,8.71,6885801,60131963.0,3,0.635590,1,0.8102,13.315185999999999,1.9848830000000002,2.565124,-2427.431521,0,8.717999999999996,8.850000000000009,9.14550000000001,-1,-1,-1,-1,-1,26.729559748427572,29.363848914472303,21.460981416338107,-1,0.04939053977351904,0.1783954066541946,-0.12900486688067556
2013-02-18,sh.600748,8.82,9.09,8.75,8.96,15360172,137286097.0,3,1.417813,1,2.8703,13.697367000000002,2.0418540000000003,2.63875,-2497.105215,0,8.783999999999995,8.828000000000008,9.101500000000012,1,1,-1,-1,-1,38.03633822501742,32.05126990331107,50.006474868430104,1,0.05363153729196135,0.15344263278174794,-0.09981109548978659
2013-02-19,sh.600748,9.01,9.03,8.42,8.48,12532788,108680494.0,3,1.156833,1,-5.3571,12.963579,1.9324689999999998,2.497388,-2363.331722,0,8.697999999999997,8.760000000000009,9.039500000000011,-1,-1,-1,-1,-1,33.66377158829984,32.80988985391484,35.371535057069835,1,0.018052472244677986,0.12636460067433394,-0.10831212842965596
2013-02-20,sh.600748,8.47,8.65,8.31,8.63,9533067,80871932.0,3,0.879945,1,1.7689,13.192888,1.966652,2.541564,-2405.135939,0,8.683999999999996,8.69800000000001,8.99500000000001,-1,-1,-1,-1,-1,37.590557590557545,36.43022246795817,39.91122783575629,1,0.0019372221678075618,0.10147912497302866,-0.0995419028052211
2013-02-21,sh.600748,8.51,8.65,8.25,8.33,10798676,91039828.0,3,0.996766,1,-3.4762,12.734271000000001,1.8982860000000001,2.4532130000000003,-2321.527505,0,8.621999999999996,8.669000000000008,8.945000000000011,-1,-1,-1,-1,-1,20.02442002441997,30.42624973442568,-0.7792393955914463,-1,-0.034642386549601056,0.07425482266850272,-0.10889720921810378
2013-02-22,sh.600748,8.35,8.49,8.32,8.41,6599427,55437246.0,3,0.609157,1,0.9604,12.856569,1.9165169999999998,2.476773,-2343.823087,0,8.561999999999994,8.640000000000008,8.88000000000001,-1,-1,-1,-1,-1,23.19902319902315,26.93800027133345,15.721069054402548,-1,-0.05652507273503993,0.04809884358779419,-0.10462391632283412
2013-02-25,sh.600748,8.41,8.55,8.25,8.36,7465717,62244715.0,3,0.689119,1,-0.5945,12.780132,1.905123,2.462048,-2329.888348,0,8.441999999999995,8.613000000000008,8.81450000000001,-1,-1,-1,-1,-1,13.888888888888795,19.037444037443866,3.591778591778656,-1,-0.07701407105428615,0.02307626065937812,-0.10009033171366427
2013-02-26,sh.600748,8.29,8.46,8.02,8.09,9069188,74934833.0,3,0.837127,1,-3.2297,12.367377000000001,1.843594,2.382532,-2254.640758,0,8.363999999999995,8.53100000000001,8.74600000000001,-1,-1,-1,-1,-1,12.894971072541077,16.660961053484236,5.362991110654761,-1,-0.11372751337216691,-0.004284494146930887,-0.10944301922523603
2013-02-27,sh.600748,8.1,8.3,8.05,8.26,9939760,81481670.0,3,0.917485,1,2.1014,12.62726,1.882334,2.432598,-2302.018870,0,8.289999999999996,8.487000000000009,8.686000000000009,-1,-1,-1,-1,-1,14.022400237353418,13.60208673292766,14.863027246204936,1,-0.12763431275657666,-0.028954457868860046,-0.09867985488771662
2013-02-28,sh.600748,8.28,8.71,8.27,8.65,17541464,149924523.0,3,1.619156,1,4.7215,13.223462,1.97121,2.547454,-2410.709834,0,8.353999999999996,8.48800000000001,8.672000000000008,1,1,-1,-1,-1,29.28348909657316,18.733620135489115,50.383227018741245,1,-0.10596432010611068,-0.044356430316310175,-0.0616078897898005
2013-03-01,sh.600748,8.58,8.63,8.4,8.56,10537893,89701087.0,3,0.972695,1,-1.0405,13.085877,1.9507,2.5209490000000003,-2385.627304,0,8.383999999999995,8.47300000000001,8.661500000000007,1,1,-1,-1,-1,44.924585916535555,29.410158416820607,75.95344091596544,1,-0.09495832221636036,-0.05447680869632021,-0.04048151352004015
2013-03-04,sh.600748,8.1,8.1,7.7,7.7,15556269,121032754.0,3,1.435914,1,-10.0467,11.771175,1.754718,2.267676,-2145.949795,0,8.251999999999995,8.34700000000001,8.587500000000007,-1,-1,-1,-1,-1,37.44795040251686,37.218675138541755,37.906500930467075,1,-0.15385723187861977,-0.07435289333278013,-0.07950433854583965
2013-03-05,sh.600748,7.46,7.68,7.33,7.62,12628103,94875361.0,3,1.165631,1,-1.039,11.648877,1.736488,2.244116,-2123.654212,0,8.157999999999994,8.26100000000001,8.510500000000008,-1,-1,-1,-1,-1,24.826613096092164,35.73304980504809,3.0137396781803147,-1,-0.2046315088860471,-0.10040861644343352,-0.10422289244261357
2013-03-06,sh.600748,7.62,7.81,7.56,7.61,10799531,82763489.0,3,0.996845,1,-0.1312,11.633589,1.7342090000000001,2.241171,-2120.867264,0,8.027999999999995,8.15900000000001,8.428500000000009,-1,-1,-1,-1,-1,13.7681159420289,25.34755981354587,-9.390771801005044,-1,-0.24287766313533155,-0.12890242578181313,-0.11397523735351842
2013-03-07,sh.600748,7.61,7.75,7.46,7.65,11647932,88806338.0,3,1.075156,1,0.5256,11.694738000000001,1.743324,2.252951,-2132.015056,0,7.827999999999994,8.091000000000012,8.380000000000008,-1,-1,-1,-1,-1,21.497584541062718,20.030771193061156,24.43121123706584,1,-0.266883878992914,-0.1564987164240333,-0.1103851625688807
2013-03-08,sh.600748,7.65,7.66,7.31,7.32,8419533,62938690.0,3,0.777161,1,-4.3137,11.190259,1.668122,2.155765,-2040.045779,0,7.579999999999994,7.982000000000011,8.311000000000009,-1,-1,-1,-1,-1,14.730848861283581,16.665516448124965,10.861513687600812,-1,-0.3089755423685938,-0.1869940816129454,-0.12198146075564842
2013-03-11,sh.600748,7.36,7.53,7.31,7.45,6119928,45568823.0,3,0.564897,1,1.776,11.388994,1.6977470000000001,2.19405,-2076.276100,0,7.529999999999994,7.891000000000011,8.252000000000008,-1,-1,-1,-1,-1,11.300897170462335,15.843110190936109,2.2164711295147868,-1,-0.3280618821373613,-0.21520764171782858,-0.11285424041953274
2013-03-12,sh.600748,7.43,7.6,7.26,7.4,8060273,59999273.0,3,0.743999,1,-0.6711,11.312557,1.686353,2.179325,-2062.341361,0,7.485999999999994,7.822000000000012,8.176500000000008,-1,-1,-1,-1,-1,6.7898193760262275,10.940521802590611,-1.511585477102539,-1,-0.3432655741825519,-0.24081922821077323,-0.10244634597177865
2013-03-13,sh.600748,7.42,7.44,7.25,7.33,4222858,30850643.0,3,0.389789,1,-0.9459,11.205547,1.6704009999999998,2.1587099999999997,-2042.832726,0,7.429999999999994,7.729000000000011,8.10800000000001,-1,-1,-1,-1,-1,8.484091287689429,8.858269278059227,7.735735306949831,-1,-0.3568494859081852,-0.26402527975025564,-0.09282420615792958
2013-03-14,sh.600748,7.33,7.44,7.22,7.35,4106804,30263222.0,3,0.379076,1,0.2729,11.236121,1.6749580000000002,2.1646,-2048.406622,0,7.369999999999995,7.599000000000009,8.04350000000001,-1,-1,-1,-1,-1,10.075000378598505,8.449637014104617,13.325727107586282,1,-0.3618300493865796,-0.28358623367752045,-0.07824381570905914
2013-03-15,sh.600748,7.34,7.43,7.11,7.17,7105999,51575354.0,3,0.655916,1,-2.449,10.960951,1.633939,2.111589,-1998.241562,0,7.3399999999999945,7.46000000000001,7.966500000000009,-1,-1,-1,-1,-1,9.713752431143634,9.42428136581042,10.292694561810062,1,-0.3759677552527103,-0.30206253799255844,-0.07390521726015187
2013-03-18,sh.600748,7.14,7.34,7.11,7.19,4825506,34756012.0,3,0.445416,1,0.2789,10.991525,1.638497,2.117479,-2003.815457,0,7.287999999999995,7.409000000000009,7.878000000000009,-1,-1,-1,-1,-1,11.590909090908996,10.459887300216941,13.852952672293107,1,-0.3811643310138937,-0.3178828965968255,-0.06328143441706818
2013-03-19,sh.600748,7.19,7.57,7.19,7.52,11712933,86981568.0,3,1.081156,1,4.5897,11.496004,1.713699,2.214665,-2095.784734,0,7.311999999999995,7.399000000000008,7.83000000000001,1,1,-1,-1,-1,28.020833333333215,16.441831618461844,51.17883676307596,1,-0.35456718289500433,-0.3252197538564613,-0.029347429038543038
2013-03-20,sh.600748,7.47,7.7,7.44,7.68,12770719,97373160.0,3,1.178795,1,2.1277,11.7406,1.750161,2.261786,-2140.375899,0,7.381999999999995,7.406000000000009,7.78250000000001,1,1,-1,-1,-1,57.367080306698824,32.32627424364691,107.44869243280266,1,-0.3169247770138792,-0.32356075848794486,0.006635981474065633
2013-03-21,sh.600748,7.68,7.69,7.52,7.59,8142371,61777968.0,3,0.751577,1,-1.1719,11.603015,1.7296509999999998,2.235281,-2115.293369,0,7.429999999999995,7.400000000000008,7.74550000000001,1,1,-1,1,-1,80.67620056497161,55.354704735001114,131.31919222491257,1,-0.2910006723832099,-0.3170487412669979,0.026048068883787967
2013-03-22,sh.600748,7.57,7.61,7.41,7.56,5451300,41014544.0,3,0.503179,1,-0.3953,11.557153,1.7228139999999998,2.226445,-2106.932526,0,7.507999999999996,7.424000000000009,7.70300000000001,1,1,-1,1,-1,84.74576271186424,74.26301452784479,105.71125907990316,1,-0.2697666796112248,-0.30759232893584326,0.03782564932461846
2013-03-25,sh.600748,7.55,7.76,7.47,7.72,8043843,61370616.0,3,0.742483,1,2.1164,11.801749000000001,1.7592759999999998,2.273566,-2151.523690,0,7.613999999999995,7.451000000000009,7.671000000000011,1,1,1,1,-1,83.82442416340707,83.08212914674753,85.30901419672617,1,-0.23729256356922868,-0.29353237586252034,0.05623981229329167
2013-03-26,sh.600748,7.72,7.98,7.7,7.78,18294804,143442976.0,3,1.688693,1,0.7772,13.196316,1.766209,2.298714,4.921008,0,7.665999999999995,7.489000000000009,7.655500000000011,1,1,1,1,1,82.37627817990166,83.64882168505754,79.83119116958991,-1,-0.20435936651559317,-0.2756977739931349,0.07133840747754172
2013-03-27,sh.600748,7.74,7.81,7.49,7.54,11691039,89102280.0,3,1.079135,1,-3.0848,12.789232,1.711725,2.2278029999999998,4.769204,0,7.6379999999999955,7.51000000000001,7.619500000000011,-1,1,-1,1,1,73.42764515178298,79.87611583169712,60.53070379195469,-1,-0.1953734216272398,-0.2596329035199559,0.06425948189271607
2013-03-28,sh.600748,7.41,7.43,6.88,6.95,11290295,79877112.0,3,1.042145,1,-7.8249,11.788483,1.577784,2.0534790000000003,4.396017,0,7.509999999999995,7.47000000000001,7.53450000000001,-1,-1,-1,1,-1,44.26680599094382,66.69024310754271,-0.580068242253958,-1,-0.23317220074175182,-0.25434076296431507,0.021168562222563247
2013-03-29,sh.600748,6.94,7.3,6.94,7.2,9665143,69295936.0,3,0.892136,1,3.5971,12.212529,1.6345379999999998,2.127345,4.554147,0,7.437999999999995,7.4730000000000105,7.466500000000009,-1,-1,-1,-1,-1,28.293277603622343,48.66257624878293,-12.445319686698838,-1,-0.24018637582301672,-0.2515098855360554,0.011323509713038693
2013-04-01,sh.600748,7.28,7.77,7.22,7.42,13050092,98414560.0,3,1.204582,1,3.0556,12.58569,1.6844830000000002,2.1923470000000003,4.693301,0,7.377999999999996,7.496000000000011,7.4525000000000095,1,-1,-1,-1,-1,28.1818181818181,33.580633925461306,17.384186694531692,-1,-0.2253947879143432,-0.24628686601171296,0.02089207809736976
2013-04-02,sh.600748,7.45,7.98,7.35,7.78,18893362,146417600.0,3,1.743942,1,4.8518,13.196316,1.766209,2.298714,4.921008,0,7.377999999999996,7.522000000000011,7.460500000000009,1,1,1,-1,-1,53.333333333333236,36.60280970625778,86.79438058748416,1,-0.1825193866991226,-0.2335333701491949,0.0510139834500723
2013-04-03,sh.600748,7.8,7.88,7.51,7.67,12704278,97934944.0,3,1.172662,1,-1.4139,13.009736,1.741237,2.266213,4.851431,0,7.403999999999996,7.521000000000011,7.463500000000008,1,1,1,-1,-1,67.57575757575746,49.69696969696949,103.33333333333343,1,-0.15562248390430078,-0.21795119290021608,0.062328708995915305
2013-04-08,sh.600748,7.37,7.64,7.31,7.52,8539456,63947792.0,3,0.788230,1,-1.9557,12.755308,1.707184,2.221893,4.756553,0,7.517999999999996,7.51400000000001,7.457000000000008,1,1,1,1,1,70.6060606060605,63.83838383838363,84.14141414141422,1,-0.14474174827981923,-0.20330930397613672,0.0585675556963175
2013-04-09,sh.600748,7.51,7.79,7.48,7.76,9960332,76217872.0,3,0.919383,1,3.1915,13.162392,1.761669,2.292805,4.908358,0,7.629999999999997,7.5340000000000105,7.479000000000008,1,1,1,1,1,69.99999999999987,69.39393939393916,71.21212121212127,1,-0.11542217765346141,-0.18573187871160166,0.07030970105814024
2013-04-10,sh.600748,7.75,7.85,7.56,7.66,8567753,65731048.0,3,0.790842,1,-1.2887,12.992774,1.738967,2.263258,4.845106,0,7.677999999999997,7.52800000000001,7.4895000000000085,-1,1,1,1,1,69.69696969696957,70.10101010100988,68.88888888888897,-1,-0.09911285961111815,-0.16840807489150494,0.06929521528038679
2013-04-11,sh.600748,7.71,7.79,7.54,7.54,5836111,44488184.0,3,0.538699,1,-1.5666,12.789232,1.711725,2.2278029999999998,4.769204,0,7.629999999999997,7.50400000000001,7.496500000000007,-1,1,1,1,1,70.3030303030302,69.99999999999977,70.90909090909105,1,-0.09477806217496809,-0.15368207234819758,0.05890401017322949
2013-04-12,sh.600748,7.55,7.75,7.5,7.53,8217522,62697220.0,3,0.758514,1,-0.132623,12.772269999999999,1.709455,2.224848,4.762878,0,7.601999999999997,7.50300000000001,7.506500000000007,-1,1,1,1,1,62.54662004661996,67.5155400155398,52.60878010878028,-1,-0.09109948227855469,-0.141165554334269,0.05006607205571431
2013-04-15,sh.600748,7.4,7.67,7.26,7.54,8172445,61313872.0,3,0.754353,1,0.1328,12.789232,1.711725,2.2278029999999998,4.769204,0,7.605999999999997,7.56200000000001,7.516000000000007,-1,-1,1,1,1,52.94534412955457,61.93166482640146,34.97270273586079,-1,-0.08638151247619508,-0.13020874596265422,0.043827233486459144
2013-04-16,sh.600748,7.4,7.97,7.34,7.96,24045158,188044912.0,3,2.219476,1,5.570293,13.501629000000001,1.807073,2.351898,5.034862,0,7.645999999999998,7.63800000000001,7.555500000000007,1,1,1,1,1,65.35275153696196,60.281571904378715,75.49511080212845,1,-0.048196419184019845,-0.11380628060692735,0.0656098614229075
2013-04-17,sh.600748,7.92,8.09,7.8,7.98,16742212,133176376.0,3,1.545381,1,0.2513,13.535553,1.8116130000000001,2.3578069999999998,5.047513,0,7.709999999999998,7.69400000000001,7.595000000000008,1,1,1,1,1,75.358157777308,64.55208448127473,96.9703043693745,1,-0.016134634762127398,-0.09427195143796736,0.07813731667583997
2013-04-18,sh.600748,7.88,8.13,7.83,7.94,11026229,88265480.0,3,1.017770,1,-0.5013,13.467706,1.8025330000000002,2.345988,5.022212,0,7.789999999999997,7.71000000000001,7.616000000000007,1,1,1,1,1,87.37670990475304,76.02920640634089,110.07171690157733,1,0.005977984198183073,-0.07422196431073727,0.08019994850892034
2013-04-19,sh.600748,7.94,8.21,7.94,8.14,18487485,149642896.0,3,1.706478,1,2.518895,13.806942999999999,1.847936,2.405081,5.148716,0,7.911999999999997,7.757000000000009,7.639000000000007,1,1,1,1,1,85.84649547980177,82.86045438728749,91.81857766483034,1,0.03918897644118147,-0.05153977616035352,0.09072875260153498
2013-04-22,sh.600748,8.06,8.1,7.86,7.99,11475084,91540640.0,3,1.059202,1,-1.8428,13.552515,1.813884,2.360762,5.053838,0,8.001999999999999,7.804000000000009,7.659000000000008,-1,1,1,1,1,82.54486791691863,85.25602443382438,77.12255488310714,-1,0.05279657462083964,-0.030672506004114884,0.08346908062495453
2013-04-23,sh.600748,7.9,7.95,7.59,7.6,10470045,80896528.0,3,0.966432,1,-4.8811,12.891003,1.7253459999999998,2.245531,4.807155,0,7.929999999999998,7.788000000000008,7.661000000000007,-1,-1,-1,1,1,68.42105263157883,78.93747200943297,47.38821387587055,-1,0.03174501678870989,-0.018189001445549927,0.04993401823425982
2013-04-24,sh.600748,7.55,7.76,7.49,7.66,8957864,68090880.0,3,0.826851,1,0.7895,12.992774,1.738967,2.263258,4.845106,0,7.865999999999998,7.788000000000008,7.658000000000007,-1,-1,1,1,1,51.57894736842093,67.51495597230603,19.706930160650728,-1,0.019676189236030872,-0.010615963309233766,0.03029215254526464
2013-04-25,sh.600748,7.58,7.63,7.37,7.39,11182094,83708832.0,3,1.032158,1,-3.5248,13.3093,1.6507169999999998,2.173514,5.006768,0,7.755999999999998,7.773000000000008,7.638500000000006,-1,-1,-1,-1,1,30.52631578947356,50.175438596491,-8.771929824561312,-1,-0.01154213650166458,-0.010801197947719929,-0.0007409385539446506
2013-04-26,sh.600748,7.35,7.44,6.95,7.0,10370977,74300320.0,3,0.957288,1,-5.2774,12.606914999999999,1.563602,2.058809,4.742541,0,7.527999999999997,7.720000000000008,7.611500000000007,-1,-1,-1,-1,-1,19.91924255082139,34.00816856957185,-8.258609486679532,-1,-0.06698051550981088,-0.02203706146013812,-0.04494345404967276
2013-05-02,sh.600748,7.0,7.13,6.95,7.08,5550862,39200884.0,3,0.512370,1,1.1429,12.750994,1.581472,2.082338,4.796741,0,7.3459999999999965,7.674000000000007,7.618000000000007,-1,-1,-1,-1,-1,9.323308270676582,19.922955536990404,-11.875986261951063,-1,-0.10327006583801879,-0.03828366233571426,-0.06498640350230453
2013-05-03,sh.600748,7.13,7.26,7.11,7.19,7349673,52810232.0,3,0.678408,1,1.553674,12.949103,1.606043,2.114691,4.871267,0,7.263999999999996,7.597000000000007,7.617500000000009,-1,-1,-1,-1,-1,11.111111111111013,13.451220644202886,6.4308920449272655,-1,-0.12175025409131024,-0.05497698068683346,-0.06677327340447678
2013-05-06,sh.600748,7.2,7.24,7.09,7.18,7223348,51722628.0,3,0.666747,1,-0.1391,12.931092999999999,1.603809,2.11175,4.864492,0,7.167999999999995,7.5170000000000075,7.605500000000009,1,-1,-1,-1,-1,15.873015873015765,12.102478418267678,23.414090782511938,1,-0.13563928757646604,-0.07110944206475997,-0.06452984551170607
2013-05-07,sh.600748,7.17,7.27,7.14,7.25,6140614,44338292.0,3,0.566806,1,0.9749,13.057162,1.619445,2.1323380000000003,4.911917,0,7.139999999999995,7.4480000000000075,7.5790000000000095,1,-1,-1,-1,-1,21.129514607775373,16.03788053063394,31.312782762058234,1,-0.13939121651695618,-0.08476579695519922,-0.05462541956175697
2013-05-08,sh.600748,7.25,7.38,7.15,7.22,7667243,55561960.0,3,0.707721,1,-0.4138,13.003132,1.612744,2.1235150000000003,4.891592,0,7.183999999999995,7.356000000000007,7.5565000000000095,1,-1,-1,-1,-1,23.780308258569008,20.260946246453273,30.819032282800478,1,-0.1431354204843842,-0.09643972166103622,-0.046695698823347995
2013-05-09,sh.600748,7.17,7.18,6.91,6.99,8265601,58077180.0,3,0.762952,1,-3.1856,12.588905,1.561368,2.0558680000000003,4.735766,0,7.165999999999995,7.256000000000007,7.53000000000001,-1,-1,-1,-1,-1,20.832907075873724,21.914243314072593,18.67023459947599,-1,-0.16278531908582305,-0.10970884114599358,-0.053076477939829475
2013-05-10,sh.600748,6.97,7.12,6.95,7.11,5267496,37257028.0,3,0.486214,1,1.7167,12.805024000000001,1.588173,2.0911619999999997,4.817066,0,7.149999999999996,7.207000000000008,7.497500000000011,-1,-1,-1,-1,-1,21.396514161219955,22.003243165220784,20.183056153218295,-1,-0.16675278586374986,-0.12111763008954483,-0.04563515577420503
2013-05-13,sh.600748,7.11,7.15,7.0,7.08,3483952,24563924.0,3,0.321584,1,-0.4219,12.750994,1.581472,2.082338,4.796741,0,7.1299999999999955,7.149000000000008,7.468500000000011,-1,-1,-1,-1,-1,23.088338060591028,21.772586432561457,25.719841316650168,1,-0.170354045751143,-0.13096491322186446,-0.03938913252927853
2013-05-14,sh.600748,7.08,7.15,7.0,7.1,4419786,31285680.0,3,0.407966,1,0.2825,12.787014,1.585939,2.088221,4.810291,0,7.099999999999996,7.120000000000007,7.446500000000012,1,-1,-1,-1,-1,33.42626046359475,25.970370895135137,48.33803960051397,1,-0.16963874742073948,-0.13869968006163946,-0.030939067359100014
2013-05-15,sh.600748,7.1,7.22,7.09,7.15,3929399,28082138.0,3,0.362701,1,0.7042,12.877063,1.597108,2.102927,4.844167,0,7.085999999999996,7.135000000000008,7.427500000000012,1,1,-1,-1,-1,41.18827780008018,32.56762544142188,58.42958251739677,1,-0.16315651941349163,-0.14359104793200989,-0.019565471481481744
2013-05-16,sh.600748,7.16,7.51,7.0,7.5,15156202,111136848.0,3,1.398986,1,4.8951,13.507408999999999,1.675288,2.205867,5.081294,0,7.187999999999995,7.1770000000000085,7.425500000000012,1,1,1,1,-1,63.27423167848692,45.962923314053846,97.89684840735306,1,-0.12829828927204723,-0.14053249620001734,0.012234206927970115
2013-05-17,sh.600748,7.49,7.66,7.42,7.54,14620308,110245600.0,3,1.349520,1,0.5333,13.579448000000001,1.684223,2.217632,5.108394,0,7.273999999999996,7.212000000000009,7.404500000000011,1,1,1,1,-1,77.7990543735224,60.75385461736306,111.88945388584108,1,-0.09633473814388438,-0.13169294458879074,0.035358206444906365
2013-05-20,sh.600748,7.55,7.64,7.47,7.51,10583341,79803504.0,3,0.976890,1,-0.3979,13.525419,1.6775220000000002,2.2088080000000003,5.088069,0,7.359999999999995,7.245000000000009,7.381000000000012,1,1,1,1,-1,87.44444444444434,76.17257683215111,109.98817966903081,1,-0.07258740050052115,-0.11987183577113683,0.04728443527061568
2013-05-21,sh.600748,7.49,7.65,7.48,7.59,9442158,71468080.0,3,0.871554,1,1.065245,13.669498,1.695391,2.232337,5.142269,0,7.457999999999996,7.279000000000009,7.363500000000012,1,1,1,1,1,84.88888888888876,83.37746256895173,87.91174152876283,1,-0.04677296330984593,-0.10525206127887865,0.05847909796903272
2013-05-22,sh.600748,7.61,7.77,7.55,7.74,13443131,103493680.0,3,1.240861,1,1.9763,13.939646,1.7288970000000001,2.276455,5.243895,0,7.575999999999996,7.331000000000008,7.343500000000011,1,1,1,1,1,89.00271002710018,87.11201445347767,92.78410117434518,1,-0.014049139718179227,-0.08701147696673876,0.07296233724855954
2013-05-23,sh.600748,7.7,7.77,7.43,7.49,9824551,74886592.0,3,0.906850,1,-3.23,13.489398999999999,1.673054,2.2029259999999997,5.074519,0,7.573999999999996,7.381000000000009,7.318500000000012,-1,1,1,1,1,83.54816457255475,85.81325449618113,79.017984725302,-1,-0.00819373217806163,-0.07124792800900334,0.06305419583094171
2013-05-24,sh.600748,7.51,7.57,7.36,7.4,7107061,52840508.0,3,0.656014,1,-1.2016,13.32731,1.6529509999999998,2.176455,5.013543,0,7.545999999999997,7.410000000000009,7.308500000000012,-1,-1,1,1,1,70.64195966634988,81.06427808866817,49.797322821713294,-1,-0.010692273482208137,-0.0591367971036443,0.04844452362143616
2013-05-27,sh.600748,7.3,7.35,7.2,7.32,8772651,63887380.0,3,0.809755,1,-1.0811,13.183231,1.635081,2.152926,4.959343,0,7.507999999999997,7.434000000000009,7.291500000000012,-1,-1,1,1,1,52.38095238095235,68.85702553995223,19.42880606295259,-1,-0.018909737199335197,-0.05109138512278248,0.032181647923447285
2013-05-28,sh.600748,7.3,7.58,7.1,7.57,21247848,154654752.0,3,1.961272,1,3.4153,13.633478,1.690924,2.226455,5.128719,0,7.503999999999996,7.481000000000009,7.300500000000012,1,1,1,1,1,55.84415584415583,59.62235596381925,48.28775560482897,-1,-0.0051894054996557415,-0.04191098919815713,0.03672158369850139
2013-05-29,sh.600748,7.52,7.65,7.42,7.43,12391856,93127864.0,3,1.143824,1,-1.8494,13.38134,1.6596520000000001,2.185279,5.033868,0,7.441999999999996,7.509000000000009,7.3220000000000125,-1,-1,1,-1,1,54.946048975899686,54.3903857336692,56.05737546036066,1,-0.005548810515580982,-0.0346385534616419,0.02908974294606092
2013-05-30,sh.600748,7.41,7.57,7.32,7.46,8931458,66572512.0,3,0.824414,1,0.4038,13.435369,1.666353,2.194102,5.054193,0,7.4359999999999955,7.505000000000008,7.341000000000013,1,-1,1,-1,1,59.00368288427986,56.597962568111704,63.81512351661617,1,-0.0033739989409848903,-0.0283856425575105,0.02501164361652561
2013-05-31,sh.600748,7.46,7.49,7.24,7.29,7598731,55889532.0,3,0.701397,1,-2.2788209999999998,13.129201,1.62838,2.144103,4.939017,0,7.413999999999996,7.480000000000008,7.3460000000000125,-1,-1,-1,-1,1,43.78109452736314,52.5769421291808,26.189399323727812,-1,-0.015192890169538842,-0.025747092079916167,0.010554201910377325
2013-06-03,sh.600748,7.31,7.45,7.26,7.35,7580157,55909512.0,3,0.699683,1,0.823,13.237260999999998,1.641782,2.16175,4.979668,0,7.419999999999996,7.4640000000000075,7.354500000000011,-1,-1,-1,-1,1,39.80099502487557,47.52859081217276,24.345803450281196,-1,-0.019493242098809205,-0.024496322083694774,0.0050030799848855695
2013-06-04,sh.600748,7.36,7.47,7.31,7.45,13318600,98694576.0,3,1.229367,1,1.3605,13.417359,1.664119,2.191161,5.047418,0,7.395999999999996,7.450000000000007,7.364500000000011,1,-1,1,-1,1,39.30348258706464,40.961857379767686,35.98673300165855,-1,-0.014663110509504307,-0.02252967976885668,0.007866569259352373
2013-06-05,sh.600748,7.5,7.75,7.46,7.71,22722685,173369152.0,3,2.097406,1,3.4899,13.885616,1.7221959999999998,2.267631,5.223570,0,7.451999999999996,7.447000000000007,7.389000000000012,1,1,1,1,1,61.13279755070795,46.745758387549294,89.90687587702526,1,0.010029022336924598,-0.016017939347700422,0.02604696168462502
2013-06-06,sh.600748,7.66,7.81,7.54,7.74,16642281,127642952.0,3,1.536157,1,0.3891,13.939646,1.7288970000000001,2.276455,5.243895,0,7.507999999999997,7.472000000000007,7.426500000000011,1,1,1,1,1,78.74193496224186,59.726071700004724,116.77366148671612,1,0.03165358200478874,-0.0064836350772025896,0.03813721708199133
2013-06-07,sh.600748,7.74,7.82,7.36,7.38,11801145,89634616.0,3,1.089299,1,-4.6512,13.29129,1.6484830000000001,2.170573,4.999993,0,7.525999999999998,7.470000000000006,7.44000000000001,-1,-1,-1,1,1,74.29196260182171,71.38889837159041,80.09809106228431,1,0.019517227533687453,-0.001283462555024581,0.020800690088712034
2013-06-13,sh.600748,7.24,7.24,6.75,6.76,9350108,64470112.0,3,0.863057,1,-8.4011,12.174678,1.509993,1.988221,4.579939,0,7.407999999999997,7.414000000000006,7.424000000000009,-1,-1,-1,-1,-1,43.32143779952119,65.45177845452817,-0.9392435104927586,-1,-0.03967242030018081,-0.008961254104055828,-0.030711166196124982
2013-06-14,sh.600748,6.78,6.84,6.38,6.65,12985000,85533024.0,3,1.198574,1,-1.6272,11.976569,1.485422,1.9558689999999999,4.505414,0,7.2479999999999976,7.322000000000005,7.40150000000001,-1,-1,-1,-1,-1,19.524489442713662,45.712629948018765,-32.85179156789654,-1,-0.09436889743155596,-0.026042782769555857,-0.06832611466200011
2013-06-17,sh.600748,6.64,6.67,6.4,6.41,8935853,58050488.0,3,0.824819,1,-3.609,11.544332,1.431813,1.8852810000000002,4.342812,0,6.987999999999997,7.220000000000004,7.364500000000009,-1,-1,-1,-1,-1,7.255970924195151,23.367299388809915,-24.966686005034376,-1,-0.15529213282016574,-0.051892652779677834,-0.1033994800404879
2013-06-18,sh.600748,6.45,6.55,6.44,6.55,4806331,31279184.0,3,0.443646,1,2.1841,11.79647,1.463085,1.9264569999999999,4.437663,0,6.749999999999996,7.129000000000005,7.31700000000001,-1,-1,-1,-1,-1,10.879629629629562,12.553363332179373,7.532162224529941,-1,-0.19008621031471584,-0.07953136428668543,-0.11055484602803041
2013-06-19,sh.600748,6.52,6.53,6.32,6.44,4899193,31405098.0,3,0.452218,1,-1.6794,11.598362,1.4385139999999998,1.894104,4.363137,0,6.561999999999996,7.044000000000004,7.26200000000001,-1,-1,-1,-1,-1,7.296296296296222,8.477298950040227,4.934290988808211,-1,-0.22395523159603314,-0.10841613774855498,-0.11553909384747817
2013-06-20,sh.600748,6.43,6.48,6.15,6.23,4610716,29232666.0,3,0.425590,1,-3.2609,11.220153999999999,1.391606,1.83234,4.220861,0,6.455999999999998,6.932000000000004,7.19800000000001,-1,-1,-1,-1,-1,8.198658239077323,8.791528055000951,7.012918607230066,-1,-0.2646907299606438,-0.13967105619097275,-0.12501967376967105
2013-06-21,sh.600748,6.15,6.36,6.05,6.3,4714341,29365364.0,3,0.435155,1,1.1236,11.346223,1.407242,1.852928,4.268287,0,6.3859999999999975,6.817000000000003,7.13350000000001,-1,-1,-1,-1,-1,8.97157098232905,8.155508505900778,10.603695935185595,1,-0.28800554229803765,-0.16933795341238572,-0.11866758888565193
2013-06-24,sh.600748,6.29,6.4,5.7,5.73,6545910,39136788.0,3,0.604217,1,-9.0476,10.31966,1.2799200000000002,1.685282,3.882108,0,6.249999999999998,6.619000000000002,7.03300000000001,-1,-1,-1,-1,-1,6.776602428869932,7.982277216758682,4.365252853092432,-1,-0.34846010418860995,-0.20516238356763056,-0.1432977206209794
2013-06-25,sh.600748,5.68,5.79,5.16,5.5,8696290,47385640.0,3,0.802707,1,-4.014,9.905433,1.228544,1.617636,3.726282,0,6.039999999999997,6.395000000000002,6.933500000000009,-1,-1,-1,-1,-1,10.628513990362329,8.792229133853683,14.301083703379621,1,-0.4102013124597015,-0.24617016934604474,-0.16403114311365674
2013-06-26,sh.600748,5.57,5.61,5.38,5.52,6469257,35455340.0,3,0.597141,1,0.3636,9.941453,1.233012,1.623518,3.739832,0,5.855999999999997,6.209000000000001,6.83950000000001,-1,-1,-1,-1,-1,13.063273204782552,10.15612987467152,18.877559865004617,1,-0.45230395355574515,-0.28739692618798485,-0.1649070273677603
2013-06-27,sh.600748,5.53,5.77,5.51,5.54,7264796,40908528.0,3,0.670573,1,0.3623,9.977473,1.237479,1.6294,3.753382,0,5.717999999999997,6.0870000000000015,6.7505000000000095,-1,-1,-1,-1,-1,20.980096062877426,14.890627752674016,33.15903268328425,1,-0.478540450670244,-0.32562563108443665,-0.15291481958580733
2013-06-28,sh.600748,5.51,5.96,5.41,5.8,13371955,77427048.0,3,1.234292,1,4.6931,10.445730000000001,1.295556,1.70587,3.929534,0,5.617999999999997,6.002000000000002,6.662000000000011,1,-1,-1,-1,-1,30.87909993670144,21.640823068120387,49.35565367386355,1,-0.47290191763265543,-0.3550808883940804,-0.11782102923857501
2013-07-01,sh.600748,5.7,5.92,5.68,5.89,5469685,31637160.0,3,0.504877,1,1.5517,10.607818,1.315659,1.732341,3.990509,0,5.649999999999997,5.950000000000001,6.58500000000001,1,-1,-1,-1,-1,41.49779997145987,31.118998657012828,62.25540260035395,1,-0.45591558072135197,-0.3752478268595347,-0.08066775386181724
2013-07-02,sh.600748,5.84,5.88,5.7,5.83,5464461,31546956.0,3,0.504394,1,-1.0187,10.499759,1.302257,1.714694,3.949859,0,5.715999999999997,5.878000000000002,6.50350000000001,1,-1,-1,-1,-1,50.02847091934935,40.8017902758368,68.48183220637445,1,-0.4421979027341898,-0.3886378420344657,-0.05356006069972408
2013-07-03,sh.600748,5.79,5.79,5.57,5.64,4531607,25596930.0,3,0.418288,1,-3.259,10.157571,1.259816,1.658812,3.821133,0,5.739999999999997,5.798000000000002,6.421000000000009,-1,-1,-1,-1,-1,47.58397490325899,46.37008193135599,50.01176084706499,1,-0.44156783704357316,-0.3992238410362872,-0.042343996007285944
2013-07-04,sh.600748,5.65,5.84,5.64,5.73,7208934,41357632.0,3,0.665417,1,1.5957,10.31966,1.2799200000000002,1.685282,3.882108,0,5.777999999999997,5.748000000000002,6.34000000000001,-1,-1,-1,1,-1,45.14499837080473,47.58581473113761,40.263365650138965,-1,-0.42886259655042824,-0.40515159213911545,-0.023711004411312797
2013-07-05,sh.600748,5.75,6.07,5.75,5.82,7806441,46110332.0,3,0.720570,1,1.5707,10.481749,1.300023,1.7117529999999999,3.943084,0,5.781999999999997,5.700000000000002,6.2585000000000095,1,1,-1,1,-1,52.40163062743699,48.37686796716682,60.45115594797733,1,-0.4068415380837145,-0.40548958132803525,-0.001351956755679229
2013-07-08,sh.600748,5.79,5.79,5.53,5.6,5632052,31765402.0,3,0.519864,1,-3.7801,10.085532,1.250882,1.6470470000000001,3.794033,0,5.723999999999997,5.687000000000003,6.153000000000009,-1,-1,-1,1,-1,50.12642414465687,49.22435104763278,51.93057033870505,1,-0.4025020587940249,-0.4048920768212332,0.002390018027208285
2013-07-09,sh.600748,5.57,5.62,5.46,5.53,3244274,17937320.0,3,0.299461,1,-1.25,9.959463000000001,1.2352459999999998,1.626459,3.746607,0,5.663999999999997,5.690000000000003,6.042500000000009,-1,-1,-1,-1,-1,40.86444956010164,47.797501444065084,26.99834579217476,-1,-0.4000993093927683,-0.4039335233355402,0.003834213942771947
2013-07-10,sh.600748,5.53,5.83,5.5,5.82,6034401,34275264.0,3,0.557002,1,5.2441,10.481749,1.300023,1.7117529999999999,3.943084,0,5.6999999999999975,5.720000000000002,5.96450000000001,1,1,-1,-1,-1,37.39569609134818,42.795523265368814,26.5960417433069,-1,-0.3705233739998439,-0.39725149346840094,0.02672811946855702
2013-07-11,sh.600748,5.82,6.26,5.82,6.05,13762631,83552800.0,3,1.270353,1,3.9519,10.895977,1.351399,1.7793990000000002,4.098910,0,5.763999999999998,5.771000000000003,5.929000000000009,1,1,1,-1,-1,51.351010101010026,43.203718584153194,67.6455931347237,1,-0.32478127790567424,-0.3827574503558556,0.057976172450181385
2013-07-12,sh.600748,6.0,6.12,5.88,5.88,6186669,36942200.0,3,0.571057,1,-1.8364,10.589808999999999,1.313426,1.7294,3.983734,0,5.775999999999997,5.779000000000003,5.890500000000008,1,1,-1,-1,-1,62.79040404040396,50.5123700775873,87.3464719660373,1,-0.2988034957474994,-0.3659666594341844,0.06716316368668496
2013-07-15,sh.600748,5.87,6.05,5.77,6.01,7472970,44425272.0,3,0.689789,1,2.2109,10.823936999999999,1.3424639999999999,1.7676349999999998,4.071810,0,5.857999999999997,5.791000000000002,5.870500000000009,1,1,1,1,-1,64.99999999999993,59.71380471380454,75.57239057239069,1,-0.264674994105083,-0.3457083263683641,0.08103333226328113
2013-07-16,sh.600748,6.01,6.01,5.88,5.97,3253315,19359092.0,3,0.300296,1,-0.6656,10.751897,1.3335290000000002,1.75587,4.044710,0,5.945999999999996,5.805000000000002,5.841500000000009,1,1,1,1,1,61.66666666666659,63.152356902356736,58.6952861952863,-1,-0.23811078348375947,-0.3241888177914432,0.08607803430768374
2013-07-17,sh.600748,5.95,6.12,5.86,5.95,7587039,45587564.0,3,0.700318,1,-0.335,10.715878,1.3290620000000002,1.749988,4.031160,0,5.971999999999996,5.836000000000003,5.817000000000009,-1,1,1,1,1,64.58333333333327,63.74999999999985,66.25000000000013,1,-0.21618029614814915,-0.3025871134627844,0.08640681731463523
2013-07-18,sh.600748,5.94,6.01,5.83,5.84,4488283,26513112.0,3,0.414289,1,-1.8487,10.517769,1.304491,1.7176349999999998,3.956634,0,5.929999999999996,5.847000000000003,5.797500000000009,-1,-1,1,1,1,57.499999999999936,61.24999999999985,50.0000000000001,-1,-0.20530962605730707,-0.2831316159816889,0.07782198992438183
2013-07-19,sh.600748,5.89,5.89,5.5,5.51,6453304,36787428.0,3,0.595669,1,-5.6507,9.923442999999999,1.2307780000000001,1.620577,3.733057,0,5.855999999999996,5.8160000000000025,5.75800000000001,-1,-1,-1,1,1,38.333333333333265,53.472222222222065,8.05555555555567,-1,-0.22077779477750425,-0.27066085174085197,0.049883056963347716
2013-07-22,sh.600748,5.48,5.9,5.48,5.72,3853706,21912434.0,3,0.355714,1,3.8113,10.301651,1.277686,1.682341,3.875333,0,5.7979999999999965,5.828000000000002,5.757500000000009,-1,-1,-1,-1,1,28.173076923076824,41.335470085469915,1.848290598290646,-1,-0.213628607367089,-0.25925440286609935,0.04562579549901036
2013-07-23,sh.600748,5.71,5.95,5.71,5.86,5562634,32435272.0,3,0.513456,1,2.4476,10.553789,1.308958,1.7235169999999997,3.970184,0,5.775999999999996,5.861000000000002,5.77550000000001,1,-1,1,-1,1,28.57905982905974,31.695156695156523,22.346866096866172,-1,-0.194424786947339,-0.2462884796823473,0.05186369273500829
2013-07-24,sh.600748,5.8,5.87,5.66,5.81,4740745,27375846.0,3,0.437592,1,-0.8532,10.463739,1.29779,1.708812,3.936309,0,5.747999999999996,5.860000000000002,5.79000000000001,1,-1,1,-1,-1,43.68322649572639,33.478454415954225,64.09277065527071,1,-0.18115199559913098,-0.23326118286570402,0.05210918726657304
2013-07-25,sh.600748,5.81,5.94,5.79,5.88,5533186,32533408.0,3,0.510738,1,1.2048,10.589808999999999,1.313426,1.7294,3.983734,0,5.755999999999996,5.843000000000003,5.807000000000009,1,1,1,-1,-1,54.26014957264946,42.1741452991451,78.43215811965818,1,-0.1631046292083802,-0.21922987213423925,0.05612524292585905
2013-07-26,sh.600748,5.83,5.95,5.76,5.95,3981758,23342032.0,3,0.367534,1,1.1905,10.715878,1.3290620000000002,1.749988,4.031160,0,5.843999999999996,5.850000000000003,5.8145000000000095,1,1,1,-1,1,62.499999999999886,53.481125356125155,80.53774928774935,1,-0.14152216688846586,-0.20368833108508458,0.06216616419661872
2013-07-29,sh.600748,5.9,5.92,5.73,5.89,4828220,28124992.0,3,0.445666,1,-1.0084,10.607818,1.315659,1.732341,3.990509,0,5.877999999999997,5.838000000000003,5.8145000000000095,1,1,1,1,1,66.66666666666656,61.142272079771885,77.71545584045589,1,-0.1277863668727095,-0.18850793824260956,0.06072157136990006
2013-07-30,sh.600748,5.84,6.1,5.78,5.95,6724326,39979044.0,3,0.620686,1,1.0187,10.715878,1.3290620000000002,1.749988,4.031160,0,5.895999999999996,5.836000000000004,5.82050000000001,1,1,1,1,1,71.10215053763434,66.75627240143352,79.79390681003599,1,-0.11078212051423719,-0.17296277469693508,0.062180654182697886
2013-07-31,sh.600748,6.1,6.3,5.95,5.98,10485199,64068580.0,3,0.967831,1,0.5042,10.769907,1.3357629999999998,1.7588110000000001,4.051485,0,5.929999999999997,5.839000000000003,5.83750000000001,1,1,1,1,1,66.94818712300021,68.23900144243362,64.3665584841334,-1,-0.09380406857510071,-0.1571310334725682,0.0633269648974675
2013-08-01,sh.600748,5.94,6.15,5.94,6.09,7706687,46605008.0,3,0.711362,1,1.8395,10.968016,1.360334,1.791164,4.126010,0,5.971999999999997,5.8640000000000025,5.85550000000001,1,1,1,1,1,70.39076842381324,69.48036869481585,72.21156788180801,1,-0.07065825502079104,-0.13983647778221278,0.06917822276142174
2013-08-02,sh.600748,6.18,6.24,6.09,6.11,9036635,55819008.0,3,0.834122,1,0.3284,11.004036,1.364801,1.797046,4.139561,0,6.003999999999997,5.924000000000003,5.87000000000001,1,1,1,1,1,68.55945121951217,68.63280225544179,68.41274914765293,-1,-0.05012340673726268,-0.12189386357322277,0.07177045683596009
2013-08-05,sh.600748,6.06,6.11,6.01,6.09,4992386,30264178.0,3,0.460820,1,-0.3273,10.968016,1.360334,1.791164,4.126010,0,6.043999999999997,5.961000000000003,5.89450000000001,1,1,1,1,1,70.63008130081296,69.86010031471271,72.17004327301348,1,-0.035059085070825446,-0.1045269078727433,0.06946782280191785
2013-08-06,sh.600748,6.07,6.08,5.96,6.03,5802138,34900560.0,3,0.535563,1,-0.9852,10.859957000000001,1.3469309999999999,1.7735169999999998,4.085360,0,6.059999999999997,5.978000000000003,5.91950000000001,-1,1,1,1,1,63.37719298245611,67.52224183426033,55.08709527884767,-1,-0.027643344904006995,-0.08915019527899604,0.06150685037498904
2013-08-07,sh.600748,6.06,6.16,6.01,6.04,8388772,51119112.0,3,0.774321,1,0.1658,10.877967,1.349165,1.776458,4.092135,0,6.071999999999997,6.001000000000003,5.93050000000001,-1,1,1,1,1,58.06834795321632,64.0252074121617,46.15462903532554,-1,-0.020720547395484346,-0.0754642657022937,0.05474371830680935
2013-08-08,sh.600748,6.03,6.03,5.9,5.95,4456824,26527220.0,3,0.411385,1,-1.4901,10.715878,1.3290620000000002,1.749988,4.031160,0,6.043999999999997,6.008000000000003,5.92550000000001,-1,-1,1,1,1,48.538011695906384,56.66118421052618,32.291666666666785,-1,-0.022240058778887573,-0.06481942431761248,0.042579365538724906
2013-08-09,sh.600748,5.95,6.08,5.89,6.07,5465754,32740104.0,3,0.504514,1,2.0168,10.931996,1.355866,1.785282,4.112460,0,6.035999999999997,6.020000000000002,5.935000000000011,1,1,1,1,1,49.58389563652718,52.06341842854987,44.62485005248179,-1,-0.013604461614558083,-0.0545764317770016,0.04097197016244351
2013-08-12,sh.600748,6.05,6.24,6.02,6.2,12043237,74092296.0,3,1.111645,1,2.1417,11.166125,1.3849049999999998,1.8235169999999998,4.200536,0,6.057999999999997,6.051000000000003,5.94450000000001,1,1,1,1,1,56.65849269828731,51.59346667690687,66.78854474104818,1,0.003686726609512192,-0.04292380009969884,0.04661052670921103
2013-08-13,sh.600748,6.24,6.24,6.16,6.19,7353286,45490008.0,3,0.678741,1,-0.1613,11.148114999999999,1.382671,1.8205759999999998,4.193761,0,6.089999999999997,6.075000000000002,5.9555000000000105,1,1,1,1,1,72.36442419369251,59.53560417616891,98.02206422873972,1,0.016394219074416405,-0.031060196264875786,0.04745441533929219
2013-08-14,sh.600748,6.23,6.55,6.15,6.4,15749287,100337704.0,3,1.453730,1,3.3926,11.526322,1.4295790000000002,1.8823400000000001,4.336037,0,6.161999999999997,6.117000000000003,5.97800000000001,1,1,1,1,1,79.53225636152469,69.5183910845014,99.55998691557127,1,0.04291553973410611,-0.016265049065079404,0.059180588799185516
2013-08-15,sh.600748,6.34,6.41,6.17,6.19,7047637,44199592.0,3,0.650529,1,-3.2813,11.148114999999999,1.382671,1.8205759999999998,4.193761,0,6.209999999999998,6.1270000000000024,5.9955000000000105,-1,1,1,1,1,69.48051948051952,73.79240001191214,60.856758417734284,-1,0.04645314948475576,-0.0037214093551123702,0.050174558839868134
2013-08-16,sh.600748,6.15,6.81,6.07,6.18,10701114,67472560.0,3,0.987761,1,-0.1616,11.130105,1.3804370000000001,1.817634,4.186986,0,6.2319999999999975,6.134000000000002,6.029000000000011,-1,1,1,1,1,51.41633728590252,66.80970437598215,20.629603105743257,-1,0.047897679637148194,0.006602408443339744,0.04129527119380845
2013-08-19,sh.600748,6.14,6.27,6.11,6.24,3600581,22370188.0,3,0.332350,1,0.9709,11.238164,1.393839,1.8352810000000002,4.227636,0,6.2399999999999975,6.149000000000003,6.05500000000001,1,1,1,1,1,38.339920948616616,53.07892590501279,8.861911035824264,-1,0.05326991631338629,0.015935910017349054,0.03733400629603724
2013-08-20,sh.600748,6.18,6.27,6.13,6.16,3783503,23440840.0,3,0.349234,1,-1.2821,11.094085,1.3759700000000001,1.811752,4.173436,0,6.233999999999997,6.1620000000000035,6.07000000000001,-1,-1,1,1,1,32.97101449275362,40.90909090909082,17.094861660079204,-1,0.05049010269718046,0.022846748553315338,0.027643354143865123
2013-08-21,sh.600748,6.16,6.18,6.09,6.16,2860376,17543760.0,3,0.264026,1,0.0,11.094085,1.3759700000000001,1.811752,4.173436,0,6.185999999999998,6.174000000000004,6.08750000000001,-1,-1,1,1,1,32.24637681159421,34.519104084321384,27.700922266139855,-1,0.04773680026058358,0.027824758894768986,0.019912041365814592
2013-08-22,sh.600748,6.16,6.2,6.1,6.14,3359963,20667200.0,3,0.310140,1,-0.3247,11.058065,1.371502,1.80587,4.159886,0,6.1759999999999975,6.193000000000003,6.10050000000001,-1,-1,1,-1,1,24.62850853054485,29.94863327829746,13.988259035039626,-1,0.043440203761704765,0.03094784786815614,0.012492355893548624
2013-08-23,sh.600748,6.19,6.33,6.1,6.21,7479604,46575440.0,3,0.690401,1,1.1401,11.184135000000001,1.387138,1.8264580000000001,4.207311,0,6.181999999999998,6.207000000000003,6.11350000000001,1,1,1,-1,1,21.152206141198956,26.009030494445906,11.438557434705054,-1,0.04516292498039842,0.0337908632906046,0.011372061689793822
2013-08-26,sh.600748,6.2,6.8,6.18,6.78,20621761,134777904.0,3,1.903481,1,9.1787,12.210697999999999,1.5144600000000001,1.994104,4.593489,0,6.289999999999997,6.265000000000003,6.15800000000001,1,1,1,1,1,43.35157942752877,29.710764699757423,70.63320888307146,1,0.09146804359925653,0.04532629935233499,0.046141744246921544
2013-08-27,sh.600748,6.78,7.28,6.71,7.06,27274092,193070800.0,3,2.517521,1,4.1298,12.714974,1.577004,2.0764560000000003,4.783191,0,6.469999999999997,6.352000000000004,6.21350000000001,1,1,1,1,1,65.56101556101551,43.35493370991431,109.97317926321792,1,0.1490407941570604,0.06606919831328006,0.08297159584378033
2013-08-28,sh.600748,6.96,7.7,6.88,7.44,36253124,263681120.0,3,3.346326,1,5.3824,19.822727,1.5918649999999999,2.024418,4.623463,0,6.725999999999997,6.456000000000005,6.286500000000009,1,1,1,1,1,87.27106917290962,65.39455472048452,131.02409807775982,1,0.22276256973189668,0.0974078725970034,0.12535469713489328
2013-08-29,sh.600748,7.29,7.39,7.14,7.15,17243022,124900664.0,3,1.591608,1,-3.8978,19.050067000000002,1.529816,1.945509,4.443247,0,6.927999999999997,6.552000000000005,6.33950000000001,1,1,1,1,1,77.23525696318434,76.68911389903639,78.32754309148027,1,0.2548492876924451,0.12889615561609175,0.12595313207635334
2013-08-30,sh.600748,7.28,7.61,7.24,7.35,28789109,214167648.0,3,2.657364,1,2.7972,19.582936,1.572608,1.999929,4.567534,0,7.155999999999997,6.669000000000006,6.40150000000001,1,1,1,1,1,76.04948621219621,80.18527078276328,67.77791707106209,-1,0.2930386047533604,0.16172464544354548,0.13131395930981493
2013-09-02,sh.600748,7.36,7.45,6.66,6.97,18646634,129857512.0,3,1.721168,1,-5.1701,18.570485,1.491303,1.8965310000000002,4.331389,0,7.193999999999997,6.742000000000006,6.44550000000001,-1,1,1,1,1,66.25258799171837,73.17911038903287,52.39954319708937,-1,0.2893061482654353,0.18724094600792346,0.10206520225751187
2013-09-03,sh.600748,7.0,7.67,7.0,7.67,35529738,268910784.0,3,3.279554,1,10.043,20.435526,1.641075,2.087001,4.766393,0,7.315999999999997,6.893000000000006,6.527500000000009,1,1,1,1,1,77.01475155279498,73.10560858556975,84.83303748724543,1,0.33892537867215555,0.21757783254076987,0.12134754613138568
2013-09-04,sh.600748,8.39,8.44,8.01,8.44,66298113,552723072.0,3,6.119614,1,10.0391,22.487072,1.805825,2.2965169999999997,5.244896,0,7.5159999999999965,7.121000000000007,6.64750000000001,1,1,1,1,1,84.2611283643892,75.84282263630075,101.09773982056606,1,0.43536294803728204,0.2611348556400723,0.1742280923972097
2013-09-05,sh.600748,8.43,8.7,8.02,8.57,64599393,544540160.0,3,5.962814,1,1.5403,22.833437,1.8336400000000002,2.33189,5.325683,0,7.799999999999997,7.364000000000007,6.77850000000001,1,1,1,1,1,97.65542328042325,86.31043439920238,120.345401042865,1,0.5163284175052612,0.3121735680131101,0.20415484949215107
2013-09-06,sh.600748,8.3,9.43,8.22,9.43,62795594,573779968.0,3,5.796316,1,10.035,25.124773,2.017645,2.5658950000000003,5.860115,0,8.215999999999998,7.686000000000007,6.94650000000001,1,1,1,1,1,98.28042328042325,93.39899164174513,108.04328655777951,1,0.6424828062051846,0.37823541565152496,0.26424739055365964
2013-09-09,sh.600748,9.45,10.25,9.15,9.94,84609291,836333504.0,3,7.809818,1,5.4083,26.483589000000002,2.1267650000000002,2.704666,6.177046,0,8.809999999999997,8.002000000000006,7.13350000000001,1,1,1,1,1,95.40205744941117,97.1126346700858,91.98090300806192,-1,0.7746837340332711,0.4575250793278742,0.3171586547053969
2013-09-10,sh.600748,9.72,10.93,9.66,10.93,79807260,849626624.0,3,7.366569,1,9.9598,29.121290999999996,2.3385860000000003,2.9740439999999997,6.792265,0,9.461999999999996,8.389000000000006,7.370500000000011,1,1,1,1,1,97.12163416898788,96.93470496627401,97.49549257441561,1,0.948406013852618,0.5557012662328229,0.3927047476197951
2013-09-11,sh.600748,11.07,11.24,10.37,10.46,69029906,743305536.0,3,6.371771,1,-4.3001,27.869049,2.238025,2.846157,6.500191,0,9.865999999999996,8.691000000000008,7.573500000000012,1,1,1,1,1,91.44477827379137,94.65615663073005,85.02202155991401,-1,1.0362122899064916,0.6518034709675566,0.38440881893893497
2013-09-12,sh.600748,10.15,11.08,10.1,10.76,54791914,579073216.0,3,5.057540,1,2.8681,28.668352000000002,2.302213,2.927787,6.686621,0,10.303999999999997,9.052000000000008,7.802000000000011,1,1,1,1,1,90.82969432314405,93.13203558864102,86.22501179215013,-1,1.117129317699054,0.7448686403138561,0.37226067738519786
2013-09-13,sh.600748,10.61,10.7,10.09,10.12,36672514,377603760.0,3,3.385038,1,-5.948,26.963171999999997,2.165278,2.753644,6.288904,0,10.441999999999997,9.32900000000001,7.999000000000011,-1,1,1,1,1,82.02466287660316,88.09971182451277,69.87456498078396,-1,1.116740899955916,0.8192430922422681,0.297497807713648
2013-09-16,sh.600748,10.21,10.44,9.89,10.02,30281524,305692800.0,3,2.795121,1,-0.9881,26.696737,2.143882,2.726434,6.226761,0,10.457999999999995,9.63400000000001,8.188000000000011,-1,1,1,1,1,75.11121949419389,82.6551922313136,60.02327401995444,-1,1.0957329840607972,0.874541070605974,0.22119191345482325
2013-09-17,sh.600748,9.9,9.9,9.02,9.02,52150717,483709200.0,3,4.813746,1,-9.98,24.032392,1.9299220000000001,2.454334,5.605328,0,10.075999999999997,9.769000000000009,8.331000000000012,-1,-1,1,1,1,55.62330281622595,70.91972839567424,25.030451657329365,-1,0.987014725350253,0.8970358015548298,0.08997892379542327
2013-09-18,sh.600748,8.93,9.38,8.92,9.13,36032983,329606704.0,3,3.326006,1,1.2195,24.325470000000003,1.953457,2.484265,5.673685,0,9.809999999999997,9.838000000000008,8.479500000000012,-1,-1,1,-1,1,41.13915103980878,57.29122445007611,8.835004219274126,-1,0.899363500145693,0.8975013412730024,0.001862158872690589
2013-09-23,sh.600748,9.26,9.89,9.15,9.72,49026729,470005616.0,3,4.525387,1,6.4622,25.897434,2.079694,2.644804,6.040331,0,9.601999999999997,9.953000000000008,8.658500000000013,1,-1,1,-1,1,31.89036985764446,42.88427457122631,9.902560430480762,-1,0.8675072581746477,0.8915025246533315,-0.023995266478683774
2013-09-24,sh.600748,9.56,10.69,9.25,10.29,67001865,675264704.0,3,6.184573,1,5.8642,27.416109999999996,2.201651,2.7999,6.394548,0,9.635999999999997,10.039000000000007,8.862500000000011,1,1,1,-1,1,41.22231102991545,38.083943975789474,47.4990451381674,1,0.8781326269075933,0.8888285451041839,-0.010695918196590548
2013-09-25,sh.600748,10.05,11.05,9.79,9.93,67162069,696863552.0,3,6.199361,1,-3.4985,26.456946000000002,2.1246259999999997,2.7019450000000003,6.170832,0,9.617999999999997,10.038000000000007,9.020000000000012,1,-1,1,-1,1,45.68965517241373,39.60077868665778,57.86740814392563,1,0.847732187858961,0.8806092736551393,-0.03287708579617832
2013-09-26,sh.600748,9.83,9.92,8.94,8.94,45980745,423593376.0,3,4.244229,1,-9.9698,23.819244,1.9128049999999999,2.4325669999999997,5.555613,0,9.601999999999995,9.839000000000008,9.114000000000011,-1,-1,-1,-1,1,34.50404427415914,40.47200349216268,22.56812583815207,-1,0.7352790554093591,0.8515432300059833,-0.11626417459662419
2013-09-27,sh.600748,8.66,8.82,8.28,8.48,27415980,234121477.0,3,2.530618,1,-5.1454,22.593646,1.814383,2.307401,5.269754,0,9.471999999999994,9.641000000000007,9.166000000000011,-1,-1,-1,-1,1,17.226875097014887,32.47352484786249,-13.266424404680322,-1,0.6021003441692514,0.8016546528386369,-0.1995543086693855
2013-09-30,sh.600748,8.6,8.86,8.49,8.74,21311136,185987615.0,3,1.967114,1,3.066,23.286375,1.8700130000000001,2.3781470000000002,5.431326,0,9.275999999999994,9.439000000000005,9.24550000000001,-1,-1,-1,-1,1,8.250880242456619,19.993933204543456,-15.235225681717054,-1,0.5116372473951589,0.7436511717499413,-0.2320139243547824
2013-10-08,sh.600748,8.81,9.33,8.7,9.07,29730206,269460672.0,3,2.744232,1,3.7757,24.165609,1.94062,2.467939,5.636399,0,9.031999999999995,9.334000000000007,9.33150000000001,1,-1,-1,-1,-1,17.448856799037284,14.308870712836168,23.728828971439512,1,0.46125576419727743,0.6871720902394085,-0.22591632604213108
2013-10-09,sh.600748,8.98,9.6,8.89,9.56,33124770,307470400.0,3,3.057565,1,5.4024,25.471138,2.04546,2.601268,5.940901,0,8.957999999999995,9.288000000000007,9.461000000000011,1,1,1,-1,-1,30.445246690734027,18.714994577409215,53.905750917383656,1,0.45561493531919695,0.6408606592553662,-0.18524572393616923
2013-10-10,sh.600748,9.66,9.68,9.2,9.26,29610668,279737824.0,3,2.733198,1,-3.1381,24.671835,1.9812720000000001,2.519638,5.754472,0,9.021999999999995,9.312000000000008,9.540500000000012,1,-1,-1,-1,-1,36.70276774969912,28.198957079823384,53.710389089450594,1,0.42207166556777587,0.5971028605178481,-0.17503119495007224
2013-10-11,sh.600748,9.28,9.99,9.28,9.93,40271392,393483232.0,3,3.717230,1,7.2354,26.456946000000002,2.1246259999999997,2.7019450000000003,6.170832,0,9.311999999999996,9.392000000000007,9.615000000000013,1,1,1,-1,-1,47.05174488567985,38.06658644203757,65.02206177296442,1,0.44442868595549,0.5665680256053764,-0.12213933964988644
2013-10-14,sh.600748,10.01,10.28,9.72,9.89,40679041,408768128.0,3,3.754858,1,-0.4028,26.350371999999997,2.1160669999999997,2.691061,6.145974,0,9.541999999999996,9.409000000000008,9.681000000000012,1,1,1,1,-1,51.02286401925386,44.92579221821085,63.217007621339874,1,0.4536892724591919,0.5439922749761396,-0.09030300251694767
2013-10-15,sh.600748,9.9,9.96,9.63,9.8,23598483,230743386.0,3,2.178246,1,-0.91,26.110581,2.096811,2.666572,6.090045,0,9.687999999999997,9.360000000000007,9.699500000000011,1,1,1,1,-1,64.56317689530682,54.212595266746746,85.264340152427,1,0.44859498242694507,0.5249128164663006,-0.07631783403935555
2013-10-16,sh.600748,9.68,9.69,8.82,8.94,27152020,247843284.0,3,2.506253,1,-8.7755,23.819244,1.9128049999999999,2.4325669999999997,5.555613,0,9.563999999999997,9.261000000000006,9.649500000000012,-1,-1,-1,1,-1,55.7075812274368,57.0978740473324,52.92699558764559,-1,0.3708875474167588,0.4941077626563922,-0.12322021523963345
2013-10-17,sh.600748,9.03,9.27,8.7,9.05,17042767,153503049.0,3,1.573124,1,1.2304,24.112322,1.936341,2.462497,5.623971,0,9.521999999999997,9.272000000000007,9.555500000000013,-1,-1,-1,1,-1,46.76163873370575,55.67746561881636,28.92998496348453,-1,0.31455394394818903,0.4581969989147516,-0.14364305496656254
2013-10-18,sh.600748,9.0,9.0,8.7,8.87,9693585,85912000.0,3,0.894761,1,-1.989,23.63274,1.8978279999999998,2.41352,5.512113,0,9.309999999999997,9.311000000000007,9.476000000000012,-1,-1,-1,-1,-1,25.014803290667754,42.494674417270005,-9.944938962536753,-1,0.2524742951457668,0.4170524581609546,-0.1645781630151878
2013-10-21,sh.600748,8.85,9.14,8.77,9.06,11455916,103220580.0,3,1.057433,1,2.1421,24.138966,1.93848,2.465218,5.630185,0,9.143999999999997,9.343000000000007,9.391000000000012,-1,-1,-1,-1,-1,21.609739999528532,31.12872734130058,2.571765315984443,-1,0.2161158888744037,0.37686514430364443,-0.16074925542924073
2013-10-22,sh.600748,9.05,9.1,8.75,8.84,13160368,117411937.0,3,1.214761,1,-2.4283,23.55281,1.8914090000000001,2.405357,5.493470,0,8.951999999999998,9.320000000000007,9.327000000000012,-1,-1,-1,-1,-1,14.135021097046389,20.253188129080794,1.898687032977577,-1,0.1676172413526853,0.3350155637134526,-0.1673983223607673
2013-10-23,sh.600748,8.81,8.9,8.18,8.35,15764015,133414595.0,3,1.455089,1,-5.543,22.247281,1.786568,2.2720279999999997,5.188967,0,8.834,9.199000000000007,9.243500000000012,-1,-1,-1,-1,-1,13.24693590516373,16.330565667246116,7.079676380998954,-1,0.08862123840714986,0.28573669865219203,-0.19711546024504217
2013-10-24,sh.600748,8.4,8.51,8.15,8.22,9460836,78968455.0,3,0.873278,1,-1.5569,21.900916,1.7587540000000002,2.236655,5.108181,0,8.667999999999997,9.095000000000006,9.20350000000001,-1,-1,-1,-1,-1,6.74746085514489,11.376472619118237,-2.510562672801804,-1,0.015349484094754118,0.23165925574070445,-0.21630977164595033
2013-10-25,sh.600748,8.25,8.3,7.83,8.0,12713306,101391076.0,3,1.173495,1,-2.6764,21.31476,1.711682,2.176793,4.971466,0,8.493999999999998,8.902000000000006,9.147000000000011,-1,-1,-1,-1,-1,6.45428124301358,8.8162260011073,1.7303917268261415,-1,-0.059781941467321076,0.17337101629909935,-0.23315295776642042
2013-10-28,sh.600748,8.13,8.39,8.07,8.28,10774900,88972241.0,3,0.994572,1,3.5,22.060776999999998,1.771591,2.252981,5.145467,0,8.337999999999997,8.741000000000007,9.075000000000012,-1,-1,-1,-1,-1,11.82038467363313,8.340708923930434,18.779736173038525,1,-0.09562813595079867,0.11957118584911974,-0.2151993217999184
2013-10-29,sh.600748,8.26,8.31,7.69,8.14,13048044,104252081.0,3,1.204393,1,-1.6908,21.687768,1.7416369999999999,2.214887,5.058466,0,8.197999999999999,8.575000000000006,8.967500000000012,-1,-1,-1,-1,-1,20.218593900867145,12.831086605837852,34.99360849092572,1,-0.13379107309938298,0.0688987340594192,-0.2026898071588022
2013-10-30,sh.600748,8.13,8.28,7.91,8.26,9883554,80270138.0,3,0.912296,1,1.4742,21.009726,1.7517330000000002,2.352332,9.365403,0,8.179999999999998,8.507000000000009,8.884000000000011,1,-1,-1,-1,-1,30.661635290970196,20.900204621823388,50.18449662926381,1,-0.1525934760152321,0.02460029204448893,-0.17719376805972104
2013-10-31,sh.600748,8.26,8.45,8.17,8.19,9963166,82753723.0,3,0.919645,1,-0.8475,20.831678,1.7368880000000002,2.3323970000000003,9.286035,0,8.173999999999998,8.421000000000008,8.846500000000011,1,-1,-1,-1,-1,34.091372035501145,28.323867075779393,45.626381954944655,1,-0.1711697919633739,-0.014553724757083643,-0.15661606720629026
2013-11-01,sh.600748,8.17,8.35,7.91,8.15,7307605,59022305.0,3,0.674525,1,-0.4884,20.729936,1.728405,2.321005,9.240682,0,8.203999999999997,8.349000000000007,8.830000000000013,-1,-1,-1,-1,-1,35.472405641150964,33.40847098920733,39.60027494503822,1,-0.18696411594595297,-0.04903580299485751,-0.13792831295109545
2013-11-04,sh.600748,8.1,8.16,8.0,8.04,6493490,52450704.0,3,0.599378,1,-1.3497,20.450145000000003,1.705077,2.289679,9.115961,0,8.155999999999997,8.247000000000009,8.795000000000012,-1,-1,-1,-1,-1,32.010830643525786,33.85820277339253,28.316086383792296,-1,-0.20598286988163927,-0.08042521637221386,-0.1255576535094254
2013-11-05,sh.600748,8.0,8.25,7.81,8.18,8853035,71425447.0,3,0.817175,1,1.7413,20.806242,1.7347669999999997,2.329549,9.274697,0,8.163999999999998,8.181000000000008,8.750500000000013,1,-1,-1,-1,-1,40.43527695695445,35.9728377472103,49.36015537644276,1,-0.20736812872148924,-0.10581379884206894,-0.1015543298794203
2013-11-06,sh.600748,8.11,8.2,7.9,7.92,8208602,66102397.0,3,0.757691,1,-3.1785,20.144919,1.679628,2.255504,8.979902,0,8.095999999999998,8.138000000000009,8.668500000000012,-1,-1,-1,-1,-1,39.64829176347428,37.36479978798474,44.215275714453384,1,-0.22683101665901795,-0.13001724240545875,-0.09681377425355919
2013-11-07,sh.600748,7.9,7.98,7.75,7.77,7062421,55525594.0,3,0.651893,1,-1.8939,19.763386999999998,1.6478169999999999,2.212787,8.809828,0,8.011999999999997,8.093000000000009,8.594000000000012,-1,-1,-1,-1,-1,33.51519041506194,37.866253045163454,24.813065154858904,-1,-0.25146056114957105,-0.15430590615428122,-0.09715465499528983
2013-11-08,sh.600748,7.78,8.22,7.69,8.06,12097225,96327581.0,3,1.116628,1,3.7323,20.501016,1.7093180000000001,2.295375,9.138638,0,7.993999999999998,8.099000000000009,8.500500000000013,1,-1,-1,-1,-1,29.8245614035087,34.32934786068153,20.814988489163042,-1,-0.2447576622615486,-0.1723962573757347,-0.07236140488581391
2013-11-11,sh.600748,7.96,7.99,7.61,7.7,8437328,65380143.0,3,0.778803,1,-4.4665,19.585338,1.632971,2.1928520000000002,8.730460,0,7.925999999999999,8.04100000000001,8.39100000000001,-1,-1,-1,-1,-1,23.308270676691663,28.882674165087327,12.159463699900336,-1,-0.2654347909132504,-0.19100396408323783,-0.07443082683001256
2013-11-12,sh.600748,7.76,7.88,7.64,7.78,6223886,48426548.0,3,0.574493,1,1.039,19.788822,1.649937,2.215634,8.821166,0,7.845999999999999,8.00500000000001,8.29000000000001,-1,-1,-1,-1,-1,26.545530492898887,26.55945419103298,26.517683096630698,-1,-0.2722281561997608,-0.20724880250654243,-0.06497935369321839
2013-11-13,sh.600748,7.88,8.28,7.76,7.88,13852669,110876440.0,3,1.278664,1,1.2853,20.043177,1.671145,2.244113,8.934549,0,7.837999999999999,7.9670000000000085,8.23700000000001,1,-1,-1,-1,-1,22.479622479622417,24.11114121640422,19.216585006058807,-1,-0.26647107024247063,-0.21909325605372806,-0.04737781418874257
2013-11-14,sh.600748,7.82,8.18,7.78,7.99,10049311,80623076.0,3,0.927597,1,1.3959,20.322968,1.694473,2.275439,9.059270,0,7.882,7.947000000000008,8.18400000000001,1,1,-1,-1,-1,37.81366654500979,28.946273172510264,55.54845329000883,1,-0.25014889668342555,-0.22530438417966756,-0.024844512503757993
2013-11-15,sh.600748,7.91,8.28,7.86,8.2,13492681,110225687.0,3,1.245435,1,2.6283,20.857113000000002,1.739009,2.335245,9.297373,0,7.909999999999999,7.952000000000008,8.15050000000001,1,1,1,-1,-1,60.420868629823794,40.23805255148523,100.78650078650092,1,-0.2177580325367856,-0.22379511385109116,0.0060370813143055535
2013-11-18,sh.600748,8.35,9.02,8.19,9.01,28614011,246351819.0,3,2.641202,1,9.878,22.917389,1.9107889999999998,2.565921,10.215772,0,8.172,8.049000000000008,8.148000000000009,1,1,1,1,1,81.35563318160963,59.863389452147636,124.34012064053364,1,-0.1252836172362919,-0.2040928145281313,0.07880919729183941
2013-11-19,sh.600748,8.85,9.06,8.7,8.85,19483282,172390685.0,3,1.798394,1,-1.7758,22.510421,1.876857,2.520355,10.034360,0,8.386,8.116000000000009,8.14850000000001,1,1,1,1,1,90.95590767123046,77.57746982755452,117.71278335858233,1,-0.06416795149104715,-0.17610784192071446,0.11193989042966732
2013-11-20,sh.600748,8.86,8.95,8.72,8.86,11447502,101078025.0,3,1.056656,1,0.113,22.535857,1.8789779999999998,2.523203,10.045698,0,8.581999999999999,8.210000000000008,8.17400000000001,1,1,1,1,1,90.33830602429272,87.54994895904417,95.91502015478983,1,-0.01475632788447534,-0.14383753911346664,0.1290812112289913
2013-11-21,sh.600748,8.79,9.13,8.64,8.89,16690259,148230295.0,3,1.540586,1,0.3386,22.612163,1.8853400000000002,2.531747,10.079713,0,8.761999999999999,8.322000000000008,8.20750000000001,1,1,1,1,1,85.31155474894122,88.86858948148803,78.19748528384761,-1,0.026517808307390922,-0.10976646962929512,0.13628427793668604
2013-11-22,sh.600748,8.87,8.87,8.47,8.51,12030707,103893132.0,3,1.110488,1,-4.2745,21.645614000000002,1.8047520000000001,2.4235279999999997,9.648859,0,8.824,8.367000000000008,8.23300000000001,-1,1,1,1,1,76.2688948708266,83.97291854802008,60.860847516439634,-1,0.02823950693854016,-0.08216527431572807,0.11040478125426822
2013-11-25,sh.600748,8.41,8.95,8.35,8.71,16202243,141681353.0,3,1.495540,1,2.3502,22.154324,1.847166,2.480485,9.875624,0,8.764,8.468000000000009,8.25450000000001,-1,1,1,1,1,70.64761791806212,77.40935584594321,57.12414206229997,-1,0.045221014334016374,-0.056688016585779176,0.10190903091979556
2013-11-26,sh.600748,8.63,8.73,8.55,8.58,7887400,68107618.0,3,0.728042,1,-1.4925,21.823662,1.8195970000000001,2.443463,9.728227,0,8.709999999999999,8.548000000000009,8.276500000000011,-1,1,1,1,1,62.33052889921871,69.74901389603572,47.493558905584706,-1,0.047639904580226045,-0.03582243235257813,0.08346233693280417
2013-11-27,sh.600748,8.54,8.71,8.44,8.6,6913366,59303951.0,3,0.638135,1,0.2331,21.874533,1.823838,2.449159,9.750904,0,8.658,8.620000000000008,8.293500000000012,-1,-1,1,1,1,62.29001382937425,65.08938688221828,56.691267723686195,-1,0.0505875832109588,-0.018540429239870742,0.06912801245082954
2013-11-28,sh.600748,8.65,8.85,8.61,8.65,10747808,94011595.0,3,0.992071,1,0.5814,22.001711,1.834442,2.4633979999999998,9.807595,0,8.61,8.68600000000001,8.316500000000012,1,-1,1,-1,1,55.48771533581935,60.03608602147068,46.39097396451669,-1,0.05630912534944166,-0.0035705183220082603,0.05987964367144992
2013-11-29,sh.600748,8.75,8.94,8.65,8.78,9149284,80477037.0,3,0.844520,1,1.5029,22.332373,1.862012,2.50042,9.954992,0,8.664,8.74400000000001,8.348000000000011,1,1,1,-1,1,54.11069729213461,57.29614215244265,47.73980757151854,-1,0.07052048599526728,0.01124768254144685,0.05927280345382043
2013-12-02,sh.600748,8.6,8.76,8.0,8.12,12197935,101743620.0,3,1.125924,1,-7.5171,20.653629000000002,1.722043,2.312462,9.206667,0,8.546,8.65500000000001,8.352000000000013,-1,-1,-1,-1,1,38.22794812250648,49.27545358348672,16.132937200545996,-1,0.028201517999885795,0.01463844963313464,0.013563068366751155
2013-12-03,sh.600748,8.07,8.38,8.0,8.35,6052413,49816560.0,3,0.558665,1,2.8325,21.238646,1.77082,2.3779619999999997,9.467447,0,8.5,8.60500000000001,8.360500000000012,-1,-1,-1,-1,1,32.240375160729016,41.52634019178994,13.668445098607165,-1,0.013071824920883657,0.014325124690684444,-0.0012532997698007867
2013-12-04,sh.600748,8.37,8.96,8.34,8.85,18228390,160057392.0,3,1.682562,1,5.988,22.510421,1.876857,2.520355,10.034360,0,8.55,8.60400000000001,8.407000000000012,1,1,1,-1,1,43.378195673549534,37.948839652261576,54.23690771612546,1,0.040955150002339735,0.0196511297530155,0.021304020249324235
2013-12-05,sh.600748,8.82,8.84,8.66,8.73,8629110,75344184.0,3,0.796506,1,-1.3559,22.205195,1.8514080000000002,2.486181,9.898301,0,8.565999999999999,8.58800000000001,8.45500000000001,1,1,1,-1,1,65.18559488692222,46.93472190706682,101.687340846633,1,0.05276168503764289,0.02627324080994098,0.026488444227701913
2013-12-06,sh.600748,8.7,8.78,8.44,8.5,7941125,68364586.0,3,0.733002,1,-2.6346,21.620178,1.802631,2.42068,9.637521,0,8.51,8.587000000000009,8.477000000000011,-1,-1,1,-1,1,72.22222222222213,60.26200426089786,96.14265814487068,1,0.043062968213019914,0.029631186290556766,0.013431781922463148
2013-12-09,sh.600748,8.54,8.74,8.54,8.68,6209073,53751078.0,3,0.573125,1,2.1176,22.078017000000003,1.840804,2.471942,9.841610,0,8.622,8.584000000000009,8.526000000000012,1,1,1,1,1,66.31944444444436,67.90908718452947,63.14015896427415,-1,0.04933248673261126,0.03357144637896767,0.01576104035364359
2013-12-10,sh.600748,8.7,9.13,8.7,8.92,21224997,190383454.0,3,1.959163,1,2.765,22.688470000000002,1.891702,2.54029,10.113728,0,8.736,8.61800000000001,8.58300000000001,1,1,1,1,1,68.11086529006873,68.88417731891163,66.56424123238295,-1,0.07282760823106571,0.04142267874938728,0.03140492948167843
2013-12-11,sh.600748,8.89,8.92,8.52,8.62,9432829,81805917.0,3,0.870693,1,-3.3632,21.925404,1.82808,2.454855,9.773580,0,8.69,8.62000000000001,8.620000000000012,-1,-1,-1,1,1,69.03883972468032,67.82304981973103,71.4704195345789,1,0.06647389876995469,0.04643292275350076,0.020040976016453924
2013-12-12,sh.600748,8.67,8.88,8.62,8.64,7215434,63129929.0,3,0.666017,1,0.232,21.976275,1.8323209999999999,2.46055,9.796257,0,8.672,8.61900000000001,8.652500000000012,-1,1,-1,1,1,64.30678466076687,67.15216322517188,58.61602753195683,-1,0.0623338255594561,0.049613103314691834,0.012720722244764268
2013-12-13,sh.600748,8.6,8.73,8.54,8.65,5600210,48242047.0,3,0.516925,1,0.1157,22.001711,1.834442,2.4633979999999998,9.807595,0,8.702,8.60600000000001,8.675000000000013,-1,1,-1,1,1,56.34218289085538,63.229269092100765,42.56801048836462,-1,0.05917754226850214,0.051525991105453896,0.007651551163048241
2013-12-16,sh.600748,8.68,8.79,8.17,8.23,10631690,88812156.0,3,0.981353,1,-4.8555,20.93342,1.745371,2.343788,9.331388,0,8.612,8.61700000000001,8.636000000000013,-1,-1,-1,-1,-1,40.136430678466056,53.59513274336268,13.219026548672801,-1,0.02252600929389814,0.04572599474314275,-0.023199985449244606
2013-12-17,sh.600748,8.25,8.52,8.21,8.23,7179974,59830399.0,3,0.662744,1,0.0,20.93342,1.745371,2.343788,9.331388,0,8.474,8.605000000000011,8.605000000000013,-1,-1,-1,-1,-1,23.340707964601762,39.93977384464098,-9.857423795476677,-1,-0.0064462858775886644,0.03529153861899646,-0.04173782449658513
2013-12-18,sh.600748,8.19,8.28,7.96,8.05,7176848,58147998.0,3,0.662455,1,-2.1871,20.475581,1.707197,2.292527,9.127299,0,8.360000000000003,8.525000000000011,8.564500000000013,-1,-1,-1,-1,-1,6.730769230769245,23.402635957945602,-26.612964223583468,-1,-0.04343088994781219,0.019547052905634733,-0.06297794285344692
2013-12-19,sh.600748,8.05,8.12,7.75,7.82,8171079,64487504.0,3,0.754227,1,-2.8571,19.890564,1.65842,2.227026,8.866519,0,8.196000000000002,8.434000000000012,8.511000000000013,-1,-1,-1,-1,-1,6.33825715347455,12.136578116281767,-5.258384772139884,-1,-0.09026007102906775,-0.002414371881305763,-0.08784569914776198
2013-12-20,sh.600748,7.84,7.97,7.68,7.73,5831451,45435816.0,3,0.538269,1,-1.1509,19.661645,1.639334,2.201395,8.764475,0,8.012000000000004,8.357000000000012,8.472000000000012,-1,-1,-1,-1,-1,5.404349107497538,6.157791830580358,3.897463661331898,-1,-0.13310048274766828,-0.028551594054578265,-0.10454888869309001
2013-12-23,sh.600748,7.74,7.81,7.47,7.53,5274467,39911545.0,3,0.486857,1,-2.5873,19.152935,1.596919,2.144438,8.537710,0,7.8720000000000026,8.242000000000013,8.413000000000013,-1,-1,-1,-1,-1,4.219556888222552,5.3207210497314605,2.0172285652047357,-1,-0.18110250921953153,-0.05906177708756892,-0.1220407321319626
2013-12-24,sh.600748,7.58,7.65,7.47,7.53,4920739,37248788.0,3,0.454206,1,0.0,19.152935,1.596919,2.144438,8.537710,0,7.732000000000002,8.103000000000012,8.360500000000012,-1,-1,-1,-1,-1,3.9471753484959664,4.523693781405266,2.7941384826773685,-1,-0.21664708825908896,-0.09057883932187293,-0.12606824893721602
2013-12-25,sh.600748,7.57,7.62,7.46,7.62,4930651,37130071.0,3,0.455121,1,1.1952,19.381854,1.616006,2.170069,8.639754,0,7.646000000000003,8.003000000000013,8.311500000000013,-1,-1,-1,-1,-1,6.807775123796276,4.991502453504845,10.440320464379138,1,-0.2348470053042231,-0.11943247251834296,-0.11541453278588013
2013-12-26,sh.600748,7.64,7.65,7.33,7.33,6456236,48344472.0,3,0.595940,1,-3.8058,18.644223999999998,1.554504,2.087481,8.310945,0,7.548000000000002,7.872000000000012,8.245500000000012,-1,-1,-1,-1,-1,5.428464778968678,5.39447175042022,5.496450836065593,1,-0.2695637835554896,-0.14945873472577229,-0.12010504882971731
2013-12-27,sh.600748,7.34,7.43,7.26,7.38,6608380,48618393.0,3,0.609983,1,0.6821,18.771402,1.565108,2.1017200000000003,8.367636,0,7.4780000000000015,7.745000000000012,8.175500000000012,-1,-1,-1,-1,-1,7.18462823725979,6.473622713341495,8.606639285096378,1,-0.289702982657702,-0.17750758431215824,-0.11219539834554376
2013-12-30,sh.600748,7.47,7.53,7.39,7.47,5325470,39780040.0,3,0.491565,1,1.2195,19.000322,1.584194,2.127351,8.469680,0,7.466000000000001,7.669000000000011,8.143000000000011,1,-1,-1,-1,-1,10.03734827264236,7.550147096290189,15.0117506253467,1,-0.29500061178156933,-0.20100618980604046,-0.09399442197552887
2013-12-31,sh.600748,7.47,7.59,7.41,7.55,4089718,30734322.0,3,0.377499,1,1.071,19.203806,1.6011600000000001,2.150134,8.560386,0,7.470000000000001,7.601000000000011,8.103000000000012,1,-1,-1,-1,-1,21.277658350161747,12.833211620021212,38.166551810442826,1,-0.28940757919449567,-0.2186864676837315,-0.07072111151076416
2014-01-02,sh.600748,7.55,7.55,7.43,7.49,3259903,24353219.0,3,0.300904,1,-0.7947,19.051192999999998,1.588436,2.133047,8.492357,0,7.444,7.545000000000011,8.035000000000014,1,-1,-1,-1,-1,28.90117724128629,20.072061288030046,46.55940914779878,1,-0.28651380632206536,-0.23225193541139827,-0.05426187091066709
2014-01-03,sh.600748,7.46,7.48,7.13,7.17,8000981,57800282.0,3,0.738527,1,-4.2724,18.237256,1.520572,2.041915,8.129532,0,7.412000000000001,7.480000000000011,7.957000000000013,-1,-1,-1,-1,-1,23.999216456972565,24.726017349473448,22.545614671970803,-1,-0.3065085562787422,-0.24710325958486706,-0.05940529669387512
2014-01-06,sh.600748,7.15,7.15,6.65,6.76,8748737,59634016.0,3,0.807548,1,-5.7183,17.194401,1.433622,1.925153,7.664664,0,7.288000000000001,7.3830000000000116,7.870000000000013,-1,-1,-1,-1,-1,16.425573046119826,23.108655581459473,3.0594079754405357,-1,-0.35138753637267683,-0.267960114942429,-0.08342742143024784
2014-01-07,sh.600748,6.72,7.0,6.58,6.79,6174843,42206976.0,3,0.569966,1,0.4438,17.270707,1.439984,1.9336959999999999,7.698679,0,7.152000000000001,7.309000000000012,7.7755000000000125,-1,-1,-1,-1,-1,12.169507055158457,17.531432186083528,1.4456567933083164,-1,-0.38015155170128523,-0.2903984022942002,-0.08975314940708501
2014-01-08,sh.600748,6.83,6.87,6.68,6.72,4177021,28257396.0,3,0.385558,1,-1.0309,17.092659,1.425139,1.913761,7.619311,0,6.9860000000000015,7.228000000000011,7.665500000000013,-1,-1,-1,-1,-1,14.570093457943857,14.388391186407292,14.93349800101699,1,-0.4039392953154213,-0.31310658089844445,-0.09083271441697682
2014-01-09,sh.600748,6.73,6.89,6.68,6.72,6725073,45753601.0,3,0.620754,1,0.0,17.092659,1.425139,1.913761,7.619311,0,6.832000000000001,7.138000000000011,7.570500000000012,-1,-1,-1,-1,-1,15.52388883748182,14.087829783527956,18.396006945389548,1,-0.4179731195679164,-0.33407988863233884,-0.08389323093557755
2014-01-10,sh.600748,6.65,6.71,6.54,6.65,3752313,24819143.0,3,0.346355,1,-1.0417,16.91461,1.4102940000000002,1.8938259999999998,7.539943,0,6.728,7.070000000000012,7.471000000000013,-1,-1,-1,-1,-1,12.473896254778971,14.189292850068128,9.043103064200658,-1,-0.42978910016952465,-0.353221730939776,-0.07656736922974866
2014-01-13,sh.600748,6.68,6.71,6.43,6.48,3545704,23202244.0,3,0.327284,1,-2.5564,16.482207,1.374241,1.8454130000000002,7.347192,0,6.672,6.980000000000011,7.362500000000013,-1,-1,-1,-1,-1,9.5493071474635,12.515697413241343,3.616526615907812,-1,-0.44771000690674434,-0.37211938613316964,-0.0755906207735747
2014-01-14,sh.600748,6.48,6.63,6.46,6.62,3200846,20994617.0,3,0.295452,1,2.1605,16.838304,1.403931,1.8852830000000003,7.505928,0,6.638,6.895000000000012,7.282000000000013,-1,-1,-1,-1,-1,10.583607006020806,10.86893680275434,10.01294741255374,-1,-0.4454804038443756,-0.38679158967541083,-0.058688814168964765
2014-01-15,sh.600748,6.62,6.75,6.56,6.72,4565697,30380589.0,3,0.421434,1,1.5106,17.092659,1.425139,1.913761,7.619311,0,6.638,6.812000000000012,7.206500000000014,1,-1,-1,-1,-1,16.297892720306503,12.143602291263514,24.606473578392478,1,-0.4306796561021278,-0.3955692029607542,-0.035110453141373565
2014-01-16,sh.600748,6.7,6.84,6.63,6.73,4377705,29532323.0,3,0.404082,1,0.1488,17.118094,1.427259,1.916609,7.630649,0,6.640000000000001,6.736000000000011,7.140500000000013,1,-1,-1,-1,-1,28.74999999999999,18.543833242109013,49.162333515781945,1,-0.413377877602052,-0.39913093788901377,-0.014246939713038254
2014-01-17,sh.600748,6.73,6.75,6.55,6.56,3780954,25062891.0,3,0.348999,1,-2.526,16.685691000000002,1.3912069999999999,1.868196,7.437899,0,6.622000000000002,6.675000000000011,7.077500000000013,-1,-1,-1,-1,-1,30.697577276524612,25.248489998943615,41.595751831686606,1,-0.4086727476934229,-0.4010392998498956,-0.0076334478435272635
2014-01-20,sh.600748,6.59,6.68,6.55,6.6,3283858,21737579.0,3,0.303115,1,0.6098,16.787433,1.3996899999999999,1.879587,7.483252,0,6.646000000000001,6.659000000000011,7.021000000000013,-1,-1,-1,-1,-1,33.81006864988555,31.085881975469963,39.25844199871673,1,-0.3971382698710668,-0.40025909385412983,0.0031208239830630147
2014-01-21,sh.600748,6.6,6.78,6.6,6.74,3847349,25867170.0,3,0.355128,1,2.1212,17.14353,1.4293799999999999,1.919457,7.641987,0,6.67,6.654000000000012,6.981500000000014,1,1,-1,1,-1,42.3849478769387,35.6308646011162,55.893114428583715,1,-0.37240740240487913,-0.3946887555642797,0.022281353159400552
2014-01-22,sh.600748,6.8,7.13,6.77,7.11,9731989,68190514.0,3,0.898306,1,5.4896,18.084643,1.5078479999999999,2.024828,8.061503,0,6.748,6.693000000000012,6.960500000000015,1,1,1,1,-1,67.16356107660458,47.786192534476186,105.91829816086135,1,-0.3192717381233363,-0.37960535207609103,0.06033361395275472
2014-01-23,sh.600748,7.08,7.16,7.0,7.03,6576677,46352832.0,3,0.607057,1,-1.1252,17.881159,1.490882,2.002045,7.970797,0,6.808,6.724000000000013,6.931000000000014,1,1,1,1,-1,82.24198077086704,63.93016324147002,118.86561582966111,1,-0.28038457393553706,-0.3597611964479802,0.07937662251244315
2014-01-24,sh.600748,7.02,7.26,6.99,7.14,7697190,55125070.0,3,0.710485,1,1.5647,18.16095,1.51421,2.033371,8.095518,0,6.9239999999999995,6.773000000000012,6.921500000000013,1,1,1,1,1,88.1115459882583,79.17236261190989,105.98991274095513,1,-0.23794722793158574,-0.33539840274470134,0.0974511748131156
2014-01-27,sh.600748,7.14,7.22,7.06,7.07,5816546,41554203.0,3,0.536893,1,-0.9804,17.982901000000002,1.499365,2.013436,8.016150,0,7.017999999999999,6.8320000000000105,6.906000000000013,1,1,1,1,1,80.14373914721203,83.49908863544572,73.43304017074465,-1,-0.2075709912853947,-0.30983292045284,0.10226192916744531
2014-01-28,sh.600748,7.05,7.25,7.03,7.12,4844130,34533524.0,3,0.447135,1,0.7072,18.110079000000002,1.509968,2.027676,8.072841,0,7.0939999999999985,6.88200000000001,6.888500000000013,1,1,1,1,1,79.50704225352112,82.58744246299707,73.34624183456921,-1,-0.1774178601092009,-0.28334990838411217,0.10593204827491126
2014-01-29,sh.600748,7.18,7.2,7.01,7.05,4066499,28698085.0,3,0.375356,1,-0.9831,17.932029999999997,1.495123,2.0077409999999998,7.993473,0,7.081999999999998,6.915000000000011,6.8635000000000135,-1,1,1,1,1,74.64788732394366,78.09955624155886,67.74454948871326,-1,-0.15735580166506935,-0.2581510870403036,0.10079528537523424
2014-01-30,sh.600748,7.09,7.1,6.94,6.95,3873428,27199339.0,3,0.357535,1,-1.4184,17.677675,1.473916,1.9792619999999999,7.880091,0,7.065999999999998,6.93700000000001,6.8365000000000125,-1,1,1,1,1,69.01408450704226,74.38967136150227,58.26291079812225,-1,-0.14782164417562083,-0.23608519846736703,0.0882635542917462
2014-02-07,sh.600748,6.84,6.95,6.81,6.93,3758793,25845693.0,3,0.346953,1,-0.2878,17.626804,1.469674,1.973566,7.857414,0,7.023999999999998,6.974000000000009,6.824500000000013,-1,-1,1,1,1,58.920187793427225,67.52738654147096,41.705790297339746,-1,-0.1402627271206338,-0.2169207041980204,0.07665797707738659
2014-02-10,sh.600748,6.95,7.22,6.95,7.2,8057268,57519304.0,3,0.743722,1,3.8961,18.313563000000002,1.526934,2.050459,8.163547,0,7.049999999999999,7.034000000000009,6.846500000000013,1,1,1,1,1,64.69771006994348,64.21066079013757,65.67180862955533,1,-0.11120360148358444,-0.1957772836551332,0.08457368217154876
2014-02-11,sh.600748,7.2,7.36,7.16,7.35,8181300,59472651.0,3,0.755171,1,2.0833,18.695095000000002,1.558745,2.093177,8.333621,0,7.095999999999998,7.095000000000009,6.874500000000014,1,1,1,1,1,78.64564007421147,67.42117931252731,101.09456159757977,1,-0.07520339078237992,-0.17166250508058253,0.09645911429820261
2014-02-12,sh.600748,7.3,7.67,7.21,7.53,12999938,96669042.0,3,1.199953,1,2.449,19.152935,1.596919,2.144438,8.537710,0,7.1919999999999975,7.137000000000009,6.915000000000013,1,1,1,1,1,89.88595015173087,77.74310009862852,114.17165025793557,1,-0.03178210444061058,-0.14368642495258815,0.11190432051197757
2014-02-13,sh.600748,7.53,7.58,7.35,7.38,8007199,59736842.0,3,0.739100,1,-1.992,18.771402,1.565108,2.1017200000000003,8.367636,0,7.277999999999997,7.172000000000009,6.948000000000013,1,1,1,1,1,82.72727272727269,83.75295431773826,80.67590954634156,-1,-0.00936620084588391,-0.11682238013124731,0.1074561792853634
2014-02-14,sh.600748,7.4,7.48,7.3,7.44,6386557,47177504.0,3,0.589508,1,0.813,18.924015,1.577832,2.118807,8.435665,0,7.379999999999997,7.202000000000008,6.987500000000013,1,1,1,1,1,74.41860465116281,82.34394251005536,58.567928933377715,-1,0.013089178903213039,-0.09084006832435523,0.10392924722756827
2014-02-17,sh.600748,7.46,7.74,7.4,7.73,13501662,101904146.0,3,1.246264,1,3.8978,19.661645,1.639334,2.201395,8.764475,0,7.485999999999997,7.268000000000008,7.050000000000013,1,1,1,1,1,79.48653830124199,78.87747189322573,80.70467111727453,1,0.05366716384734094,-0.061938621890016,0.11560578573735694
2014-02-18,sh.600748,7.74,8.29,7.7,8.13,28032146,225444097.0,3,2.587493,1,5.1746,20.679064999999998,1.7241630000000001,2.3153099999999998,9.218005,0,7.641999999999998,7.369000000000007,7.125500000000012,1,1,1,1,1,87.1232447751578,80.34279590918743,100.68414250709856,1,0.11675627269134559,-0.026199642973743678,0.14295591566508925
2014-02-19,sh.600748,8.0,8.29,7.96,8.25,17999405,147032877.0,3,1.661426,1,1.476,20.984291,1.749612,2.349484,9.354064,0,7.785999999999997,7.489000000000007,7.202000000000012,1,1,1,1,1,95.13707255642744,87.24895187760897,110.91331391406439,1,0.1744271554301955,0.013925716707044157,0.16050143872315134
2014-02-20,sh.600748,8.21,8.44,8.05,8.07,14581827,119580447.0,3,1.345968,1,-2.1818,20.526452,1.711439,2.298222,9.149976,0,7.923999999999998,7.601000000000008,7.269000000000013,1,1,1,1,1,87.21809057379534,89.8261359684601,82.00199978446582,-1,0.20326414725772501,0.05179340281718033,0.15147074444054467
2014-02-21,sh.600748,8.09,8.32,8.03,8.06,13148137,107348633.0,3,1.213632,1,-0.1239,20.501016,1.7093180000000001,2.295375,9.138638,0,8.047999999999998,7.7140000000000075,7.344000000000013,1,1,1,1,1,80.9258608440656,87.76034132476269,67.2568998826714,-1,0.22274311068661312,0.08598334439106689,0.13675976629554623
2014-02-24,sh.600748,7.99,7.99,7.25,7.25,20985783,155440253.0,3,1.937082,1,-10.0496,18.440739999999998,1.5375379999999998,2.064698,8.220238,0,7.951999999999998,7.7190000000000065,7.3765000000000125,-1,-1,-1,1,1,49.577439251741545,72.5737968898674,3.584723975489851,-1,0.1708506391772051,0.10295680334829453,0.06789383582891058
2014-02-25,sh.600748,7.2,7.35,6.95,7.07,17832307,126904803.0,3,1.646002,1,-2.4828,17.982901000000002,1.499365,2.013436,8.016150,0,7.7399999999999975,7.691000000000008,7.393000000000012,-1,-1,-1,1,1,27.20607459849769,52.569791564768174,-23.521359334043282,-1,0.11388815421482335,0.1051430735216003,0.00874508069322305
2014-02-26,sh.600748,7.04,7.23,6.85,7.18,10000829,69939015.0,3,0.923121,1,1.5559,18.262692,1.522693,2.044763,8.140871,0,7.525999999999998,7.656000000000009,7.396500000000012,-1,-1,-1,-1,1,10.686813592208365,29.1567758141491,-26.253110851673107,-1,0.07673648475181949,0.09946175576764413,-0.02272527101582464
2014-02-27,sh.600748,7.18,7.22,6.8,6.86,9830560,69034920.0,3,0.907405,1,-4.4568,17.448756,1.4548290000000001,1.9536310000000001,7.778046,0,7.283999999999997,7.604000000000009,7.388000000000012,-1,-1,-1,-1,-1,10.822314947221924,16.238401045975895,-0.009857250286017916,-1,0.02122749603007179,0.08381490382012965,-0.06258740779005786
2014-02-28,sh.600748,6.82,6.97,6.75,6.95,5665213,38840118.0,3,0.522925,1,1.312,17.677675,1.473916,1.9792619999999999,7.880091,0,7.061999999999998,7.5550000000000095,7.378500000000012,-1,-1,-1,-1,-1,12.08252436437507,11.197217634601687,13.853137823921838,1,-0.015324874005827382,0.06398694825493825,-0.07931182226076564
2014-03-03,sh.600748,6.95,7.26,6.88,7.19,9038205,64477715.0,3,0.834267,1,3.4532,18.288127,1.524814,2.047611,8.152209,0,7.049999999999997,7.501000000000009,7.3845000000000125,1,-1,-1,-1,-1,13.84278635685768,12.249208556151459,17.029941958270122,1,-0.024642829173489034,0.046260992769252794,-0.07090382194274183
2014-03-04,sh.600748,7.14,7.25,7.08,7.23,7179600,51512581.0,3,0.662709,1,0.5563,18.389869,1.533297,2.059002,8.197562,0,7.081999999999996,7.41100000000001,7.390000000000012,1,-1,-1,-1,-1,22.090729783037503,16.00534683475665,34.26149567959921,1,-0.028471508245890398,0.03131449256622415,-0.05978600081211455
2014-03-05,sh.600748,7.25,7.31,7.11,7.13,7458954,53941921.0,3,0.688495,1,-1.3831,18.135514,1.512089,2.030524,8.084179,0,7.071999999999997,7.299000000000009,7.394000000000011,1,-1,-1,-1,-1,26.213897159512072,20.715804433135652,37.21008261226491,1,-0.03912393192659369,0.017226807667660583,-0.056350739594254275
2014-03-06,sh.600748,7.1,7.45,6.98,7.33,11984894,86420260.0,3,1.106260,1,2.805,18.644223999999998,1.554504,2.087481,8.310945,0,7.165999999999997,7.22500000000001,7.413000000000013,1,1,-1,-1,-1,33.126794022781134,27.14380698844347,45.09276809145647,1,-0.031069575187240517,0.007567531096680362,-0.03863710628392088
2014-03-07,sh.600748,7.34,7.35,7.08,7.12,7701701,55365103.0,3,0.710902,1,-2.8649,18.110079000000002,1.509968,2.027676,8.072841,0,7.1999999999999975,7.13100000000001,7.422500000000012,-1,-1,-1,1,-1,41.27838602052697,33.53969240093996,56.755773259701,1,-0.04115724924971609,-0.0021774249725989275,-0.03897982427711716
2014-03-10,sh.600748,7.04,7.04,6.81,6.82,5481811,37942828.0,3,0.505996,1,-4.2135,17.347014,1.446346,1.9422400000000002,7.732693,0,7.125999999999996,7.088000000000011,7.403500000000013,-1,-1,-1,1,-1,36.54377880184334,36.98298628171705,35.66536384209593,-1,-0.07252329303940819,-0.01624659858596078,-0.05627669445344741
2014-03-11,sh.600748,6.79,6.97,6.79,6.89,4381578,30198551.0,3,0.404439,1,1.0264,17.525062,1.461191,1.962175,7.812061,0,7.057999999999995,7.07000000000001,7.380500000000012,-1,-1,-1,-1,-1,27.61904761904762,35.147070813805875,12.56300122953111,-1,-0.09068730691407367,-0.03113474025158336,-0.059552566662490314
2014-03-12,sh.600748,6.88,7.04,6.8,6.96,5198305,36109877.0,3,0.479827,1,1.016,17.703111,1.476037,1.9821099999999998,7.891429,0,7.023999999999996,7.048000000000011,7.352000000000013,-1,-1,-1,-1,-1,19.999999999999996,28.054275473630224,3.8914490527395387,-1,-0.09830085274848077,-0.04456796275096284,-0.05373288999751793
2014-03-13,sh.600748,6.96,7.08,6.93,6.98,4291642,30082656.0,3,0.396138,1,0.2874,17.753982,1.480278,1.9878060000000002,7.914105,0,6.953999999999996,7.060000000000011,7.332000000000012,1,-1,-1,-1,-1,26.26262626262626,24.627224627224532,29.533429533429718,1,-0.1015502023025201,-0.05596441066127429,-0.04558579164124581
2014-03-14,sh.600748,6.92,6.98,6.75,6.84,4461155,30569831.0,3,0.411785,1,-2.0057,17.397885000000002,1.450588,1.9479360000000001,7.755370,0,6.897999999999996,7.049000000000011,7.302000000000012,-1,-1,-1,-1,-1,23.88167388167389,23.381433381433286,24.8821548821551,1,-0.11410681289554336,-0.0675928911081281,-0.04651392178741526
2014-03-17,sh.600748,6.89,6.98,6.86,6.94,3904969,26990815.0,3,0.360446,1,1.462,17.65224,1.471795,1.976414,7.868752,0,6.921999999999995,7.024000000000011,7.262500000000013,1,-1,-1,-1,-1,22.92929292929296,24.357864357864273,20.072150072150336,-1,-0.11466704270038353,-0.07700772142657919,-0.037659321273804336
2014-03-18,sh.600748,7.05,7.28,7.03,7.06,9258889,66263905.0,3,0.854637,1,1.7291,17.957466,1.497244,2.010589,8.004812,0,6.955999999999996,7.00700000000001,7.209000000000013,1,1,-1,-1,-1,28.095238095238088,24.968734968734882,34.3482443482445,1,-0.10422657268764723,-0.0824514916787928,-0.021775081008854433
2014-03-19,sh.600748,7.01,7.04,6.9,6.99,5022121,34951952.0,3,0.463564,1,-0.9915,17.779417000000002,1.482399,1.9906540000000001,7.925444,0,6.961999999999996,6.993000000000011,7.146000000000013,1,-1,-1,-1,-1,37.14285714285716,29.389129389129305,52.65031265031286,1,-0.10044299563849357,-0.08604979247073295,-0.014393203167760618
2014-03-20,sh.600748,7.01,7.15,6.9,6.93,6945476,49072665.0,3,0.641099,1,-0.8584,17.626804,1.469674,1.973566,7.857414,0,6.9519999999999955,6.953000000000012,7.089000000000015,-1,-1,-1,-1,-1,39.41599281221921,34.884696016771386,48.47858640311486,1,-0.10112032990894537,-0.08906389995837544,-0.012056429950569936
2014-03-21,sh.600748,6.91,7.25,6.81,7.2,13175693,93869420.0,3,1.216176,1,3.8961,18.313563000000002,1.526934,2.050459,8.163547,0,7.023999999999996,6.961000000000011,7.046000000000014,1,1,1,1,-1,52.9559748427673,43.17160826594779,72.52470799640632,1,-0.07896017493669039,-0.08704315495403843,0.008082980017348043
2014-03-24,sh.600748,7.24,7.5,7.21,7.4,14310382,105490301.0,3,1.320913,1,2.7778,18.822273000000003,1.5693489999999999,2.107416,8.390312,0,7.115999999999995,7.019000000000011,7.053500000000014,1,1,1,1,1,68.51153039832285,53.62783268443635,98.27892582609583,1,-0.04474398315003292,-0.07858332059323733,0.033839337443204415
2014-03-25,sh.600748,7.4,8.07,7.33,7.84,25220029,196537840.0,3,2.327922,1,5.9459,19.941435000000002,1.6626619999999999,2.2327220000000003,8.889196,0,7.271999999999996,7.114000000000011,7.092000000000015,1,1,1,1,1,84.71602820659426,68.72784448256137,116.69239565466003,1,0.017673192559172435,-0.059332017962755376,0.07700521052192781
2014-03-26,sh.600748,7.75,7.82,7.54,7.61,11168580,85311827.0,3,1.030910,1,-2.9337,19.356419,1.613885,2.167221,8.628416,0,7.3959999999999955,7.179000000000012,7.113500000000014,1,1,1,1,1,78.13131313131315,77.11962391207665,80.15469156978614,1,0.04802655594890126,-0.03786030318042405,0.08588685912932531
2014-03-27,sh.600748,7.6,7.8,7.53,7.63,10968719,84390443.0,3,1.012462,1,0.2628,19.40729,1.618126,2.172917,8.651092,0,7.535999999999996,7.244000000000011,7.1520000000000135,1,1,1,1,1,70.93554593554593,77.927629091151,56.9513796243358,-1,0.07285581152833132,-0.015717080238672975,0.0885728917670043
2014-03-28,sh.600748,7.58,7.85,7.45,7.46,11901584,91123498.0,3,1.098570,1,-2.228,18.577444,1.627191,2.069842,5.175283,0,7.587999999999996,7.30600000000001,7.177500000000014,-1,1,1,1,1,60.606060606060616,69.89097322430645,42.03623536956894,-1,0.07791741277684938,0.0030098183644314963,0.07490759441241789
2014-03-31,sh.600748,7.5,7.56,7.12,7.22,7226542,52560039.0,3,0.667042,1,-3.2172,17.979778,1.574842,2.0032520000000003,5.008786,0,7.551999999999995,7.33400000000001,7.1790000000000145,-1,-1,1,1,1,49.73544973544974,60.425685425685316,28.354978354978584,-1,0.061849807911421806,0.014777816273829559,0.04707199163759225
2014-04-01,sh.600748,7.22,7.32,7.13,7.29,5381232,38942640.0,3,0.496712,1,0.9695,18.154098,1.5901100000000001,2.0226740000000003,5.057347,0,7.441999999999996,7.357000000000011,7.182000000000015,-1,-1,1,1,1,40.740740740740755,50.36075036075025,21.500721500721752,-1,0.054140433069147065,0.022650339632893063,0.031490093436254
2014-04-02,sh.600748,7.28,7.6,7.25,7.59,12216246,91256176.0,3,1.127614,1,4.1152,18.90118,1.655547,2.105912,5.265468,0,7.437999999999997,7.417000000000011,7.205000000000015,1,1,1,1,1,44.179894179894184,44.88536155202811,42.76895943562634,-1,0.07141496351387122,0.032403264409088695,0.03901169910478253
2014-04-03,sh.600748,7.62,7.66,7.3,7.41,7691926,57333441.0,3,0.709999,1,-2.3715,18.452931,1.616285,2.0559689999999997,5.140596,0,7.393999999999997,7.465000000000012,7.209000000000015,1,-1,1,-1,1,43.50877192982457,42.809802283486384,44.90671122250093,1,0.06977631969120246,0.03987787546551145,0.02989844422569101
2014-04-04,sh.600748,7.37,7.48,7.29,7.44,6761548,50052512.0,3,0.624121,1,0.4049,18.527639,1.622829,2.064293,5.161408,0,7.389999999999996,7.489000000000011,7.225000000000014,1,-1,1,-1,1,42.03842940685047,43.242365172189615,39.630557876172176,-1,0.07009047259718937,0.04592039489184703,0.024170077705342338
2014-04-08,sh.600748,7.42,7.53,7.33,7.5,6548759,48835207.0,3,0.604480,1,0.8065,18.677055,1.635916,2.08094,5.203032,0,7.445999999999996,7.499000000000011,7.2590000000000146,1,1,1,-1,1,38.755106945445824,41.43410276070683,33.39711531492382,-1,0.07432417675319503,0.05160115126411663,0.022723025489078397
2014-04-09,sh.600748,7.5,7.56,7.43,7.49,6239057,46746968.0,3,0.575893,1,-0.1333,18.652151999999997,1.633735,2.078166,5.196095,0,7.485999999999997,7.46400000000001,7.289000000000016,1,1,1,1,1,45.47464551790438,42.08939395673343,52.24514864024627,1,0.07599646147082595,0.05648021330545849,0.019516248165367456
2014-04-10,sh.600748,7.48,7.54,7.37,7.42,8695062,64549021.0,3,0.802593,1,-0.9346,18.477833,1.618466,2.058744,5.147533,0,7.451999999999996,7.44500000000001,7.3120000000000145,-1,-1,1,1,1,47.94520547945208,44.0583193142673,55.718977809821624,1,0.07085655392514312,0.05935548142939542,0.011501072495747701
2014-04-11,sh.600748,7.38,7.45,7.29,7.33,6824602,50112892.0,3,0.629941,1,-1.2129,18.253709,1.598835,2.033772,5.085097,0,7.435999999999997,7.415000000000011,7.3295000000000154,-1,-1,1,1,1,43.556570268899044,45.65880708875171,39.352096629193724,-1,0.058842591558295965,0.059252903455175525,-0.0004103118968795602
2014-04-14,sh.600748,7.36,7.37,7.25,7.31,4900335,35711564.0,3,0.452323,1,-0.2729,18.203903,1.594473,2.028223,5.071222,0,7.409999999999997,7.400000000000011,7.353000000000016,-1,-1,-1,1,1,37.98234781693037,43.16137452176037,27.62429440727037,-1,0.04716393054087131,0.05683510887231468,-0.009671178331443368
2014-04-15,sh.600748,7.32,7.37,7.28,7.33,5198857,38123382.0,3,0.479878,1,0.2736,18.253709,1.598835,2.033772,5.085097,0,7.375999999999996,7.411000000000011,7.3725000000000165,-1,-1,-1,-1,1,30.787782720594482,37.44223360214117,17.478880957501104,-1,0.03907194335581288,0.05328247576901432,-0.014210532413201443
2014-04-16,sh.600748,7.27,7.33,7.2,7.28,4708392,34197758.0,3,0.434606,1,-0.6821,18.129195000000003,1.5879290000000001,2.019899,5.050410,0,7.333999999999996,7.410000000000011,7.383500000000017,-1,-1,-1,-1,-1,23.62192120690689,30.79735058147712,9.271062457766433,-1,0.028298199055772244,0.0482856204263659,-0.019987421370593658
2014-04-17,sh.600748,7.28,7.43,7.22,7.34,6642178,48936211.0,3,0.613103,1,0.8242,18.278610999999998,1.601016,2.036547,5.092034,0,7.317999999999995,7.3850000000000104,7.401000000000016,1,-1,-1,-1,-1,25.26412945288874,26.557944460129907,22.676499438406402,-1,0.024321069486728852,0.043492710238438495,-0.019171640751709643
2014-04-18,sh.600748,7.31,7.34,7.22,7.28,3864329,28161954.0,3,0.356695,1,-0.8174,18.129195000000003,1.5879290000000001,2.019899,5.050410,0,7.307999999999995,7.372000000000011,7.418500000000016,-1,-1,-1,-1,-1,26.167471819645755,25.017840826480334,28.466733805976595,1,0.0161415968102796,0.03802248755280672,-0.021880890742527116
2014-04-21,sh.600748,7.33,7.48,7.25,7.29,7914360,58313710.0,3,0.730531,1,0.1374,18.154098,1.5901100000000001,2.0226740000000003,5.057347,0,7.303999999999997,7.357000000000012,7.423000000000016,-1,-1,-1,-1,-1,28.70370370370372,26.71176832541261,32.68757446028594,1,0.01034694902319977,0.03248737984688533,-0.02214043082368556
2014-04-22,sh.600748,7.26,7.7,7.25,7.63,15330907,114865995.0,3,1.415112,1,4.6639,19.000791,1.6642720000000002,2.11701,5.293218,0,7.363999999999997,7.370000000000012,7.434500000000016,1,1,1,-1,-1,44.40740740740741,33.092860976918836,67.03650026838456,1,0.032811575981775754,0.032552219073863416,0.00025935690791233784
2014-04-23,sh.600748,7.58,7.62,7.42,7.48,9287567,69811593.0,3,0.857284,1,-1.9659,18.62725,1.631553,2.0753909999999998,5.189157,0,7.403999999999996,7.369000000000012,7.416500000000015,1,1,1,1,-1,55.666666666666664,42.9259259259258,81.1481481481484,1,0.03807233412901656,0.033656242084894046,0.004416092044122515
2014-04-24,sh.600748,7.42,7.61,7.41,7.42,9374280,70385137.0,3,0.865288,1,-0.8021,18.477833,1.618466,2.058744,5.147533,0,7.419999999999996,7.369000000000012,7.407000000000013,1,1,1,1,1,61.99999999999998,54.02469135802455,77.95061728395085,1,0.0369738132001709,0.034319756307949416,0.002654056892221486
2014-04-25,sh.600748,7.43,7.49,6.7,6.87,13429991,95658069.0,3,1.239649,1,-7.4124,17.108183,1.498499,1.906141,4.765977,0,7.337999999999996,7.323000000000013,7.369000000000014,-1,-1,-1,1,-1,39.0,52.22222222222208,12.555555555555841,-1,-0.008182849216447963,0.02581923520306994,-0.0340020844195179
2014-04-28,sh.600748,6.79,6.79,6.47,6.52,9281077,61387597.0,3,0.856685,1,-5.0946,16.236587,1.422156,1.809031,4.523169,0,7.183999999999995,7.244000000000012,7.322000000000014,-1,-1,-1,-1,-1,21.688346883468814,40.896115627822795,-16.727190605239144,-1,-0.0713889767597653,0.006377592810502888,-0.07776656957026819
2014-04-29,sh.600748,6.8,7.17,6.73,7.17,18672558,131051939.0,3,1.723561,1,9.9693,7.793899000000001,1.385533,2.418952,20.896101,0,7.091999999999994,7.228000000000013,7.319500000000014,1,-1,-1,-1,-1,25.991869918699184,28.89340560072253,20.188798554652493,-1,-0.06824404561267983,-0.008546734874133655,-0.05969731073854617
2014-04-30,sh.600748,7.08,7.19,7.02,7.12,11549991,82151165.0,3,1.066116,1,-0.6974,7.739549,1.3758709999999998,2.402083,20.750382,0,7.019999999999994,7.212000000000013,7.311000000000014,1,-1,-1,-1,-1,37.94037940379405,28.540198735320548,56.74074074074104,1,-0.06899096228533175,-0.020635580356373272,-0.048355381928958475
2014-05-05,sh.600748,7.12,7.12,6.82,7.03,7109642,49575967.0,3,0.656252,1,-1.264,7.641717,1.358479,2.3717200000000003,20.488087,0,6.941999999999995,7.181000000000013,7.283000000000014,1,-1,-1,-1,-1,51.76151761517617,38.564588979223004,78.1553748870825,1,-0.07596941879769048,-0.031702348044636716,-0.044267070753053764
2014-05-06,sh.600748,7.0,7.16,6.99,7.07,6710087,47513353.0,3,0.619371,1,0.569,7.685198,1.366209,2.385215,20.604663,0,6.981999999999994,7.1600000000000135,7.266000000000014,1,-1,-1,-1,-1,49.051490514905176,46.25112917795834,54.652213188798854,1,-0.07738023892791279,-0.04083792622129193,-0.03654231270662086
2014-05-07,sh.600748,7.05,7.07,6.94,7.03,5499722,38494656.0,3,0.507649,1,-0.5658,7.641717,1.358479,2.3717200000000003,20.488087,0,7.083999999999993,7.134000000000013,7.245500000000014,-1,-1,-1,-1,-1,47.66819842111468,49.49373551706521,44.01712422921362,-1,-0.08079463944101661,-0.04882926886523687,-0.03196537057577974
2014-05-08,sh.600748,6.98,7.14,6.95,7.03,5823108,41130002.0,3,0.537499,1,0.0,7.641717,1.358479,2.3717200000000003,20.488087,0,7.055999999999993,7.074000000000012,7.222000000000014,-1,-1,-1,-1,-1,48.86631566544501,48.52866820048816,49.541610595358705,1,-0.08254900292631362,-0.05557321567745222,-0.026975787248861398
2014-05-09,sh.600748,7.02,7.05,6.8,6.94,4443432,30701367.0,3,0.410149,1,-1.2802,7.543886,1.3410870000000001,2.341356,20.225793,0,7.019999999999993,7.020000000000012,7.194500000000014,-1,-1,-1,-1,-1,47.965630188002,48.166714758187105,47.563461047631804,-1,-0.09016226203386779,-0.06249102494873533,-0.027671237085132458
2014-05-12,sh.600748,6.97,7.13,6.91,7.11,5676557,39958379.0,3,0.523972,1,2.4496,7.728679,1.3739379999999999,2.39871,20.721238,0,7.0359999999999925,6.989000000000011,7.1790000000000145,1,1,-1,1,-1,61.363375759660606,52.73177387103575,78.62657953691031,1,-0.08153832245108106,-0.06630048444920447,-0.015237838001876586
2014-05-13,sh.600748,7.13,7.3,7.06,7.23,8966442,64635488.0,3,0.827643,1,1.6878,7.85912,1.397127,2.439194,21.070963,0,7.0679999999999925,7.025000000000011,7.174000000000014,1,1,1,1,-1,74.22887283568402,61.185959594448754,100.31469931815455,1,-0.06427981340529598,-0.06589635024042277,0.001616536835126789
2014-05-14,sh.600748,7.32,7.55,7.26,7.33,12574367,93002435.0,3,1.160671,1,1.3831,7.967822,1.4164510000000001,2.472931,21.362401,0,7.127999999999991,7.106000000000011,7.175000000000014,1,1,1,1,-1,82.42495126705656,72.67239995413361,101.93005389290246,1,-0.04204844804571817,-0.06112676980148185,0.019078321755763683
2014-05-15,sh.600748,7.28,7.28,7.06,7.07,7312221,52191271.0,3,0.674951,1,-3.5471,7.685198,1.366209,2.385215,20.604663,0,7.135999999999991,7.0960000000000125,7.162000000000013,-1,-1,-1,1,-1,64.79532163742695,73.81638191338907,46.753201085502724,-1,-0.04489226780051325,-0.05787986940128813,0.012987601600774876
2014-05-16,sh.600748,7.05,7.12,6.99,7.09,3685735,26003013.0,3,0.340210,1,0.2829,7.706938,1.3700729999999999,2.391962,20.662950,0,7.1659999999999915,7.093000000000012,7.152500000000013,-1,-1,-1,1,1,48.444444444444464,65.22157244964255,14.890188434048298,-1,-0.045013297320076084,-0.05530655498504572,0.010293257664969635
2014-05-19,sh.600748,7.13,7.13,6.94,6.98,2879666,20207812.0,3,0.265806,1,-1.5515,7.5873669999999995,1.348817,2.354851,20.342368,0,7.139999999999992,7.0880000000000125,7.1345000000000125,-1,-1,-1,1,1,32.88888888888893,48.709551656920006,1.2475633528267736,-1,-0.05337007774343672,-0.05491925953672392,0.0015491817932872035
2014-05-20,sh.600748,7.04,7.09,6.98,6.99,2283871,16030188.0,3,0.210812,1,0.1433,7.598236999999999,1.350749,2.358225,20.371512,0,7.091999999999992,7.0800000000000125,7.120000000000013,-1,-1,-1,1,-1,29.33333333333337,36.88888888888881,14.222222222222499,-1,-0.05851148602107248,-0.055637704833593635,-0.002873781187478844
2014-05-21,sh.600748,7.0,7.05,6.91,7.04,2965808,20749047.0,3,0.273757,1,0.7153,7.652588000000001,1.360411,2.375094,20.517231,0,7.033999999999992,7.081000000000013,7.107500000000013,1,-1,-1,-1,-1,27.111111111111157,29.777777777777704,21.777777777778063,-1,-0.05788425334946545,-0.056087014536767996,-0.0017972388126974576
2014-05-22,sh.600748,7.02,7.18,7.0,7.09,8365505,59383565.0,3,0.772174,1,0.7102,7.706938,1.3700729999999999,2.391962,20.662950,0,7.037999999999991,7.087000000000013,7.080500000000013,1,1,1,-1,-1,28.486111111111118,28.3101851851851,28.837962962963154,1,-0.05274457814123146,-0.05541852725766069,0.0026739491164292292
2014-05-23,sh.600748,7.09,7.23,7.05,7.2,7157651,51369225.0,3,0.660683,1,1.5515,7.826510000000001,1.39133,2.429073,20.983532,0,7.059999999999991,7.113000000000014,7.066500000000014,1,1,1,-1,-1,35.145833333333336,30.247685185185087,44.942129629629825,1,-0.039341760492145106,-0.05220317390455757,0.012861413412412467
2014-05-26,sh.600748,7.2,7.28,7.15,7.19,5402445,38912272.0,3,0.498670,1,-0.1389,7.815639999999999,1.389397,2.4256990000000003,20.954388,0,7.101999999999991,7.121000000000014,7.055000000000014,1,1,1,-1,1,39.06250000000001,34.231481481481374,48.72453703703728,1,-0.029190359080557116,-0.04760061093975748,0.018410251859200366
2014-05-27,sh.600748,7.18,7.23,7.14,7.17,3331314,23915235.0,3,0.307495,1,-0.2782,7.793899000000001,1.385533,2.418952,20.896101,0,7.137999999999991,7.1150000000000135,7.070000000000013,1,1,1,1,1,53.11092342342342,42.43975225225214,74.45326576576598,1,-0.022499769836942463,-0.04258044271919448,0.020080672882252015
2014-05-28,sh.600748,7.17,7.26,7.14,7.23,5031701,36260498.0,3,0.464449,1,0.8368,7.85912,1.397127,2.439194,21.070963,0,7.17599999999999,7.105000000000014,7.105500000000012,1,1,1,1,1,66.83558558558559,53.003003003002895,94.50075075075098,1,-0.012215122767592845,-0.03650737872887415,0.024292255961281303
2014-05-29,sh.600748,7.23,7.38,7.2,7.3,10673913,78136403.0,3,0.985250,1,0.9682,7.935211,1.410654,2.4628099999999997,21.274970,0,7.217999999999991,7.128000000000014,7.112000000000013,1,1,1,1,1,79.91182672033733,66.61944524311534,106.49658967478132,1,0.0015658984151469824,-0.028892723300069922,0.030458621715216905
2014-05-30,sh.600748,7.31,7.31,7.18,7.25,4847671,35036573.0,3,0.447462,1,-0.6849,7.880861,1.400992,2.4459419999999996,21.129251,0,7.227999999999992,7.144000000000014,7.118500000000013,1,1,1,1,1,80.60187847421889,75.78309692671382,90.23944156922903,1,0.0083565457986019,-0.02144286948033556,0.02979941527893746
2014-06-03,sh.600748,7.25,7.26,7.09,7.11,5194778,37231026.0,3,0.479501,1,-1.931,7.728679,1.3739379999999999,2.39871,20.721238,0,7.211999999999992,7.157000000000013,7.122500000000014,-1,-1,-1,1,1,65.95744680851062,75.49038400102216,46.89157242348756,-1,0.002413531118419243,-0.016671589360584597,0.01908512047900384
2014-06-04,sh.600748,7.12,7.16,6.93,6.99,4533605,31765561.0,3,0.418472,1,-1.6878,7.598236999999999,1.350749,2.358225,20.371512,0,7.175999999999992,7.157000000000013,7.118500000000014,-1,-1,-1,1,1,42.74231678487001,63.10054735586639,2.0258556428772607,-1,-0.011842831165124856,-0.01570583772149265,0.0038630065563677943
2014-06-05,sh.600748,6.96,7.07,6.96,7.06,2487483,17479466.0,3,0.229606,1,1.0014,7.674328,1.364276,2.381841,20.575519,0,7.1419999999999915,7.159000000000013,7.120000000000014,-1,-1,-1,-1,1,28.258471237194666,45.652744943524986,-6.530076175465979,-1,-0.017293339151775555,-0.01602333800754923,-0.001270001144226325
2014-06-06,sh.600748,7.07,7.09,6.95,6.99,2865542,20051997.0,3,0.264502,1,-0.9915,7.598236999999999,1.350749,2.358225,20.371512,0,7.079999999999991,7.1490000000000125,7.1180000000000145,-1,-1,-1,-1,-1,18.518518518518558,29.839768846860963,-4.123982138166255,-1,-0.026950650660953812,-0.018208800538230145,-0.008741850122723667
2014-06-09,sh.600748,7.01,7.08,6.96,7.0,3719566,26109132.0,3,0.343333,1,0.1431,7.609107000000001,1.352682,2.361599,20.400656,0,7.029999999999991,7.129000000000012,7.121000000000015,-1,-1,-1,-1,-1,19.25925925925928,22.012083004990718,13.753611767796407,-1,-0.03341206964209409,-0.021249454359002933,-0.012162615283091156
2014-06-10,sh.600748,7.01,7.08,6.95,7.07,3560824,25015592.0,3,0.328680,1,1.0,7.685198,1.366209,2.385215,20.604663,0,7.021999999999991,7.117000000000013,7.119000000000014,1,-1,-1,-1,-1,20.00000000000007,19.259259259259185,21.481481481481843,1,-0.032509625030257006,-0.023501488493253748,-0.009008136537003258
2014-06-11,sh.600748,7.06,7.06,7.0,7.04,2684921,18865991.0,3,0.247830,1,-0.4243,7.652588000000001,1.360411,2.375094,20.517231,0,7.031999999999991,7.104000000000013,7.109500000000014,1,-1,-1,-1,-1,23.703703703703763,20.987654320987588,29.13580246913611,1,-0.033825263866791744,-0.025566243567961347,-0.008259020298830397
2014-06-12,sh.600748,7.06,7.06,6.95,6.96,4085876,28510776.0,3,0.377145,1,-1.1364,7.565625999999999,1.3449520000000001,2.348104,20.284081,0,7.011999999999991,7.077000000000012,7.0910000000000135,-1,-1,-1,-1,-1,21.150097465887,21.617933723196828,20.214424951267347,-1,-0.040852328324284315,-0.02862346051922594,-0.012228867805058375
2014-06-13,sh.600748,6.96,7.02,6.91,6.99,3399255,23674935.0,3,0.313767,1,0.431,7.598236999999999,1.350749,2.358225,20.371512,0,7.011999999999991,7.046000000000012,7.087000000000015,-1,-1,-1,-1,-1,18.398774714564226,21.084191961384878,13.027940220922922,-1,-0.043499147163354124,-0.03159859784805158,-0.011900549315302544
2014-06-16,sh.600748,7.01,7.02,6.96,7.0,3516754,24589786.0,3,0.324612,1,0.1431,7.609107000000001,1.352682,2.361599,20.400656,0,7.011999999999991,7.021000000000012,7.082500000000015,-1,-1,-1,-1,-1,22.25062656641604,20.599832915622304,25.552213868003513,1,-0.0442794280525014,-0.034134763888941544,-0.010144664163559858
2014-06-17,sh.600748,7.0,7.01,6.93,6.97,3262700,22698100.0,3,0.301162,1,-0.4286,7.576496000000001,1.346885,2.3514779999999997,20.313225,0,6.99199999999999,7.007000000000012,7.082000000000015,-1,-1,-1,-1,-1,30.730158730158653,23.793186670379523,44.60410284971692,1,-0.04677931275992453,-0.03666367366313814,-0.010115639096786387
2014-06-18,sh.600748,6.96,6.98,6.86,6.87,4193694,29032869.0,3,0.387097,1,-1.4347,7.467795,1.327561,2.31774,20.021787,0,6.9579999999999895,6.995000000000012,7.076000000000015,-1,-1,-1,-1,-1,24.560386473429833,25.847057256668055,21.987044906953393,-1,-0.056182022285570454,-0.040567343387624605,-0.01561467889794585
2014-06-19,sh.600748,6.88,6.88,6.68,6.72,3908594,26522067.0,3,0.360781,1,-2.1834,7.304742999999999,1.298575,2.2671349999999997,19.584630,0,6.9099999999999895,6.961000000000011,7.060000000000015,-1,-1,-1,-1,-1,15.893719806763187,23.72808833678377,0.22498274672202,-1,-0.07487437849756517,-0.04742875040961272,-0.027445628087952458
2014-06-20,sh.600748,6.7,6.76,6.68,6.74,1906098,12819071.0,3,0.175941,1,0.2976,7.3264830000000005,1.302439,2.273882,19.642917,0,6.85999999999999,6.9360000000000115,7.0425000000000155,-1,-1,-1,-1,-1,9.782608695652167,16.745571658614942,-4.143317230273382,-1,-0.08707067605969776,-0.055357135539629725,-0.031713540520068036
2014-06-23,sh.600748,6.76,7.0,6.76,6.99,5325368,36831886.0,3,0.491555,1,3.7092,7.598236999999999,1.350749,2.358225,20.371512,0,6.85799999999999,6.935000000000011,7.032000000000016,1,1,-1,-1,-1,35.52631578947375,20.400881430629582,65.77718450716208,1,-0.0756909014880387,-0.05942388872931152,-0.016267012758727176
2014-06-24,sh.600748,7.07,7.11,6.98,7.1,8517525,60222250.0,3,0.786206,1,1.5737,7.717808,1.372006,2.395336,20.692094,0,6.883999999999991,6.938000000000011,7.027500000000016,1,1,1,-1,-1,64.75112199102409,36.68668215871655,120.88000165563918,1,-0.05713762053886917,-0.05896663509122305,0.0018290145523538817
2014-06-25,sh.600748,7.09,7.6,7.01,7.57,15959068,116714718.0,3,1.473094,1,6.6197,8.228705999999999,1.4628290000000002,2.5539,22.061852,0,7.023999999999989,6.991000000000011,7.047500000000016,1,1,1,1,-1,91.99749880261828,64.09164552770525,147.80920535244434,1,-0.004457555743492492,-0.04806481922167694,0.04360726347818445
2014-06-26,sh.600748,7.45,7.84,7.39,7.49,27245424,206879005.0,3,2.514875,1,-1.0568,8.141744000000001,1.44737,2.526911,21.828702,0,7.17799999999999,7.044000000000011,7.060500000000017,1,1,1,1,1,88.0803784154434,81.60966640302847,101.02180244027326,1,0.03048503126990454,-0.032354849123360646,0.06283988039326519
2014-06-27,sh.600748,7.31,7.55,7.28,7.41,10495355,77995402.0,3,0.968768,1,-1.0681,8.054783,1.43191,2.499921,21.595552,0,7.311999999999989,7.086000000000011,7.066000000000017,1,1,1,1,1,76.49925037481262,85.52570919762464,58.44633272918858,-1,0.05113252786137146,-0.015657373726414226,0.06678990158778568
2014-06-30,sh.600748,7.42,7.66,7.42,7.43,10881698,82166206.0,3,1.004430,1,0.2699,8.076523,1.435775,2.506668,21.653839,0,7.399999999999989,7.12900000000001,7.075000000000017,1,1,1,1,1,65.80459770114942,76.79474216380169,43.824308775844884,-1,0.0683220761554102,0.0011385162499506565,0.06718355990545954
2014-07-01,sh.600748,7.45,7.66,7.42,7.59,9586733,72589964.0,3,0.884899,1,2.1534,8.250446,1.466694,2.560648,22.120140,0,7.497999999999988,7.191000000000011,7.099000000000016,1,1,1,1,1,68.67816091954022,70.32733633183396,65.37981009495272,-1,0.09377460457774323,0.019665733915509173,0.07410887066223405
2014-07-02,sh.600748,7.56,7.65,7.5,7.64,9713997,73629493.0,3,0.896646,1,0.6588,8.304797,1.476356,2.577516,22.265859,0,7.511999999999988,7.2680000000000105,7.131500000000015,1,1,1,1,1,75.28735632183906,69.92337164750944,86.01532567049827,1,0.11663599175104977,0.03905978548261729,0.07757620626843248
2014-07-03,sh.600748,7.64,7.79,7.56,7.6,11710197,89843685.0,3,1.080904,1,-0.5236,8.261316,1.468626,2.564021,22.149284,0,7.533999999999987,7.3560000000000105,7.158500000000015,1,1,1,1,1,79.66155810983395,74.54235845040428,89.89995742869328,1,0.13002726669593656,0.057253281725281144,0.07277398497065542
2014-07-04,sh.600748,7.6,7.73,7.57,7.7,8878445,68108122.0,3,0.819520,1,1.3158,8.370018,1.48795,2.597759,22.440722,0,7.591999999999987,7.452000000000011,7.194000000000014,1,1,1,1,1,81.41910956666368,78.78934133277876,86.67864603443351,1,0.14701442208927062,0.07520550979807904,0.07180891229119159
2014-07-07,sh.600748,7.65,8.2,7.64,7.94,15508926,123837819.0,3,1.431544,1,3.1169,8.630901,1.5343280000000001,2.678728,23.140173,0,7.693999999999987,7.547000000000011,7.241000000000014,1,1,1,1,1,79.88332283817921,80.32133017155881,79.00730817142002,-1,0.1777933680858803,0.09572308145563929,0.08207028663024102
2014-07-08,sh.600748,8.01,8.06,7.73,7.89,8422267,66023566.0,3,0.777413,1,-0.6297,8.57655,1.524666,2.661859,22.994454,0,7.753999999999986,7.626000000000012,7.282000000000013,1,1,1,1,1,76.0588461876156,79.12042619748603,69.93568616787476,-1,0.1958931876776857,0.11575710270004858,0.08013608497763713
2014-07-09,sh.600748,7.87,7.95,7.52,7.55,9626436,74239741.0,3,0.888563,1,-4.3092,8.206965,1.458964,2.547153,22.003565,0,7.7359999999999856,7.624000000000011,7.307500000000014,-1,-1,1,1,1,57.934478139081726,71.29221572162537,31.219002973994435,-1,0.18071904989146326,0.1287494921383315,0.05196955775313175
2014-07-10,sh.600748,7.55,7.65,7.45,7.49,6191125,46810762.0,3,0.571469,1,-0.7947,8.141744000000001,1.44737,2.526911,21.828702,0,7.713999999999986,7.624000000000011,7.334000000000015,-1,-1,1,1,1,34.87551096246748,56.289611763054786,-7.952690638707125,-1,0.16198467926246884,0.13539652956315898,0.026588149699309865
2014-07-11,sh.600748,7.5,7.63,7.5,7.57,4329903,32756271.0,3,0.399670,1,1.0681,8.228705999999999,1.4628290000000002,2.5539,22.061852,0,7.6879999999999855,7.640000000000012,7.363000000000014,-1,-1,1,1,1,19.184318097361594,37.33143573297012,-17.109917173855465,-1,0.1518425406869035,0.13868573178790788,0.01315680889899562
2014-07-14,sh.600748,7.57,7.75,7.57,7.71,6468401,49693687.0,3,0.597062,1,1.8494,8.380888,1.489882,2.6011319999999998,22.469865,0,7.641999999999984,7.668000000000011,7.3985000000000145,1,1,1,-1,1,20.957264957264986,25.005698005697877,12.860398860399208,-1,0.15333411256431617,0.14161540794318955,0.011718704621126619
2014-07-15,sh.600748,7.68,7.79,7.63,7.71,5140734,39625562.0,3,0.474513,1,0.0,8.380888,1.489882,2.6011319999999998,22.469865,0,7.605999999999985,7.6800000000000095,7.435500000000014,1,1,1,-1,1,29.521367521367537,23.220983525331224,42.12213551344016,1,0.15275532571540218,0.1438433914976321,0.00891193421777009
2014-07-16,sh.600748,7.73,7.75,7.56,7.58,6918580,52936960.0,3,0.638616,1,-1.6861,8.239576,1.464761,2.557274,22.090996,0,7.611999999999985,7.674000000000009,7.471000000000015,-1,-1,1,-1,1,28.888888888888886,26.45584045584032,33.754985754986016,1,0.14019068843245908,0.1431128508845975,-0.002922162452138416
2014-07-17,sh.600748,7.56,7.58,7.41,7.47,5530404,41351735.0,3,0.510481,1,-1.4512,8.120004,1.443505,2.520163,21.770414,0,7.6079999999999846,7.66100000000001,7.508500000000015,-1,-1,-1,-1,1,19.864978902953563,26.091745104403184,7.411446500054318,-1,0.11997405593519694,0.1384850918947174,-0.018511035959520444
2014-07-18,sh.600748,7.48,7.68,7.4,7.64,7966319,60645236.0,3,0.735327,1,2.2758,8.304797,1.476356,2.577516,22.265859,0,7.621999999999984,7.65500000000001,7.553500000000014,1,-1,1,-1,1,20.430635468610088,23.06150108681737,15.168904232195523,-1,0.11632884180275305,0.13405384187632452,-0.017725000073571473
2014-07-21,sh.600748,7.66,7.77,7.61,7.74,8055889,62115590.0,3,0.743595,1,1.3089,8.413497999999999,1.49568,2.611253,22.557297,0,7.627999999999984,7.63500000000001,7.5910000000000135,1,1,1,-1,1,35.258918296892915,25.18484422281871,55.40706644504132,1,0.12012442797473799,0.13126795909600722,-0.011143531121269229
2014-07-22,sh.600748,7.68,7.81,7.65,7.71,8769367,67860003.0,3,0.809452,1,-0.3876,8.380888,1.489882,2.6011319999999998,22.469865,0,7.627999999999984,7.617000000000009,7.621500000000014,1,1,1,1,1,57.93052475979302,37.87335950843186,98.04485526251534,1,0.11933607608128227,0.12888158249306222,-0.009545506411779953
2014-07-23,sh.600748,7.7,7.78,7.61,7.62,7035434,54087537.0,3,0.649402,1,-1.1673,8.283056,1.472491,2.570769,22.207571,0,7.635999999999984,7.624000000000009,7.624000000000015,-1,-1,-1,1,1,63.69549150036956,52.29497818568502,86.49651812973865,1,0.11017897900143758,0.1251410617947373,-0.014962082793299719
2014-07-24,sh.600748,7.62,8.27,7.61,7.97,24434953,195077432.0,3,2.255456,1,4.5932,8.663511999999999,1.540125,2.6888490000000003,23.227604,0,7.735999999999985,7.6720000000000095,7.648000000000015,1,1,1,1,1,64.92851135407908,62.18484253808041,70.4158489860764,1,0.12966924221236908,0.12604669787826367,0.0036225443341054153
2014-07-25,sh.600748,7.97,8.08,7.86,8.03,15564252,124536104.0,3,1.436650,1,0.7528,8.728733,1.551719,2.709091,23.402467,0,7.813999999999984,7.718000000000009,7.6790000000000145,1,1,1,1,1,63.86319035604148,64.1623977368299,63.26477559446462,-1,0.14824800407606276,0.1304869591178235,0.01776104495823927
2014-07-28,sh.600748,8.11,8.23,8.01,8.16,15811041,128438438.0,3,1.459430,1,1.6189,8.870045,1.576841,2.752949,23.781336,0,7.897999999999985,7.76300000000001,7.715500000000015,1,1,1,1,1,75.09578544061303,67.96249571691105,89.36236488801697,1,0.17148494850971385,0.13868655699620155,0.0327983915135123
2014-07-29,sh.600748,8.21,8.43,8.08,8.13,19276651,158779747.0,3,1.779322,1,-0.3676,8.837434,1.571043,2.742828,23.693905,0,7.981999999999985,7.8050000000000095,7.742500000000014,1,1,1,1,1,76.8813004500986,71.94675874891755,86.75038385246074,1,0.18534312493482918,0.14801787058392707,0.037325254350902115
2014-07-30,sh.600748,8.14,8.17,7.93,8.0,11274854,90407480.0,3,1.040720,1,-1.599,8.696122,1.545922,2.69897,23.315036,0,8.057999999999986,7.84700000000001,7.760500000000015,-1,1,1,1,1,72.1608451437712,74.71264367816077,67.05724807499203,-1,0.18371812783274155,0.15515792203368997,0.02856020579905158
2014-07-31,sh.600748,7.98,8.13,7.93,8.12,9307651,74741438.0,3,0.859138,1,1.5,8.826564,1.5691110000000001,2.7394540000000003,23.664761,0,8.087999999999985,7.912000000000011,7.786500000000015,1,1,1,1,1,63.77377851448418,70.93864136945116,49.44405280455021,-1,0.18992397764925073,0.16211113315680212,0.027812844492448613
2014-08-01,sh.600748,8.1,8.14,7.9,7.97,8485391,68083248.0,3,0.783240,1,-1.8473,8.663511999999999,1.540125,2.6888490000000003,23.227604,0,8.075999999999985,7.94500000000001,7.800000000000016,-1,1,1,1,1,54.78332938669189,63.57265101498225,37.20468613011117,-1,0.18065592291689558,0.16582009110882082,0.014835831808074768
2014-08-04,sh.600748,7.91,8.18,7.91,8.16,8999009,72695242.0,3,0.830649,1,2.3839,8.870045,1.576841,2.752949,23.781336,0,8.075999999999985,7.987000000000011,7.811000000000016,1,1,1,1,1,57.723577235772325,58.76022837898262,55.65027494935174,-1,0.1864925646745439,0.16995458582196543,0.01653797885257846
2014-08-05,sh.600748,8.17,8.22,8.05,8.22,9972907,81129540.0,3,0.920544,1,0.7353,8.935266,1.588435,2.773192,23.956199,0,8.093999999999983,8.038000000000011,7.8275000000000166,1,1,1,1,1,61.78861788617889,58.09850816954752,69.16883731944164,1,0.19372648554250738,0.1747089657660738,0.019017519776433567
2014-08-06,sh.600748,8.3,8.38,8.1,8.17,13852029,113877710.0,3,1.278605,1,0.0,8.880915,1.578773,2.756323,23.810480,0,8.127999999999984,8.09300000000001,7.858500000000015,1,1,1,1,1,65.28312651547573,61.598440545808806,72.65249845480959,1,0.19319777413658112,0.17840672744017527,0.014791046696405852
2014-08-07,sh.600748,8.15,8.19,8.03,8.05,8175722,66237174.0,3,0.754656,1,-1.4688,8.750473,1.555584,2.715839,23.460754,0,8.113999999999985,8.10100000000001,7.886500000000015,-1,-1,1,1,1,52.359365202390926,59.81036986801501,37.45735587114275,-1,0.1810092079451957,0.17892722354117935,0.002081984404016357
2014-08-08,sh.600748,8.03,8.08,7.98,8.02,4933214,39561786.0,3,0.455358,1,-0.3727,8.717862,1.549787,2.705717,23.373323,0,8.123999999999985,8.10000000000001,7.909000000000016,-1,-1,1,1,1,35.10978704623193,50.91742625469936,3.494508629297073,-1,0.16700381610926662,0.1765425420547968,-0.00953872594553018
2014-08-11,sh.600748,8.03,8.26,8.03,8.17,10656113,87031379.0,3,0.983607,1,1.8703,8.880915,1.578773,2.756323,23.810480,0,8.125999999999985,8.10100000000001,7.932000000000015,1,1,1,1,1,35.731132075471656,41.06676144136466,25.059873343685638,-1,0.1660935653419786,0.17445274671223315,-0.008359181370254543
2014-08-12,sh.600748,8.19,8.25,8.11,8.2,8211608,67168902.0,3,0.757968,1,0.3672,8.913525,1.58457,2.766444,23.897911,0,8.121999999999986,8.108000000000011,7.956500000000014,1,1,1,1,1,47.130503144653915,39.32380742211899,62.743894589723766,1,0.16588076413863995,0.17273835019751452,-0.006857586058874571
2014-08-13,sh.600748,8.19,8.25,8.12,8.22,7903796,64823605.0,3,0.729556,1,0.2439,8.935266,1.588435,2.773192,23.956199,0,8.131999999999985,8.130000000000011,7.9885000000000135,1,1,1,1,1,61.80555555555543,48.222396925226825,88.97187281621264,1,0.16541910206606847,0.1712745005712253,-0.005855398505156845
2014-08-14,sh.600748,8.22,8.23,8.06,8.08,10171671,82686537.0,3,0.938891,1,-1.7032,8.783083,1.561381,2.7259599999999997,23.548186,0,8.137999999999986,8.12600000000001,8.019000000000014,-1,-1,1,1,1,55.11229314420794,54.68278394813891,55.97131153634599,1,0.152004191871705,0.16742043883132124,-0.015416246959616242
2014-08-15,sh.600748,8.06,8.13,8.02,8.09,8472075,68434428.0,3,0.782011,1,0.1238,8.793954,1.5633139999999999,2.729333,23.577330,0,8.151999999999987,8.13800000000001,8.041500000000015,-1,-1,1,1,1,43.44562647754131,53.454491725768044,23.427895981087843,-1,0.14055941389182802,0.1620482338434226,-0.021488819951594573
2014-08-18,sh.600748,8.11,8.21,8.11,8.16,10111798,82575167.0,3,0.933364,1,0.8653,8.870045,1.576841,2.752949,23.781336,0,8.149999999999986,8.13800000000001,8.062500000000014,1,1,1,1,1,36.223404255319046,44.927107959022585,18.81599684791196,-1,0.13557493639885543,0.15675357435450915,-0.021178637955653723
2014-08-19,sh.600748,8.2,8.34,8.13,8.33,16304607,134560008.0,3,1.504988,1,2.0833,9.054837,1.609691,2.810302,24.276781,0,8.175999999999984,8.149000000000012,8.093500000000015,1,1,1,1,1,56.57407407407402,45.414368268977945,78.89348568426617,1,0.14368595903087034,0.1541400512897814,-0.010454092258911057
2014-08-20,sh.600748,8.31,8.38,8.25,8.29,10621541,88434690.0,3,0.980416,1,-0.4802,9.011357,1.601962,2.796808,24.160206,0,8.189999999999985,8.16100000000001,8.127000000000013,1,1,1,1,1,73.2407407407406,55.34607302337772,109.03007617546639,1,0.1452124188248316,0.15235452479679143,-0.007142105971959828
2014-08-21,sh.600748,8.42,8.49,8.31,8.42,13469085,113054946.0,3,1.243257,1,1.5682,9.152669,1.627083,2.840666,24.539075,0,8.257999999999985,8.198000000000011,8.149500000000014,1,1,1,1,1,86.60953506698176,72.14144996059862,115.54570527974803,1,0.15512389109844982,0.1529083980571231,0.002215493041326705
2014-08-22,sh.600748,8.42,8.68,8.4,8.6,16751200,143838413.0,3,1.546211,1,2.1378,9.348331,1.661866,2.901393,25.063663,0,8.359999999999987,8.25600000000001,8.178000000000013,1,1,1,1,1,83.49505695250362,81.11511092007515,88.25494901736056,1,0.17548047033164593,0.15742281251202767,0.018057657819618267
2014-08-25,sh.600748,8.63,8.64,8.35,8.38,10208966,86368371.0,3,0.942333,1,-2.5581,9.109188,1.619353,2.827171,24.422500,0,8.403999999999986,8.27700000000001,8.189000000000012,-1,1,1,1,1,75.84354180098866,81.98271127349118,63.56520285598364,-1,0.1718797222057269,0.1603141944507675,0.011565527754959393
2014-08-26,sh.600748,8.35,8.4,8.07,8.08,9053503,74250523.0,3,0.835679,1,-3.58,8.783083,1.561381,2.7259599999999997,23.548186,0,8.353999999999987,8.26500000000001,8.186500000000013,-1,-1,-1,1,1,50.5050505050506,69.94788308618078,11.619385342790224,-1,0.14316825604204908,0.1568850067690238,-0.01371675072697473
2014-08-27,sh.600748,8.09,8.15,8.01,8.14,6066331,49088642.0,3,0.559950,1,0.7426,10.656008,1.559013,3.834896,-73.573973,0,8.323999999999987,8.257000000000009,8.193500000000014,-1,-1,-1,1,1,27.679782903663636,51.34279173656745,-19.64623476214399,-1,0.12382829530364603,0.15027366447594825,-0.026445369172302224
2014-08-28,sh.600748,8.15,8.19,7.95,7.97,7241929,58225855.0,3,0.668463,1,-2.0885,10.433461999999999,1.526454,3.754806,-72.037416,0,8.233999999999986,8.24600000000001,8.186000000000014,-1,-1,-1,-1,1,10.411206730977797,29.532013379897162,-27.83040656686093,-1,0.09370350218605061,0.13895963201796874,-0.045256129831918124
2014-08-29,sh.600748,7.94,8.07,7.92,8.01,4846376,38728962.0,3,0.447342,1,0.5019,10.485826,1.534115,3.773651,-72.398958,0,8.115999999999985,8.23800000000001,8.188000000000013,-1,-1,-1,-1,-1,11.328272121727371,16.473087252122752,1.0386418609366075,-1,0.0722244933083207,0.12561260427603912,-0.05338811096771842
2014-09-01,sh.600748,7.99,8.11,7.99,8.1,7168793,57627690.0,3,0.661712,1,1.1236,10.603644000000001,1.551352,3.8160510000000003,-73.212430,0,8.059999999999985,8.23200000000001,8.185000000000013,1,-1,-1,-1,-1,12.755347272290296,11.498275374998306,15.269491066874277,1,0.061752626030234126,0.11284060862687813,-0.051087982596644
2014-09-02,sh.600748,8.13,8.18,8.06,8.17,11378723,92455323.0,3,1.050307,1,0.8642,10.695281,1.564759,3.8490300000000004,-73.845130,0,8.077999999999985,8.21600000000001,8.182500000000013,1,-1,-1,-1,-1,22.807017543859654,15.630212312625593,37.16062800632777,1,0.058428483564151534,0.10195818361433281,-0.04352970005018128
2014-09-03,sh.600748,8.17,8.25,8.13,8.23,10280576,84292121.0,3,0.948943,1,0.7344,10.773826,1.576251,3.877297,-74.387444,0,8.095999999999986,8.21000000000001,8.185500000000014,1,1,1,-1,-1,32.45614035087723,22.672835055675545,52.022750941280584,1,0.05994457156292832,0.09355546120405192,-0.033610889641123604
2014-09-04,sh.600748,8.27,8.32,8.23,8.3,9556728,79095224.0,3,0.882129,1,0.8506,10.865463,1.5896569999999999,3.910275,-75.020144,0,8.161999999999987,8.19800000000001,8.198000000000013,1,1,1,-1,-1,42.153996101364584,32.472384665366974,61.5172189733598,1,0.06603330635897287,0.0880510302350361,-0.02201772387606324
2014-09-05,sh.600748,8.31,8.38,8.24,8.31,10204971,84788668.0,3,0.941965,1,0.1205,10.878554,1.591573,3.914986,-75.110530,0,8.221999999999987,8.16900000000001,8.212500000000013,1,1,1,1,1,58.27241715399618,44.294184535412484,86.22888239116358,1,0.07084888710961756,0.0846106016099524,-0.013761714500334837
2014-09-09,sh.600748,8.31,8.36,8.23,8.34,8992751,74491525.0,3,0.830071,1,0.361,10.917826,1.597318,3.929119,-75.381687,0,8.269999999999987,8.16500000000001,8.221000000000014,1,1,1,1,1,75.11070853462157,58.51237392999392,108.30737774387687,1,0.07620754567938803,0.08292999042383953,-0.0067224447444514945
2014-09-10,sh.600748,8.33,8.55,8.25,8.44,12009467,100693625.0,3,1.108528,1,1.199,11.048736,1.616471,3.976231,-76.285544,0,8.323999999999987,8.201000000000011,8.233000000000015,1,1,1,1,1,85.03134345525642,72.80482304795787,109.4843842698535,1,0.08751467081890141,0.0838469265028519,0.0036677443160495066
2014-09-11,sh.600748,8.45,8.64,8.35,8.4,15167504,129152428.0,3,1.400029,1,-0.4739,10.996372000000001,1.60881,3.957387,-75.924001,0,8.357999999999986,8.227000000000011,8.242000000000015,1,1,1,1,1,80.17023234414528,80.10409477800756,80.30250747642069,1,0.09218532816958636,0.0855146068361988,0.006670721333387558
2014-09-12,sh.600748,8.36,8.54,8.32,8.53,11923097,100635180.0,3,1.100555,1,1.5476,11.166554,1.633708,4.018632,-77.099016,0,8.403999999999986,8.283000000000012,8.264500000000014,1,1,1,1,1,77.42775742775733,80.87644440905284,70.5303834651663,-1,0.10516450041676606,0.08944458555231224,0.015719914864453816
2014-09-15,sh.600748,8.56,8.57,8.43,8.51,10494540,89220447.0,3,0.968693,1,-0.2345,11.140372,1.6298780000000002,4.009208999999999,-76.918244,0,8.443999999999985,8.33300000000001,8.285500000000013,1,1,1,1,1,75.77659888004708,77.79152955064971,71.74673753884181,-1,0.11253947012134446,0.09406356246611869,0.018475907655225776
2014-09-16,sh.600748,8.57,8.91,8.46,8.47,29097225,254134049.0,3,2.685805,1,-0.47,11.088008,1.622217,3.990365,-76.556701,0,8.469999999999985,8.370000000000012,8.301000000000013,1,1,1,1,1,68.08429118773938,73.7628824985144,56.727108566189344,-1,0.1138441960138632,0.09801968917566758,0.015824506838195612
2014-09-17,sh.600748,8.47,8.85,8.47,8.8,21634126,188029747.0,3,1.996927,1,3.8961,11.520009,1.6854200000000001,4.1458330000000005,-79.539430,0,8.541999999999984,8.43300000000001,8.324500000000013,1,1,1,1,1,68.33315996602,70.73135001126862,63.5367798755228,-1,0.1398938337243667,0.10639451808540741,0.03349931563895929
2014-09-18,sh.600748,8.8,8.83,8.61,8.72,10820636,94015112.0,3,0.998793,1,-0.9091,11.415281,1.6700979999999999,4.108144,-78.816344,0,8.605999999999984,8.48200000000001,8.346000000000014,1,1,1,1,1,66.49069884364009,67.63604999913296,64.19999653265435,-1,0.15232709593374416,0.11558103365507476,0.0367460622786694
2014-09-19,sh.600748,8.7,8.79,8.57,8.72,12741212,110735880.0,3,1.176071,1,0.0,11.415281,1.6700979999999999,4.108144,-78.816344,0,8.643999999999984,8.524000000000012,8.361000000000015,1,1,1,1,1,75.98039215686282,70.26808365550744,87.40500915957358,1,0.16033233446321304,0.12453129381670242,0.03580104064651063
2014-09-22,sh.600748,8.66,8.68,8.3,8.37,13002209,110612445.0,3,1.200162,1,-4.0138,10.957099000000001,1.603064,3.943253,-75.652844,0,8.615999999999984,8.530000000000012,8.349500000000015,-1,-1,1,1,1,54.09982174688057,65.52363758246096,31.252190075719795,-1,0.13685686796107888,0.1269964086455777,0.009860459315501169
2014-09-23,sh.600748,8.4,8.63,8.4,8.52,11840233,101127973.0,3,1.092907,1,1.7921,11.153463,1.631793,4.013921,-77.008630,0,8.625999999999985,8.54800000000001,8.356500000000015,-1,-1,1,1,1,42.102071827240515,57.3940952436611,11.518024994399354,-1,0.1288705979897653,0.12737124651441523,0.0014993514753500747
2014-09-24,sh.600748,8.55,8.66,8.51,8.64,9320573,80024686.0,3,0.860331,1,1.4084,11.310554,1.6547759999999998,4.070455,-78.093258,0,8.593999999999985,8.56800000000001,8.384500000000013,1,1,1,1,1,36.661698956780846,44.287864176967105,21.409368516408335,-1,0.1307175876362887,0.1280405147387899,0.0026770728974988
2014-09-25,sh.600748,8.65,8.7,8.48,8.49,10138335,87210997.0,3,0.935814,1,-1.7361,11.114189999999999,1.626047,3.9997870000000004,-76.737473,0,8.547999999999986,8.577000000000009,8.402000000000015,-1,-1,1,-1,1,40.983606557376994,39.91579244713258,43.11923477786583,1,0.1187091882124971,0.12617424943353134,-0.0074650612210342415
2014-09-26,sh.600748,8.5,8.68,8.41,8.57,12562373,107578057.0,3,1.159563,1,0.9423,11.218917999999999,1.6413689999999999,4.037476,-77.460558,0,8.517999999999986,8.581000000000008,8.432000000000015,1,-1,1,-1,1,43.715846994535504,40.453717502897575,50.24010597781137,1,0.11432985318573685,0.12380537018397245,-0.009475516998235595
2014-09-29,sh.600748,8.59,8.67,8.5,8.63,15392463,132224245.0,3,1.420794,1,0.7001,11.297463,1.6528610000000001,4.0657440000000005,-78.002873,0,8.569999999999988,8.593000000000007,8.463000000000015,1,1,1,-1,1,45.136612021857935,43.27868852458994,48.85245901639394,1,0.1143821707210595,0.12192073029138986,-0.0075385595703303665
2014-09-30,sh.600748,8.67,8.7,8.54,8.61,12705449,109380446.0,3,1.172770,1,-0.2318,11.271281,1.64903,4.056321,-77.822101,0,8.587999999999989,8.607000000000008,8.488500000000016,1,1,1,-1,1,54.25095370656766,47.701137574320164,67.35058597106264,1,0.11152421812655611,0.11984142785842311,-0.008317209731867004
2014-10-08,sh.600748,8.75,8.84,8.69,8.76,21398482,187712142.0,3,1.975176,1,1.7422,11.467645,1.677759,4.126989,-79.177887,0,8.611999999999988,8.603000000000009,8.518000000000017,1,1,1,1,1,67.89191707430699,55.75982760091066,92.15609602109963,1,0.11997996218355134,0.11986913472344876,0.00011082746010257494
2014-10-09,sh.600748,8.76,8.86,8.7,8.82,15484082,136161245.0,3,1.429250,1,0.6849,11.546191,1.68925,4.155256,-79.720201,0,8.677999999999987,8.613000000000008,8.547500000000017,1,1,1,1,1,78.84429802668795,66.995722935854,102.54144820835583,1,0.13002386465346305,0.12190008070945162,0.008123783944011434
2014-10-10,sh.600748,8.81,8.83,8.7,8.79,12828011,112467810.0,3,1.184083,1,-0.3401,11.506917999999999,1.683505,4.141122,-79.449044,0,8.721999999999987,8.620000000000008,8.572000000000015,1,1,1,1,1,87.60831224599342,78.11484244899593,106.59525183998838,1,0.13401810317372664,0.12432368520230662,0.009694417971420025
2014-10-13,sh.600748,8.75,8.96,8.68,8.95,14727972,129692052.0,3,1.359458,1,1.8202,11.716372999999999,1.7141490000000001,4.216501,-80.895216,0,8.785999999999987,8.678000000000008,8.604000000000015,1,1,1,1,1,91.94052324487099,86.13104450585058,103.55948072291181,1,0.14838375326027098,0.1291356988138995,0.019248054446371482
2014-10-14,sh.600748,8.92,8.97,8.75,8.81,11478182,101862056.0,3,1.059488,1,-1.5642,11.5331,1.6873349999999998,4.150545,-79.629816,0,8.825999999999988,8.707000000000008,8.627500000000015,-1,1,1,1,1,84.7976661020138,88.1155005309592,78.16199724412303,-1,0.14677981810573826,0.13266452267226725,0.014115295433471009
2014-10-15,sh.600748,8.84,8.88,8.68,8.8,7540481,66066069.0,3,0.696020,1,-0.1135,11.520009,1.6854200000000001,4.1458330000000005,-79.539430,0,8.833999999999989,8.723000000000008,8.645500000000016,-1,1,1,1,1,79.75108225108217,85.49642386598877,68.26039902126897,-1,0.14305274847633775,0.13474216783308135,0.008310580643256404
2014-10-16,sh.600748,8.73,8.78,8.49,8.52,12042733,104452507.0,3,1.111598,1,-3.1818,11.153463,1.631793,4.013921,-77.008630,0,8.77399999999999,8.726000000000008,8.651500000000016,-1,-1,-1,1,1,49.107142857142826,71.21863040341272,4.884167764603035,-1,0.1161662665903247,0.13102698758453002,-0.014860720994205323
2014-10-17,sh.600748,8.52,9.16,8.36,8.93,26537504,233028828.0,3,2.449531,1,4.8122,11.690191,1.710318,4.207079,-80.714444,0,8.801999999999989,8.76200000000001,8.671500000000016,1,1,1,1,1,49.047619047619,59.30194805194779,28.538961038961418,-1,0.12648407973843057,0.13011840601531013,-0.003634326276879568
2014-10-20,sh.600748,8.98,9.0,8.77,8.9,19388953,172300408.0,3,1.789687,1,-0.336,11.650917999999999,1.7045720000000002,4.192945,-80.443287,0,8.79199999999999,8.78900000000001,8.691000000000017,1,1,1,1,1,48.33333333333329,48.829365079364834,47.34126984127022,-1,0.13073326007112307,0.13024137682647272,0.000491883244650354
2014-10-21,sh.600748,8.85,8.86,8.65,8.7,11988910,104993312.0,3,1.106630,1,-2.2472,11.3891,1.6662669999999997,4.098722,-78.635573,0,8.769999999999987,8.79800000000001,8.702500000000017,-1,-1,-1,-1,1,60.41666666666666,52.599206349206106,76.05158730158776,1,0.11661813628538553,0.12751672871825528,-0.010898592432869753
2014-10-22,sh.600748,8.68,8.71,8.45,8.48,10855251,93213830.0,3,1.001988,1,-2.5287,11.101099000000001,1.624132,3.995076,-76.647087,0,8.705999999999989,8.77000000000001,8.686500000000015,-1,-1,-1,-1,1,41.66666666666671,50.13888888888868,24.722222222222754,-1,0.08668043945855075,0.11934947086631438,-0.03266903140776363
2014-10-23,sh.600748,8.46,8.53,8.12,8.24,8965692,74590407.0,3,0.827574,1,-2.8302,10.786916999999999,1.578166,3.8820080000000003,-74.477830,0,8.64999999999999,8.71200000000001,8.662500000000016,-1,-1,-1,-1,-1,23.012820512820557,41.698717948717764,-14.358974358973853,-1,0.04309186856050573,0.10409795040515266,-0.061006081844646926
2014-10-24,sh.600748,8.28,8.37,8.21,8.28,4466768,36982085.0,3,0.412303,1,0.4854,10.839281,1.585827,3.9008519999999995,-74.839373,0,8.51999999999999,8.66100000000001,8.640500000000015,-1,-1,-1,-1,-1,13.97435897435904,26.21794871794856,-10.51282051282,-1,0.011641086591261285,0.08560657764237438,-0.0739654910511131
2014-10-27,sh.600748,8.24,8.27,8.1,8.25,4985282,40905691.0,3,0.460164,1,-0.3623,10.800008,1.5800809999999998,3.8867190000000003,-74.568216,0,8.38999999999999,8.59100000000001,8.634500000000015,-1,-1,-1,-1,-1,13.691340106434483,16.892839864537816,7.288340590227818,-1,-0.015525663801636114,0.06538012935357228,-0.08090579315520839
2014-10-28,sh.600748,8.34,8.48,8.28,8.46,6487196,54422289.0,3,0.598797,1,2.5455,11.967431,1.743785,4.871739,-5.822961,0,8.341999999999992,8.556000000000008,8.631500000000015,1,-1,-1,-1,-1,21.165940977261773,16.27721335268489,30.943396226415544,1,-0.019881087456452562,0.04832788599156731,-0.06820897344801988
2014-10-29,sh.600748,8.5,8.8,8.42,8.71,15341422,132657153.0,3,1.416082,1,2.9551,12.321079,1.795316,5.015703,-5.995034,0,8.387999999999993,8.547000000000008,8.635000000000016,1,1,1,-1,-1,35.22012578616359,23.359135623286406,58.942106111917965,1,-0.0031238713745391777,0.03803753451834601,-0.04116140589288519
2014-10-30,sh.600748,8.71,8.82,8.61,8.7,11695576,101944840.0,3,1.079554,1,-0.1148,12.306933,1.7932540000000001,5.009945,-5.988151,0,8.479999999999993,8.565000000000008,8.645500000000014,1,1,1,-1,-1,52.72536687631032,36.37047787991168,85.43514486910759,1,0.009242880500172745,0.032278603714711356,-0.02303572321453861
2014-10-31,sh.600748,8.72,8.85,8.66,8.79,13887027,121770987.0,3,1.281835,1,1.0345,12.434246,1.8118049999999999,5.061772,-6.050098,0,8.581999999999992,8.551000000000007,8.656500000000014,1,1,1,1,-1,71.66777005406597,53.20442090551308,108.59446835117176,1,0.026006086322240662,0.03102410023621722,-0.005018013913976556
2014-11-03,sh.600748,8.83,8.95,8.75,8.84,13974602,123942401.0,3,1.289919,1,0.5688,12.504975,1.822111,5.090565,-6.084512,0,8.699999999999992,8.545000000000007,8.667000000000014,1,1,1,1,1,81.5049879600963,68.63270829682399,107.24954728664093,1,0.04283189046975977,0.03338565828292573,0.00944623218683404
2014-11-04,sh.600748,8.88,8.89,8.67,8.74,10522753,92175866.0,3,0.971297,1,-1.1312,12.363516,1.8014990000000002,5.032979,-6.015683,0,8.755999999999991,8.549000000000007,8.673500000000015,-1,1,1,1,1,84.38080495356041,79.18452098924068,94.77337288219988,1,0.04754917986773499,0.03621836259988758,0.011330817267847411
2014-11-05,sh.600748,8.73,8.87,8.66,8.8,9488261,83216468.0,3,0.875809,1,0.6865,12.448392,1.813866,5.0675300000000005,-6.056981,0,8.773999999999992,8.581000000000007,8.675500000000017,1,1,1,1,1,81.5686274509805,82.4848067882122,79.73626877651711,-1,0.05548951566537497,0.04007259321298506,0.01541692245238991
2014-11-06,sh.600748,8.78,8.87,8.72,8.82,8119677,71425579.0,3,0.749483,1,0.2273,12.476683999999999,1.8179889999999999,5.079048,-6.070747,0,8.797999999999991,8.639000000000006,8.675500000000017,1,1,1,1,1,80.78431372549032,82.24458204334354,77.86377708978387,-1,0.06267365891805277,0.0445928063539986,0.018080852564054166
2014-11-07,sh.600748,8.86,8.87,8.6,8.61,14133528,123602863.0,3,1.304588,1,-2.381,12.17962,1.774703,4.958118,-5.926205,0,8.761999999999992,8.672000000000008,8.666500000000017,-1,-1,-1,1,1,72.10418495756521,78.15237537801181,60.00780411667199,-1,0.05083589469814953,0.045841424022828786,0.004994470675320745
2014-11-10,sh.600748,8.62,8.77,8.53,8.77,10310250,89521449.0,3,0.951682,1,1.8583,12.405954,1.8076830000000002,5.050255,-6.036332,0,8.74799999999999,8.724000000000007,8.657500000000017,1,1,1,1,1,66.6657831817605,73.18476062160515,53.62782830207121,-1,0.05374549942958673,0.04742223910418038,0.006323260325406352
2014-11-11,sh.600748,8.75,8.88,8.42,8.5,15376485,133165910.0,3,1.419319,1,-3.0787,12.024014999999999,1.75203,4.894774,-5.850493,0,8.69999999999999,8.728000000000005,8.642000000000017,-1,-1,-1,-1,1,43.461935604993926,60.74396791477301,8.897870985435759,-1,0.03387415841370789,0.04471262296608588,-0.01083846455237799
2014-11-12,sh.600748,8.45,9.02,8.4,8.93,23644929,208708987.0,3,2.182533,1,5.0588,12.632289,1.8406619999999998,5.142392,-6.146459,0,8.725999999999988,8.750000000000005,8.648500000000016,1,1,1,-1,1,55.5386488131467,55.22212253330017,56.17170137283976,1,0.05222140794925956,0.04621437996272061,0.006007027986538946
2014-11-13,sh.600748,8.98,9.19,8.78,8.79,25815643,232690921.0,3,2.382900,1,-1.5678,12.434246,1.8118049999999999,5.061772,-6.050098,0,8.719999999999988,8.759000000000006,8.662000000000017,1,1,1,-1,1,49.98176639932611,49.66078360582205,50.623731986334235,1,0.05483282672555312,0.047938069315287116,0.006894757410266003
2014-11-14,sh.600748,8.8,9.67,8.72,9.62,70713205,672280112.0,3,6.527147,1,9.4425,13.608356,1.9828860000000001,5.539732,-6.621381,0,8.921999999999988,8.842000000000008,8.696500000000016,1,1,1,1,1,76.97131723377366,60.83057748208196,109.25279673715706,1,0.12246476078987989,0.06284340761020567,0.05962135317967422
2014-11-17,sh.600748,9.37,9.55,9.25,9.45,41869628,393608928.0,3,3.864755,1,-1.7672,13.367875,1.947845,5.4418370000000005,-6.504371,0,9.05799999999999,8.903000000000008,8.724000000000014,1,1,1,1,1,76.0357486959699,67.66294410968969,92.7813578685303,1,0.1604958799480869,0.08237390207778192,0.07812197787030498
2014-11-18,sh.600748,9.36,9.58,9.32,9.44,22638704,214001355.0,3,2.089654,1,-0.1058,13.353729000000001,1.945784,5.436078,-6.497488,0,9.24599999999999,8.973000000000008,8.761000000000015,1,1,1,1,1,86.87664041994746,79.96123544989679,100.7074503600488,1,0.18766560715240033,0.1034322430927056,0.08423336405969473
2014-11-19,sh.600748,9.45,9.86,9.45,9.55,35170151,339003072.0,3,3.246363,1,1.1653,13.509333999999999,1.968457,5.499422,-6.573201,0,9.36999999999999,9.048000000000007,8.814500000000017,1,1,1,1,1,81.11135080717649,81.34124664103108,80.65155913946731,-1,0.21558871983780392,0.12586353844172526,0.08972518139607866
2014-11-20,sh.600748,9.43,9.44,9.21,9.34,15062634,140388282.0,3,1.390349,1,-2.199,13.212270000000002,1.925172,5.378492,-6.428659,0,9.47999999999999,9.100000000000009,8.869500000000016,-1,1,1,1,1,75.01348290367815,81.00049137693382,63.03946595716681,-1,0.21825681416582476,0.14434219358654515,0.07391462057927961
2014-11-21,sh.600748,9.56,9.85,9.45,9.5,22190807,212585084.0,3,2.048311,1,1.7131,13.438604999999999,1.9581509999999998,5.470629,-6.538786,0,9.45599999999999,9.189000000000009,8.930500000000016,1,1,1,1,1,72.83105022831053,76.3186279797215,65.85589472548861,-1,0.2306234770818989,0.1615984502856159,0.069025026796283
2014-11-24,sh.600748,10.0,10.45,9.77,10.45,74057943,760626672.0,3,6.835881,1,10.0,14.782465,2.153966,6.017692,-7.192665,0,9.655999999999992,9.35700000000001,9.040500000000016,1,1,1,1,1,79.90867579908677,75.91773631035825,87.89055477654378,1,0.313467746009513,0.1919723094303953,0.12149543657911768
2014-11-25,sh.600748,10.45,11.19,10.33,10.8,62786809,677049456.0,3,5.795505,1,3.3493,15.277572,2.226109,6.2192419999999995,-7.433567,0,9.927999999999992,9.587000000000009,9.157500000000017,1,1,1,1,1,86.51766402307139,79.752463350156,100.04806536890214,1,0.40272217042847736,0.23412228163001172,0.16859988879846563
2014-11-26,sh.600748,10.75,11.09,10.55,10.83,33795939,364596176.0,3,3.119517,1,0.2778,15.32001,2.2322919999999997,6.236518,-7.454216,0,10.183999999999992,9.777000000000008,9.263500000000016,1,1,1,1,1,89.87854251012146,85.43496077742633,98.76570597551174,1,0.47045458647833627,0.2813887425996766,0.18906584387865966
2014-11-27,sh.600748,10.89,10.96,10.59,10.79,26895837,288394320.0,3,2.482607,1,-0.3693,15.263426,2.224048,6.213483,-7.426684,0,10.473999999999991,9.977000000000007,9.368000000000016,1,1,1,1,1,83.14453577611472,86.51358076976896,76.40644578880625,-1,0.5149691051900138,0.32810481511774403,0.1868642900722698
2014-11-28,sh.600748,10.74,11.51,10.61,11.39,45585507,501585136.0,3,4.207747,1,5.5607,16.11218,2.3477200000000003,6.558997,-7.839660,0,10.851999999999991,10.154000000000007,9.498000000000015,1,1,1,1,1,86.66856323606895,86.56388050743482,86.8779286933372,1,0.5918398066856003,0.3808518134313153,0.21098799325428502
2014-12-01,sh.600748,11.3,11.47,10.8,10.84,33779375,374161312.0,3,3.117988,1,-4.8288,15.334154999999999,2.234354,6.242276,-7.461099,0,10.929999999999993,10.293000000000006,9.598000000000017,-1,1,1,1,1,81.81671790367442,83.87660563861914,77.69694243378495,-1,0.6014468827099417,0.4249708272870406,0.17647605542290112
2014-12-02,sh.600748,10.76,11.15,10.6,10.97,24976829,273558016.0,3,2.305474,1,1.1993,15.518051999999999,2.261149,6.317137000000001,-7.550577,0,10.963999999999993,10.446000000000007,9.709500000000016,1,1,1,1,1,80.72463768115942,83.06997294030072,76.03396716287682,-1,0.6124900689659363,0.46247467562281974,0.15001539334311653
2014-12-03,sh.600748,10.93,11.75,10.83,11.12,35299682,399310864.0,3,3.258319,1,1.3674,15.730241,2.292068,6.403516000000001,-7.653821,0,11.021999999999993,10.603000000000007,9.825500000000016,1,1,1,1,1,73.33333333333331,78.6248963060555,62.750207387888935,-1,0.6261280061298535,0.4952053417242265,0.13092266440562705
2014-12-04,sh.600748,11.2,11.49,10.93,11.35,33891213,380384384.0,3,3.128311,1,2.0683,16.055595999999998,2.339475,6.5359620000000005,-7.812129,0,11.133999999999993,10.804000000000006,9.952000000000016,1,1,1,1,1,76.30947152686281,76.78914751378495,75.35011955301852,-1,0.6480252160887066,0.5257693165971224,0.12225589949158411
2014-12-05,sh.600748,11.37,11.37,10.41,10.78,32843289,356783936.0,3,3.031583,1,-5.022,15.249279999999999,2.2219860000000002,6.207725,-7.419801,0,11.011999999999993,10.932000000000006,10.060500000000015,-1,-1,1,1,1,61.36560543174133,70.33613676397893,43.42454276726613,-1,0.6123261615996185,0.5430806855976217,0.06924547600199682
2014-12-08,sh.600748,10.8,11.45,10.66,11.24,33832452,378009504.0,3,3.122887,1,4.2672,15.899991,2.316802,6.472618,-7.736416,0,11.091999999999995,11.011000000000006,10.184000000000015,1,1,1,1,1,57.809473050170936,65.16151666959146,43.10538581132988,-1,0.6140738976939275,0.5572793280168828,0.05679456967704466
2014-12-09,sh.600748,11.18,12.36,11.03,11.8,69639383,834316928.0,3,6.428028,1,4.9822,16.692162,2.43223,6.795097999999999,-8.121861,0,11.257999999999996,11.111000000000006,10.349000000000014,1,1,1,1,1,54.970830211528124,58.04863623114657,48.81521817229124,-1,0.6531175781359764,0.5764469780407016,0.07667060009527482
2014-12-10,sh.600748,11.8,12.41,11.38,12.39,42110433,508519584.0,3,3.886982,1,5.0,17.526770000000003,2.553842,7.134852,-8.527954,0,11.511999999999997,11.267000000000007,10.522000000000014,1,1,1,1,1,77.407449929838,63.39591773051213,105.43051432848974,1,0.7233299479622435,0.6058235720250099,0.11750637593723356
2014-12-11,sh.600748,12.24,12.78,11.95,12.15,29852775,367497584.0,3,2.755545,1,-1.9371,17.187268,2.504372,6.996647,-8.362763,0,11.671999999999995,11.403000000000006,10.690000000000015,1,1,1,1,1,81.23325760034622,71.20384591390389,101.29208097323087,1,0.7509512639462166,0.6348491104092513,0.11610215353696529
2014-12-12,sh.600748,12.15,12.36,11.92,12.07,18214848,220283059.0,3,1.681312,1,-0.6584,17.074101000000002,2.487883,6.950578999999999,-8.307700,0,11.929999999999996,11.471000000000007,10.812500000000014,1,1,1,1,1,80.81997187060479,79.82022646692946,82.81946267795547,1,0.7576522805838461,0.6594097444441702,0.09824253613967593
2014-12-15,sh.600748,11.98,12.18,11.8,12.15,15709029,188548371.0,3,1.450014,1,0.6628,17.187268,2.504372,6.996647,-8.362763,0,12.111999999999995,11.602000000000007,10.947500000000016,1,1,1,1,1,72.29254571026723,78.11525839373921,60.64712034332328,-1,0.7606499172021142,0.679657778995759,0.0809921382063552
2014-12-16,sh.600748,12.06,12.22,11.9,12.2,14487062,174824116.0,3,1.337221,1,0.4115,17.257998,2.514678,7.02544,-8.397178,0,12.191999999999997,11.725000000000007,11.085500000000014,1,1,1,1,1,72.99578059071729,75.36943272386289,68.2484763244261,-1,0.7583187217639811,0.6953899675494034,0.06292875421457766
2014-12-17,sh.600748,12.24,12.29,11.73,12.01,19721945,236016504.0,3,1.820424,1,-1.5574,16.989226000000002,2.475515,6.916027000000001,-8.266402,0,12.115999999999996,11.814000000000007,11.208500000000013,-1,1,1,1,1,72.15189873417721,72.48007501172037,71.49554617909087,-1,0.7326937826399291,0.7028507305675086,0.02984305207242055
2014-12-18,sh.600748,12.14,12.22,11.9,12.01,14748296,177860127.0,3,1.361334,1,0.0,16.989226000000002,2.475515,6.916027000000001,-8.266402,0,12.087999999999996,11.880000000000008,11.342000000000013,-1,1,1,1,1,68.90573998885436,71.35113977124941,64.01494042406429,-1,0.7042674766864412,0.703134079791295,0.0011333968951461326
2014-12-19,sh.600748,11.86,12.08,11.63,11.66,20257063,238452682.0,3,1.869818,1,-2.9142,16.494119,2.4033729999999998,6.714478,-8.025499,0,12.005999999999995,11.968000000000007,11.450000000000014,-1,-1,1,1,1,55.72993126874187,65.59585666392427,35.99808047837709,-1,0.646050086247822,0.6917172810826004,-0.045667194834778435
2014-12-22,sh.600748,11.73,11.85,10.86,11.02,24111788,272515920.0,3,2.225626,1,-5.4888,15.588782,2.271455,6.34593,-7.584992,0,11.779999999999996,11.946000000000009,11.478500000000015,-1,-1,-1,-1,1,36.0041928721174,53.546621376571004,0.9193358632101933,-1,0.5420216454626061,0.6617781539586016,-0.1197565084959955
2014-12-23,sh.600748,10.86,11.25,10.59,10.74,18163817,198296428.0,3,1.676602,1,-2.5408,15.192696,2.213742,6.184691,-7.392270,0,11.487999999999996,11.840000000000007,11.475500000000014,-1,-1,-1,-1,1,17.060882800608834,36.26500231382249,-21.347356225818487,-1,0.4320048141298862,0.6158234859928585,-0.1838186718629723
2014-12-24,sh.600748,10.76,10.96,10.6,10.87,10877053,116683865.0,3,1.004001,1,1.2104,15.376593,2.240537,6.259551999999999,-7.481748,0,11.259999999999994,11.688000000000008,11.477500000000013,-1,-1,-1,-1,-1,10.333952480458148,21.133009384394583,-11.264161327414723,-1,0.35125652959137454,0.5629100947125617,-0.21165356512118716
2014-12-25,sh.600748,10.91,11.17,10.9,11.15,9958969,109886190.0,3,0.919258,1,2.5759,15.772677999999999,2.298251,6.420791,-7.674470,0,11.087999999999996,11.588000000000008,11.495500000000014,1,-1,-1,-1,-1,18.536566859543125,15.310467380203159,24.988765818223055,1,0.30632546302027386,0.5115931683741042,-0.20526770535383032
2014-12-26,sh.600748,11.17,11.53,11.1,11.41,15462683,174786019.0,3,1.427275,1,2.3318,16.140472,2.351843,6.570514,-7.853426,0,11.037999999999993,11.52200000000001,11.496500000000013,1,-1,-1,-1,-1,32.3318932092611,20.40080418308725,56.19407126160882,1,0.2883729127093506,0.46694911724115346,-0.17857620453180284
2014-12-29,sh.600748,11.62,12.45,11.39,11.86,34820367,416878048.0,3,3.214076,1,3.9439,16.777037,2.444597,6.829649000000001,-8.163158,0,11.205999999999994,11.493000000000007,11.547500000000014,1,1,1,-1,-1,49.81868016023615,33.562380076346585,82.33128032801528,1,0.30691865918701033,0.43494302563032483,-0.1280243664433145
2014-12-30,sh.600748,11.86,12.11,11.61,11.71,18242859,215660281.0,3,1.683898,1,-1.2648,16.564849,2.413679,6.743271000000001,-8.059914,0,11.399999999999995,11.444000000000008,11.584500000000014,1,1,1,-1,-1,58.909972591187035,47.020181986894556,82.689553799772,1,0.3059853419351839,0.40915148889129666,-0.10316614695611276
2014-12-31,sh.600748,11.62,12.79,11.51,12.71,34674431,420993184.0,3,3.200606,1,8.5397,17.979439000000003,2.6198,7.319126,-8.748207,0,11.767999999999995,11.514000000000006,11.664000000000014,1,1,1,1,1,74.95275333985016,61.227135363757576,102.40398929203532,1,0.3815391777984516,0.40362902667272765,-0.022089848874276063
2015-01-05,sh.600748,12.75,13.67,12.5,13.21,58548831,773752352.0,3,5.404320,1,3.9339,18.686734,2.722861,7.607054,-9.092354,0,12.179999999999996,11.634000000000006,11.757000000000016,1,1,1,1,1,80.54787506400415,71.47020033168025,98.70322452865196,1,0.47627179361384897,0.41815758006095194,0.05811421355289703
2015-01-06,sh.600748,13.0,13.16,12.35,12.69,26208388,334407856.0,3,2.419152,1,-3.9364,17.951147,2.615678,7.307608999999999,-8.734442,0,12.435999999999996,11.737000000000005,11.852500000000015,1,1,1,1,1,83.20346320346323,79.56803053577231,90.47432853884507,1,0.5035834237414232,0.43524274879704616,0.06834067494437701
2015-01-07,sh.600748,12.6,13.12,12.5,12.79,18640529,238835099.0,3,1.720605,1,0.788,18.092606,2.6362900000000002,7.365195,-8.803271,0,12.621999999999996,11.914000000000007,11.930000000000014,1,1,1,1,1,74.86075271091558,79.53736365946078,65.50753081382518,-1,0.5272197900950353,0.453638157056644,0.07358163303839127
2015-01-08,sh.600748,12.88,12.88,12.15,12.21,15692096,194726796.0,3,1.448451,1,-4.5348,17.272144,2.51674,7.031198,-8.404061,0,12.721999999999996,12.061000000000007,11.950500000000014,-1,1,1,1,1,62.269913946791604,73.44470995372328,39.92032193292826,-1,0.49346230173851957,0.46160298599301913,0.03185931574550044
2015-01-09,sh.600748,12.1,12.45,12.03,12.06,15632822,191986197.0,3,1.442980,1,-1.2285,17.059955,2.485822,6.94482,-8.300817,0,12.591999999999995,12.180000000000007,11.934000000000015,-1,-1,1,1,1,51.99400308722317,63.041556581643256,29.89889609838299,-1,0.4494248131202969,0.4591673514184747,-0.009742538298177783
2015-01-12,sh.600748,11.97,12.13,11.21,11.37,20960418,241611532.0,3,1.934741,1,-5.7214,16.083888,2.343598,6.54748,-7.825894,0,12.223999999999995,12.202000000000007,11.895000000000014,-1,-1,-1,1,1,30.383523138775463,48.21581339092989,-5.2810573655333855,-1,0.35475812188812483,0.43828550551240475,-0.08352738362427992
2015-01-13,sh.600748,11.34,11.59,11.2,11.3,11655537,132486285.0,3,1.075858,1,-0.6157,15.984867000000001,2.329169,6.5071699999999995,-7.777714,0,11.945999999999994,12.191000000000006,11.856500000000015,-1,-1,-1,-1,1,15.96891121323822,32.782145813078756,-17.657557986442853,-1,0.27096218862202903,0.4048208421343296,-0.13385865351230058
2015-01-14,sh.600748,11.32,11.49,11.03,11.13,12334062,138862435.0,3,1.138489,1,-1.5044,15.744387,2.2941290000000003,6.409274,-7.660704,0,11.613999999999995,12.118000000000006,11.805500000000015,-1,-1,-1,-1,-1,4.780175608160209,17.04420332005777,-19.74787981563491,-1,0.18866096240361152,0.361588866188186,-0.17292790378457445
2015-01-15,sh.600748,11.15,11.58,11.13,11.51,15172145,172881943.0,3,1.400457,1,3.4142,16.281931,2.372455,6.628099000000001,-7.922255,0,11.473999999999995,12.098000000000006,11.771000000000015,1,-1,-1,-1,-1,8.672759988549494,9.807282269982446,6.40371542568359,-1,0.15234335254697484,0.31973976345994376,-0.16739641091296892
2015-01-16,sh.600748,11.63,11.63,11.33,11.6,15406488,177510156.0,3,1.422088,1,0.7819,16.409244,2.391006,6.679925999999999,-7.984202,0,11.381999999999994,11.987000000000005,11.750500000000015,1,-1,-1,-1,-1,16.243420116659568,9.89878523778956,28.932689874399586,1,0.1293327653083356,0.2816583638296221,-0.15232559852128652
2015-01-19,sh.600748,10.9,11.25,10.44,10.51,17575662,190870782.0,3,1.622313,1,-9.3966,14.867341,2.166334,6.052244,-7.233962,0,11.209999999999996,11.717000000000006,11.675500000000016,-1,-1,-1,-1,-1,15.851440620202448,13.589206908470308,20.37590804366673,1,0.02287908282440476,0.22990250762857864,-0.20702342480417388
2015-01-20,sh.600748,10.5,10.84,10.5,10.82,13355378,143052287.0,3,1.232761,1,2.9496,15.305864000000001,2.2302310000000003,6.230759,-7.447333,0,11.113999999999994,11.530000000000006,11.633500000000016,-1,-1,-1,-1,-1,14.982091390197484,15.692317375686303,13.561639419219848,-1,-0.03605618502282759,0.1767107690982974,-0.21276695412112498
2015-01-21,sh.600748,11.13,11.69,11.13,11.68,24122835,276994576.0,3,2.226646,1,7.9482,16.522410999999998,2.407495,6.725994999999999,-8.039265,0,11.223999999999993,11.419000000000008,11.666500000000015,1,1,1,-1,-1,26.625751026289333,19.15309434556289,41.57106438774221,1,-0.01321565487438825,0.13872548430376025,-0.1519411391781485
2015-01-22,sh.600748,11.68,12.15,11.51,11.76,22885081,271562336.0,3,2.112396,1,0.6849,16.635578,2.423985,6.772063,-8.094329,0,11.273999999999994,11.374000000000008,11.717500000000014,1,1,1,-1,-1,51.486098412166946,31.03131360955106,92.39566801739872,1,0.011211719513983809,0.11322273134580496,-0.10201101183182115
2015-01-23,sh.600748,11.77,12.08,11.51,11.98,24111532,285498896.0,3,2.225603,1,1.8707,16.946788,2.469332,6.898752,-8.245753,0,11.349999999999994,11.366000000000009,11.773000000000014,1,1,1,-1,-1,76.31433475895376,51.475394732469816,125.99221481192167,1,0.047772064467677566,0.10013259797017948,-0.052360533502501916
2015-01-26,sh.600748,11.91,12.68,11.67,12.39,27048734,332795248.0,3,2.496720,1,3.4224,17.526770000000003,2.553842,7.134852,-8.527954,0,11.725999999999996,11.468000000000007,11.835000000000013,1,1,1,1,-1,84.76834447229184,70.85625921447065,112.59251498793421,1,0.10857835108988567,0.10182174859412071,0.006756602495764957
2015-01-27,sh.600748,12.51,12.57,11.88,12.25,22104883,268600672.0,3,2.040380,1,-1.1299,17.328727,2.524985,7.054233,-8.431592,0,12.011999999999995,11.563000000000008,11.877000000000013,1,1,1,1,1,85.97187412976888,82.35151778700462,93.21258681529739,1,0.14381315284700236,0.11022002944469704,0.03359312340230532
2015-01-28,sh.600748,12.12,12.19,11.9,11.96,12665168,152262791.0,3,1.169052,1,-2.3673,16.918495999999998,2.465209,6.887233999999999,-8.231987,0,12.067999999999994,11.64600000000001,11.882000000000016,-1,1,1,1,1,78.5714285714286,83.10388239116291,69.50652093195995,-1,0.14664596729662982,0.1175052170150836,0.029140750281546224
2015-01-29,sh.600748,11.74,11.95,11.7,11.85,10532504,124478933.0,3,0.972197,1,-0.9197,16.762891,2.442536,6.82389,-8.156275,0,12.085999999999995,11.680000000000009,11.889000000000014,-1,1,-1,1,1,70.53571428571429,78.35967232897038,54.88779819920214,-1,0.1384193009275716,0.1216880337975812,0.0167312671299904
2015-01-30,sh.600748,11.9,12.29,11.7,11.95,16411038,197715509.0,3,1.514813,1,0.8439,16.90435,2.463148,6.881475999999999,-8.225104,0,12.079999999999995,11.715000000000009,11.851000000000013,-1,1,1,1,1,65.77244429882045,71.62652905198757,54.064274792486174,-1,0.13837368709508802,0.12502516445708256,0.013348522638005456
2015-02-02,sh.600748,11.75,11.98,11.5,11.52,11063248,129508337.0,3,1.021188,1,-3.5983,16.296077,2.374516,6.633858,-7.929138,0,11.905999999999995,11.816000000000008,11.766500000000013,-1,-1,-1,1,1,51.54049345396634,62.61621734616682,29.389045669565377,-1,0.10245904734490985,0.12051194103464802,-0.01805289368973817
2015-02-03,sh.600748,11.55,11.7,11.28,11.59,13460948,154837247.0,3,1.242506,1,0.6076,16.395098,2.388945,6.674167999999999,-7.977319,0,11.773999999999996,11.89300000000001,11.711500000000013,-1,-1,-1,-1,1,37.939302977775874,51.75074691018735,10.316415112952924,-1,0.07873721794126531,0.11215699641597147,-0.03341977847470616
2015-02-04,sh.600748,11.6,11.73,11.46,11.57,9142126,106006553.0,3,0.843859,1,-0.1726,16.366806,2.384822,6.662650999999999,-7.963553,0,11.695999999999994,11.882000000000009,11.650500000000013,-1,-1,-1,-1,1,22.672811059907833,37.38420249721648,-6.749971814709454,-1,0.05765900723537598,0.10125739857985237,-0.04359839134447639
2015-02-05,sh.600748,11.99,12.2,11.53,11.55,14892286,176076333.0,3,1.374625,1,-0.1729,16.338514,2.3807,6.651134,-7.949787,0,11.635999999999996,11.861000000000008,11.617500000000014,-1,-1,-1,-1,1,20.714285714285765,27.108799917322955,7.9252573082113855,-1,0.03889221528933362,0.08878436192174863,-0.04989214663241501
2015-02-06,sh.600748,11.52,11.73,11.05,11.17,10443876,118261073.0,3,0.964017,1,-3.29,15.800970000000001,2.3023740000000004,6.432308,-7.688236,0,11.479999999999995,11.780000000000006,11.573000000000013,-1,-1,-1,-1,-1,15.964912280701782,19.784003018298257,8.32673080550883,-1,-0.006567718175963577,0.06971394590220618,-0.07628166407816976
2015-02-09,sh.600748,11.13,11.15,10.8,10.92,8110949,88953998.0,3,0.748677,1,-2.2381,15.447323,2.250843,6.288345,-7.516162,0,11.359999999999996,11.633000000000006,11.550500000000012,-1,-1,-1,-1,-1,11.744714134329103,16.141304043105347,2.951534316776616,-1,-0.06205264931628385,0.043360626858508174,-0.10541327617479201
2015-02-10,sh.600748,10.91,11.23,10.88,11.2,6505901,72399845.0,3,0.600524,1,2.5641,15.843407999999998,2.308557,6.449584,-7.708885,0,11.281999999999996,11.528000000000008,11.545500000000011,-1,-1,-1,-1,-1,14.26468856705516,13.991438327361811,14.811189046441857,1,-0.08248041417760454,0.01819241865128563,-0.10067283282889017
2015-02-11,sh.600748,11.21,11.27,11.05,11.2,4618922,51626064.0,3,0.426347,1,0.0,15.843407999999998,2.308557,6.449584,-7.708885,0,11.207999999999995,11.452000000000009,11.54900000000001,-1,-1,-1,-1,-1,20.58165548098427,15.530352727455972,30.684260988040872,1,-0.09754512551707073,-0.00495509018238564,-0.09259003533468509
2015-02-12,sh.600748,11.25,11.55,11.19,11.44,7054248,80225160.0,3,0.651139,1,2.1429,16.182909,2.3580259999999997,6.587789999999999,-7.874075,0,11.185999999999996,11.411000000000008,11.545500000000011,1,1,-1,-1,-1,33.13518696069025,22.66051033624302,54.0845402095847,1,-0.08909103752927727,-0.021782279651763967,-0.06730875787751331
2015-02-13,sh.600748,11.62,12.0,11.48,11.77,15767266,186270642.0,3,1.455390,1,2.8846,16.649724,2.426046,6.7778220000000005,-8.101212,0,11.305999999999994,11.393000000000008,11.554000000000013,1,1,1,-1,-1,47.281879194630825,33.66624054543491,74.51315649302266,1,-0.055127395515714994,-0.028451302824554173,-0.02667609269116082
2015-02-16,sh.600748,11.77,11.92,11.65,11.84,10309393,121415096.0,3,0.951603,1,0.5947,16.748745,2.440475,6.818132,-8.149392,0,11.489999999999995,11.425000000000008,11.620500000000012,1,1,1,1,-1,63.095238095238074,47.83743475018618,93.61084478534185,1,-0.0223054264678737,-0.027222127553218078,0.004916701085344376
2015-02-17,sh.600748,11.88,12.17,11.85,12.01,13750579,165450651.0,3,1.269240,1,1.4358,16.989226000000002,2.475515,6.916027000000001,-8.266402,0,11.651999999999994,11.46700000000001,11.680000000000012,1,1,1,1,-1,76.66666666666667,62.34792798551166,105.30414402897668,1,0.017225237902575685,-0.018332654462059325,0.03555789236463501
2015-02-25,sh.600748,12.02,12.07,11.75,11.82,8442079,100060478.0,3,0.779242,1,-1.582,16.720454,2.436352,6.806615,-8.135626,0,11.775999999999994,11.492000000000008,11.687000000000012,1,1,1,1,1,78.38894681960376,72.71695052716932,89.73293940447266,1,0.03284356197740124,-0.008097411174167212,0.04094097315156845
2015-02-26,sh.600748,11.83,12.39,11.8,12.36,19030159,231596817.0,3,1.756569,1,4.5685,17.484332000000002,2.547658,7.117577000000001,-8.507305,0,11.959999999999996,11.573000000000008,11.717000000000013,1,1,1,1,1,86.33144457342225,80.46235268656403,98.06962834713869,1,0.08778277813884472,0.011078626688435173,0.07670415145040954
2015-02-27,sh.600748,12.3,12.36,12.15,12.32,14625692,179260893.0,3,1.350017,1,-0.3236,17.427749,2.539413,7.094542999999999,-8.479773,0,12.069999999999995,11.688000000000008,11.734000000000012,1,1,1,1,1,89.3100002340971,84.67679720904084,98.57640628420961,1,0.1266350668335523,0.0341899147174586,0.09244515211609369
2015-03-02,sh.600748,12.61,12.98,12.23,12.93,40300212,507418528.0,3,3.719891,1,4.9513,18.290648,2.665147,7.445815,-8.899632,0,12.287999999999995,11.889000000000006,11.761000000000013,1,1,1,1,1,96.96225746087872,90.8679007561325,109.15097087037114,1,0.20429272815466248,0.06821047740489938,0.1360822507497631
2015-03-03,sh.600748,12.75,12.83,12.37,12.4,25881416,325503072.0,3,2.388971,1,-4.099,17.540916,2.555903,7.140611,-8.534836,0,12.365999999999996,12.009000000000007,11.768500000000014,1,1,1,1,1,86.79044339953164,91.02090036483564,78.32952946892365,-1,0.22052830066374263,0.09867404205666803,0.12185425860707459
2015-03-04,sh.600748,12.36,12.49,12.15,12.43,15691225,193784718.0,3,1.448371,1,0.2419,17.583353,2.562086,7.157887,-8.555485,0,12.487999999999996,12.132000000000009,11.792000000000012,-1,1,1,1,1,76.11347504044407,86.62205863361795,55.096307854096295,-1,0.23312849792112722,0.12556493322955986,0.10756356469156736
2015-03-05,sh.600748,12.31,12.4,12.05,12.18,16810932,204480900.0,3,1.551725,1,-2.0113,17.229706,2.5105560000000002,7.013922999999999,-8.383412,0,12.451999999999995,12.206000000000008,11.808500000000013,-1,-1,1,1,1,56.92690758553737,73.27694200850418,24.22683873960375,-1,0.22040069237724147,0.14453208505909618,0.07586860731814529
2015-03-06,sh.600748,12.18,12.35,12.05,12.13,14661718,179020040.0,3,1.353342,1,-0.4105,17.158976000000003,2.50025,6.985130000000001,-8.348997,0,12.413999999999996,12.242000000000008,11.817500000000013,-1,-1,1,1,1,44.692422112191025,59.24426824605731,15.588729844458456,-1,0.20392847216619536,0.15641136248051601,0.04751710968567935
2015-03-09,sh.600748,12.11,12.55,11.81,12.48,15742791,192261870.0,3,1.453130,1,2.8854,17.654083,2.572392,7.186678999999999,-8.589900,0,12.323999999999995,12.306000000000008,11.865500000000013,1,1,1,1,1,43.36450883305826,48.3279461769287,33.437634145317375,-1,0.2166191432582103,0.16845291863605488,0.04816622462215542
2015-03-10,sh.600748,12.45,12.8,12.36,12.49,16664234,209972922.0,3,1.538184,1,0.0801,17.668229,2.5744540000000002,7.192438,-8.596783,0,12.341999999999995,12.354000000000008,11.910500000000013,1,1,1,-1,1,49.57282623673695,45.87658572732855,56.96530725555375,1,0.22489110330741724,0.17974055557032736,0.045150547737089874
2015-03-11,sh.600748,12.51,12.75,12.34,12.37,11890448,148747962.0,3,1.097542,1,-0.9608,17.498478,2.549719,7.123335000000001,-8.514188,0,12.329999999999995,12.40900000000001,11.950500000000014,1,-1,1,-1,1,55.229139210123044,49.38882475997256,66.90976811042403,1,0.21923647253904655,0.1876397389640712,0.03159673357497533
2015-03-12,sh.600748,12.4,13.29,12.2,13.11,35882568,460524272.0,3,3.312122,1,5.9822,18.545275,2.702249,7.549469,-9.023525,0,12.515999999999995,12.484000000000009,12.028500000000014,1,1,1,1,1,64.725220657424,56.50906203476114,81.15753790274971,1,0.27133912395939497,0.20437961596313597,0.066959507996259
2015-03-13,sh.600748,13.1,13.43,12.8,13.28,29030095,379198208.0,3,2.679608,1,1.2967,18.785754999999998,2.737289,7.647364,-9.140535,0,12.745999999999995,12.580000000000009,12.134000000000015,1,1,1,1,1,75.48060881394211,65.1449895604962,96.15184732083392,1,0.32262935941454707,0.2280295646534182,0.09459979476112887
2015-03-16,sh.600748,13.48,14.48,13.48,14.0,43675791,610899984.0,3,4.031472,1,5.4217,19.80426,2.885697,8.06198,-9.636106,0,13.049999999999994,12.687000000000008,12.288000000000014,1,1,1,1,1,86.86701682956364,75.6909487669764,109.21915295473812,1,0.4165732264017503,0.2657382970030846,0.15083492939866572
2015-03-17,sh.600748,14.09,15.37,14.0,14.96,44875266,662954608.0,3,4.142189,1,6.8571,21.162266,3.083573,8.614802000000001,-10.296867,0,13.543999999999993,12.943000000000008,12.476000000000017,1,1,1,1,1,87.0821195727563,83.1432484054205,94.9598619074279,1,0.5620098945381429,0.32499261651009625,0.23701727802804662
2015-03-18,sh.600748,14.97,15.23,14.62,15.12,32396766,485424048.0,3,2.990367,1,1.0695,21.388601,3.116552,8.706939,-10.406994,0,14.093999999999994,13.212000000000009,12.672000000000017,1,1,1,1,1,87.82771535580527,87.25895058604154,88.96524489533275,1,0.6823148636531151,0.3964570659387,0.2858577977144151
2015-03-19,sh.600748,15.12,15.12,15.12,15.12,0,0.0,3,,0,0.0,21.388601,3.116552,8.706939,-10.406994,0,14.495999999999995,13.506000000000009,12.856000000000018,1,1,1,1,1,91.4794007490637,88.79641189254157,96.84537846210796,1,0.7687952256246398,0.470924697875888,0.2978705277487518
2015-03-20,sh.600748,15.12,15.12,15.12,15.12,0,0.0,3,,0,0.0,21.388601,3.116552,8.706939,-10.406994,0,14.863999999999995,13.80500000000001,13.023500000000016,1,1,1,1,1,92.68954028284834,90.6655521292389,96.73751659006723,1,0.8277892958231305,0.5422976174653364,0.2854916783577941
2015-03-23,sh.600748,15.12,15.12,15.12,15.12,0,0.0,3,,0,0.0,21.388601,3.116552,8.706939,-10.406994,0,15.087999999999997,14.069000000000008,13.187500000000014,1,1,1,1,1,92.40155247580903,92.1901645025735,92.8243284222801,1,0.8645762249436224,0.6067533389609936,0.2578228859826288
2015-03-24,sh.600748,15.12,15.12,15.12,15.12,0,0.0,3,,0,0.0,21.388601,3.116552,8.706939,-10.406994,0,15.119999999999996,14.332000000000008,13.343000000000014,1,1,1,1,1,92.11356466876971,92.40155247580883,91.5375890546915,-1,0.8835451725457908,0.6621117056779531,0.2214334668678377
2015-03-25,sh.600748,15.12,15.12,15.12,15.12,0,0.0,3,,0,0.0,21.388601,3.116552,8.706939,-10.406994,0,15.119999999999996,14.607000000000008,13.508000000000015,1,1,1,1,1,91.49983429279848,92.00498381245887,90.4895352534777,-1,0.888337992774888,0.7073569630973401,0.18098102967754792
2015-03-26,sh.600748,15.12,15.12,15.12,15.12,0,0.0,3,,0,0.0,21.388601,3.116552,8.706939,-10.406994,0,15.119999999999996,14.80800000000001,13.646000000000015,1,1,1,1,1,89.71947499403751,91.11095798520171,86.93650901170912,-1,0.8819695414697648,0.742279478771825,0.13969006269793982
2015-03-27,sh.600748,15.12,15.12,15.12,15.12,0,0.0,3,,0,0.0,21.388601,3.116552,8.706939,-10.406994,0,15.119999999999996,14.99200000000001,13.786000000000016,1,1,1,1,1,86.26556171028703,89.1616236657075,80.47343779944609,-1,0.8669290791484325,0.7672093988471465,0.09971968030128608
2015-03-30,sh.600748,15.12,15.12,15.12,15.12,0,0.0,3,,0,0.0,18.502518,3.425012,4.30716,-5.632633,0,15.119999999999996,15.10400000000001,13.895500000000016,1,1,1,1,1,83.49717490158633,86.49407053530344,77.50338363415213,-1,0.8452657074818788,0.7828206605740929,0.06244504690778585
2015-03-31,sh.600748,15.12,15.12,15.12,15.12,0,0.0,3,,0,0.0,18.502518,3.425012,4.30716,-5.632633,0,15.119999999999996,15.12000000000001,14.031500000000017,1,-1,1,-1,1,54.57301264409074,74.77858308532119,14.16187176162984,-1,0.8186603227575784,0.78998859301079,0.028671729746788333
2015-04-01,sh.600748,15.12,15.12,15.12,15.12,0,0.0,3,,0,0.0,18.502518,3.425012,4.30716,-5.632633,0,15.119999999999996,15.12000000000001,14.166000000000016,1,-1,1,-1,1,27.322404371584657,55.13086397242039,-28.29451483008681,-1,0.7884861857484236,0.7896881115583168,-0.0012019258098932006
2015-04-02,sh.600748,15.12,15.12,15.12,15.12,0,0.0,3,,0,0.0,18.502518,3.425012,4.30716,-5.632633,0,15.119999999999996,15.12000000000001,14.313000000000017,1,-1,1,-1,1,9.473903143468002e-15,27.298472338558284,-54.59694467711654,-1,0.7558598825560843,0.7829224657578703,-0.027062583201786006
2015-04-03,sh.600748,15.12,15.12,15.12,15.12,0,0.0,3,,0,0.0,18.502518,3.425012,4.30716,-5.632633,0,15.119999999999996,15.12000000000001,14.462500000000016,1,-1,1,-1,1,9.473903143468002e-15,9.107468123861375,-18.214936247722722,-1,0.7216841762651516,0.7706748078593265,-0.04899063159417494
2015-04-07,sh.600748,15.12,15.12,15.12,15.12,0,0.0,3,,0,0.0,18.502518,3.425012,4.30716,-5.632633,0,15.119999999999996,15.12000000000001,14.594500000000016,1,-1,1,-1,1,9.473903143468002e-15,-1.7447771622553572e-13,3.7737714188147545e-13,1,0.6866840169059856,0.7538766496686583,-0.06719263276267273
2015-04-08,sh.600748,15.12,15.12,15.12,15.12,0,0.0,3,,0,0.0,18.502518,3.425012,4.30716,-5.632633,0,15.119999999999996,15.12000000000001,14.726000000000017,1,-1,1,-1,1,9.473903143468002e-15,-1.7447771622553572e-13,3.7737714188147545e-13,1,0.6514367807481651,0.7333886758845597,-0.08195189513639456
2015-04-09,sh.600748,15.12,15.12,15.12,15.12,0,0.0,3,,0,0.0,18.502518,3.425012,4.30716,-5.632633,0,15.119999999999996,15.12000000000001,14.863500000000016,1,-1,1,-1,1,9.473903143468002e-15,-1.7447771622553572e-13,3.7737714188147545e-13,1,0.6163976438068755,0.7099904694690229,-0.09359282566214744
2015-04-10,sh.600748,15.12,15.12,15.12,15.12,0,0.0,3,,0,0.0,18.502518,3.425012,4.30716,-5.632633,0,15.119999999999996,15.12000000000001,14.964000000000016,1,-1,1,-1,1,9.473903143468002e-15,-1.7447771622553572e-13,3.7737714188147545e-13,1,0.5819208539661833,0.684376546368455,-0.1024556924022717
2015-04-13,sh.600748,15.12,15.12,15.12,15.12,0,0.0,3,,0,0.0,18.502518,3.425012,4.30716,-5.632633,0,15.119999999999996,15.12000000000001,15.056000000000017,1,-1,1,-1,1,9.473903143468002e-15,-1.7447771622553572e-13,3.7737714188147545e-13,1,0.5482775473506418,0.6571567465648924,-0.1088791992142506
2015-04-14,sh.600748,15.12,15.12,15.12,15.12,0,0.0,3,,0,0.0,18.502518,3.425012,4.30716,-5.632633,0,15.119999999999996,15.12000000000001,15.112000000000018,1,-1,1,-1,1,9.473903143468002e-15,-1.7447771622553572e-13,3.7737714188147545e-13,1,0.5156706541635305,0.6288595280846201,-0.11318887392108956
2015-04-15,sh.600748,15.12,15.12,15.12,15.12,0,0.0,3,,0,0.0,18.502518,3.425012,4.30716,-5.632633,0,15.119999999999996,15.12000000000001,15.120000000000019,1,-1,-1,-1,-1,9.473903143468002e-15,-1.7447771622553572e-13,3.7737714188147545e-13,1,0.4842473543256123,0.5999370933328185,-0.11568973900720625
2015-04-16,sh.600748,15.12,15.12,15.12,15.12,0,0.0,3,,0,0.0,18.502518,3.425012,4.30716,-5.632633,0,15.119999999999996,15.12000000000001,15.120000000000019,1,-1,-1,-1,-1,9.473903143468002e-15,-1.7447771622553572e-13,3.7737714188147545e-13,1,0.45410947149732017,0.5707715689657189,-0.11666209746839873
2015-04-17,sh.600748,15.12,15.12,15.12,15.12,0,0.0,3,,0,0.0,18.502518,3.425012,4.30716,-5.632633,0,15.119999999999996,15.12000000000001,15.120000000000019,1,-1,-1,-1,-1,9.473903143468002e-15,-1.7447771622553572e-13,3.7737714188147545e-13,1,0.42532213342390257,0.5416816818573557,-0.11635954843345309
2015-04-20,sh.600748,15.12,15.12,15.12,15.12,0,0.0,3,,0,0.0,18.502518,3.425012,4.30716,-5.632633,0,15.119999999999996,15.12000000000001,15.120000000000019,1,-1,-1,-1,-1,9.473903143468002e-15,-1.7447771622553572e-13,3.7737714188147545e-13,1,0.39792097529317516,0.5129295405445196,-0.1150085652513444
2015-04-21,sh.600748,15.12,15.12,15.12,15.12,0,0.0,3,,0,0.0,18.502518,3.425012,4.30716,-5.632633,0,15.119999999999996,15.12000000000001,15.120000000000019,1,-1,-1,-1,-1,9.473903143468002e-15,-1.7447771622553572e-13,3.7737714188147545e-13,1,0.3719181194894059,0.48472725633349684,-0.11280913684409094
2015-04-22,sh.600748,15.12,15.12,15.12,15.12,0,0.0,3,,0,0.0,18.502518,3.425012,4.30716,-5.632633,0,15.119999999999996,15.12000000000001,15.120000000000019,1,-1,-1,-1,-1,9.473903143468002e-15,-1.7447771622553572e-13,3.7737714188147545e-13,1,0.3473071285378566,0.4572432307743688,-0.10993610223651218
2015-04-23,sh.600748,15.12,15.12,15.12,15.12,0,0.0,3,,0,0.0,18.502518,3.425012,4.30716,-5.632633,0,15.119999999999996,15.12000000000001,15.120000000000019,1,-1,-1,-1,-1,9.473903143468002e-15,-1.7447771622553572e-13,3.7737714188147545e-13,1,0.3240670971252424,0.4306080040445435,-0.10654090691930113
2015-04-24,sh.600748,15.12,15.12,15.12,15.12,0,0.0,3,,0,0.0,18.502518,3.425012,4.30716,-5.632633,0,15.119999999999996,15.12000000000001,15.120000000000019,1,-1,-1,-1,-1,9.473903143468002e-15,-1.7447771622553572e-13,3.7737714188147545e-13,1,0.3021660229743315,0.4049196078305011,-0.10275358485616964
2015-04-27,sh.600748,15.12,15.12,15.12,15.12,0,0.0,3,,0,0.0,18.502518,3.425012,4.30716,-5.632633,0,15.119999999999996,15.12000000000001,15.120000000000019,1,-1,-1,-1,-1,9.473903143468002e-15,-1.7447771622553572e-13,3.7737714188147545e-13,1,0.2815635743036804,0.38024840112513697,-0.09868482682145657
2015-04-28,sh.600748,15.12,15.12,15.12,15.12,0,0.0,3,,0,0.0,18.502518,3.425012,4.30716,-5.632633,0,15.119999999999996,15.12000000000001,15.120000000000019,1,-1,-1,-1,-1,9.473903143468002e-15,-1.7447771622553572e-13,3.7737714188147545e-13,1,0.26221335298845716,0.356641391497801,-0.09442803850934384
2015-04-29,sh.600748,16.63,16.63,16.63,16.63,682295,11346566.0,3,0.062979,1,9.9868,54.795249,3.7027870000000003,4.563966000000001,-9.842887,0,15.421999999999997,15.27100000000001,15.195500000000019,1,1,1,1,1,33.33333333333334,11.111111111110937,77.77777777777816,1,0.36452057728008036,0.35821722865425687,0.0063033486258234905
2015-04-30,sh.600748,18.29,18.29,17.61,18.29,34360709,626628352.0,3,3.171648,1,9.982,60.264889000000004,4.072398000000001,5.019539,-10.825401,0,16.055999999999997,15.588000000000008,15.354000000000019,1,1,1,1,1,66.66666666666667,33.33333333333316,133.33333333333368,1,0.5729433817560814,0.4011624592746218,0.1717809224814596
2015-05-04,sh.600748,18.4,18.4,16.57,16.76,60225900,1039474208.0,3,5.559121,1,-8.3652,55.22359399999999,3.731732,4.599643,-9.919831,0,16.383999999999997,15.752000000000006,15.436000000000018,1,1,1,1,1,83.33333333333337,61.111111111110944,127.77777777777823,1,0.6076570504280934,0.4424613775053161,0.16519567292277726
2015-05-05,sh.600748,16.31,17.1,15.67,16.21,36249106,594271136.0,3,3.345955,1,-3.2816,53.411364,3.609271,4.4487,-9.594300,0,16.601999999999997,15.861000000000008,15.490500000000017,-1,1,1,1,1,61.077235772357774,70.35907859078576,42.513550135501816,-1,0.5840548586420269,0.4707800737326583,0.1132747849093686
2015-05-06,sh.600748,16.02,16.47,15.37,15.52,25548297,408420368.0,3,2.358223,1,-4.2566,51.137839,3.4556379999999995,4.259335,-9.185906,0,16.681999999999995,15.901000000000007,15.510500000000016,-1,-1,1,1,1,31.80894308943095,58.739837398373844,-22.05284552845484,-1,0.5038644820729772,0.4773969554007221,0.026467526672255104
2015-05-07,sh.600748,15.6,15.66,14.28,14.38,24847052,369232864.0,3,2.293495,1,-7.3454,47.38158,3.201809,3.946472,-8.511168,0,16.231999999999996,15.827000000000007,15.473500000000016,-1,-1,-1,1,1,15.951337911437408,36.279172257741855,-24.704330781171485,-1,0.3443550476434023,0.45078857384925813,-0.10643352620585583
2015-05-08,sh.600748,14.62,14.98,14.43,14.92,22214606,325239360.0,3,2.050508,1,3.7552,49.160861,3.322043,4.09467,-8.830781,0,15.557999999999996,15.807000000000006,15.463500000000016,-1,-1,-1,-1,1,10.052095666587762,19.27079222248518,-8.385297445207073,-1,0.2585359175616162,0.41233804259172974,-0.15380212503011353
2015-05-11,sh.600748,15.3,15.79,15.0,15.6,25881009,399763840.0,3,2.388933,1,4.5576,51.401436,3.47345,4.281291,-9.233256,0,15.325999999999993,15.855000000000004,15.487500000000017,1,-1,1,-1,-1,16.666666666666696,14.223366748230431,21.553266503539223,1,0.24259744336578315,0.37838992274654043,-0.13579247938075728
2015-05-12,sh.600748,15.92,16.5,15.7,15.82,33085967,532081264.0,3,3.053983,1,1.4103,52.126328,3.5224349999999998,4.341668,-9.363468,0,15.247999999999994,15.925000000000002,15.522500000000017,1,-1,1,-1,-1,28.317152103559895,18.345304812271262,48.260846686137164,1,0.24489524912841354,0.35169098802291504,-0.1067957388945015
2015-05-13,sh.600748,15.61,16.19,14.99,16.15,26349062,409169488.0,3,2.432137,1,2.086,53.213666,3.595912,4.432233999999999,-9.558787,0,15.373999999999995,16.028000000000002,15.574000000000016,1,1,1,-1,-1,38.2686084142395,27.750809061488507,59.304207119741484,1,0.2702294815734536,0.33539868673302276,-0.06516920515956914
2015-05-14,sh.600748,15.99,16.14,15.68,15.76,16617856,263420503.0,3,1.533903,1,-2.4149,51.92863,3.509075,4.325201,-9.327956,0,15.649999999999995,15.941000000000003,15.606000000000014,1,-1,1,-1,1,39.56310679611652,35.38295577130511,47.92340884573933,1,0.25588758982442883,0.319496467351304,-0.06360887752687516
2015-05-15,sh.600748,15.68,15.68,14.98,15.1,18884243,286458528.0,3,1.743100,1,-4.1878,49.753954,3.3621220000000003,4.14407,-8.937318,0,15.685999999999993,15.622000000000003,15.605000000000015,-1,-1,-1,1,1,36.79623126534922,38.209315491901556,33.97006281224455,-1,0.18908539441052596,0.29341425276314836,-0.1043288583526224
2015-05-18,sh.600748,15.22,15.46,15.1,15.26,15401953,234530138.0,3,1.421669,1,1.0596,50.281147999999995,3.3977470000000003,4.1879800000000005,-9.032018,0,15.617999999999991,15.472000000000003,15.612000000000014,-1,-1,-1,1,1,36.381496141876234,37.58027806778046,33.983932290067784,-1,0.14735620547472905,0.2642026433054645,-0.11684643783073545
2015-05-19,sh.600748,15.18,15.97,15.12,15.78,21531000,336828080.0,3,1.987408,1,3.4076,51.994529,3.513529,4.33069,-9.339793,0,15.60999999999999,15.429000000000002,15.645000000000014,1,1,1,1,-1,46.92990863203628,40.035878679753715,60.71796853660142,1,0.15446460496406367,0.24225503563718434,-0.08779043067312067
2015-05-20,sh.600748,15.91,16.52,15.63,16.21,30823091,498513504.0,3,2.845110,1,2.725,53.411364,3.609271,4.4487,-9.594300,0,15.621999999999991,15.498000000000001,15.699500000000011,1,1,1,1,-1,65.62639194218143,49.64593223869778,97.5873113491487,1,0.1925755777267728,0.23231914405510204,-0.03974356632832923
2015-05-21,sh.600748,16.32,16.77,16.07,16.65,28850504,475281280.0,3,2.663031,1,2.7144,54.861148,3.70724,4.569454,-9.854725,0,15.799999999999992,15.725000000000003,15.77600000000001,1,1,1,1,1,82.01037368929165,64.85555808783626,116.32000489220243,1,0.2553397235924084,0.2369232599625633,0.018416463629845115
2015-05-22,sh.600748,16.74,16.92,16.3,16.78,27375954,455590928.0,3,2.526924,1,0.7808,55.28949300000001,3.736186,4.605132,-9.931669,0,16.13599999999999,15.911000000000005,15.859000000000009,1,1,1,1,1,90.41568621831551,79.35081728326269,112.54542408842119,1,0.3119744279191323,0.2519334935538771,0.060040934365255205
2015-05-25,sh.600748,17.0,17.94,17.0,17.51,30995224,544027008.0,3,2.860998,1,4.3504,57.69481700000001,3.898725,4.805473999999999,-10.363738,0,16.58599999999999,16.102000000000004,15.978500000000007,1,1,1,1,1,90.51752250436232,87.64786080398964,96.25684590510767,1,0.41102470136122093,0.2837517351153459,0.12727296624587503
2015-05-26,sh.600748,17.51,17.9,17.11,17.55,35017977,613006032.0,3,3.232317,1,0.2284,57.826615000000004,3.907632,4.816452,-10.387413,0,16.93999999999999,16.275000000000006,16.10000000000001,1,1,1,1,1,88.36026748397882,89.76449206888536,85.55181831416573,-1,0.4871350329598787,0.32442839468425244,0.16270663827562626
2015-05-27,sh.600748,17.61,17.75,16.97,17.24,38176058,657483280.0,3,3.523822,1,-1.7664,56.805177,3.8386080000000002,4.731375,-10.203931,0,17.14599999999999,16.384000000000007,16.20600000000001,1,1,1,1,1,82.88288288288285,87.25355762374113,74.1415334011663,-1,0.516484893523387,0.36283969445207936,0.15364519907130764
2015-05-28,sh.600748,17.23,18.6,16.88,17.11,55219850,989833456.0,3,5.097040,1,-0.7541,56.376831,3.8096620000000003,4.695698,-10.126988,0,17.237999999999992,16.519000000000005,16.23000000000001,-1,1,1,1,1,73.53474903474898,81.59263313387002,57.418980836506904,-1,0.5232235604204547,0.39491646764575444,0.12830709277470026
2015-05-29,sh.600748,17.4,18.82,16.7,18.82,64091465,1147219424.0,3,5.915930,1,9.9942,62.011219999999994,4.190405999999999,5.164993,-11.139094,0,17.645999999999994,16.891000000000005,16.25650000000001,1,1,1,1,1,77.92664092664087,78.11475761475737,77.5504075504079,-1,0.658950737500259,0.44772332161665535,0.21122741588360366
2015-06-01,sh.600748,18.6,20.35,18.6,19.6,56985902,1105599264.0,3,5.260055,1,4.1445,64.58129100000001,4.364079,5.3790569999999995,-11.600757,0,18.063999999999993,17.325000000000006,16.39850000000001,1,1,1,1,1,80.51291364003227,77.32476786714051,86.8892051858158,1,0.8200025060100771,0.5221791584953397,0.2978233475147374
2015-06-02,sh.600748,19.44,20.2,19.0,19.89,38763076,757540624.0,3,3.578006,1,1.4796,65.536831,4.428649,5.458646,-11.772401,0,18.531999999999993,17.736000000000008,16.58250000000001,1,1,1,1,1,91.12083531337451,83.18679662668235,106.98891268675882,1,0.9599718117541229,0.6097376891470964,0.3502341226070266
2015-06-03,sh.600748,19.85,20.16,19.2,19.4,25381129,495442256.0,3,2.342792,1,-2.4635,63.922299,4.319547,5.324169,-11.482382,0,18.96399999999999,18.055000000000007,16.77650000000001,1,1,1,1,1,83.30190527222221,84.9785514085428,79.94861299958106,-1,1.0196062044395795,0.691711392205593,0.32789481223398653
2015-06-04,sh.600748,19.25,20.22,17.5,20.2,37295518,728752608.0,3,3.442544,1,4.1237,66.55827,4.497673000000001,5.543723,-11.955882,0,19.581999999999994,18.410000000000004,17.06750000000001,1,1,1,1,1,87.2286524280151,87.21713100453708,87.25169527497113,1,1.1185265268633486,0.7770744191371441,0.3414521077262045
2015-06-05,sh.600748,20.55,21.2,20.1,20.67,37923627,783671824.0,3,3.500521,1,2.3267,68.106903,4.602322,5.6727099999999995,-12.234064,0,19.951999999999995,18.799000000000007,17.35500000000001,1,1,1,1,1,86.88528101922316,85.8052795731533,89.04528391136287,1,1.2207743404219862,0.8658144033941125,0.35495993702787365
2015-06-08,sh.600748,20.68,21.0,19.61,19.84,31383610,633494160.0,3,2.896848,1,-4.0155,65.37208299999999,4.417516,5.444923,-11.742807,0,19.999999999999993,19.032000000000007,17.567000000000007,-1,1,1,1,1,84.63013698630138,86.24802347784635,81.39436400321145,-1,1.220760241752295,0.936803571065749,0.28395667068654595
2015-06-09,sh.600748,19.99,21.8,19.88,21.48,43614068,903270704.0,3,4.025774,1,8.2661,70.775823,4.782674,5.895008,-12.713483,0,20.317999999999994,19.425000000000004,17.85000000000001,1,1,1,1,1,83.90849673202617,85.1413049125167,81.4428803710451,-1,1.337663608985416,1.0169755786496824,0.32068803033573356
2015-06-10,sh.600748,20.9,22.26,20.67,21.7,36020170,780735168.0,3,3.324824,1,1.0242,71.500715,4.831658,5.955385,-12.843696,0,20.777999999999995,19.871000000000002,18.12750000000001,1,1,1,1,1,84.477108509271,84.33858074253264,84.75416404274773,1,1.4315603940371737,1.0998925417271805,0.3316678523099932
2015-06-11,sh.600748,21.5,21.9,21.2,21.53,22996584,493356720.0,3,2.122688,1,-0.7834,70.940572,4.793807,5.90873,-12.743077,0,21.043999999999993,20.313000000000002,18.416000000000007,1,1,1,1,1,89.4391377654179,85.94158100223815,96.43425129177737,1,1.475250919145676,1.1749642172108796,0.30028670193479634
2015-06-12,sh.600748,21.9,22.22,21.43,21.58,24050012,522205328.0,3,2.219924,1,0.2322,71.10531999999999,4.80494,5.922452,-12.772670,0,21.225999999999992,20.589000000000006,18.740000000000006,1,1,1,1,1,86.76873627148696,86.89499418205843,86.51622045034404,-1,1.4966580152375748,1.2393029768162187,0.2573550384213561
2015-06-15,sh.600748,21.8,22.89,21.76,22.16,27777823,620292592.0,3,2.564018,1,2.6877,73.01639899999999,4.934081,6.081628,-13.115958,0,21.68999999999999,20.845000000000006,19.085000000000008,1,1,1,1,1,85.61151733420638,87.27313045703688,82.28829108854538,-1,1.542641831090343,1.2999707476710436,0.24267108341929933
2015-06-16,sh.600748,22.13,22.69,21.0,21.54,21798400,471381344.0,3,2.012090,1,-2.7978,70.97352099999999,4.796033,5.911474,-12.748995,0,21.70199999999999,21.010000000000005,19.37300000000001,-1,1,1,1,1,82.37476808905377,84.91834056491551,77.28762313733031,-1,1.5116303838970353,1.342302674916242,0.1693277089807934
2015-06-17,sh.600748,21.5,21.98,19.88,21.16,24129596,501665584.0,3,2.227270,1,-1.7642,69.721435,4.711424,5.807187,-12.524083,0,21.59399999999999,21.186000000000003,19.620500000000014,-1,-1,1,1,1,69.55537203795042,79.18055248706999,50.3050111397113,-1,1.4397937186157037,1.3618008836561342,0.07799283495956955
2015-06-18,sh.600748,21.05,21.48,20.14,20.28,16538684,345211648.0,3,1.526595,1,-4.1588,66.821867,4.515485,5.565678,-12.003233,0,21.34399999999999,21.194000000000006,19.802000000000014,-1,-1,1,1,1,47.545514880009655,66.49188500233775,9.652774635353467,-1,1.296904095177446,1.3488215259603966,-0.051917430782950635
2015-06-19,sh.600748,19.9,20.5,18.25,18.25,16060133,309395616.0,3,1.482422,1,-10.0099,60.13309,4.063492,5.008561,-10.801726,0,20.67799999999999,20.952000000000005,19.875500000000017,-1,-1,-1,-1,1,22.56097560975611,46.5539541759052,-25.42498152254207,-1,1.0082366797180953,1.2807045567119364,-0.2724678769938411
2015-06-23,sh.600748,18.2,18.2,16.43,17.78,20405556,351321888.0,3,1.883525,1,-2.5753,58.58445699999999,3.958843,4.879574,-10.523544,0,19.801999999999992,20.746000000000002,19.889000000000017,-1,-1,-1,-1,-1,13.77488736187673,27.960459283880635,-14.596256482131082,-1,0.7330899960423309,1.1711816445780152,-0.4380916485356843
2015-06-24,sh.600748,17.91,18.53,17.55,18.25,19378335,351071712.0,3,1.788707,1,2.6434,60.13309,4.063492,5.008561,-10.801726,0,19.143999999999995,20.423000000000005,19.924000000000014,-1,-1,-1,-1,-1,16.357069143446854,17.56431070502637,13.942586020287827,-1,0.5466578080223741,1.046276877266887,-0.4996190692445128
2015-06-25,sh.600748,18.26,18.29,16.43,16.95,21456343,374724912.0,3,1.980517,1,-7.1233,55.849637,3.7740370000000003,4.651787000000001,-10.032288,0,18.301999999999996,19.948000000000004,19.909500000000016,-1,-1,-1,-1,-1,19.040247678018574,16.390734727780522,24.339273578494677,1,0.2906592811346904,0.8951533580404476,-0.6044940769057572
2015-06-26,sh.600748,16.59,16.59,15.26,15.26,24103296,375276384.0,3,2.224843,1,-9.9705,50.281147999999995,3.3977470000000003,4.1879800000000005,-9.032018,0,17.297999999999995,19.321000000000005,19.817000000000014,-1,-1,-1,-1,-1,12.074303405572747,15.823873409012528,4.575163398693185,-1,-0.048036536582266365,0.7065153791159048,-0.7545519156981711
2015-06-29,sh.600748,16.0,16.07,13.75,14.53,26869812,401757744.0,3,2.480204,1,-4.7838,47.875825,3.235207,3.9876379999999996,-8.599949,0,16.553999999999995,18.616000000000007,19.602500000000013,-1,-1,-1,-1,-1,5.591455939493412,12.23533567436138,-7.696303530242524,-1,-0.37108270104333485,0.4909957630840568,-0.8620784641273916
2015-06-30,sh.600748,14.57,15.73,13.1,15.65,23924627,348007120.0,3,2.208351,1,7.7082,51.566184,3.484583,4.295013,-9.262850,0,16.127999999999997,17.965000000000007,19.40500000000001,-1,-1,-1,-1,-1,12.480349476993766,10.048702940686445,17.343642549608408,1,-0.5306079558086303,0.2866750193055194,-0.8172829751141497
2015-07-01,sh.600748,15.65,16.0,14.09,14.25,21548951,330978256.0,3,1.989065,1,-8.9457,46.953235,3.172863,3.910794,-8.434224,0,15.327999999999998,17.236000000000008,19.12300000000001,-1,-1,-1,-1,-1,17.054732929658844,11.708846115381808,27.746506558212918,1,-0.7612262271397476,0.077094770016466,-0.8383209971562137
2015-07-02,sh.600748,14.56,14.7,12.83,12.83,23113314,315262864.0,3,2.133463,1,-9.9649,42.274386,2.85669,3.521087,-7.593761,0,14.503999999999996,16.40300000000001,18.79450000000001,-1,-1,-1,-1,-1,14.146455524737144,14.560512643796386,13.318341286618661,-1,-1.0465114684716532,-0.14762647768115783,-0.8988849907904954
2015-07-03,sh.600748,12.66,13.19,11.55,11.55,24862285,296970208.0,3,2.294901,1,-9.9766,38.056832,2.571689,3.1698020000000002,-6.836161,0,13.761999999999997,15.53000000000001,18.362000000000013,-1,-1,-1,-1,-1,4.57438345266507,11.92519063568682,-10.12723091337843,-1,-1.3602077519257492,-0.39014273253007614,-0.970065019395673
2015-07-06,sh.600748,12.71,12.71,10.4,11.49,38405504,434083312.0,3,3.545001,1,-0.5195,37.859134999999995,2.5583299999999998,3.1533349999999998,-6.800648,0,13.153999999999996,14.85400000000001,17.903000000000013,-1,-1,-1,-1,-1,4.469044690446897,7.729961222616171,-2.0527883738916497,-1,-1.5952665751228228,-0.6311675010486255,-0.9640990740741973
2015-07-07,sh.600748,10.55,11.32,10.34,10.34,18934318,198440386.0,3,1.747723,1,-10.0087,34.069926,2.302274,2.837727,-6.119991,0,12.091999999999995,14.11000000000001,17.42800000000001,-1,-1,-1,-1,-1,4.469044690446897,4.504157611186089,4.398818848968515,-1,-1.852987686458162,-0.8755315381305329,-0.9774561483276292
2015-07-08,sh.600748,9.31,10.12,9.31,9.56,64138113,618494896.0,3,5.920236,1,-7.5435,31.499854,2.128602,2.623663,-5.658329,0,11.153999999999996,13.24100000000001,16.83200000000001,-1,-1,-1,-1,-1,5.613733335135542,4.850607572009579,7.139984861387468,1,-2.096011489510543,-1.119627528406535,-0.9763839611040082
2015-07-09,sh.600748,9.21,10.52,9.21,10.52,15299031,155776112.0,3,1.412169,1,10.0418,34.66302,2.342352,2.887127,-6.226529,0,10.691999999999997,12.59800000000001,16.27300000000001,-1,-1,-1,-1,-1,7.510091948867448,5.864289991483097,10.80169586363615,1,-2.185947386608442,-1.3328915000469164,-0.8530558865615254
2015-07-10,sh.600748,11.02,11.57,11.02,11.57,8097764,92492665.0,3,0.747460,1,9.981,38.122732,2.576142,3.175291,-6.847998,0,10.695999999999996,12.22900000000001,15.77500000000001,1,-1,-1,-1,-1,19.095757142780062,10.739860808927483,35.80754981048523,1,-2.14773821896026,-1.495860843829585,-0.651877375130675
2015-07-13,sh.600748,12.57,12.73,12.03,12.73,28773577,360155120.0,3,2.655930,1,10.0259,41.94489,2.8344240000000003,3.493643,-7.534573,0,10.943999999999997,12.04900000000001,15.33250000000001,1,1,-1,-1,-1,35.2313826856221,20.612410592423004,64.4693268720203,1,-2.000790999646611,-1.5968468749929903,-0.40394412465362084
2015-07-14,sh.600748,12.9,13.89,12.5,13.09,36729824,482925232.0,3,3.390328,1,2.828,43.131077000000005,2.914581,3.5924419999999997,-7.747649,0,11.493999999999996,11.79300000000001,14.879000000000008,1,1,-1,-1,-1,52.42396359516522,35.583701141188925,86.1044885031178,1,-1.834142426114303,-1.6443059852172528,-0.1898364408970501
2015-07-15,sh.600748,12.36,12.9,11.78,11.78,21657680,262039957.0,3,1.999101,1,-10.0076,38.814674,2.6229,3.232923,-6.972292,0,11.937999999999997,11.54600000000001,14.391000000000005,-1,1,-1,1,-1,59.143141706095896,48.93282932896087,79.56376646036595,1,-1.7871768209124745,-1.672880152356297,-0.11429666855617748
2015-07-16,sh.600748,11.78,12.55,10.85,12.11,17104818,205337873.0,3,1.578852,1,2.8014,39.902012,2.696377,3.323489,-7.167611,0,12.255999999999997,11.47400000000001,13.938500000000005,-1,1,-1,1,-1,62.51809817383586,58.028401158365455,71.49749220477668,1,-1.7036889328379647,-1.6790419084526307,-0.02464702438533406
2015-07-17,sh.600748,12.2,13.13,12.12,12.92,19081645,242919230.0,3,1.761322,1,6.6887,42.570933000000004,2.876729,3.5457870000000002,-7.647030,0,12.525999999999998,11.611000000000011,13.570500000000006,1,1,-1,1,-1,65.38461538461536,62.3486184215155,71.45660931081507,1,-1.5542475512087854,-1.6540830370038617,0.09983548579507628
2015-07-20,sh.600748,12.9,13.28,12.39,12.96,19029960,246890104.0,3,1.756551,1,0.3096,42.702731,2.885636,3.556765,-7.670705,0,12.572,11.758000000000013,13.306000000000006,1,1,-1,1,-1,73.78917378917377,67.2306291158748,86.9062631357717,1,-1.4162607416564796,-1.6065185779343854,0.1902578362779057
2015-07-21,sh.600748,12.66,13.14,12.51,12.87,14233504,183412997.0,3,1.313816,1,-0.6944,42.406185,2.865596,3.5320650000000002,-7.617436,0,12.527999999999999,12.011000000000013,13.060500000000005,1,1,-1,1,-1,79.20227920227919,72.79202279202258,92.0227920227924,1,-1.2991911815610102,-1.5450530986597104,0.2458619170987002
2015-07-22,sh.600748,12.99,13.35,12.77,13.26,17588242,229794643.0,3,1.623474,1,3.0303,43.691221,2.952433,3.639097,-7.848267,0,12.823999999999998,12.381000000000013,12.811000000000003,1,1,1,1,1,79.20321637426899,77.39822312190712,82.81320287899271,1,-1.1615533076222686,-1.468353140452222,0.3067998328299535
2015-07-23,sh.600748,13.28,14.46,13.27,14.05,20023752,276576688.0,3,1.848282,1,5.9578,46.294242,3.128332,3.8559059999999996,-8.315849,0,13.211999999999998,12.734000000000012,12.666000000000006,1,1,1,1,1,82.04136775812674,80.14895444489144,85.82619438459733,1,-0.9774603487514906,-1.3701745821120759,0.3927142333605853
2015-07-24,sh.600748,13.9,14.16,13.3,13.54,20844450,289074112.0,3,1.924036,1,-3.6299,44.61381,3.014777,3.7159410000000004,-8.013993,0,13.335999999999995,12.931000000000012,12.580000000000005,1,1,1,1,1,80.8114035087719,80.68532921372235,81.06355209887101,1,-0.862772584978071,-1.268694182685275,0.40592159770720393
2015-07-27,sh.600748,13.16,13.67,12.19,12.19,18755455,244536431.0,3,1.731213,1,-9.9705,40.165609,2.7141900000000003,3.345444,-7.214961,0,13.181999999999997,12.877000000000013,12.463000000000005,-1,-1,-1,1,1,66.75900277008309,76.53725801232706,47.20249228559513,-1,-0.8707776408823378,-1.1891108743246874,0.31833323344234965
2015-07-28,sh.600748,11.94,12.5,11.11,11.79,20792938,244562007.0,3,1.919282,1,-3.2814,38.847623999999996,2.625127,3.235668,-6.978211,0,12.965999999999998,12.74700000000001,12.270000000000005,-1,-1,-1,1,1,45.89104339796859,64.48714989227433,8.6988304093571,-1,-0.8990348483186459,-1.131095669123479,0.23206082080483315
2015-07-29,sh.600748,12.0,12.68,11.49,12.65,10620610,127233263.0,3,0.980330,1,7.2943,41.681293,2.816612,3.471688,-7.487223,0,12.843999999999998,12.834000000000012,12.190000000000005,-1,-1,1,1,1,36.37601466352448,49.6753536105252,9.777336769523046,-1,-0.842324286072806,-1.0733413925133444,0.2310171064405384
2015-07-30,sh.600748,12.39,13.08,12.1,12.3,11183705,141647141.0,3,1.032306,1,-2.2258,40.528055,2.738682,3.375633,-7.280067,0,12.493999999999996,12.853000000000012,12.163500000000004,-1,-1,1,-1,1,35.84377282562259,39.3702769623717,28.790764552124372,-1,-0.8162140246428997,-1.0219159189392555,0.20570189429635577
2015-07-31,sh.600748,12.1,12.53,12.05,12.35,7813989,95956057.0,3,0.721266,1,0.4065,40.692803000000005,2.7498150000000003,3.389355,-7.309661,0,12.255999999999997,12.79600000000001,12.203500000000004,1,-1,1,-1,1,39.50248756218907,37.24075835044519,44.02594598567683,1,-0.7824670787973282,-0.9740261509108701,0.19155907211354184
2015-08-03,sh.600748,11.99,12.55,11.82,12.54,10608443,127397404.0,3,0.979207,1,1.5385,41.318847,2.79212,3.441499,-7.422117,0,12.325999999999997,12.75400000000001,12.256000000000004,1,-1,1,-1,1,38.407960199004975,37.91807352893869,39.38773353913754,1,-0.73195346505738,-0.9256116137401721,0.19365814868279208
2015-08-04,sh.600748,12.52,13.29,12.41,13.24,9419588,121796133.0,3,0.869470,1,5.5821,43.625321,2.94798,3.633608,-7.836430,0,12.615999999999998,12.79100000000001,12.401000000000003,1,1,1,-1,1,47.76119402985074,41.89054726368141,59.5024875621894,1,-0.628195466086682,-0.866128384209474,0.23793291812279205
2015-08-05,sh.600748,13.15,13.33,12.71,12.8,7971862,104182211.0,3,0.735839,1,-3.3233,42.175537,2.8500099999999997,3.512854,-7.576005,0,12.645999999999997,12.745000000000008,12.563000000000004,1,1,1,-1,1,53.89283092733057,46.687328385395254,68.3038360112012,1,-0.5748443789605027,-0.8078715831596798,0.2330272041991771
2015-08-06,sh.600748,12.5,13.16,12.31,12.9,8768342,112778094.0,3,0.809357,1,0.7812,42.505034,2.872276,3.5402980000000004,-7.635192,0,12.765999999999998,12.63000000000001,12.682000000000004,1,1,1,1,1,62.97126687260422,54.875097276595,79.16360606462266,1,-0.5185169531042586,-0.7500006571485955,0.23148370404433694
2015-08-07,sh.600748,13.0,13.5,13.0,13.26,7739806,102505016.0,3,0.714419,1,2.7907,43.691221,2.952433,3.639097,-7.848267,0,12.947999999999999,12.602000000000011,12.766500000000004,1,1,1,1,1,71.76329002046326,62.87579594013251,89.53827818112474,1,-0.4397588051758152,-0.6879522867540395,0.2481934815782243
2015-08-10,sh.600748,13.51,14.17,13.38,13.93,14962830,206611467.0,3,1.381136,1,5.0528,45.898846,3.101613,3.822973,-8.244824,0,13.225999999999999,12.77600000000001,12.826500000000005,1,1,1,1,1,83.64160337173963,72.79205342160219,105.34070327201454,1,-0.3195949137199019,-0.614280812147212,0.2946858984273101
2015-08-11,sh.600748,14.07,14.12,13.71,13.9,13802077,192248494.0,3,1.273994,1,-0.2154,45.799997,3.094933,3.81474,-8.227068,0,13.357999999999999,12.987000000000013,12.867000000000004,1,1,1,1,1,89.83785780436375,81.7475837321887,106.01840594871385,1,-0.22420046983028463,-0.5362647436838265,0.31206427385354185
2015-08-12,sh.600748,13.62,14.59,13.57,13.85,16168181,225967290.0,3,1.492396,1,-0.3597,45.635249,3.0838,3.801018,-8.197474,0,13.567999999999998,13.10700000000001,12.970500000000005,1,1,1,1,1,84.28020432441068,85.91988850017117,81.00083597288969,-1,-0.15089484604405712,-0.4591907641558726,0.3082959181118155
2015-08-13,sh.600748,13.63,14.78,13.63,14.47,18812707,269316208.0,3,1.736497,1,4.4765,47.678127,3.221848,3.971172,-8.564437,0,13.882,13.324000000000012,13.088500000000005,1,1,1,1,1,83.77428796028536,85.96411669635309,79.39463048814991,-1,-0.042283376171154075,-0.3758092865589289,0.33352591038777485
2015-08-14,sh.600748,14.45,14.89,13.98,14.68,21312693,311901520.0,3,1.967257,1,1.4513,48.370069,3.268606,4.028804,-8.688730,0,14.166,13.557000000000013,13.176500000000004,1,1,1,1,1,84.89089689975425,84.31512972814993,86.04243124296292,1,0.06004507887081978,-0.2886384134729792,0.348683492343799
2015-08-17,sh.600748,14.58,16.15,14.58,16.15,37601443,588671360.0,3,3.470782,1,10.0136,53.213666,3.595912,4.432233999999999,-9.558787,0,14.61,13.918000000000015,13.336000000000004,1,1,1,1,1,93.79583071443535,87.48700519149149,106.4134817603231,1,0.25679762821856755,-0.17955120513466985,0.4363488333532374
2015-08-18,sh.600748,16.0,16.5,14.54,14.54,34173732,529195200.0,3,3.154389,1,-9.969,47.908774,3.237434,3.990382,-8.605868,0,14.738,14.048000000000016,13.419500000000005,-1,1,1,1,1,81.69414071895059,86.79362277771322,71.49517660142533,-1,0.2795889688389561,-0.08772317033994466,0.36731213917890077
2015-08-19,sh.600748,14.19,15.99,13.14,15.86,25921854,376406480.0,3,2.392704,1,9.0784,52.258127,3.5313410000000003,4.352645,-9.387143,0,15.139999999999997,14.354000000000017,13.549500000000005,1,1,1,1,1,78.31208091828614,84.60068411722386,65.7348745204107,-1,0.3995583785120349,0.00973313943045126,0.3898252390815836
2015-08-20,sh.600748,15.26,15.58,14.27,14.41,22313709,332634928.0,3,2.059656,1,-9.1425,47.480429,3.208488,3.954705,-8.528924,0,15.127999999999997,14.505000000000015,13.567500000000006,-1,-1,1,1,1,57.577953934159154,72.52805852379846,27.677744754880536,-1,0.3733286182443667,0.08245223519323434,0.29087638305113234
2015-08-21,sh.600748,13.93,14.3,12.97,12.99,17519392,235151289.0,3,1.617119,1,-9.8543,42.80158,2.892315,3.564998,-7.688461,0,14.789999999999997,14.478000000000018,13.540000000000006,-1,-1,-1,1,1,40.02615899995501,58.63873128413328,2.8010144315984604,-1,0.23524742580395142,0.11301127331537776,0.12223615248857365
2015-08-24,sh.600748,12.0,12.36,11.69,11.69,15029678,176683460.0,3,1.387307,1,-10.0077,38.518127,2.602861,3.208224,-6.919023,0,13.898,14.254000000000016,13.515000000000006,-1,-1,-1,-1,1,12.78806376185978,36.797392231991154,-35.23059317840297,-1,0.02067956932437731,0.09454493251717767,-0.07386536319280036
2015-08-25,sh.600748,10.86,10.88,10.52,10.52,18566114,196023399.0,3,1.713736,1,-10.0085,34.66302,2.342352,2.887127,-6.226529,0,13.094,13.916000000000016,13.451500000000005,-1,-1,-1,-1,-1,0.18885741265343134,17.667693391489248,-34.7688145450182,-1,-0.24099814808069375,0.027436316397603383,-0.2684344644782971
2015-08-26,sh.600748,10.77,11.3,10.06,10.44,18007239,193007621.0,3,1.662149,1,-0.7605,34.399423,2.3245400000000003,2.865171,-6.179179,0,12.01,13.575000000000017,13.341000000000005,-1,-1,-1,-1,-1,1.9668737060041244,4.981264960172285,-4.061908802332197,-1,-0.44965165148260766,-0.06798127717843883,-0.38167037430416884
2015-08-27,sh.600748,10.7,11.36,10.22,11.11,12771276,138214736.0,3,1.178846,1,6.4176,36.607048,2.47372,3.0490470000000003,-6.575735,0,11.35,13.239000000000015,13.281500000000005,-1,-1,-1,-1,-1,7.401656314699771,3.185795811118949,15.833377321861416,1,-0.5545550897435643,-0.16529603969146392,-0.3892590500521004
2015-08-28,sh.600748,11.4,12.22,11.22,11.94,18562909,216267449.0,3,1.713440,1,7.4707,35.421347999999995,2.624477,3.237659,-123.490638,0,11.139999999999999,12.965000000000014,13.261000000000006,1,-1,-1,-1,-1,17.13250517598341,8.833678398895609,33.73015873015902,1,-0.5642138508911128,-0.2450796019313937,-0.3191342489597191
2015-08-31,sh.600748,11.8,11.8,11.1,11.17,12563493,143112836.0,3,1.159667,1,-6.4489,33.137057,2.455227,3.028865,-115.526837,0,11.036,12.467000000000015,13.192500000000006,1,-1,-1,-1,-1,21.40509184097421,15.313084443885637,33.58910663515137,1,-0.6267759702985511,-0.3214188756048252,-0.30535709469372596
2015-09-01,sh.600748,11.3,11.47,10.05,10.05,12908617,137271184.0,3,1.191523,1,-10.0269,29.814451000000002,2.209045,2.725165,-103.943125,0,10.941999999999998,12.018000000000013,13.033000000000007,-1,-1,-1,-1,-1,15.970309232278566,18.16930208307857,11.57232353067856,-1,-0.7579938590616617,-0.4087338722961925,-0.3492599867654692
2015-09-02,sh.600748,9.36,10.48,9.3,10.33,18879586,188080511.0,3,1.742671,1,2.7861,30.645102,2.270591,2.8010900000000003,-106.839053,0,10.919999999999998,11.465000000000014,12.909500000000005,-1,-1,-1,-1,-1,13.106127037661588,16.827176036971295,5.664029039042177,-1,-0.8298256082742217,-0.49295221949179835,-0.33687338878242334
2015-09-07,sh.600748,10.33,10.88,10.0,10.05,10183995,106837408.0,3,0.940029,1,-2.7105,29.814451000000002,2.209045,2.725165,-103.943125,0,10.707999999999998,11.029000000000014,12.767000000000007,-1,-1,-1,-1,-1,15.036601307189528,14.704345859043068,15.701112203482449,1,-0.8989835245145557,-0.5741584804963498,-0.3248250440182059
2015-09-08,sh.600748,10.1,11.0,9.71,10.84,8833069,91430877.0,3,0.815332,1,7.8607,32.158075,2.382691,2.939382,-112.113779,0,10.488,10.814000000000014,12.646000000000006,1,1,-1,-1,-1,32.61650998298861,20.253079442613082,57.34337106373966,1,-0.8799023076143655,-0.6353072459199529,-0.24459506169441259
2015-09-09,sh.600748,11.01,11.41,10.68,10.88,28017545,307602256.0,3,2.586145,1,0.369,32.276739,2.391484,2.950228,-112.527483,0,10.43,10.733000000000015,12.493500000000006,1,1,-1,-1,-1,43.78637299668724,30.479828095621638,70.39946279881843,1,-0.8517343763379852,-0.6785926720035593,-0.17314170433442588
2015-09-10,sh.600748,10.78,10.97,10.42,10.52,9668571,103906441.0,3,0.892453,1,-3.3088,31.208759000000004,2.312354,2.85261,-108.804147,0,10.523999999999997,10.733000000000015,12.324500000000006,-1,-1,-1,-1,-1,49.543378995433756,41.98208732503638,64.6659623362285,1,-0.8486770583711571,-0.7126095492770789,-0.13606750909407828
2015-09-11,sh.600748,10.4,11.57,10.4,11.57,25236807,281301312.0,3,2.329471,1,9.981,34.323701,2.543149,3.1373290000000003,-119.663876,0,10.771999999999998,10.846000000000014,12.210500000000007,1,1,-1,-1,-1,57.87671232876709,50.402154773629206,72.82582743904285,1,-0.752849506592348,-0.7206575407401327,-0.03219196585221529
2015-09-14,sh.600748,11.69,11.7,10.41,10.85,29117012,324384208.0,3,2.687631,1,-6.223,32.187740999999995,2.384889,2.942093,-112.217205,0,10.931999999999999,10.820000000000014,12.029500000000006,-1,1,-1,1,-1,60.50684931506845,55.975646879756276,69.5692541856928,1,-0.7266273562631671,-0.7218515038447395,-0.004775852418427595
2015-09-15,sh.600748,10.34,10.55,9.77,9.87,14356906,145095598.0,3,1.325207,1,-9.0323,29.280461,2.16948,2.676356,-102.081457,0,10.737999999999998,10.613000000000016,11.789000000000005,-1,-1,-1,1,-1,54.49657534246571,57.62671232876693,48.23630136986327,-1,-0.7759789210336034,-0.7326769872825123,-0.04330193375109115
2015-09-16,sh.600748,10.0,10.86,9.89,10.86,13258507,137633039.0,3,1.223820,1,10.0304,32.217407,2.3870880000000003,2.944805,-112.320631,0,10.733999999999998,10.582000000000015,11.524500000000007,1,1,-1,1,-1,50.249999999999964,55.08447488584455,40.58105022831079,-1,-0.7268272533063538,-0.7315070404872805,0.004679787180926764
2015-09-17,sh.600748,10.7,11.35,10.45,10.47,16343672,178482710.0,3,1.508594,1,-3.5912,31.060428,2.3013630000000003,2.839052,-108.287017,0,10.723999999999998,10.624000000000015,11.321000000000007,-1,-1,-1,1,-1,42.31365159128976,49.020075644584985,28.900803484699324,-1,-0.7111462913741065,-0.7274348906646457,0.016288599290539274
2015-09-18,sh.600748,10.65,10.76,10.21,10.28,9394393,97963556.0,3,0.867145,1,-1.8147,30.496771999999996,2.2596,2.787532,-106.321923,0,10.465999999999998,10.619000000000016,11.042000000000005,-1,-1,-1,-1,-1,43.94472361809044,45.5027917364599,40.828587381351525,-1,-0.7059131013545485,-0.7231305328026263,0.017217431448077747
2015-09-21,sh.600748,10.22,10.76,10.18,10.59,9025983,95390904.0,3,0.833139,1,3.0156,31.416421999999997,2.3277400000000004,2.8715919999999997,-109.528129,0,10.413999999999998,10.673000000000016,10.851000000000006,1,-1,-1,-1,-1,36.44040582879857,40.89959367939276,27.522030127610194,-1,-0.6690390852269239,-0.7123122432874858,0.04327315806056187
2015-09-22,sh.600748,10.55,11.0,10.55,10.81,11210990,121318366.0,3,1.034825,1,2.0774,32.069076,2.376097,2.931247,-111.803501,0,10.602,10.670000000000016,10.742000000000006,1,1,1,-1,-1,41.67209102507357,40.6857401573207,43.64479276057931,1,-0.614974951961953,-0.6928447850223792,0.07786983306042627
2015-09-23,sh.600748,10.64,11.14,10.5,10.9,11086662,120946406.0,3,1.023349,1,0.8326,32.336071000000004,2.39588,2.955652,-112.734335,0,10.61,10.672000000000017,10.702500000000006,1,1,1,-1,-1,51.640759930915415,43.251085594929016,68.42010860288822,1,-0.5584292640539328,-0.6659616808286899,0.10753241677475711
2015-09-24,sh.600748,11.0,11.17,10.62,10.85,9492675,102636515.0,3,0.876217,1,-0.4587,32.187740999999995,2.384889,2.942093,-112.217205,0,10.686,10.705000000000016,10.719000000000005,1,1,1,-1,-1,56.13126079447327,49.814703916820584,68.76437454977865,1,-0.5117518246496005,-0.635119709592872,0.12336788494327156
2015-09-25,sh.600748,10.74,10.99,10.33,10.39,8090399,86449739.0,3,0.746780,1,-4.2396,30.823099,2.283779,2.81736,-107.459609,0,10.708,10.587000000000016,10.716500000000005,-1,-1,-1,1,-1,51.249426116613144,53.007148947333775,47.73398045517189,-1,-0.5060444083111655,-0.6093046493365307,0.10326024102536524
2015-09-28,sh.600748,10.44,10.53,10.09,10.48,5694882,58585025.0,3,0.525663,1,0.8662,31.090094,2.303561,2.841764,-108.390443,0,10.686000000000002,10.550000000000017,10.685000000000004,-1,-1,-1,1,1,45.20333815200718,50.861341687697696,33.88733108062614,-1,-0.48862641080030045,-0.5851690016292846,0.0965425908289842
2015-09-29,sh.600748,10.2,10.38,10.02,10.08,4819127,49107370.0,3,0.444827,1,-3.8168,29.903449,2.215639,2.7333,-104.253403,0,10.540000000000001,10.571000000000016,10.592000000000004,-1,-1,-1,-1,-1,28.054247809570786,41.50233735939687,1.1580687099186235,-1,-0.501320271316855,-0.5683992555667987,0.06707898424994374
2015-09-30,sh.600748,10.19,10.27,10.05,10.12,3387505,34435616.0,3,0.312682,1,0.3968,30.022114000000002,2.224431,2.7441459999999998,-104.667107,0,10.384,10.497000000000018,10.539500000000006,-1,-1,-1,-1,-1,17.872629757837128,30.376738573138198,-7.135587872765015,-1,-0.5023616689145349,-0.5551917382363459,0.052830069321811
2015-10-08,sh.600748,10.67,10.75,10.51,10.62,7424194,78962486.0,3,0.685286,1,4.9407,31.50542,2.334334,2.879727,-109.838407,0,10.338,10.512000000000018,10.568000000000005,1,1,1,-1,-1,21.793614470959998,22.57349734612247,20.23384872063506,-1,-0.4575666195233765,-0.535666714493752,0.07810009497037551
2015-10-09,sh.600748,10.64,10.98,10.55,10.91,7281528,78490038.0,3,0.672118,1,2.7307,32.365737,2.398078,2.9583630000000003,-112.837761,0,10.441999999999998,10.575000000000017,10.597000000000005,1,1,1,-1,-1,46.08695652173912,28.58440025017858,81.0920690648602,1,-0.39412244556137566,-0.5073578607072767,0.11323541514590107
2015-10-12,sh.600748,11.03,11.57,10.9,11.22,36508792,405339824.0,3,3.369926,1,2.8414,33.285387,2.466217,3.042423,-116.043966,0,10.589999999999998,10.638000000000016,10.655500000000004,1,1,1,-1,-1,68.99485741000468,45.625142800901095,115.73428662821188,1,-0.3151947030491389,-0.46892522917564916,0.15373052612651028
2015-10-13,sh.600748,11.0,11.41,10.97,11.38,18349540,205610036.0,3,1.693745,1,1.426,33.760045,2.501386,3.085809,-117.698782,0,10.849999999999998,10.695000000000016,10.682500000000003,1,1,1,1,1,80.85086489013561,65.31089294062629,111.93080878915427,1,-0.23700123295494535,-0.4225404299315084,0.18553919697656307
2015-10-14,sh.600748,11.25,11.47,10.97,11.0,13396603,150081063.0,3,1.236567,1,-3.3392,32.632732,2.4178599999999997,2.982768,-113.768595,0,11.026,10.705000000000016,10.688500000000003,-1,1,1,1,1,76.12903225806454,75.3249181860681,77.73726040205742,1,-0.20335106427197402,-0.3787025567996015,0.1753514925276275
2015-10-15,sh.600748,10.95,11.45,10.9,11.38,13741069,155118391.0,3,1.268362,1,3.4545,33.760045,2.501386,3.085809,-117.698782,0,11.178,10.758000000000015,10.731500000000002,1,1,1,1,1,79.5698924731183,78.84992987377264,81.00981767180963,1,-0.14435619063976546,-0.3318332835676343,0.18747709292786885
2015-10-16,sh.600748,11.5,12.06,11.45,11.81,26511763,311820336.0,3,2.447155,1,3.7786,35.035688,2.595903,3.202408,-122.146100,0,11.358,10.900000000000016,10.743500000000003,1,1,1,1,1,79.5709466582332,78.42329046313849,81.86625904842262,1,-0.0621880567041071,-0.2779042381949289,0.21571618149082178
2015-10-19,sh.600748,11.88,12.42,11.59,11.89,22830061,273570672.0,3,2.107317,1,0.6774,35.273016999999996,2.613487,3.2241009999999997,-122.973508,0,11.492,11.041000000000015,10.795500000000004,1,1,1,1,1,84.37472144159149,81.17185352431414,90.7804572761462,1,0.009279148592538533,-0.2204675608374354,0.22974670942997394
2015-10-20,sh.600748,11.89,12.16,11.76,11.88,17276346,206129031.0,3,1.594684,1,-0.0841,35.243351000000004,2.6112889999999997,3.221389,-122.870082,0,11.592000000000002,11.221000000000014,10.896000000000004,1,1,1,1,1,79.03665917733433,80.99410909238615,75.12175934723066,-1,0.06436850717432563,-0.1635003472350832,0.22786885440940882
2015-10-21,sh.600748,11.92,12.12,10.9,10.98,21066656,245524886.0,3,1.944547,1,-7.5758,32.5734,2.413464,2.977344,-113.561743,0,11.588000000000003,11.307000000000015,10.902000000000003,-1,-1,1,1,1,57.45317729973481,73.62151930622002,25.11649328676438,-1,0.03500126951419524,-0.12380002388522751,0.15880129339942275
2015-10-22,sh.600748,11.04,11.5,11.0,11.38,17346282,195237269.0,3,1.601140,1,3.643,33.760045,2.501386,3.085809,-117.698782,0,11.588000000000003,11.383000000000013,10.947500000000002,-1,-1,1,1,1,42.10044948864591,59.53009532190483,7.241157822128059,-1,0.04350270702247805,-0.09033947770368639,0.13384218472616444
2015-10-23,sh.600748,11.53,12.42,11.4,12.28,43724607,527525600.0,3,4.035978,1,7.9086,36.429996,2.699211,3.329853,-127.007122,0,11.682000000000002,11.520000000000014,11.047500000000003,1,1,1,1,1,48.45435781968289,49.33599486935435,46.691083720339975,-1,0.12146249188483793,-0.04797908378598152,0.16944157567081947
2015-10-26,sh.600748,12.4,12.5,12.1,12.37,32259726,397466448.0,3,2.977718,1,0.7329,36.696991,2.718994,3.354258,-127.937956,0,11.778000000000002,11.635000000000016,11.136500000000002,1,1,1,1,1,71.4144736842105,53.98976033084625,106.263900390939,1,0.18833739464725774,-0.0007157880993336613,0.18905318274659139
2015-10-27,sh.600748,12.2,12.23,11.6,12.09,17094038,204793747.0,3,1.577857,1,-2.2635,35.86634,2.657448,3.2783330000000004,-125.042028,0,11.820000000000002,11.706000000000016,11.200500000000002,1,1,1,1,1,85.67982456140346,68.5162186884321,120.0070363073462,1,0.21624978405203343,0.042677326330939756,0.17357245772109367
2015-10-28,sh.600748,12.08,12.38,11.41,11.52,18263500,217237909.0,3,1.685803,1,-4.7146,35.008592,2.584961,3.035532,20.283515,0,11.928,11.758000000000015,11.231500000000002,-1,-1,1,1,1,68.3333333333333,75.14254385964891,54.714912280702066,-1,0.1901839947360937,0.07217866001197054,0.11800533472412317
2015-10-29,sh.600748,11.65,11.95,11.52,11.68,12163878,142783328.0,3,1.122781,1,1.3889,35.494823,2.620863,3.077692,20.565231,0,11.988,11.788000000000016,11.273000000000003,-1,-1,1,1,1,53.95833333333331,69.3238304093565,23.227339181286908,-1,0.18035827382205483,0.0938145827739874,0.08654369104806743
2015-10-30,sh.600748,11.75,12.07,11.62,11.83,12184846,144692396.0,3,1.124716,1,1.2842,35.950664,2.654521,3.1172169999999997,20.829339,0,11.898,11.790000000000017,11.345000000000002,-1,1,1,1,1,48.541666666666636,56.94444444444423,31.736111111111455,-1,0.18257050645268613,0.11156576750972715,0.07100473894295899
2015-11-02,sh.600748,11.71,12.05,11.58,11.63,8453863,100017583.0,3,0.780330,1,-1.6906,35.342876000000004,2.609644,3.064517,20.477195,0,11.75,11.764000000000015,11.402500000000003,-1,-1,1,-1,1,50.833333333333336,51.11111111111091,50.277777777778184,-1,0.1662687456196732,0.12250636313171635,0.043762382487956844
2015-11-03,sh.600748,11.56,11.82,11.37,11.41,11304931,130863878.0,3,1.043496,1,-1.8917,34.674309,2.560278,3.0065470000000003,20.089836,0,11.613999999999999,11.717000000000017,11.469000000000003,-1,-1,-1,-1,1,43.69444444444446,47.68981481481462,35.703703703704136,-1,0.13405205270925258,0.1248155010472236,0.009236551662028983
2015-11-04,sh.600748,11.5,12.05,11.45,12.01,17321988,204960299.0,3,1.598897,1,5.2585,36.497673,2.6949110000000003,3.164648,21.146269,0,11.712,11.820000000000016,11.563500000000001,1,1,1,-1,1,43.1985004916421,45.90875942313978,37.77798262864674,-1,0.15514664313317716,0.13088172946441431,0.02426491366876285
2015-11-05,sh.600748,12.0,12.89,11.95,12.36,28748821,355373584.0,3,2.653645,1,2.9142,37.561302000000005,2.773448,3.256873,21.762522,0,11.847999999999999,11.918000000000017,11.650500000000003,1,1,1,-1,1,49.700693474098216,45.53121280339474,58.03965481550517,1,0.19782591889969225,0.1442705673514699,0.05355535154822236
2015-11-06,sh.600748,12.36,12.55,12.3,12.48,18453382,228942736.0,3,1.703330,1,0.9709,37.925975,2.800374,3.288493,21.973808,0,11.978,11.938000000000017,11.729000000000003,1,1,1,1,1,64.931687626145,52.61029386396158,89.57447515051187,1,0.2385823210654845,0.16313291809427283,0.07544940297121167
2015-11-09,sh.600748,12.5,13.73,12.48,13.28,32646367,430517040.0,3,3.013406,1,6.4103,40.357127,2.979885,3.4992940000000003,23.382386,0,12.308,12.029000000000016,11.832000000000003,1,1,1,1,1,73.03003270889086,62.554137936377835,93.98182225391689,1,0.3316127521518961,0.19682888490579747,0.13478386724609864
2015-11-10,sh.600748,13.01,13.36,13.01,13.16,16411230,216397736.0,3,1.514830,1,-0.9036,39.992453999999995,2.952959,3.4676739999999997,23.171099,0,12.657999999999998,12.136000000000015,11.921000000000003,1,1,1,1,1,76.6019922688076,71.5212375346143,86.76350173719422,1,0.391148129759177,0.23569273387647338,0.15545539588270363
2015-11-11,sh.600748,13.13,13.65,13.03,13.57,14663669,194929751.0,3,1.353523,1,3.1155,41.23842,3.0449580000000003,3.575709,23.892995,0,12.969999999999999,12.341000000000017,12.049500000000002,1,1,1,1,1,83.33333333333331,77.6551194370104,94.68976112597915,1,0.4660416805368559,0.2817625232085499,0.18427915732830602
2015-11-12,sh.600748,13.58,13.8,12.93,13.1,20124395,267619608.0,3,1.857572,1,-3.4635,39.810118,2.939495,3.451864,23.065456,0,13.117999999999999,12.483000000000015,12.135500000000002,-1,1,1,1,1,80.08707074934317,80.00746545049451,80.24628134704048,1,0.4819150701143897,0.32179303258971786,0.16012203752467186
2015-11-13,sh.600748,13.05,13.26,12.75,12.86,12148037,157428814.0,3,1.121318,1,-1.8321,39.080771999999996,2.885642,3.3886230000000004,22.642883,0,13.193999999999997,12.586000000000016,12.188000000000002,-1,1,1,1,1,75.24354234963145,79.55464881076911,66.62132942735613,-1,0.4697142776738339,0.3513772816065411,0.11833699606729281
2015-11-16,sh.600748,12.62,13.18,12.5,13.14,9992583,129161241.0,3,0.922360,1,2.1773,39.931676,2.948471,3.4624040000000003,23.135885,0,13.165999999999997,12.737000000000016,12.250500000000002,-1,1,1,1,1,68.14172722762162,74.49078010886522,55.443621465134385,-1,0.4771385653323854,0.37652953835170994,0.10060902698067548
2015-11-17,sh.600748,13.39,13.68,12.94,13.0,16021410,212991833.0,3,1.478848,1,-1.0655,39.506223999999996,2.917056,3.4255139999999997,22.889384,0,13.133999999999997,12.896000000000015,12.306500000000003,-1,1,1,1,1,63.32950760058717,68.90492572594654,52.17867134986844,-1,0.4663497472263227,0.3944935801266325,0.07185616709969023
2015-11-18,sh.600748,13.01,13.71,12.95,13.0,21779298,290048224.0,3,2.010327,1,0.0,39.506223999999996,2.917056,3.4255139999999997,22.889384,0,13.02,12.995000000000015,12.407500000000002,-1,1,1,1,1,58.446105680148214,63.305780169452134,48.72675670154038,-1,0.45258244247397883,0.40611135259610176,0.04647108987787707
2015-11-19,sh.600748,12.91,13.39,12.78,13.2,11890954,154818262.0,3,1.097588,1,1.5385,40.114012,2.961934,3.478214,23.241528,0,13.039999999999997,13.079000000000017,12.498500000000003,1,1,1,-1,1,52.6562926562926,58.14396864567579,41.68094067752621,-1,0.4525928738791336,0.41540765685270814,0.037185217026425466
2015-11-20,sh.600748,13.43,13.69,13.2,13.49,20851150,280044976.0,3,1.924655,1,2.197,40.995305,3.027007,3.5546290000000003,23.752137,0,13.165999999999997,13.180000000000016,12.559000000000003,1,1,1,-1,1,59.12198912198905,56.74146248614309,63.88304239368097,1,0.4705771962178833,0.4264415647257432,0.044135631492140115
2015-11-23,sh.600748,13.57,13.68,13.28,13.38,13003860,175630004.0,3,1.200315,1,-0.8154,40.661021000000005,3.002324,3.5256440000000002,23.558458,0,13.213999999999995,13.190000000000015,12.609500000000002,1,1,1,1,1,66.13053613053609,59.30293930293905,79.78572978573015,1,0.47052984538678544,0.43525922085795166,0.03527062452883378
2015-11-24,sh.600748,13.3,13.42,12.9,13.17,8976335,117928607.0,3,0.828556,1,-1.5695,40.022844,2.955203,3.470309,23.188706,0,13.247999999999996,13.191000000000013,12.663500000000003,-1,-1,1,1,1,65.1282051282051,63.46024346024321,68.46412846412888,1,0.44837844692496454,0.43788306607135424,0.010495380853610292
2015-11-25,sh.600748,13.21,13.32,13.01,13.25,12474984,164192151.0,3,1.151497,1,0.6074,40.265959,2.973154,3.491389,23.329564,0,13.297999999999996,13.159000000000015,12.750000000000002,-1,1,1,1,1,60.4047467683831,63.88782934237455,53.4385816204002,-1,0.4322954031508903,0.43676553348726144,-0.004470130336371114
2015-11-26,sh.600748,13.3,13.97,13.13,13.94,26638703,361164416.0,3,2.458872,1,5.2075,42.362828,3.127982,3.6732050000000003,24.544462,0,13.445999999999994,13.243000000000015,12.863000000000003,1,1,1,1,1,70.4937054287703,65.34221910845262,80.79667806940566,1,0.46981101953130455,0.4433746306960701,0.02643638883523447
2015-11-27,sh.600748,14.0,14.0,12.62,13.09,21131547,282950112.0,3,1.950537,1,-6.0976,39.779728999999996,2.937251,3.449229,23.047849,0,13.365999999999994,13.266000000000014,12.926000000000002,-1,-1,1,1,1,64.66687525411406,65.18844248375562,63.62374079483092,-1,0.42604335692870876,0.4399083759425978,-0.013865019013889035
2015-11-30,sh.600748,12.88,13.45,12.53,13.25,12204139,160027756.0,3,1.126497,1,1.2223,40.265959,2.973154,3.491389,23.329564,0,13.339999999999993,13.277000000000015,13.007000000000001,-1,-1,1,1,1,60.332248841565594,65.16427650814978,50.66819350839722,-1,0.3996607909930141,0.43185885895268106,-0.032198067959666954
2015-12-01,sh.600748,13.25,14.34,12.8,13.94,24602075,337355040.0,3,2.270882,1,5.2075,42.362828,3.127982,3.6732050000000003,24.544462,0,13.493999999999991,13.371000000000015,13.133500000000003,1,1,1,1,1,53.6460384458051,59.548387513828054,41.84134030975919,-1,0.4294788855904841,0.43138286428024164,-0.0019039786897575572
2015-12-02,sh.600748,13.73,14.32,13.38,13.69,24106607,331865408.0,3,2.225148,1,-1.7934,41.603093,3.071885,3.607329,24.104282,0,13.58199999999999,13.440000000000015,13.217500000000005,1,1,1,1,1,63.65618070432592,59.211489330565335,72.54556345184709,1,0.42800327439943686,0.4307069463040807,-0.002703671904643823
2015-12-03,sh.600748,13.67,14.35,13.5,14.32,25022932,352046096.0,3,2.309729,1,4.6019,43.517625,3.21325,3.773335,25.213537,0,13.657999999999992,13.552000000000016,13.315500000000004,1,1,1,1,1,80.1135328759638,65.80525067536473,108.73009727716192,1,0.4722260488292491,0.4390107668091144,0.03321528202013474
2015-12-04,sh.600748,14.04,14.2,13.82,13.97,16125314,225604149.0,3,1.488439,1,-2.4441,42.453996000000004,3.134714,3.68111,24.597284,0,13.833999999999993,13.600000000000017,13.390000000000004,1,1,1,1,1,80.52030842086093,74.76334066705,92.03424392848277,1,0.47357180031893975,0.44592297351107946,0.027648826807860294
2015-12-07,sh.600748,13.93,14.07,13.61,13.83,12870131,177071223.0,3,1.187971,1,-1.0021,42.028544000000004,3.1032990000000003,3.644219,24.350783,0,13.949999999999992,13.64500000000002,13.417500000000004,-1,1,1,1,1,82.96703296703299,81.2002914212857,86.50051605852758,1,0.4580612432203335,0.44835062745293025,0.00971061576740323
2015-12-08,sh.600748,13.7,13.75,13.1,13.26,10364624,139020347.0,3,0.956701,1,-4.1215,40.296349,2.9753979999999998,3.4940239999999996,23.347171,0,13.813999999999993,13.65400000000002,13.422500000000005,-1,-1,-1,1,1,63.553113553113576,75.68015164700229,39.29903736533615,-1,0.395218940727462,0.4377242901078366,-0.04250534938037459
2015-12-09,sh.600748,13.23,13.35,12.94,13.05,15151967,198622878.0,3,1.398595,1,-1.5837,39.658171,2.928276,3.438689,22.977420,0,13.685999999999993,13.63400000000002,13.396500000000007,-1,-1,-1,1,1,46.703296703296736,64.40781440781423,11.294261294261759,-1,0.32472746224185123,0.4151249245346395,-0.09039746229278828
2015-12-10,sh.600748,13.05,13.42,12.85,13.08,12629492,166649123.0,3,1.165759,1,0.2299,39.749339,2.9350080000000003,3.446594,23.030242,0,13.437999999999994,13.548000000000021,13.395500000000007,-1,-1,-1,-1,1,32.967032967033006,47.741147741147564,3.41880341880389,-1,0.2681916604398271,0.38573827171567704,-0.11754661127584992
2015-12-11,sh.600748,13.01,13.16,12.77,13.14,8150677,105499375.0,3,0.752344,1,0.4587,39.931676,2.948471,3.4624040000000003,23.135885,0,13.271999999999995,13.55300000000002,13.409500000000005,-1,-1,-1,-1,-1,27.402976770065433,35.69110214679819,10.82672601659992,-1,0.2256272383961928,0.3537160650517802,-0.1280888266555874
2015-12-14,sh.600748,13.14,13.48,12.91,13.41,8278054,110041081.0,3,0.764102,1,2.0548,40.75219,3.009056,3.533549,23.611280,0,13.187999999999994,13.56900000000002,13.423000000000007,1,-1,-1,-1,-1,31.381276950897245,30.583762229331693,32.97630639402835,1,0.21124625544580944,0.3252221031305861,-0.11397584768477664
2015-12-15,sh.600748,13.47,13.76,13.34,13.41,11514533,156010042.0,3,1.062843,1,0.0,40.75219,3.009056,3.533549,23.611280,0,13.217999999999995,13.51600000000002,13.443500000000009,1,-1,-1,-1,-1,34.81012658227852,31.198126767746867,42.034126211341835,1,0.1975717388271807,0.299692030269905,-0.10212029144272428
2015-12-16,sh.600748,13.52,13.62,13.25,13.34,6895571,92632125.0,3,0.636492,1,-0.522,40.539464,2.9933490000000003,3.515104,23.488029,0,13.275999999999996,13.48100000000002,13.460500000000007,1,-1,-1,-1,-1,40.29093269599602,35.494112076390394,49.88457393520727,1,0.17902251083449805,0.2755581263828236,-0.09653561554832557
2015-12-17,sh.600748,13.41,13.93,13.37,13.79,13236250,181642236.0,3,1.221765,1,3.3733,41.906987,3.0943240000000003,3.633679,24.280354,0,13.417999999999996,13.42800000000002,13.490000000000009,1,1,1,-1,-1,52.942669145200796,42.68124280782491,73.46552181995257,1,0.19834693322388297,0.2601158877510355,-0.06176895452715253
2015-12-18,sh.600748,13.79,14.31,13.63,13.89,19562720,274264128.0,3,1.805727,1,0.7252,42.210881,3.116763,3.6600300000000003,24.456426,0,13.567999999999994,13.420000000000021,13.510000000000009,1,1,1,1,1,63.68298368298368,52.30552850805997,86.4378940328311,1,0.21920399426144854,0.2519335090531181,-0.03272951479166958
2015-12-21,sh.600748,13.97,14.29,13.82,14.25,17387516,244221548.0,3,1.604946,1,2.5918,43.304899,3.197543,3.75489,25.090286,0,13.735999999999995,13.462000000000023,13.553500000000009,1,1,1,1,1,82.4309024309024,66.3521850863621,114.58833711998304,1,0.26176489400015157,0.25389978604252483,0.007865107957626738
2015-12-22,sh.600748,14.58,14.88,14.18,14.67,21529172,315422384.0,3,1.987239,1,2.9474,44.581254,3.291786,3.86556,25.829789,0,13.987999999999996,13.603000000000023,13.628500000000008,1,1,1,1,1,86.29285406536592,77.46891339308381,103.94073540993011,1,0.3256315260575384,0.26824613404552755,0.05738539201201087
2015-12-23,sh.600748,14.75,14.75,14.21,14.5,12115514,175123575.0,3,1.118316,1,-1.1588,44.064634000000005,3.2536400000000003,3.820765,25.530467,0,14.219999999999995,13.748000000000024,13.691000000000008,1,1,1,1,1,89.38060359861306,86.0347866982936,96.072237399252,1,0.3583973315035518,0.2862763735371324,0.07212095796641937
2015-12-24,sh.600748,14.45,14.46,13.9,14.16,8621966,121808689.0,3,0.795846,1,-2.3448,43.031395,3.177348,3.731175,24.931821,0,14.293999999999997,13.856000000000027,13.702000000000009,-1,1,1,1,1,78.4965637805631,84.72334048151383,66.04301037866162,-1,0.35286173939996246,0.29959344670969845,0.05326829269026401
2015-12-25,sh.600748,14.23,14.4,14.1,14.27,6254946,89177327.0,3,0.577360,1,0.7768,43.365678,3.2020299999999997,3.76016,25.125501,0,14.369999999999996,13.969000000000026,13.76100000000001,-1,1,1,1,1,69.33966169777493,79.07227635898352,49.87443237535774,-1,0.35327844941111053,0.3103304472499809,0.04294800216112965
2015-12-28,sh.600748,14.36,14.37,13.5,13.81,14307038,198861096.0,3,1.320604,1,-3.2235,41.967766,3.0988119999999997,3.6389489999999998,24.315568,0,14.281999999999996,14.009000000000025,13.78900000000001,-1,-1,1,1,1,53.46143066238983,67.09921871357578,26.18585456001793,-1,0.31288380968296536,0.3108411197365778,0.002042689946387566
2015-12-29,sh.600748,13.66,13.87,13.58,13.8,6868019,94340873.0,3,0.633949,1,-0.0724,41.937376,3.096568,3.636314,24.297961,0,14.107999999999995,14.048000000000027,13.78200000000001,-1,-1,1,1,1,41.80311217649213,54.86806817888546,15.67320017170546,-1,0.27687223941524053,0.30404734367231034,-0.027175104257069815
2015-12-30,sh.600748,13.8,13.95,13.42,13.53,11723283,159202329.0,3,1.082112,1,-1.9565,41.116862,3.0359830000000003,3.565169,23.822566,0,13.913999999999996,14.067000000000027,13.77400000000001,-1,-1,-1,-1,1,23.455631996084815,39.57339161165542,-8.779887235056393,-1,0.2239643454514635,0.288030744028141,-0.06406639857667751
2015-12-31,sh.600748,13.53,13.69,13.4,13.42,5801175,78485273.0,3,0.535475,1,-0.813,40.782579,3.0113,3.5361839999999995,23.628887,0,13.765999999999996,14.030000000000026,13.72900000000001,-1,-1,-1,-1,1,12.45413970624895,25.904294626275128,-14.446170133803406,-1,0.1711850627681457,0.26466160777614195,-0.09347654500799624
2016-01-04,sh.600748,13.31,13.47,12.08,12.08,7761893,100055762.0,3,0.716458,1,-9.9851,36.710399,2.710619,3.183093,21.269520,0,13.327999999999998,13.849000000000027,13.634500000000008,-1,-1,-1,-1,-1,2.9618659755646006,12.957212559299284,-17.028827191904767,-1,0.020988359095824194,0.2159269580400784,-0.1949385989442542
2016-01-05,sh.600748,11.5,12.15,10.87,12.1,12216174,141502608.0,3,1.127608,1,0.1656,36.771178000000006,2.715106,3.1883630000000003,21.304734,0,12.985999999999995,13.634000000000025,13.54800000000001,-1,-1,-1,-1,-1,11.017460759728811,8.811155480513948,15.430071318158536,1,-0.09533086297332716,0.15367539383739728,-0.24900625681072444
2016-01-06,sh.600748,11.78,12.32,11.72,12.3,8453872,102261777.0,3,0.780330,1,1.6529,37.378966,2.759984,3.241063,21.656878,0,12.685999999999996,13.397000000000025,13.50000000000001,-1,-1,-1,-1,-1,23.844633336205025,12.607986690499308,46.31792662761646,1,-0.16942334906199719,0.0890556452575184,-0.2584789943195156
2016-01-07,sh.600748,12.13,12.13,11.08,11.11,1577696,18277899.0,3,0.145628,1,-9.6748,33.762627,2.492961,2.9274970000000002,19.561620,0,12.201999999999995,13.058000000000026,13.403000000000011,-1,-1,-1,-1,-1,26.110922288046385,20.324338794659905,37.68408927481935,1,-0.32047104216210087,0.00715030777359453,-0.3276213499356954
2016-01-08,sh.600748,11.0,11.5,10.6,11.28,14550550,162869541.0,3,1.343081,1,1.5302,34.279247,2.531107,2.972292,19.860942,0,11.773999999999996,12.770000000000028,13.313000000000011,-1,-1,-1,-1,-1,21.556290404939563,23.837282009730156,16.99430719535838,-1,-0.42159990664609026,-0.07859973511034243,-0.3430001715357478
2016-01-11,sh.600748,11.01,11.48,10.15,10.77,13366465,142404501.0,3,1.233785,1,-4.5213,32.729387,2.4166689999999997,2.8379060000000003,18.962974,0,11.511999999999995,12.420000000000027,13.19450000000001,-1,-1,-1,-1,-1,13.717263869240972,20.461492187408805,0.2288072329053037,-1,-0.5367111263227624,-0.17022201335282644,-0.36648911296993597
2016-01-12,sh.600748,10.47,10.75,10.2,10.59,10797958,113678590.0,3,0.996700,1,-1.6713,32.182378,2.3762790000000003,2.790476,18.646044,0,11.209999999999994,12.098000000000027,13.05350000000001,-1,-1,-1,-1,-1,15.310624040206624,16.861392771462217,12.209086577695437,-1,-0.6351405875928311,-0.2632057282008274,-0.3719348593920037
2016-01-13,sh.600748,10.65,10.84,10.24,10.65,8344807,88501214.0,3,0.770263,1,0.5666,32.364714,2.389742,2.806286,18.751687,0,10.879999999999994,11.783000000000028,12.915500000000012,-1,-1,-1,-1,-1,14.00634354247201,14.344743817306366,13.329542992803297,-1,-0.7002332927178951,-0.3506112411042409,-0.34962205161365423
2016-01-14,sh.600748,10.28,11.19,10.2,11.1,11670388,125049722.0,3,1.077229,1,4.2254,33.732237,2.4907169999999996,2.924862,19.544012,0,10.877999999999995,11.540000000000028,12.80350000000001,1,-1,-1,-1,-1,18.105899661685704,15.807622414787943,22.702454155481227,1,-0.7073545483831971,-0.42195990256003213,-0.285394645823165
2016-01-15,sh.600748,11.05,11.58,10.51,11.38,18269119,201498368.0,3,1.686322,1,2.5225,34.583141,2.553546,2.998642,20.037014,0,10.897999999999994,11.336000000000027,12.68300000000001,1,1,-1,-1,-1,33.140259755468556,21.750834319875253,55.91911062665517,1,-0.6825366769143244,-0.4740752574308906,-0.20846141948343383
2016-01-18,sh.600748,10.91,11.49,10.88,11.35,10824718,121012685.0,3,0.999170,1,-0.2636,34.491973,2.546815,2.9907369999999998,19.984193,0,11.013999999999994,11.263000000000027,12.55600000000001,1,1,-1,-1,-1,46.865341550533934,32.70383365589589,75.18835733981001,1,-0.6577074422658988,-0.5108016943978922,-0.1469057478680066
2016-01-19,sh.600748,11.34,11.96,11.3,11.74,12731492,149085298.0,3,1.175174,1,3.4361,35.677159,2.6343259999999997,3.093502,20.670874,0,11.243999999999996,11.227000000000027,12.430500000000011,1,1,-1,1,-1,64.09486570776893,48.03348900459031,96.2176191141262,1,-0.5996479855782031,-0.5285709526339544,-0.07107703294424872
2016-01-20,sh.600748,11.58,11.8,11.3,11.38,10718243,123526140.0,3,0.989342,1,-3.0664,34.583141,2.553546,2.998642,20.037014,0,11.389999999999997,11.135000000000026,12.26600000000001,-1,1,-1,1,-1,67.85279019283652,59.604332483712966,84.34970561108364,1,-0.5760441607023381,-0.5380655942476311,-0.037978566454706986
2016-01-21,sh.600748,11.25,11.38,10.7,10.74,8989106,99400691.0,3,0.829735,1,-5.6239,32.638219,2.4099369999999998,2.8300009999999998,18.910152,0,11.317999999999996,11.098000000000026,12.078000000000012,-1,-1,-1,1,-1,60.2851721636252,64.07760935474339,52.70029778138883,-1,-0.6020406607488553,-0.5508606075478759,-0.0511800532009794
2016-01-22,sh.600748,10.85,11.18,10.37,11.1,12889091,138781059.0,3,1.189721,1,3.352,44.179227000000004,3.262101,3.8307010000000004,25.596860,0,11.261999999999997,11.080000000000025,11.925000000000011,-1,1,-1,1,-1,50.562949941402984,59.56697076595474,32.55490829229946,-1,-0.5868294780417234,-0.5580543816466454,-0.028775096395077915
2016-01-25,sh.600748,11.3,11.35,10.95,11.14,10878387,121035985.0,3,1.004124,1,0.3604,44.338431,3.2738560000000003,3.844506,25.689101,0,11.219999999999995,11.117000000000026,11.768500000000012,-1,1,-1,1,-1,45.71404654277583,52.18738954926784,32.767360529791816,-1,-0.5650334861424984,-0.559450202545816,-0.005583283596682365
2016-01-26,sh.600748,10.9,10.95,10.03,10.03,10761239,112798729.0,3,0.993311,1,-9.9641,39.920508,2.9476459999999998,3.461435,23.129415,0,10.877999999999997,11.061000000000025,11.579500000000012,-1,-1,-1,-1,-1,34.848484848484865,43.7084937775544,17.128466990345785,-1,-0.6300647348124215,-0.5735731089991372,-0.056491625813284374
2016-01-27,sh.600748,9.98,10.09,9.03,9.41,16368927,153820628.0,3,1.510926,1,-6.1815,37.45284,2.7654389999999998,3.247468,21.699680,0,10.483999999999995,10.937000000000024,11.36000000000001,-1,-1,-1,-1,-1,22.126124728513833,34.229552039924684,-2.080729894307865,-1,-0.7232936078750409,-0.6035172087743179,-0.11977639910072302
2016-01-28,sh.600748,9.28,9.45,8.77,8.81,7564396,69389457.0,3,0.698228,1,-6.3762,35.064774,2.589109,3.040403,20.316066,0,10.097999999999995,10.708000000000025,11.124000000000011,-1,-1,-1,-1,-1,4.741067257249467,20.57189227808256,-26.920582784416723,-1,-0.8359567579055831,-0.650005118600571,-0.18595163930501213
2016-01-29,sh.600748,8.9,9.38,8.79,9.18,11550793,105047398.0,3,1.066190,1,4.1998,36.537414,2.6978459999999997,3.168093,21.169295,0,9.713999999999995,10.488000000000024,10.912000000000011,-1,-1,-1,-1,-1,9.025288782850303,11.964160256204375,3.147545836142161,-1,-0.8851833653892758,-0.6970407679583119,-0.18814259743096384
2016-02-01,sh.600748,9.17,9.29,8.98,9.23,6769703,61803034.0,3,0.624874,1,0.5447,36.73642,2.71254,3.185349,21.284596,0,9.331999999999994,10.276000000000026,10.769500000000011,-1,-1,-1,-1,-1,9.762700407971861,7.843018816023718,13.602063591868147,1,-0.9096750565472789,-0.7395676256761053,-0.17010743087117353
2016-02-02,sh.600748,9.26,9.66,9.13,9.59,12169346,114972045.0,3,1.123285,1,3.9003,38.169259999999994,2.8183380000000002,3.3095879999999998,22.114764,0,9.243999999999994,10.061000000000027,10.64400000000001,1,-1,-1,-1,-1,19.81726908323018,12.868419424683955,33.71496840032263,1,-0.8897790874369118,-0.7696099180282666,-0.1201691694086452
2016-02-03,sh.600748,9.5,9.83,9.4,9.54,10186599,97841792.0,3,0.940269,1,-0.5214,37.970254,2.803644,3.292332,21.999463,0,9.269999999999994,9.877000000000027,10.50600000000001,1,-1,-1,-1,-1,25.48136797106603,18.353779154089196,39.7365456050197,1,-0.8680397488183988,-0.789295884186293,-0.07874386463210581
2016-02-04,sh.600748,9.52,9.75,9.52,9.61,8314067,79974258.0,3,0.767426,1,0.7337,38.248862,2.824215,3.31649,22.160885,0,9.429999999999994,9.764000000000028,10.431000000000012,1,-1,-1,-1,-1,31.273575098755533,25.524070717683752,42.7725838608991,1,-0.8355312670082427,-0.798542960750683,-0.03698830625755967
2016-02-05,sh.600748,9.69,9.8,9.41,9.47,5789760,55533558.0,3,0.534421,1,-1.4568,37.691646,2.783072,3.268175,21.838042,0,9.487999999999994,9.601000000000028,10.340500000000011,-1,-1,-1,-1,-1,31.50439750610438,29.41978019197515,35.67363213436283,1,-0.8117080260799625,-0.8011759738165389,-0.010532052263423575
2016-02-15,sh.600748,9.15,9.4,9.04,9.31,6736785,61881538.0,3,0.621836,1,-1.6895,37.054829,2.736051,3.212958,21.469078,0,9.503999999999994,9.418000000000028,10.26750000000001,-1,-1,-1,1,-1,35.19244072903135,32.656804444630254,40.26371329783353,1,-0.7965563925768375,-0.8002520575685986,0.003695664991761105
2016-02-16,sh.600748,9.35,9.73,9.35,9.66,10072833,96608953.0,3,0.929768,1,3.7594,38.447866999999995,2.83891,3.3337449999999995,22.276186,0,9.517999999999992,9.381000000000027,10.22100000000001,1,1,-1,1,-1,52.32714893438458,39.67466238983994,77.63212202347387,1,-0.747687660999441,-0.7897391782547671,0.04205151725532619
2016-02-17,sh.600748,9.66,9.99,9.58,9.8,9817451,96072204.0,3,0.906195,1,1.4493,39.005083,2.8800529999999998,3.382061,22.599029,0,9.569999999999993,9.420000000000027,10.17850000000001,1,1,-1,1,-1,69.67934057556705,52.39964341299416,104.23873490071286,1,-0.6897114449658748,-0.7697336315969887,0.08002218663111393
2016-02-18,sh.600748,9.81,10.05,9.76,9.82,10543129,103813195.0,3,0.973178,1,0.2041,39.084685,2.8859310000000002,3.388963,22.645150,0,9.611999999999993,9.521000000000026,10.11450000000001,1,1,-1,1,-1,82.21120123826881,68.07256358273999,110.48847654932646,1,-0.634833082603782,-0.7427535217983474,0.1079204391945654
2016-02-19,sh.600748,9.83,9.85,9.68,9.73,6525982,63612761.0,3,0.602377,1,-0.9165,38.726475,2.859481,3.357903,22.437608,0,9.663999999999993,9.576000000000025,10.03200000000001,1,1,-1,1,-1,76.9960570823438,76.29553296539306,78.39710531624527,1,-0.5917821367918421,-0.7125592447970464,0.12077710800520425
2016-02-22,sh.600748,9.9,10.06,9.83,9.98,13193897,131315784.0,3,1.217856,1,2.5694,39.721503000000006,2.9329520000000002,3.4441800000000002,23.014113,0,9.797999999999993,9.651000000000026,9.96350000000001,1,1,1,1,-1,79.65945577515424,79.62223803192212,79.73389126161848,1,-0.5313657873746038,-0.6763205533125578,0.14495476593795398
2016-02-23,sh.600748,10.03,10.04,9.69,9.86,8170583,80575040.0,3,0.754182,1,-1.2024,39.24389,2.897686,3.402767,22.737391,0,9.837999999999994,9.678000000000026,9.869500000000011,1,1,-1,1,-1,80.28861709700384,78.98137665150047,82.90309798801056,1,-0.4875482396844646,-0.6385660905869391,0.15101785090247455
2016-02-24,sh.600748,9.89,10.85,9.86,10.85,26487101,276707808.0,3,2.444878,1,10.0406,43.184199,3.18863,3.744424,25.020354,0,10.047999999999995,9.809000000000026,9.84300000000001,1,1,1,1,1,90.8496732026144,83.59924869159067,105.35052222466186,1,-0.368687787908037,-0.5845904300511587,0.21590264214312171
2016-02-25,sh.600748,11.0,11.89,10.71,11.02,49870280,559544816.0,3,4.603251,1,1.5668,43.860818,3.2385900000000003,3.803093,25.412378,0,10.287999999999993,9.950000000000026,9.85700000000001,1,1,1,1,1,83.28861369109048,84.80896799690275,80.24790507946594,-1,-0.2578006785343909,-0.5192324797478052,0.26143180121341425
2016-02-26,sh.600748,11.12,11.7,10.55,11.36,38650676,434273920.0,3,3.567631,1,3.0853,45.214055,3.338511,3.920429,26.196426,0,10.613999999999994,10.139000000000026,9.87000000000001,1,1,1,1,1,82.86918082608098,85.66915590659512,77.26923066505267,-1,-0.14086290704752535,-0.4435585652077492,0.30269565816022387
2016-02-29,sh.600748,11.36,11.79,10.31,11.01,31467671,343917248.0,3,2.904607,1,-3.081,43.821017,3.235652,3.7996410000000003,25.389318,0,10.819999999999991,10.309000000000026,9.86350000000001,1,1,1,1,1,70.17076812766827,78.77618754827976,52.95992928644526,-1,-0.07555994754017803,-0.369958841674235,0.29439889413405695
2016-03-01,sh.600748,10.78,11.71,10.37,11.36,35574167,400426144.0,3,3.283655,1,3.1789,45.214055,3.338511,3.920429,26.196426,0,11.119999999999992,10.479000000000026,9.93000000000001,1,1,1,1,1,72.35223990666326,75.13072962013736,66.79526047971504,-1,0.004384649766604909,-0.295090143386067,0.2994747931526719
2016-03-02,sh.600748,11.2,12.4,10.88,12.19,47973610,563307888.0,3,4.428180,1,7.3063,48.517547,3.5824339999999997,4.206869,28.110425,0,11.387999999999991,10.718000000000027,10.06900000000001,1,1,1,1,1,76.73409107232636,73.08569970221915,84.03087381254082,1,0.13318016446831038,-0.20943608181519152,0.3426162462835019
2016-03-03,sh.600748,11.98,12.37,11.75,11.8,35942208,432524528.0,3,3.317627,1,-3.1993,46.965303999999996,3.4678190000000004,4.072277,27.211076,0,11.543999999999992,10.916000000000027,10.21850000000001,1,1,1,1,1,82.05242997000107,77.04625364966341,92.06478261067639,1,0.20145949747428205,-0.1272569659572968,0.32871646343157884
2016-03-04,sh.600748,11.66,11.86,11.05,11.24,24274222,279097696.0,3,2.240620,1,-4.7458,44.736442,3.3032449999999995,3.8790160000000005,25.919703,0,11.519999999999992,11.067000000000025,10.321500000000011,-1,1,1,1,1,75.7782541060705,78.18825838279916,70.95824555261319,-1,0.20798650199492208,-0.06020827236685301,0.2681947743617751
2016-03-07,sh.600748,11.41,11.57,11.0,11.29,15178944,170927196.0,3,1.401085,1,0.4448,44.935448,3.317939,3.896272,26.035004,0,11.575999999999992,11.198000000000025,10.42450000000001,-1,1,1,1,1,63.78485438397694,73.87184615334935,43.610870845232114,-1,0.21471863941713565,-0.005222890010055284,0.21994152942719092
2016-03-08,sh.600748,11.2,11.28,10.36,10.93,18508929,198469347.0,3,1.708457,1,-3.1887,43.502608,3.212141,3.772033,25.204836,0,11.489999999999991,11.305000000000025,10.491500000000011,-1,-1,1,1,1,47.71995210815991,62.42768686606897,18.3044825923418,-1,0.18882822127878818,0.03358733224771341,0.15524088903107477
2016-03-09,sh.600748,10.62,10.81,10.44,10.75,10191409,108339335.0,3,0.940713,1,-1.6468,42.786188,3.159242,3.709913,24.789751,0,11.201999999999993,11.295000000000025,10.55200000000001,-1,-1,1,-1,1,35.6723053159025,49.0590372693463,8.898841409014906,-1,0.1520328427227735,0.05727643434272543,0.09475640838004808
2016-03-10,sh.600748,10.75,10.85,10.02,10.09,10804304,112706269.0,3,0.997286,1,-6.1395,40.159315,2.965279,3.4821419999999996,23.267776,0,10.859999999999994,11.202000000000025,10.576000000000011,-1,-1,-1,-1,1,17.886293273290196,33.75951689911738,-13.860153978364167,-1,0.06882241402250422,0.05958563027868119,0.00923678374382303
2016-03-11,sh.600748,10.14,10.14,9.75,9.98,8146651,81206801.0,3,0.751972,1,-1.0902,39.721503000000006,2.9329520000000002,3.4441800000000002,23.014113,0,10.607999999999993,11.064000000000025,10.601500000000012,-1,-1,-1,-1,1,10.891017777518192,21.48320545557014,-10.293357578585706,-1,-0.005930171586225441,0.04648246990569986,-0.0524126414919253
2016-03-14,sh.600748,10.18,10.58,10.11,10.45,12003364,124653841.0,3,1.107964,1,4.7094,41.592155,3.071077,3.606381,24.097944,0,10.439999999999992,11.008000000000026,10.65850000000001,1,-1,-1,-1,-1,12.678505364409949,13.81860547173929,10.398305149751266,-1,-0.026936554367010146,0.03179866505115786,-0.058735219418168005
2016-03-15,sh.600748,10.45,10.55,10.24,10.33,6721667,69658349.0,3,0.620440,1,-1.1483,41.114540999999996,3.0358110000000003,3.564968,23.821222,0,10.319999999999991,10.905000000000026,10.69200000000001,1,-1,-1,-1,-1,19.077248067598095,14.215590403175256,28.800563396443778,1,-0.05266022686629235,0.014906886667667818,-0.06756711353396017
2016-03-16,sh.600748,10.45,10.45,10.18,10.3,7511333,77637512.0,3,0.693330,1,-0.2904,40.995138,3.026995,3.554615,23.752041,0,10.229999999999993,10.716000000000026,10.717000000000011,1,-1,-1,-1,-1,24.872949876891976,18.87623443629985,36.866380758076225,1,-0.07460714717922023,-0.0029959201017097925,-0.07161122707751044
2016-03-17,sh.600748,10.23,10.55,10.23,10.51,9089250,94780700.0,3,0.838979,1,2.0388,41.830961,3.08871,3.6270870000000004,24.236306,0,10.313999999999991,10.587000000000026,10.75150000000001,1,-1,-1,-1,-1,29.987332349765015,24.645843431418204,40.67031018645864,1,-0.07419966711465698,-0.01723666950429923,-0.056962997610357745
2016-03-18,sh.600748,10.53,10.85,10.51,10.7,13711533,147014742.0,3,1.265636,1,1.8078,42.587182,3.144548,3.692658,24.674450,0,10.457999999999993,10.533000000000026,10.800000000000011,1,1,-1,-1,-1,43.30536524570541,32.721882490787316,64.47233075554159,1,-0.05787814094310839,-0.025364963792061063,-0.03251317715104733
2016-03-21,sh.600748,10.82,11.07,10.72,11.04,12238315,133661088.0,3,1.129651,1,3.1776,43.94042,3.244468,3.809995,25.458498,0,10.575999999999992,10.508000000000028,10.853000000000012,1,1,1,1,-1,67.19233925116278,46.828345615544244,107.92032652239986,1,-0.017308533362058398,-0.02375367770606053,0.006445144344002132
2016-03-22,sh.600748,11.01,11.48,10.91,11.09,15093351,169198720.0,3,1.393184,1,0.4529,44.139425,3.259162,3.82725,25.573799,0,10.72799999999999,10.524000000000026,10.914500000000011,1,1,1,1,-1,79.09180779803017,63.1965040982993,110.88241519749192,1,0.018662623954856628,-0.015270417373877099,0.033933041328733725
2016-03-23,sh.600748,11.13,11.17,10.8,10.97,8482223,92721858.0,3,0.782947,1,-1.0821,43.661812,3.223896,3.7858370000000003,25.297077,0,10.861999999999991,10.546000000000026,10.920500000000011,1,1,1,1,-1,81.90138377999652,76.06184360972968,93.5804641205302,1,0.03705982556833831,-0.004804368785434016,0.041864194353772324
2016-03-24,sh.600748,10.85,10.88,10.6,10.61,7883020,84818166.0,3,0.727638,1,-3.2817,42.228972,3.118098,3.661598,24.466908,0,10.881999999999993,10.598000000000026,10.900000000000011,-1,1,-1,1,-1,61.49107632589346,74.1614226346399,36.15038370840057,-1,0.022333304603764148,0.0006231658924056166,0.02171013871135853
2016-03-25,sh.600748,10.61,11.05,10.58,11.02,9874782,106561653.0,3,0.911487,1,3.8643,43.860818,3.2385900000000003,3.803093,25.412378,0,10.945999999999993,10.702000000000025,10.883000000000012,1,1,1,1,1,57.210655398073676,66.86770516798774,37.89655585824556,-1,0.04324747416594832,0.009148027547114157,0.03409944661883416
2016-03-28,sh.600748,11.09,11.15,10.69,10.71,8284745,90423286.0,3,0.764719,1,-2.8131,42.626983,3.147487,3.696109,24.697511,0,10.879999999999992,10.728000000000026,10.868000000000013,-1,-1,-1,1,1,47.293655249859675,55.331795657942116,31.217374433694786,-1,0.03441102611163771,0.014200627260018868,0.020210398851618842
2016-03-29,sh.600748,10.69,10.71,10.2,10.51,8996147,93649526.0,3,0.830385,1,-1.8674,41.830961,3.08871,3.6270870000000004,24.236306,0,10.763999999999992,10.746000000000027,10.82550000000001,-1,-1,-1,1,-1,43.20112179487185,49.23514414760158,31.133077089412396,-1,0.011141318649011467,0.013588765537817387,-0.00244744688880592
2016-03-30,sh.600748,10.5,11.19,10.45,11.14,19679347,215713717.0,3,1.816492,1,5.9943,30.417283,3.3129150000000003,2.387984,-81.553244,0,10.797999999999991,10.830000000000027,10.77300000000001,1,1,1,-1,1,46.14182692307701,45.54553465593603,47.33441145735897,1,0.04303951002559714,0.019478914435373338,0.0235605955902238
2016-03-31,sh.600748,11.15,11.29,10.95,11.02,16019425,178005117.0,3,1.478665,1,-1.0772,30.089629,3.277228,2.362261,-80.674753,0,10.879999999999992,10.881000000000025,10.73400000000001,1,1,1,-1,1,53.90625000000006,47.749732905982825,66.21928418803452,1,0.05796784218644646,0.027176699985587964,0.030791142200858497
2016-04-01,sh.600748,10.95,11.26,10.82,11.19,9846170,108654335.0,3,0.908846,1,1.5426,30.553805999999998,3.327784,2.398702,-81.919282,0,10.913999999999993,10.930000000000025,10.73150000000001,1,1,1,-1,1,71.61458333333336,57.220886752136664,100.40197649572673,1,0.08256448029325014,0.0382542560471204,0.044310224246129744
2016-04-05,sh.600748,11.11,11.66,11.06,11.62,22203548,253755273.0,3,2.049487,1,3.8427,31.727903,3.4556620000000002,2.490878,-85.067208,0,11.095999999999993,10.988000000000024,10.74800000000001,1,1,1,1,1,79.55550799086758,68.35878044140019,101.94896308980239,1,0.13519643914851542,0.0576426926673994,0.07755374648111601
2016-04-06,sh.600748,11.5,11.63,11.32,11.48,12764068,146081111.0,3,1.178181,1,-1.2048,31.345639000000002,3.4140269999999995,2.460867,-84.042302,0,11.289999999999992,11.027000000000026,10.77550000000001,1,1,1,1,1,87.42508561643837,79.53172564687962,103.21180555555586,1,0.16372351301918187,0.07885885673775589,0.08486465628142598
2016-04-07,sh.600748,11.95,12.39,11.4,11.42,20510758,240602717.0,3,1.893235,1,-0.5226,31.181811,3.396184,2.4480049999999998,-83.603056,0,11.345999999999993,11.072000000000026,10.809000000000008,1,1,1,1,1,80.21308980213092,82.39789446981213,75.84348046676851,-1,0.17942166476378674,0.09897141834296205,0.08045024642082468
2016-04-08,sh.600748,11.29,11.3,10.8,11.01,10615292,117119111.0,3,0.979839,1,-3.5902,30.062324,3.274254,2.360117,-80.601546,0,11.343999999999992,11.112000000000027,10.855000000000008,-1,-1,1,1,1,60.1217656012177,75.91998033992884,28.525336123795427,-1,0.15696954245812123,0.11057104316599389,0.04639849929212733
2016-04-11,sh.600748,11.15,11.3,11.05,11.14,10135913,113216132.0,3,0.935590,1,1.1807,30.417283,3.3129150000000003,2.387984,-81.553244,0,11.333999999999993,11.124000000000027,10.913000000000007,-1,1,1,1,1,45.205479452054846,61.84677828513434,11.922881785895854,-1,0.14796039201968547,0.11804891293673221,0.02991147908295326
2016-04-12,sh.600748,11.14,11.19,10.8,10.9,8873701,96919273.0,3,0.819082,1,-2.1544,29.761974,3.241542,2.336537,-79.796262,0,11.189999999999994,11.143000000000026,10.935500000000008,-1,-1,-1,1,1,34.368184029248916,46.565143027507,9.974266032732757,-1,0.12007048336256787,0.11845322702189934,0.0016172563406685325
2016-04-13,sh.600748,10.96,11.23,10.94,11.0,17109367,189819441.0,3,1.579271,1,0.9174,30.035020000000003,3.271281,2.357974,-80.528338,0,11.093999999999994,11.192000000000025,10.969000000000008,-1,-1,1,-1,1,26.23228902336165,35.26865083488831,8.159565400308324,-1,0.10482829870684895,0.11572824135888926,-0.010899942652040306
2016-04-14,sh.600748,11.07,11.18,11.0,11.12,8628898,95739434.0,3,0.796486,1,1.0909,30.362674,3.3069669999999998,2.383697,-81.406829,0,11.033999999999994,11.190000000000026,11.010000000000009,1,-1,1,-1,1,18.633426268127696,26.411299773579263,3.077679257224567,-1,0.10126444122778899,0.11283548133266921,-0.01157104010488022
2016-04-15,sh.600748,11.13,11.33,11.1,11.22,13430997,150880934.0,3,1.239741,1,0.8993,30.635720000000003,3.336706,2.405133,-82.138905,0,11.075999999999993,11.210000000000026,11.045500000000008,1,1,1,-1,1,19.706498951781967,21.524071414423616,16.071354026498668,-1,0.10529544244815092,0.11132747355576555,-0.006032031107614633
2016-04-18,sh.600748,11.1,11.1,10.87,10.99,6458850,70746316.0,3,0.596181,1,-2.0499,30.007715,3.268307,2.35583,-80.455131,0,11.045999999999994,11.190000000000026,11.06000000000001,-1,-1,-1,-1,-1,19.49685534591195,19.27892685527372,19.932712327188405,1,0.08890610787780062,0.10684320042017256,-0.01793709254237194
2016-04-19,sh.600748,11.03,11.11,10.88,10.98,7628257,83586448.0,3,0.704122,1,-0.091,29.98041,3.265333,2.353686,-80.381923,0,11.061999999999994,11.126000000000026,11.05700000000001,-1,-1,-1,-1,1,16.56184486373168,18.58839972047505,12.508735150244938,-1,0.07425456531837682,0.10032547339981342,-0.026070908081436597
2016-04-20,sh.600748,10.98,11.02,10.09,10.38,12664096,132195780.0,3,1.168953,1,-5.4645,28.342137,3.0868990000000003,2.22507,-75.989468,0,10.937999999999995,11.016000000000025,11.021500000000009,-1,-1,-1,-1,-1,15.552512341922005,17.203737517188394,12.25006199138923,-1,0.014065982796681809,0.0830735752791871,-0.06900759248250529
2016-04-21,sh.600748,10.39,10.43,10.19,10.24,5248373,54093594.0,3,0.484448,1,-1.3488,27.959872999999998,3.045265,2.195059,-74.964562,0,10.761999999999997,10.898000000000025,10.98500000000001,-1,-1,-1,-1,-1,15.601541894907754,15.905299700186996,14.994026284349271,-1,-0.044418701319138165,0.057575119959522046,-0.10199382127866022
2016-04-22,sh.600748,10.1,10.34,10.08,10.32,3844556,39362074.0,3,0.354870,1,0.7812,28.178309000000002,3.0690560000000002,2.2122080000000004,-75.550223,0,10.581999999999997,10.829000000000025,10.97050000000001,-1,-1,-1,-1,-1,18.22795698924739,16.460670408692234,21.762530150357698,1,-0.08335207261991862,0.02938968144363391,-0.11274175406355252
2016-04-25,sh.600748,10.31,10.32,10.05,10.28,4100837,41748377.0,3,0.378526,1,-0.3876,28.069090999999997,3.0571599999999997,2.203633,-75.257392,0,10.439999999999996,10.743000000000025,10.93350000000001,-1,-1,-1,-1,-1,16.421841397849484,16.75044676066806,15.764630672212334,-1,-0.11609642822457644,0.0002924595099918388,-0.11638888773456828
2016-04-26,sh.600748,10.21,10.37,10.2,10.3,3801997,39076096.0,3,0.350941,1,0.1946,28.1237,3.063108,2.207921,-75.403808,0,10.303999999999997,10.683000000000025,10.91300000000001,-1,-1,-1,-1,-1,18.900000000000016,17.849932795698816,21.000134408602413,1,-0.1388323600718202,-0.027532504406370572,-0.11129985566544963
2016-04-27,sh.600748,10.3,10.36,10.15,10.18,3876416,39854958.0,3,0.357811,1,-1.165,27.796045,3.027421,2.182197,-74.525317,0,10.263999999999996,10.601000000000024,10.89650000000001,-1,-1,-1,-1,-1,15.885416666666652,17.069086021505235,13.518077956989487,-1,-0.1646359265040278,-0.05495318882590203,-0.10968273767812578
2016-04-28,sh.600748,10.2,10.25,9.85,10.15,4870509,48952710.0,3,0.449570,1,-0.2947,27.714132,3.0185,2.175767,-74.305694,0,10.245999999999995,10.504000000000024,10.84700000000001,-1,-1,-1,-1,-1,17.832341269841308,17.53925264550251,18.4185185185189,1,-0.18536936542950144,-0.0810364241466219,-0.10433294128287954
2016-04-29,sh.600748,10.11,10.23,10.03,10.15,2416313,24531229.0,3,0.223037,1,0.0,27.714132,3.0185,2.175767,-74.305694,0,10.211999999999994,10.397000000000025,10.80350000000001,-1,-1,-1,-1,-1,19.25843253968259,17.658730158730034,22.45783730158771,1,-0.19950104133487656,-0.10472934758427284,-0.09477169375060372
2016-05-03,sh.600748,10.15,10.5,10.13,10.45,5958722,61690203.0,3,0.550017,1,2.9557,26.595155,1.698375,2.105723,25.104510,0,10.245999999999995,10.343000000000027,10.76650000000001,1,1,-1,-1,-1,32.967032967033035,23.35260225885216,52.19589438339479,1,-0.18436772711447524,-0.12065702349031332,-0.06371070362416192
2016-05-04,sh.600748,10.4,10.56,10.4,10.45,4714623,49456766.0,3,0.435181,1,0.0,26.595155,1.698375,2.105723,25.104510,0,10.275999999999996,10.290000000000026,10.708000000000009,1,1,-1,-1,-1,53.199539115032074,35.141668207249076,89.31528093059806,1,-0.1704100851798085,-0.13060763582821236,-0.03980244935159613
2016-05-05,sh.600748,10.45,10.57,10.35,10.5,4950857,51775193.0,3,0.456986,1,0.4785,26.722403999999997,1.7065009999999998,2.115798,25.224627,0,10.339999999999996,10.302000000000026,10.65900000000001,1,1,-1,1,-1,75.3556237711167,53.840731951060455,118.38540741122917,1,-0.1535440114682629,-0.13519491095622246,-0.018349100512040445
2016-05-06,sh.600748,10.54,10.63,10.08,10.09,6913219,71456452.0,3,0.638121,1,-3.9048,25.678957999999998,1.639866,2.0331810000000003,24.239665,0,10.327999999999998,10.287000000000027,10.59250000000001,-1,-1,-1,1,-1,68.51801693350986,65.69105993988605,74.17193092075749,1,-0.1712866145550187,-0.1424132516759817,-0.028873362879036996
2016-05-09,sh.600748,10.0,10.0,9.58,9.6,6594325,64362857.0,3,0.608686,1,-4.8563,24.431912,1.560229,1.9344439999999998,23.062516,0,10.217999999999998,10.215000000000027,10.52200000000001,-1,-1,-1,1,-1,40.98392348392348,61.61918806284985,-0.28660567392925884,-1,-0.2223238492861821,-0.15839537119802177,-0.06392847808816032
2016-05-10,sh.600748,9.66,9.74,9.49,9.6,4507313,43257174.0,3,0.416045,1,0.0,24.431912,1.560229,1.9344439999999998,23.062516,0,10.047999999999998,10.147000000000025,10.44500000000001,-1,-1,-1,-1,-1,14.10770516033673,41.203215192589866,-40.08331490416954,-1,-0.2597766816335465,-0.17867163328512672,-0.08110504834841978
2016-05-11,sh.600748,9.7,9.75,9.53,9.61,4151469,40062906.0,3,0.383199,1,0.1042,24.457362,1.561855,1.936459,23.086540,0,9.879999999999999,10.078000000000026,10.380500000000008,-1,-1,-1,-1,-1,7.360066833751017,20.81723182600359,-19.554263150754124,-1,-0.28536192997824905,-0.20000969262375118,-0.08535223735449787
2016-05-12,sh.600748,9.51,9.87,9.35,9.76,4299737,41439401.0,3,0.396885,1,1.5609,24.839111,1.586233,1.9666849999999998,23.446891,0,9.731999999999998,10.036000000000026,10.318500000000009,1,-1,-1,-1,-1,17.402229532163727,12.956667175417001,26.293354245657174,1,-0.29018955269870617,-0.21804566463874217,-0.072143888059964
2016-05-13,sh.600748,9.76,10.05,9.67,9.78,4710245,46586427.0,3,0.434777,1,0.2049,24.890010999999998,1.5894840000000001,1.9707150000000002,23.494938,0,9.669999999999998,9.999000000000025,10.251500000000009,1,-1,-1,-1,-1,25.383771929824547,16.71535609857961,42.720603592314426,1,-0.28906943314694367,-0.23225041834038246,-0.05681901480656121
2016-05-16,sh.600748,9.79,9.88,9.66,9.87,4698707,45985019.0,3,0.433712,1,0.9202,25.11906,1.604111,1.98885,23.711149,0,9.723999999999998,9.971000000000025,10.184000000000008,1,-1,-1,-1,-1,35.41666666666665,26.067556042884817,54.11488791423031,1,-0.27771812086967174,-0.24134395884624033,-0.03637416202343141
2016-05-17,sh.600748,9.85,9.99,9.68,9.8,3769511,36963081.0,3,0.347943,1,-0.7092,24.940910000000002,1.592734,1.974745,23.542985,0,9.764,9.906000000000024,10.124500000000008,1,-1,-1,-1,-1,36.45833333333334,32.41959064327469,44.53581871345065,1,-0.2712438093034937,-0.247323928937691,-0.02391988036580267
2016-05-18,sh.600748,9.76,9.87,9.42,9.65,5184073,50164428.0,3,0.478513,1,-1.5306,24.559162,1.5683559999999999,1.9445189999999999,23.182633,0,9.771999999999998,9.826000000000025,10.05800000000001,-1,-1,-1,-1,-1,33.07291666666671,34.982638888888744,29.253472222222626,-1,-0.2750460574006066,-0.25286835463027413,-0.022177702770332486
2016-05-19,sh.600748,9.69,9.77,9.51,9.54,3117913,30120062.0,3,0.287797,1,-1.1399,24.279213000000002,1.550478,1.9223540000000001,22.918375,0,9.727999999999998,9.730000000000024,10.016000000000009,-1,-1,-1,-1,-1,28.578869047619076,32.703373015872884,20.329861111111455,-1,-0.2836655274778259,-0.2590277891997845,-0.024637738278041443
2016-05-20,sh.600748,9.53,9.63,9.42,9.62,2849086,27245995.0,3,0.262983,1,0.8386,24.482812,1.56348,1.9384740000000003,23.110563,0,9.695999999999998,9.683000000000025,9.98500000000001,-1,-1,-1,1,-1,29.71726190476188,30.456349206349064,28.23908730158751,-1,-0.28080425158416134,-0.26338308167665986,-0.017421169907501477
2016-05-23,sh.600748,9.62,9.83,9.62,9.76,3943536,38429909.0,3,0.364006,1,1.4553,24.839111,1.586233,1.9666849999999998,23.446891,0,9.673999999999998,9.699000000000025,9.95700000000001,1,1,-1,-1,-1,41.42857142857137,33.241567460317285,57.80257936507954,1,-0.2641943715924402,-0.2635453396598159,-0.0006490319326242777
2016-05-24,sh.600748,9.77,9.8,9.49,9.63,3584989,34450453.0,3,0.330911,1,-1.332,24.508262,1.565105,1.940489,23.134586,0,9.639999999999999,9.702000000000025,9.924500000000009,-1,-1,-1,-1,-1,45.71428571428572,38.953373015872835,59.2361111111115,1,-0.25854054115342784,-0.2625443799585383,0.00400383880511046
2016-05-25,sh.600748,9.73,9.73,9.56,9.56,2251512,21728203.0,3,0.207825,1,-0.7269,24.330113,1.553728,1.926384,22.966422,0,9.622,9.697000000000026,9.887500000000008,-1,-1,-1,-1,-1,40.26455026455033,42.469135802468976,35.85537918871303,-1,-0.25674861655131487,-0.2613852272770936,0.004636610725778756
2016-05-26,sh.600748,9.52,9.67,9.34,9.61,3039565,28803136.0,3,0.280566,1,0.523,24.457362,1.561855,1.936459,23.086540,0,9.636,9.682000000000025,9.859000000000009,-1,-1,-1,-1,-1,34.58689458689465,40.18857685524341,23.383530050197123,-1,-0.24843017287101077,-0.2587942163958771,0.010364043524866307
2016-05-27,sh.600748,9.61,9.62,9.45,9.55,2232590,21299476.0,3,0.206078,1,-0.209,24.304663,1.552103,1.9243689999999998,22.942399,0,9.622,9.659000000000024,9.82900000000001,-1,-1,-1,-1,-1,32.02279202279209,35.624745624745536,24.818884818885195,-1,-0.24386808539646054,-0.2558089901959938,0.011940904799533247
2016-05-30,sh.600748,9.5,9.71,9.38,9.44,4025425,38345696.0,3,0.371565,1,-1.1518,24.024714000000003,1.534226,1.9022029999999999,22.678141,0,9.558,9.616000000000025,9.793500000000009,-1,-1,-1,-1,-1,30.904692791485274,32.504793133723844,27.704492107008136,-1,-0.24628960563267732,-0.2539051132833305,0.007615507650653164
2016-05-31,sh.600748,9.49,9.78,9.46,9.77,8305765,80435919.0,3,0.766659,1,3.4958,24.864561,1.587858,1.9687,23.470915,0,9.585999999999999,9.613000000000024,9.75950000000001,1,1,1,-1,-1,46.310239625603536,36.412574813293475,66.10556925022365,1,-0.21905530261965467,-0.24693515115059533,0.027879848530940665
2016-06-01,sh.600748,9.77,9.84,9.7,9.75,6240909,60948616.0,3,0.576064,1,-0.2047,24.813661,1.584608,1.9646700000000001,23.422868,0,9.623999999999999,9.623000000000022,9.72450000000001,1,1,1,1,-1,62.87434218970608,46.69642486893147,95.23017683125528,1,-0.19681697059954217,-0.2369115150403847,0.04009454444084254
2016-06-02,sh.600748,9.79,10.2,9.65,10.02,9410230,93953912.0,3,0.868607,1,2.7692,25.500808,1.6284889999999999,2.0190759999999996,24.071501,0,9.705999999999998,9.671000000000022,9.70050000000001,1,1,1,1,1,82.94162316089229,64.04206832540048,120.74073283187593,1,-0.15561238601854654,-0.22065168923601708,0.06503930321747053
2016-06-03,sh.600748,10.0,10.03,9.88,9.97,5600959,55631740.0,3,0.516994,1,-0.499,25.373559,1.620363,2.009001,23.951384,0,9.789999999999997,9.70600000000002,9.69450000000001,1,1,1,1,1,78.10852713178305,74.641497494127,85.04258640709517,1,-0.125544835295333,-0.20163031844788026,0.07608548315254726
2016-06-06,sh.600748,9.97,10.06,9.88,9.91,5286804,52641355.0,3,0.487996,1,-0.6018,25.220859,1.6106120000000002,1.99691,23.807243,0,9.883999999999997,9.721000000000021,9.710000000000012,1,1,1,1,1,72.86821705426368,77.9727891156462,62.659072931498656,-1,-0.10534325184785409,-0.18237290512787502,0.07702965328002093
2016-06-07,sh.600748,9.91,9.93,9.7,9.76,6732944,65840576.0,3,0.621481,1,-1.5136,24.839111,1.586233,1.9666849999999998,23.446891,0,9.881999999999998,9.734000000000021,9.71800000000001,-1,1,1,1,1,62.79069767441873,71.25581395348834,45.8604651162795,-1,-0.1002811194961506,-0.16595454800153014,0.06567342850537955
2016-06-08,sh.600748,9.72,9.81,9.68,9.76,4358007,42450324.0,3,0.402264,1,0.0,24.839111,1.586233,1.9666849999999998,23.446891,0,9.883999999999997,9.754000000000023,9.725500000000011,-1,1,1,1,1,53.8192474948006,63.15938740782752,35.138967668746744,-1,-0.09517225660525774,-0.15179808972227565,0.05662583311701791
2016-06-13,sh.600748,9.68,9.69,9.36,9.37,4822915,46011551.0,3,0.445177,1,-3.9959,23.846564,1.522849,1.888098,22.509977,0,9.753999999999998,9.730000000000022,9.706000000000012,-1,-1,-1,1,1,32.123049635812,49.5776649350103,-2.786180962584595,-1,-0.12119611323939772,-0.14567769442570006,0.024481581186302337
2016-06-14,sh.600748,9.35,9.43,9.31,9.36,2419606,22630779.0,3,0.223341,1,-0.1067,23.821115,1.521224,1.8860830000000002,22.485953,0,9.631999999999998,9.711000000000023,9.685000000000011,-1,-1,-1,-1,-1,17.71663904440006,34.552978725004074,-15.956040316807965,-1,-0.1410017432149857,-0.1447425041835572,0.0037407609685714827
2016-06-15,sh.600748,9.3,9.58,9.3,9.56,4518551,42777278.0,3,0.417083,1,2.1368,24.330113,1.553728,1.926384,22.966422,0,9.561999999999998,9.723000000000024,9.66950000000001,-1,-1,-1,-1,-1,11.899114202484995,20.579600960898876,-5.461859314342767,-1,-0.13895770125038887,-0.14358554359692352,0.004627842346534655
2016-06-16,sh.600748,9.52,9.56,9.39,9.4,4192655,39628779.0,3,0.387001,1,-1.6736,23.922914000000002,1.527725,1.8941430000000001,22.582047,0,9.489999999999998,9.686000000000025,9.64950000000001,-1,-1,-1,-1,-1,15.205992509363304,14.94058191874931,15.73681369059129,1,-0.14853621308723852,-0.1445756774949865,-0.0039605355922520125
2016-06-17,sh.600748,9.45,9.53,9.41,9.45,3223023,30566606.0,3,0.297500,1,0.5319,24.050164000000002,1.535851,1.904218,22.702164,0,9.427999999999997,9.656000000000024,9.639500000000009,1,-1,-1,-1,-1,19.91228070175437,15.672462471200745,28.391917162861617,1,-0.15035942078747944,-0.14573242615348508,-0.004626994633994352
2016-06-20,sh.600748,9.48,9.55,9.35,9.47,2559177,24121978.0,3,0.236224,1,0.2116,24.101064,1.539101,1.908248,22.750211,0,9.447999999999997,9.601000000000024,9.63600000000001,1,-1,-1,-1,-1,17.738791423001924,17.61902154470639,17.978331179592992,1,-0.14847892060063295,-0.14628172504291465,-0.002197195557718301
2016-06-21,sh.600748,9.47,9.62,9.44,9.47,3308250,31486960.0,3,0.305366,1,0.0,24.101064,1.539101,1.908248,22.750211,0,9.469999999999997,9.551000000000025,9.62850000000001,1,-1,-1,-1,-1,23.029796714007233,20.2269562795877,28.6354775828463,1,-0.1453135267721848,-0.14608808538876866,0.0007745586165838758
2016-06-22,sh.600748,9.44,9.52,9.43,9.52,2313190,21933068.0,3,0.213518,1,0.528,24.228313,1.5472270000000001,1.9183240000000001,22.870328,0,9.461999999999998,9.512000000000025,9.616500000000011,1,1,-1,-1,-1,30.82993431290643,23.866174149971716,44.75745463877586,1,-0.13718891876673744,-0.14430825206436243,0.007119333297624986
2016-06-23,sh.600748,9.49,9.7,9.48,9.59,4033122,38694079.0,3,0.372275,1,0.7353,24.406462,1.558604,1.9324290000000002,23.038493,0,9.499999999999996,9.495000000000024,9.61450000000001,1,1,-1,1,-1,47.54046062869592,33.80006388520305,75.02125411568166,1,-0.12367603307851738,-0.14018180826719343,0.016505775188676047
2016-06-24,sh.600748,9.59,9.6,9.22,9.42,3999329,37738303.0,3,0.369156,1,-1.7727,23.973814,1.530975,1.8981729999999999,22.630094,0,9.493999999999996,9.461000000000023,9.60750000000001,-1,-1,-1,1,-1,52.43464052287579,43.60167848815923,70.10056459230891,1,-0.12524085445579836,-0.1371936175049144,0.01195276304911605
2016-06-27,sh.600748,9.31,9.53,9.31,9.51,4012386,37924343.0,3,0.370361,1,0.9554,24.202863,1.5456020000000001,1.9163080000000001,22.846305,0,9.501999999999997,9.475000000000025,9.60250000000001,1,1,-1,1,-1,58.194444444444485,52.72318186533858,69.1369696026563,1,-0.11786012072625063,-0.13332691814918166,0.015466797422931028
2016-06-28,sh.600748,9.42,9.59,9.42,9.58,4226043,40159552.0,3,0.390083,1,0.7361,24.381013,1.5569790000000001,1.9304139999999999,23.014469,0,9.523999999999997,9.497000000000025,9.60400000000001,1,1,-1,1,-1,59.02777777777783,56.552287581699225,63.978758169935034,1,-0.10515031372188943,-0.1276915972637232,0.022541283541833768
2016-06-29,sh.600748,9.6,9.76,9.6,9.64,5300297,51255346.0,3,0.489241,1,0.6263,24.533712,1.56673,1.942504,23.158610,0,9.547999999999996,9.505000000000024,9.61400000000001,1,1,1,1,-1,71.06481481481491,62.76234567901226,87.66975308642022,1,-0.0892078687615303,-0.11999485156328463,0.03078698280175432
2016-06-30,sh.600748,9.64,9.72,9.6,9.64,3288745,31709151.0,3,0.303566,1,0.0,24.533712,1.56673,1.942504,23.158610,0,9.557999999999996,9.529000000000023,9.60750000000001,1,1,1,1,-1,76.85185185185199,68.98148148148142,92.59259259259312,1,-0.07570073531667099,-0.1111360283139619,0.03543529299729091
2016-07-01,sh.600748,9.68,9.71,9.62,9.65,3148110,30462352.0,3,0.290585,1,0.1037,24.559162,1.5683559999999999,1.9445189999999999,23.182633,0,9.603999999999996,9.549000000000024,9.60250000000001,1,1,1,1,1,78.39506172839519,75.43724279835389,84.31069958847777,1,-0.06345781611837253,-0.10160038587484402,0.038142569756471484
2016-07-04,sh.600748,9.66,9.97,9.61,9.91,8695342,85902328.0,3,0.802619,1,2.6943,25.220859,1.6106120000000002,1.99691,23.807243,0,9.683999999999994,9.593000000000023,9.59700000000001,1,1,1,1,1,83.13580246913588,79.46090534979422,90.48559670781921,1,-0.032401878671063145,-0.08776068443408784,0.055358805763024696
2016-07-05,sh.600748,10.0,10.02,9.87,9.94,5570585,55283690.0,3,0.514190,1,0.3027,25.297209,1.6154870000000001,2.002955,23.879314,0,9.755999999999995,9.640000000000024,9.59550000000001,1,1,1,1,1,87.20987654320992,82.91358024691353,95.80246913580268,1,-0.005307889176208391,-0.07127012538251196,0.06596223620630356
2016-07-06,sh.600748,9.92,10.05,9.88,10.01,6086092,60620452.0,3,0.561774,1,0.7042,25.475359,1.6268639999999999,2.017061,24.047478,0,9.829999999999995,9.689000000000025,9.60050000000001,1,1,1,1,1,92.39357429718872,87.57975110317803,102.02122068521012,1,0.02156412982034439,-0.052703274341940685,0.07426740416228508
2016-07-07,sh.600748,10.05,10.05,9.91,9.95,5351489,53221014.0,3,0.493966,1,-0.5994,25.322658999999998,1.617113,2.004971,23.903337,0,9.891999999999992,9.725000000000025,9.61000000000001,1,1,1,1,1,90.55573645935084,90.05306243324969,91.56108451155313,1,0.037585636101741926,-0.034645492253204166,0.07223112835494609
2016-07-08,sh.600748,9.94,10.01,9.88,9.94,4607000,45764452.0,3,0.425247,1,-0.1005,25.297209,1.6154870000000001,2.002955,23.879314,0,9.949999999999992,9.777000000000024,9.61900000000001,-1,1,1,1,1,88.06896397257832,90.33942490970583,83.52804209832328,-1,0.048912051152958824,-0.017933983571971568,0.06684603472493039
2016-07-11,sh.600748,9.96,10.1,9.91,10.02,7655711,76803610.0,3,0.706657,1,0.8048,25.500808,1.6284889999999999,2.0190759999999996,24.071501,0,9.97199999999999,9.828000000000022,9.65150000000001,1,1,1,1,1,84.34205634205625,87.65558559132835,77.71499784351207,-1,0.0636103871486089,-0.0016251094278554763,0.06523549657646437
2016-07-12,sh.600748,10.03,10.09,9.77,10.07,7088719,70612372.0,3,0.654321,1,0.499,25.628058,1.636616,2.0291509999999997,24.191618,0,9.997999999999992,9.877000000000024,9.687000000000008,1,1,1,1,1,86.84656084656086,86.41919372039835,87.70129509888588,1,0.07838987675034481,0.014377887807784581,0.06401198894256023
2016-07-13,sh.600748,10.2,10.54,10.14,10.36,11925719,123351446.0,3,1.100797,1,2.8798,26.366104999999997,1.683748,2.087587,24.888299,0,10.067999999999993,9.949000000000023,9.72700000000001,1,1,1,1,1,86.21505376344095,85.80122365068588,87.04271398895108,1,0.1122098201505608,0.03394427427633982,0.07826554587422098
2016-07-14,sh.600748,10.41,10.58,10.21,10.57,9783727,101501251.0,3,0.903082,1,2.027,26.900553000000002,1.7178779999999998,2.129903,25.392791,0,10.191999999999991,10.042000000000025,9.78550000000001,1,1,1,1,1,91.20474448509044,88.08878636503061,97.43666072521012,1,0.15418031916610886,0.05799148325429363,0.09618883591181523
2016-07-15,sh.600748,10.44,10.63,10.37,10.38,8052108,84386350.0,3,0.743246,1,-1.7975,26.417005,1.686998,2.091617,24.936346,0,10.279999999999992,10.115000000000023,9.83200000000001,1,1,1,1,1,83.51482200447028,86.97820675100041,76.58805251141001,-1,0.1701494529342309,0.08042307719028108,0.08972637574394982
2016-07-18,sh.600748,10.39,10.49,10.27,10.44,6319522,65670571.0,3,0.583320,1,0.578,26.569705,1.696749,2.103708,25.080486,0,10.363999999999994,10.168000000000024,9.880500000000008,1,1,1,1,1,82.60209382242472,85.77388677066166,76.25850792595085,-1,0.18550818220630205,0.10144009819348528,0.08406808401281678
2016-07-19,sh.600748,10.7,11.23,10.62,10.87,24179104,262979539.0,3,2.231840,1,4.1188,27.664051,1.766635,2.190355,26.113495,0,10.523999999999992,10.261000000000024,9.950500000000009,1,1,1,1,1,74.72655835191675,80.28115805960378,63.61735893654267,-1,0.22972931559944776,0.12709794167467778,0.10263137392476998
2016-07-20,sh.600748,10.82,11.1,10.82,10.97,19480104,213652702.0,3,1.798101,1,0.92,27.91855,1.7828869999999999,2.210505,26.353729,0,10.645999999999992,10.357000000000024,10.023000000000009,1,1,1,1,1,78.48040777317617,78.60301998250576,78.23518335451698,-1,0.26973471280946804,0.15562529590163582,0.11410941690783222
2016-07-21,sh.600748,10.9,11.32,10.88,11.23,23618175,263372713.0,3,2.180064,1,2.3701,28.580246999999996,1.825143,2.262896,26.978339,0,10.777999999999992,10.485000000000024,10.105000000000008,1,1,1,1,1,83.90926498747979,79.03874370419078,93.6503075540578,1,0.31874481361151474,0.1882491994436116,0.13049561416790315
2016-07-22,sh.600748,11.2,11.34,11.04,11.16,17835593,199441121.0,3,1.646305,1,-0.6233,28.402098,1.813767,2.248791,26.810175,0,10.933999999999992,10.607000000000024,10.192000000000009,1,1,1,1,1,88.30678701871618,83.56548659312392,97.78938786990068,1,0.3479265756232426,0.22018467467953778,0.1277419009437048
2016-07-25,sh.600748,11.16,11.16,10.55,10.77,16692366,180363253.0,3,1.540780,1,-3.4946,27.409552,1.7503819999999999,2.170204,25.873260,0,10.999999999999991,10.682000000000023,10.25500000000001,-1,1,1,1,1,78.40952674474354,83.54185958364637,68.14486106693789,-1,0.3357136931466975,0.24329047837296974,0.09242321477372778
2016-07-26,sh.600748,10.72,10.92,10.68,10.86,10162775,109942518.0,3,0.938070,1,0.8356,27.638601,1.765009,2.18834,26.089471,0,10.997999999999992,10.761000000000022,10.319000000000008,-1,1,1,1,1,66.18571858031302,77.63401078125746,43.28913417842415,-1,0.329498885586478,0.2605321598156714,0.06896672577080659
2016-07-27,sh.600748,10.85,11.33,10.7,10.96,27120170,300032304.0,3,2.503314,1,0.9208,27.8931,1.781262,2.2084900000000003,26.329706,0,10.995999999999992,10.821000000000023,10.385000000000009,-1,1,1,1,1,58.16936840073887,67.58820457526501,39.33169605168658,-1,0.3288519692861751,0.27419612170977214,0.05465584757640296
2016-07-28,sh.600748,10.81,10.96,10.58,10.92,13972882,150006465.0,3,1.289760,1,-0.365,27.7913,1.774761,2.20043,26.233612,0,10.933999999999992,10.856000000000025,10.449000000000009,-1,1,1,1,1,60.91858958453952,61.75789218853034,59.23998437655787,-1,0.3214066420504835,0.2836382257779144,0.037768416272569105
2016-07-29,sh.600748,10.92,10.92,10.61,10.74,9165256,98642148.0,3,0.845994,1,-1.6484,27.333202000000004,1.745507,2.164159,25.801190,0,10.849999999999993,10.892000000000024,10.503500000000008,-1,-1,1,-1,1,49.76142592373523,56.28312796967108,36.71802183186354,-1,0.2975516803467304,0.28642091669167763,0.011130763655052778
2016-08-01,sh.600748,10.53,10.7,10.2,10.32,9213402,95850703.0,3,0.850438,1,-3.9106,26.264306,1.6772470000000002,2.079527,24.792205,0,10.759999999999993,10.880000000000024,10.524000000000008,-1,-1,-1,-1,1,31.77487075075605,47.484962086343465,0.35468807958122284,-1,0.2419667196916908,0.2775300772916803,-0.035563357599989465
2016-08-02,sh.600748,10.35,10.65,10.28,10.63,7298257,76823826.0,3,0.673662,1,3.0039,27.053253,1.727629,2.141994,25.536932,0,10.713999999999993,10.856000000000023,10.558500000000008,-1,-1,1,-1,1,24.098748982160135,35.211681885550334,1.8728831753797408,-1,0.22038913832729534,0.2661018894988033,-0.04571275117150797
2016-08-03,sh.600748,10.65,11.08,10.5,10.92,15599201,169514027.0,3,1.439876,1,2.7281,27.7913,1.774761,2.20043,26.233612,0,10.705999999999992,10.851000000000024,10.604000000000008,1,1,1,-1,1,37.134502923976726,31.002707552297498,49.39809366733518,1,0.22410597186428127,0.2577027059718989,-0.033596734107617654
2016-08-04,sh.600748,10.86,11.14,10.75,11.03,12740067,139143733.0,3,1.175965,1,1.0073,28.071248999999998,1.7926389999999999,2.222595,26.497870,0,10.727999999999993,10.831000000000023,10.658000000000008,1,1,1,-1,1,58.10950680536157,39.78091957049934,94.76668127508601,1,0.23323903549736968,0.25280997187699306,-0.01957093637962337
2016-08-05,sh.600748,11.0,11.46,10.93,11.27,22883280,257773500.0,3,2.112230,1,2.1759,28.682046999999997,1.8316439999999998,2.270957,27.074433,0,10.833999999999993,10.842000000000024,10.72450000000001,1,1,1,-1,1,73.84328569703513,56.36243180879101,108.80499347352337,1,0.2568818741216141,0.2536243523259173,0.003257521795696827
2016-08-08,sh.600748,11.22,11.76,11.22,11.58,29359221,339713648.0,3,2.709988,1,2.7507,29.470994,1.8820270000000001,2.333423,27.819160,0,11.085999999999991,10.923000000000023,10.802500000000009,1,1,1,1,1,82.27783360526725,71.41020870255453,104.0130834106927,1,0.2972073816007619,0.2623409581808862,0.03486642341987567
2016-08-09,sh.600748,11.51,11.61,11.32,11.51,17327633,198254892.0,3,1.599418,1,-0.6045,29.292845,1.87065,2.319318,27.650996,0,11.26199999999999,10.988000000000024,10.874500000000008,1,1,1,1,1,85.7855107855108,80.63554336260427,96.08544563132386,1,0.31983041587529826,0.27383884971976863,0.04599156615552963
2016-08-10,sh.600748,11.51,11.65,11.39,11.55,14667389,168837532.0,3,1.353866,1,0.3475,29.394645,1.8771509999999998,2.327378,27.747090,0,11.387999999999991,11.047000000000024,10.934000000000008,1,1,1,1,1,86.32478632478639,84.79604357185468,89.38227183064981,1,0.3371011075049175,0.2864913012767984,0.050609806228119114
2016-08-11,sh.600748,11.5,11.63,11.08,11.09,12998023,147095408.0,3,1.199776,1,-3.9827,28.223948999999998,1.8023900000000002,2.234686,26.642011,0,11.399999999999991,11.064000000000025,10.96000000000001,-1,1,1,1,1,75.85470085470092,82.65499932166591,62.254103920770945,-1,0.31009551140271263,0.29121214330198125,0.01888336810073138
2016-08-12,sh.600748,11.12,11.95,11.01,11.87,34962274,404588320.0,3,3.227175,1,7.0334,30.209041999999997,1.929159,2.391859,28.515840,0,11.519999999999992,11.177000000000024,11.03450000000001,1,1,1,1,1,79.59977480935571,80.59308732961422,77.61314976883867,-1,0.3476256510787312,0.30249484485733125,0.04513080622139998
2016-08-15,sh.600748,11.78,12.48,11.78,12.1,41905415,508026800.0,3,3.868058,1,1.9377,30.794389000000002,1.966539,2.438205,29.068380,0,11.623999999999992,11.355000000000024,11.11750000000001,1,1,1,1,1,77.68964789922877,77.71470785442835,77.63952798882963,-1,0.3914156391316954,0.3202790037122041,0.07113663541949133
2016-08-16,sh.600748,12.08,12.56,11.84,12.28,36140933,440206752.0,3,3.335971,1,1.4876,31.252488,1.995793,2.4744759999999997,29.500802,0,11.777999999999993,11.520000000000024,11.18800000000001,1,1,1,1,1,86.84934946224523,81.3795907236098,97.78886693951608,1,0.4356224316047381,0.3433476892907109,0.09227474231402721
2016-08-17,sh.600748,12.08,12.31,11.89,12.09,20147426,243685929.0,3,1.859698,1,-1.5472,30.76894,1.964914,2.4361900000000003,29.044356,0,11.885999999999992,11.637000000000025,11.24400000000001,1,1,1,1,1,78.83470390673047,81.12456708940137,74.25497754138868,-1,0.45013632962088757,0.3647054173567462,0.08543091226414135
2016-08-18,sh.600748,12.14,13.3,12.1,12.79,63471708,823274288.0,3,5.858724,1,5.7899,32.550433,2.078681,2.577244,30.725998,0,12.225999999999992,11.813000000000025,11.32200000000001,1,1,1,1,1,77.80842951801066,81.16416096232867,71.09696662937463,-1,0.512218314338714,0.3942079967531398,0.11801031758557423
2016-08-19,sh.600748,12.8,13.25,12.62,12.84,40519843,524590608.0,3,3.740164,1,0.3909,32.677683,2.086807,2.587319,30.846115,0,12.419999999999993,11.970000000000026,11.40600000000001,1,1,1,1,1,76.269188523053,77.63744064926459,73.53268427062983,-1,0.5590094041964004,0.42716827824179193,0.1318411259546085
2016-08-22,sh.600748,12.94,13.18,12.69,12.85,34131987,441999344.0,3,3.150536,1,0.0779,32.703133,2.088432,2.589334,30.870139,0,12.569999999999993,12.097000000000026,11.510000000000009,1,1,1,1,1,79.33042212518194,77.80268005541508,82.38590626471566,1,0.590096333239357,0.45975388924130495,0.130342443998052
2016-08-23,sh.600748,12.71,13.05,12.5,12.96,15792264,202507235.0,3,1.457697,1,0.856,32.983082,2.1063099999999997,2.6114990000000002,31.134397,0,12.705999999999992,12.242000000000024,11.61500000000001,1,1,1,1,1,81.80494905385736,79.13485323403064,87.1451406935108,1,0.6165023735637316,0.4911035861057903,0.1253987874579413
2016-08-24,sh.600748,12.86,13.4,12.81,12.89,28316172,370778624.0,3,2.613710,1,-0.5401,32.804932,2.094933,2.597394,30.966233,0,12.865999999999994,12.376000000000024,11.71150000000001,1,1,1,1,1,81.3877570907408,80.84104275659325,82.4811857590359,1,0.6245811530365177,0.5177990994919358,0.10678205354458192
2016-08-25,sh.600748,12.77,12.86,12.35,12.65,18326140,230721499.0,3,1.691585,1,-1.8619,32.194134000000005,2.055927,2.549033,30.389670,0,12.837999999999994,12.532000000000025,11.79800000000001,-1,1,1,1,1,72.50587666592007,78.56619427017263,60.385241457414935,-1,0.6046476480304506,0.5351688091996387,0.06947883883081185
2016-08-26,sh.600748,12.71,13.17,12.62,13.01,14380252,186394040.0,3,1.327362,1,2.8459,33.110331,2.114436,2.621575,31.254514,0,12.871999999999995,12.646000000000026,11.911500000000009,1,1,1,1,1,69.12159718993753,74.3384103155327,58.68797093874721,-1,0.6108576068088265,0.5503065687214763,0.060551038087350184
2016-08-29,sh.600748,13.0,13.09,12.21,12.26,26180675,328913696.0,3,2.416594,1,-5.7648,31.201588,1.992543,2.470446,29.452755,0,12.753999999999994,12.662000000000026,12.008500000000009,-1,-1,1,1,1,51.0690049873273,64.23215961439486,24.742695733192164,-1,0.5489325590504723,0.5500317667872755,-0.001099207736803165
2016-08-30,sh.600748,11.98,12.06,11.53,11.72,38493728,454892352.0,3,3.553144,1,-4.4046,25.919638,1.901886,2.094052,-24.034140,0,12.505999999999993,12.606000000000027,12.06300000000001,-1,-1,-1,-1,1,36.554579688588284,52.24839395528426,5.16695115519633,-1,0.45108321896571724,0.5302420572229638,-0.07915883825724657
2016-08-31,sh.600748,11.75,11.95,11.67,11.77,19739135,232878155.0,3,1.822011,1,0.4266,26.030217,1.91,2.102986,-24.136675,0,12.281999999999993,12.574000000000025,12.10550000000001,-1,-1,-1,-1,1,15.83265455489846,34.485413076937895,-21.472862489180415,-1,0.3732686850649465,0.4988473827913603,-0.12557869772641383
2016-09-01,sh.600748,11.8,11.84,11.37,11.39,22273027,257979905.0,3,2.055900,1,-3.2285,25.189819,1.8483349999999998,2.0350900000000003,-23.357411,0,12.029999999999994,12.434000000000024,12.12350000000001,-1,-1,-1,-1,-1,7.993291360431397,20.126841867972598,-16.273809654651004,-1,0.27773571764907246,0.45462504976290274,-0.1768893321138303
2016-09-02,sh.600748,11.4,11.54,11.26,11.35,11663366,132929942.0,3,1.076581,1,-0.3512,25.101356,1.8418439999999998,2.027943,-23.275383,0,11.697999999999995,12.285000000000023,12.127500000000008,-1,-1,-1,-1,-1,6.008351250147668,9.944765721825727,-1.8644776932084497,-1,0.19653198856086185,0.40300643752249454,-0.2064744489616327
2016-09-05,sh.600748,11.43,11.52,11.31,11.36,8962745,102307400.0,3,0.827302,1,0.088099,25.123472,1.8434669999999997,2.029729,-23.295890,0,11.517999999999995,12.136000000000024,12.116500000000007,-1,-1,-1,-1,-1,3.287908782591394,5.7631837977233715,-1.6626412476725605,-1,0.13146887330872303,0.34869892467974023,-0.2172300513710172
2016-09-06,sh.600748,11.32,11.64,11.29,11.6,10047167,115583947.0,3,0.927399,1,2.112683,25.654249,1.8824130000000001,2.072611,-23.788057,0,11.493999999999996,12.000000000000023,12.121000000000008,1,-1,-1,-1,-1,8.89318393110537,6.063147987948029,14.55325581742005,1,0.09814057647802876,0.2985872550393979,-0.20044667856136916
2016-09-07,sh.600748,11.65,11.67,11.47,11.53,9012391,104052455.0,3,0.831884,1,-0.603454,25.499439000000002,1.871054,2.060104,-23.644508,0,11.445999999999994,11.864000000000022,12.120000000000008,1,-1,-1,-1,-1,12.203356657043614,8.128149790246677,20.353770390637486,1,0.06532620629468688,0.25193504529045574,-0.18660883899576886
2016-09-08,sh.600748,11.56,11.6,11.3,11.43,11014505,125982157.0,3,1.016688,1,-0.8672979999999999,25.278282,1.8548259999999999,2.042237,-23.439439,0,11.453999999999995,11.742000000000022,12.137000000000008,-1,-1,-1,-1,-1,13.742263420402656,11.612934669517097,18.000920922173773,1,0.030895275737428562,0.2077270913798503,-0.17683181564242173
2016-09-09,sh.600748,11.4,11.48,11.17,11.19,12971243,146450949.0,3,1.197304,1,-2.099744,24.747504,1.81588,1.999355,-22.947272,0,11.421999999999993,11.56000000000002,12.103000000000007,-1,-1,-1,-1,-1,8.557644717341677,11.5010882649292,2.670757622166633,-1,-0.01557790661640368,0.1630660917805995,-0.17864399839700318
2016-09-12,sh.600748,10.93,11.03,10.69,10.78,13959233,151364432.0,3,1.288500,1,-3.6639839999999997,23.840759,1.7493459999999998,1.9260990000000002,-22.106487,0,11.305999999999994,11.41200000000002,12.037000000000008,-1,-1,-1,-1,-1,6.226555213477309,9.508821117073763,-0.33797659371559874,-1,-0.08451754627691344,0.11354936416909692,-0.19806691044601035
2016-09-13,sh.600748,10.85,10.98,10.73,10.95,8271472,89994654.0,3,0.763494,1,1.5769950000000001,24.216727,1.776933,1.956473,-22.455105,0,11.175999999999993,11.33500000000002,11.970500000000007,-1,-1,-1,-1,-1,10.66624793542234,8.483482622080325,15.031778562106371,1,-0.12400566799068002,0.06603835773714153,-0.19004402572782156
2016-09-14,sh.600748,10.89,11.05,10.81,10.96,6488268,71010364.0,3,0.598896,1,0.091326,24.238842,1.778556,1.95826,-22.475612,0,11.061999999999994,11.254000000000023,11.914000000000007,-1,-1,-1,-1,-1,19.10085773439817,11.997886961099155,33.306799280996195,1,-0.152732764285048,0.022284133332703626,-0.17501689761775163
2016-09-19,sh.600748,10.95,11.06,10.94,11.03,5227008,57505724.0,3,0.482476,1,0.638683,24.393653,1.7899150000000001,1.970767,-22.619161,0,10.981999999999994,11.218000000000021,11.826000000000008,1,-1,-1,-1,-1,28.284531203785917,19.350545624535357,46.15250236228704,1,-0.16791515865488016,-0.015755725064813132,-0.15215943359006703
2016-09-20,sh.600748,11.01,11.08,10.9,10.99,6315422,69381981.0,3,0.582942,1,-0.362647,24.30519,1.7834240000000001,1.9636200000000001,-22.537133,0,10.941999999999995,11.182000000000022,11.733500000000008,1,-1,-1,-1,-1,30.952380952381034,26.11258996352159,40.631962930099924,1,-0.18108751710811255,-0.04882208347347302,-0.13226543363463952
2016-09-21,sh.600748,10.99,11.11,10.94,11.06,5347384,58995075.0,3,0.493588,1,0.636949,24.46,1.794784,1.976127,-22.680682,0,10.997999999999994,11.152000000000022,11.644000000000009,1,-1,-1,-1,-1,34.35374149659871,31.19688455092177,40.66745538795259,1,-0.18376001997479818,-0.07580967077373806,-0.10795034920106013
2016-09-22,sh.600748,11.1,11.58,11.1,11.38,21509336,245125890.0,3,1.985408,1,2.893306,25.167703,1.846712,2.033303,-23.336904,0,11.083999999999996,11.130000000000022,11.565000000000008,1,1,-1,-1,-1,48.0638409209839,37.78998778998777,68.61154718297617,1,-0.15823266444328432,-0.09229426950764731,-0.06593839493563701
2016-09-23,sh.600748,11.33,11.4,11.13,11.2,10203394,114701329.0,3,0.941819,1,-1.581725,24.76962,1.817502,2.0011419999999998,-22.967779,0,11.131999999999996,11.097000000000023,11.480500000000006,1,1,-1,1,-1,56.960882883836426,46.45948843380623,77.96367178389681,1,-0.15078835267992474,-0.1039930861421028,-0.04679526653782194
2016-09-26,sh.600748,11.11,11.24,10.9,10.94,7116276,79014620.0,3,0.656864,1,-2.321431,24.194611,1.77531,1.9546869999999998,-22.434598,0,11.113999999999995,11.048000000000021,11.395000000000007,-1,-1,-1,1,-1,53.73914475038077,52.92128951840025,55.37485521434179,1,-0.16397826964390383,-0.115990122842463,-0.047988146801440826
2016-09-27,sh.600748,10.94,11.18,10.76,11.1,19097323,209870062.0,3,1.762769,1,1.4625299999999999,24.548463,1.801275,1.9832740000000002,-22.762709,0,11.135999999999996,11.039000000000021,11.299500000000005,-1,1,-1,1,-1,42.97422339722405,51.22475034381364,26.473169504044876,-1,-0.15968001917814512,-0.12472810210959942,-0.034951917068545696
2016-09-28,sh.600748,11.04,11.09,10.8,10.88,9733861,106543252.0,3,0.898479,1,-1.981984,24.061917,1.7655740000000002,1.943966,-22.311557,0,11.099999999999996,11.04900000000002,11.230500000000006,-1,-1,-1,1,-1,28.751148582206298,41.82150557660359,2.6104345934117106,-1,-0.1720425862584971,-0.13419099893937897,-0.03785158731911814
2016-09-29,sh.600748,10.88,11.03,10.84,10.94,7331629,80244066.0,3,0.676742,1,0.551466,24.194611,1.77531,1.9546869999999998,-22.434598,0,11.011999999999995,11.04800000000002,11.191500000000007,-1,-1,-1,-1,-1,26.704925872788184,32.81009928407273,14.494579050219102,-1,-0.17498143412762168,-0.1423490859770275,-0.03263234815059418
2016-09-30,sh.600748,10.98,11.16,10.9,11.04,9372958,103677022.0,3,0.865166,1,0.9140799999999999,24.415768,1.791538,1.9725540000000001,-22.639668,0,10.979999999999993,11.05600000000002,11.155000000000005,1,-1,-1,-1,-1,23.577235772357767,26.344436742450636,18.04283383217203,-1,-0.16731265186978383,-0.14734179915557877,-0.019970852714205067
2016-10-10,sh.600748,11.02,11.11,10.79,10.94,11226557,122353224.0,3,1.036262,1,-0.905801,24.194611,1.77531,1.9546869999999998,-22.434598,0,10.979999999999993,11.04700000000002,11.132500000000004,-1,-1,-1,-1,-1,26.016260162601615,25.43280726924907,27.183165949306705,1,-0.16737485777182215,-0.15134841087882744,-0.016026446892994706
2016-10-11,sh.600748,10.95,11.18,10.9,11.17,10553767,116996781.0,3,0.974160,1,2.1023810000000003,24.703273,1.812634,1.995781,-22.906258,0,10.993999999999994,11.06500000000002,11.123500000000003,1,1,1,-1,-1,35.36585365853659,28.319783197831878,49.457994579945996,1,-0.14716861045550722,-0.1505124507941634,0.0033438403386561732
2016-10-12,sh.600748,11.15,11.29,11.06,11.18,9703802,108016214.0,3,0.895705,1,0.089528,24.725389,1.814257,1.997568,-22.926765,0,11.053999999999993,11.077000000000021,11.114500000000003,1,1,1,-1,-1,45.85873983739839,35.746951219512084,66.082317073171,1,-0.12886264904864397,-0.14618249044505952,0.017319841396415542
2016-10-13,sh.600748,11.13,11.2,11.02,11.08,7915497,87778589.0,3,0.730636,1,-0.894458,24.504231,1.798029,1.979701,-22.721695,0,11.081999999999994,11.047000000000022,11.088500000000005,-1,1,-1,1,-1,58.66745283018875,46.630682108707795,82.74099427315066,1,-0.12102905935325303,-0.1411518042266982,0.020122744873445175
2016-10-14,sh.600748,11.09,11.14,10.9,11.0,6431234,70719749.0,3,0.593632,1,-0.722021,24.327305,1.785047,1.965407,-22.557640,0,11.073999999999995,11.02700000000002,11.062000000000005,-1,-1,-1,1,1,57.09512578616363,53.87377281791681,63.53783172265726,1,-0.11989414937135834,-0.13690027325563023,0.01700612388427189
2016-10-17,sh.600748,10.99,11.11,10.77,10.89,7784943,85524942.0,3,0.718585,1,-0.9999969999999999,24.084032,1.7671970000000001,1.9457529999999998,-22.332064,0,11.063999999999995,11.022000000000022,11.035000000000005,-1,-1,-1,1,1,42.91243347847141,52.89167069827448,22.953959038865264,-1,-0.12641358856649632,-0.13480293631780343,0.008389347751307119
2016-10-18,sh.600748,10.84,11.09,10.84,11.08,7763292,85554450.0,3,0.716587,1,1.744716,24.504231,1.798029,1.979701,-22.721695,0,11.045999999999994,11.020000000000021,11.029500000000006,1,1,1,1,1,42.658442186744274,47.555333817126325,32.864658925980166,-1,-0.11492410544512133,-0.130827170143267,0.015903064698145675
2016-10-19,sh.600748,11.08,11.11,10.99,11.03,9650927,106502216.0,3,0.890824,1,-0.45126499999999997,24.393653,1.7899150000000001,1.970767,-22.619161,0,11.015999999999995,11.035000000000021,11.042000000000005,1,-1,-1,-1,-1,44.2307692307694,43.26721496532824,46.157877761651704,1,-0.10860130122814304,-0.12638199636024222,0.017780695132099178
2016-10-20,sh.600748,8.5,8.58,8.5,8.52,5020073,42842442.0,3,0.356443,1,0.471709,24.495385,1.79738,1.9789860000000001,-22.713493,0,10.503999999999994,10.793000000000022,10.920500000000008,-1,-1,-1,-1,-1,36.777410164507025,41.222207194006785,27.88781610550751,-1,-0.30263783580198655,-0.1616331642485911,-0.14100467155339547
2016-10-21,sh.600748,8.49,8.49,8.28,8.36,8742760,73164862.0,3,0.620766,1,-1.8779439999999998,24.035378,1.763626,1.9418220000000002,-22.286948,0,9.975999999999994,10.525000000000022,10.790500000000005,-1,-1,-1,-1,-1,17.791551062368807,32.933243485881626,-12.491833784656833,-1,-0.4639754302880217,-0.22210161745647722,-0.24187381283154447
2016-10-24,sh.600748,8.38,8.46,8.28,8.37,7689375,64447822.0,3,0.545972,1,0.11962,24.064128,1.765736,1.944145,-22.313607,0,9.471999999999992,10.268000000000022,10.657500000000006,-1,-1,-1,-1,-1,2.121562136565925,18.896841121147137,-31.4289958325965,-1,-0.5842943384433141,-0.2945401616538446,-0.2897541767894695
2016-10-25,sh.600748,8.4,8.55,8.37,8.51,9564255,81080696.0,3,0.679095,1,1.6726439999999998,24.466635,1.7952700000000001,1.976663,-22.686834,0,8.957999999999993,10.002000000000022,10.533500000000005,-1,-1,-1,-1,-1,4.508184286776243,8.140432495236878,-2.7563121301450266,-1,-0.6607345731696164,-0.36777904395699895,-0.2929555292126174
2016-10-26,sh.600748,8.55,8.83,8.51,8.72,21483193,187114661.0,3,1.525381,1,2.467685,25.070394,1.8395720000000002,2.025441,-23.246673,0,8.495999999999992,9.756000000000023,10.416500000000005,1,-1,-1,-1,-1,8.750453645324683,5.126733356222169,15.99789422352971,1,-0.6963417704831638,-0.4334915892622319,-0.2628501812209319
2016-10-27,sh.600748,8.7,8.72,8.52,8.6,10724367,92150997.0,3,0.761467,1,-1.3761450000000002,24.725389,1.814257,1.997568,-22.926765,0,8.511999999999993,9.508000000000022,10.277500000000005,1,-1,-1,-1,-1,11.522916069360782,8.260518000487123,18.047712207108102,1,-0.7258762781164769,-0.4919685270330809,-0.233907751083396
2016-10-28,sh.600748,8.6,8.63,8.43,8.45,8431069,71806806.0,3,0.598635,1,-1.744193,29.102168,1.760868,1.9955150000000001,19.837469,0,8.529999999999992,9.253000000000023,10.140000000000004,-1,-1,-1,-1,-1,10.899701005708131,10.391023573464418,11.917055870195558,1,-0.7527095672523618,-0.5441167350769371,-0.20859283217542468
2016-10-31,sh.600748,8.4,8.48,8.33,8.38,7814928,65630510.0,3,0.554887,1,-0.828399,28.861085,1.7462810000000002,1.978984,19.673135,0,8.531999999999993,9.002000000000022,10.012000000000004,-1,-1,-1,-1,-1,6.9493521790342205,9.790656418034265,1.2667437010341303,-1,-0.7707389582590825,-0.5894411797133662,-0.18129777854571627
2016-11-01,sh.600748,8.42,8.45,8.34,8.38,10413081,87302264.0,3,0.739365,1,0.0,28.861085,1.7462810000000002,1.978984,19.673135,0,8.505999999999995,8.732000000000022,9.876000000000005,-1,-1,-1,-1,-1,9.240818074740472,9.029957086494163,9.66254005123309,1,-0.7760811995519923,-0.6267691836810914,-0.14931201587090093
2016-11-02,sh.600748,8.37,8.39,8.27,8.37,9658356,80373982.0,3,0.685777,1,-0.119334,28.826645000000003,1.7441970000000002,1.976622,19.649659,0,8.435999999999995,8.466000000000022,9.750500000000006,-1,-1,-1,-1,-1,13.190843314518338,9.793671189430897,19.985187564693216,1,-0.7722202068378685,-0.6558593883124468,-0.11636081852542168
2016-11-03,sh.600748,8.32,8.4,8.27,8.34,12431949,103607090.0,3,0.882711,1,-0.35841999999999996,28.723322999999997,1.737945,1.9695369999999999,19.579230,0,8.383999999999995,8.448000000000023,9.620500000000005,-1,-1,-1,-1,-1,16.179653679653786,12.870438356304087,22.798084326353187,1,-0.7627881446619842,-0.6772451395823543,-0.08554300507962986
2016-11-04,sh.600748,8.35,8.39,8.26,8.28,8927022,74299355.0,3,0.633849,1,-0.719429,28.516681,1.725442,1.955368,19.438372,0,8.349999999999994,8.440000000000023,9.482500000000005,-1,-1,-1,-1,-1,11.288638262322477,13.55304508549809,6.759824615971251,-1,-0.7514919347559541,-0.6920944986170743,-0.05939743613887982
2016-11-07,sh.600748,8.3,8.31,8.16,8.23,8119641,66794556.0,3,0.576523,1,-0.603867,28.344478999999996,1.715023,1.94356,19.320991,0,8.319999999999993,8.426000000000023,9.347000000000005,-1,-1,-1,-1,-1,8.818844374618182,12.09571210553137,2.26510891279181,-1,-0.738066221185635,-0.7012888431307864,-0.0367773780548486
2016-11-08,sh.600748,8.24,8.3,8.2,8.24,9352037,77060432.0,3,0.664027,1,0.12150999999999999,28.378919,1.717106,1.9459220000000002,19.344467,0,8.291999999999993,8.399000000000022,9.200500000000007,-1,-1,-1,-1,-1,9.414082469856265,9.840521702265528,8.561204005037737,-1,-0.7183387678620434,-0.7046988280770379,-0.01363993978500555
2016-11-09,sh.600748,8.24,8.28,8.09,8.22,8922314,73407144.0,3,0.633515,1,-0.24271199999999998,28.310038,1.712939,1.9411990000000001,19.297514,0,8.261999999999993,8.349000000000022,9.052500000000006,-1,-1,-1,-1,-1,16.269183184606163,11.500703343026757,25.806142867764976,1,-0.6962920307240505,-0.7030174686064404,0.006725437882389884
2016-11-10,sh.600748,8.23,8.36,8.23,8.28,8620445,71491277.0,3,0.612081,1,0.72992,28.516681,1.725442,1.955368,19.438372,0,8.249999999999995,8.317000000000023,8.912500000000005,1,-1,-1,-1,-1,29.025912359245705,18.236392671235933,50.604951735265246,1,-0.6662976693683689,-0.6956735087588262,0.029375839390457292
2016-11-11,sh.600748,8.31,8.36,8.27,8.35,9486437,78984844.0,3,0.673570,1,0.845418,28.757764,1.740029,1.971899,19.602706,0,8.263999999999994,8.307000000000022,8.780000000000005,1,1,-1,-1,-1,48.33808167141503,31.211059071755518,82.59212687073406,1,-0.6296206321880664,-0.6824629334446742,0.052842301256607827
2016-11-14,sh.600748,8.37,8.66,8.32,8.55,22201708,189002553.0,3,1.576398,1,2.395207,29.446571999999996,1.7817060000000002,2.01913,20.072232,0,8.327999999999994,8.324000000000023,8.663000000000006,1,1,-1,1,-1,67.21397510871198,48.1926563797908,105.25661256655435,1,-0.5777554818936643,-0.6615214431344723,0.08376596124080793
2016-11-15,sh.600748,8.54,8.56,8.37,8.45,15428989,130223193.0,3,1.095512,1,-1.1695950000000002,29.102168,1.760868,1.9955150000000001,19.837469,0,8.369999999999994,8.331000000000023,8.531500000000005,1,1,-1,1,-1,72.02729044834314,62.52644907615661,91.0289731927162,1,-0.5385134925531077,-0.6369198530181993,0.09840636046509166
2016-11-16,sh.600748,8.48,8.63,8.41,8.57,19439640,166032471.0,3,1.380282,1,1.420117,29.515453000000004,1.7858740000000002,2.023853,20.119185,0,8.439999999999994,8.351000000000022,8.408500000000004,1,1,1,1,1,76.02339181286554,71.75488578997344,84.56040385864972,1,-0.49205878873867626,-0.6079476401622947,0.11588885142361849
2016-11-17,sh.600748,8.6,8.77,8.52,8.56,17603815,151937843.0,3,1.249932,1,-0.116678,29.481013,1.7837900000000002,2.021492,20.095708,0,8.495999999999993,8.373000000000022,8.410500000000003,1,1,1,1,1,72.16202270381842,73.40423498834225,69.67759813477076,-1,-0.45085286650527756,-0.5765286854308913,0.12567581892561375
2016-11-18,sh.600748,8.5,8.67,8.5,8.54,13113357,112641708.0,3,0.931094,1,-0.23365,29.412132,1.779622,2.016769,20.048756,0,8.533999999999994,8.39900000000002,8.419500000000003,1,1,1,1,1,73.16821465428283,73.78454305698882,71.93555784887084,-1,-0.4150265414904446,-0.5442282566428019,0.12920171515235734
2016-11-21,sh.600748,8.58,8.73,8.5,8.58,15581130,134428794.0,3,1.106314,1,0.468384,29.549894000000002,1.7879580000000002,2.026215,20.142661,0,8.539999999999992,8.43400000000002,8.430000000000003,1,1,1,1,1,69.11764705882361,71.48262813897485,64.38768489852114,-1,-0.37903695304303575,-0.5111899959228487,0.132153042879813
2016-11-22,sh.600748,8.52,8.69,8.52,8.6,13357852,114702542.0,3,0.948454,1,0.233106,29.618775,1.7921259999999999,2.030938,20.189614,0,8.569999999999991,8.47000000000002,8.434500000000003,1,1,1,1,1,68.91793754538855,70.40126641949821,65.95127979716924,-1,-0.3449250310054026,-0.47793700293935953,0.13301197193395692
2016-11-23,sh.600748,8.61,8.88,8.5,8.73,31133770,270693088.0,3,2.210605,1,1.5116180000000001,30.0665,1.819216,2.0616380000000003,20.494805,0,8.601999999999993,8.52100000000002,8.435000000000004,1,1,1,1,1,71.99572603783474,70.01043688068218,75.96630435213987,1,-0.30389802620662465,-0.44312920759281255,0.1392311813861879
2016-11-24,sh.600748,8.66,8.84,8.61,8.71,23223900,202431536.0,3,1.648977,1,-0.229089,29.997619,1.815048,2.056915,20.447853,0,8.631999999999993,8.564000000000021,8.440500000000004,1,1,1,1,1,71.19040390898319,70.70135583073538,72.16850006547881,1,-0.26988657770380264,-0.40848068161501055,0.1385941039112079
2016-11-25,sh.600748,8.69,9.0,8.63,8.97,34641895,306457680.0,3,2.459694,1,2.985077,30.893071000000003,1.869229,2.118315,21.058237,0,8.717999999999993,8.626000000000023,8.466500000000005,1,1,1,1,1,80.09692948217548,74.42768647633102,91.43541549386441,1,-0.219423060185024,-0.37066915732901323,0.15124609714398923
2016-11-28,sh.600748,8.89,9.19,8.81,8.83,45015228,406226592.0,3,3.196237,1,-1.560762,30.410905,1.840055,2.085254,20.729568,0,8.767999999999992,8.654000000000021,8.489000000000006,1,1,1,1,1,72.90903540903552,74.73212293339795,69.26286036031067,-1,-0.18855365973372962,-0.33424605780995653,0.14569239807622691
2016-11-29,sh.600748,8.77,8.92,8.63,8.64,23901278,208890362.0,3,1.697073,1,-2.151751,29.756535999999997,1.800461,2.040384,20.283519,0,8.775999999999993,8.673000000000021,8.502000000000006,-1,-1,1,1,1,56.45803471890442,69.82133320337171,29.731437749969842,-1,-0.17737616753133345,-0.3028720797542319,0.12549591222289846
2016-11-30,sh.600748,8.65,8.76,8.6,8.69,10966228,94906740.0,3,0.778640,1,0.578695,29.928739,1.8108799999999998,2.052192,20.400900,0,8.767999999999992,8.685000000000022,8.518000000000006,-1,1,1,1,1,33.890746934225284,54.419272354054975,-7.166303905434106,-1,-0.16260888825559583,-0.2748194414545047,0.11221055319890888
2016-12-01,sh.600748,8.66,8.87,8.62,8.85,16336367,143514115.0,3,1.159939,1,1.8412060000000001,30.479785999999997,1.844222,2.089977,20.776521,0,8.795999999999992,8.714000000000022,8.543500000000005,1,1,1,1,1,32.85024154589379,41.06634106634106,16.418042504999235,-1,-0.13642245704804523,-0.2471400445732128,0.11071758752516758
2016-12-02,sh.600748,8.8,8.94,8.68,8.74,12344376,108560436.0,3,0.876493,1,-1.242945,30.100941,1.8213,2.064,20.518282,0,8.749999999999993,8.734000000000021,8.566500000000007,-1,1,1,1,1,37.68115942028991,34.80738263346955,43.42871299393063,1,-0.12312627924101172,-0.2223372915067726,0.09921101226576087
2016-12-05,sh.600748,8.66,8.73,8.53,8.56,7824181,67565998.0,3,0.555544,1,-2.059489,29.481013,1.7837900000000002,2.021492,20.095708,0,8.695999999999994,8.732000000000022,8.583000000000007,-1,-1,-1,-1,1,31.40096618357498,33.977455716586114,26.24798711755271,-1,-0.1256648717940081,-0.20300280756421968,0.07733793577021159
2016-12-06,sh.600748,8.57,8.72,8.54,8.55,5545065,47699501.0,3,0.393719,1,-0.116825,29.446571999999996,1.7817060000000002,2.01913,20.072232,0,8.677999999999994,8.727000000000022,8.598500000000007,-1,-1,-1,-1,1,15.502854633289589,28.194993412384708,-9.881422924900647,-1,-0.1270194400700717,-0.1878061340653901,0.060786693995318386
2016-12-07,sh.600748,8.53,8.65,8.47,8.59,6436952,55034703.0,3,0.457046,1,0.467836,29.584334000000002,1.790042,2.0285759999999997,20.166137,0,8.657999999999996,8.713000000000022,8.617000000000008,-1,-1,-1,-1,1,9.464207290294375,18.789342702386197,-9.186063533889268,-1,-0.12344231333399414,-0.1749333699191109,0.05149105658511677
2016-12-08,sh.600748,8.59,8.66,8.49,8.5,7649423,65443732.0,3,0.543135,1,-1.0477319999999999,29.27437,1.7712869999999998,2.0073220000000003,19.954851,0,8.587999999999996,8.692000000000021,8.628000000000007,-1,-1,-1,-1,-1,7.954545454545529,10.973869126043049,1.91589811155049,-1,-0.12641245833183667,-0.16522918760165606,0.03881672926981938
2016-12-09,sh.600748,8.51,8.6,8.39,8.43,10131042,86143209.0,3,0.719339,1,-0.823526,29.033286999999998,1.7567,1.990791,19.790517,0,8.525999999999994,8.638000000000023,8.632000000000009,-1,-1,-1,-1,-1,9.368686868686828,8.92914653784213,10.247767530376223,1,-0.13288294277935542,-0.15875993863719592,0.025876995857840507
2016-12-12,sh.600748,8.43,8.5,8.05,8.11,11047880,91256129.0,3,0.784438,1,-3.7959739999999997,27.931193,1.690016,1.9152220000000002,19.039275,0,8.435999999999995,8.566000000000022,8.610000000000008,-1,-1,-1,-1,-1,6.06032232436721,7.7945182158664075,2.5919305413688143,-1,-0.16196514064816014,-0.15940097903938877,-0.002564161608771376
2016-12-13,sh.600748,8.11,8.15,7.98,8.07,7415161,59853516.0,3,0.526502,1,-0.49321800000000005,27.793432,1.6816810000000002,1.905775,18.945370,0,8.339999999999993,8.509000000000023,8.591000000000008,-1,-1,-1,-1,-1,7.796433435478346,7.74181420951068,7.90567188741368,1,-0.18609546501092034,-0.16473987623369507,-0.021355588777225265
2016-12-14,sh.600748,8.07,8.13,8.01,8.02,6915215,55795354.0,3,0.491004,1,-0.6195689999999999,27.621229,1.671261,1.893968,18.827989,0,8.225999999999994,8.442000000000023,8.563500000000008,-1,-1,-1,-1,-1,6.76107990012483,6.8726118866566805,6.53801592706113,-1,-0.20686884774515235,-0.17316567053598653,-0.033703177209165824
2016-12-15,sh.600748,8.05,8.2,8.03,8.16,8438408,68350604.0,3,0.599156,1,1.745628,28.103395000000003,1.700435,1.927029,19.156657,0,8.157999999999992,8.373000000000022,8.543500000000009,1,-1,-1,-1,-1,12.513888888888909,9.023800741497247,19.494065183672234,1,-0.20961871914382257,-0.18045628025755373,-0.02916243888626885
2016-12-16,sh.600748,8.14,8.29,8.1,8.26,7514502,61854331.0,3,0.533556,1,1.225495,28.4478,1.7212740000000002,1.950645,19.391420,0,8.123999999999992,8.325000000000024,8.52950000000001,1,-1,-1,-1,-1,22.00150150150149,13.75882343017163,38.486857644161205,1,-0.2014071515029645,-0.1846464545066359,-0.016760696996328622
2016-12-19,sh.600748,8.24,8.32,8.19,8.25,5552368,45821367.0,3,0.394237,1,-0.12106800000000001,28.413359000000003,1.7191900000000002,1.9482830000000002,19.367943,0,8.151999999999992,8.294000000000024,8.513000000000009,1,-1,-1,-1,-1,33.84790673025967,22.78776570688324,55.96818877701255,1,-0.193476069715933,-0.18641237754849532,-0.007063692167437685
2016-12-20,sh.600748,8.25,8.27,8.06,8.1,5556396,45148919.0,3,0.394523,1,-1.8181770000000002,27.896753000000004,1.687932,1.9128599999999998,19.015799,0,8.157999999999992,8.249000000000024,8.488000000000008,-1,-1,-1,-1,-1,31.73025967143612,29.19322263439898,36.804333745510405,1,-0.19702321566950332,-0.1885345451726969,-0.008488670496806405
2016-12-21,sh.600748,8.12,8.17,8.1,8.17,4389447,35716696.0,3,0.311666,1,0.864194,28.137836,1.702519,1.929391,19.180133,0,8.187999999999994,8.207000000000024,8.460000000000008,-1,-1,-1,-1,-1,29.33270082226439,31.63695574131994,24.72419098415329,-1,-0.1919729942294861,-0.18922223498405474,-0.002750759245431361
2016-12-22,sh.600748,8.18,8.23,8.11,8.21,4628327,37838524.0,3,0.328627,1,0.48959600000000003,28.275598,1.710855,1.938837,19.274038,0,8.197999999999995,8.178000000000022,8.435000000000008,1,1,-1,1,-1,30.840996448207132,30.634652313969095,31.253684716683203,1,-0.18263765840919177,-0.18790531966908214,0.005267661259890366
2016-12-23,sh.600748,8.36,8.58,8.28,8.29,14964408,126204546.0,3,1.062525,1,0.9744200000000001,28.551121000000002,1.727526,1.95773,19.461848,0,8.203999999999995,8.164000000000021,8.401000000000007,1,1,-1,1,-1,42.18086572925285,34.11818766657467,58.30622185460922,1,-0.16686054164503972,-0.18369636406427364,0.016835822419233926
2016-12-26,sh.600748,8.28,8.28,8.1,8.25,8620230,70486663.0,3,0.612066,1,-0.482509,28.413359000000003,1.7191900000000002,1.9482830000000002,19.367943,0,8.203999999999995,8.178000000000022,8.372000000000007,1,1,-1,1,-1,46.000899685110255,39.67425395418996,58.65419114695085,1,-0.15578889128400775,-0.17811486950822047,0.022325978224212728
2016-12-27,sh.600748,8.25,8.43,8.17,8.32,6062937,50251738.0,3,0.430489,1,0.8484809999999999,28.654442,1.7337770000000001,1.9648139999999998,19.532277,0,8.247999999999994,8.20300000000002,8.356000000000005,1,1,-1,1,-1,48.833067517278074,45.67161097721361,55.15598059740701,1,-0.13975510377853873,-0.17044291636228412,0.030687812583745394
2016-12-28,sh.600748,8.3,8.41,8.25,8.32,6252314,52143428.0,3,0.443936,1,0.0,28.654442,1.7337770000000001,1.9648139999999998,19.532277,0,8.277999999999995,8.233000000000022,8.337500000000006,1,1,-1,1,-1,48.27751196172258,47.70382638803685,49.42488310909404,1,-0.1256003687952969,-0.16147440684888667,0.03587403805358977
2016-12-29,sh.600748,8.31,8.39,8.23,8.25,4625581,38443487.0,3,0.328432,1,-0.841342,28.413359000000003,1.7191900000000002,1.9482830000000002,19.367943,0,8.285999999999994,8.242000000000022,8.307500000000006,-1,1,-1,1,-1,46.42191142191149,47.844163633637265,43.577406998459935,-1,-0.11866317906432045,-0.15291216129197344,0.03424898222765299
2016-12-30,sh.600748,8.25,8.33,8.15,8.19,5598704,46023498.0,3,0.397527,1,-0.727278,28.206716999999998,1.7066869999999998,1.9341139999999999,19.227086,0,8.265999999999995,8.23500000000002,8.280000000000005,-1,-1,-1,1,-1,37.179487179487154,43.95963685437363,23.619187829714207,-1,-0.1166620967501455,-0.14566214838360786,0.029000051633462365
2017-01-03,sh.600748,8.19,8.37,8.19,8.35,6240522,51866386.0,3,0.443099,1,1.953612,28.757764,1.740029,1.971899,19.602706,0,8.285999999999994,8.24500000000002,8.269500000000004,1,1,1,1,1,37.87393162393158,40.491776741776626,32.6382413882415,-1,-0.10100128186866542,-0.13672997508061938,0.03572869321195396
2017-01-04,sh.600748,8.35,8.38,8.28,8.34,6159039,51241243.0,3,0.437313,1,-0.11976300000000001,28.723322999999997,1.737945,1.9695369999999999,19.579230,0,8.289999999999996,8.269000000000021,8.259000000000004,1,1,1,1,1,42.36111111111109,39.138176638176496,48.806980056980294,1,-0.0883781216980637,-0.12705960440410824,0.038681482706044545
2017-01-05,sh.600748,8.35,8.37,8.3,8.37,5831697,48665206.0,3,0.414071,1,0.359709,28.826645000000003,1.7441970000000002,1.976622,19.649659,0,8.299999999999994,8.289000000000021,8.248000000000005,1,1,1,1,1,52.77777777777777,44.3376068376067,69.65811965811992,1,-0.07508786091826991,-0.11666525570694057,0.04157739478867066
2017-01-06,sh.600748,8.38,8.43,8.31,8.36,5707291,47771949.0,3,0.405237,1,-0.119477,28.792203999999998,1.742113,1.974261,19.626183,0,8.321999999999994,8.30400000000002,8.241000000000005,1,1,1,1,1,61.679292929292906,52.27272727272714,80.49242424242445,1,-0.06461728212021711,-0.10625566098959588,0.04163837886937877
2017-01-09,sh.600748,8.36,8.41,8.31,8.39,5442038,45524001.0,3,0.386404,1,0.35886,28.895526,1.748364,1.9813450000000001,19.696611,0,8.361999999999995,8.31400000000002,8.239000000000004,1,1,1,1,1,73.5840548340549,62.68037518037507,95.39141414141456,1,-0.05328429551638436,-0.09566138789495357,0.04237709237856921
2017-01-10,sh.600748,8.35,8.37,8.28,8.3,5194583,43217451.0,3,0.368833,1,-1.072707,28.585562,1.7296099999999999,1.960091,19.485325,0,8.351999999999995,8.31900000000002,8.248500000000003,-1,-1,1,1,1,72.69119769119789,69.31818181818177,79.43722943723012,1,-0.050977433698379926,-0.08672459705563884,0.035747163357258915
2017-01-11,sh.600748,8.28,8.32,8.12,8.13,5808931,47732769.0,3,0.412454,1,-2.048194,28.000073999999998,1.694184,1.919945,19.086228,0,8.309999999999995,8.30000000000002,8.251500000000004,-1,-1,-1,1,1,47.503840245776125,64.59303092367618,13.325458889976005,-1,-0.06215037747403507,-0.08180975313931808,0.019659375665283016
2017-01-12,sh.600748,8.13,8.58,8.11,8.24,14951993,124718984.0,3,1.061643,1,1.353009,28.378919,1.717106,1.9459220000000002,19.344467,0,8.283999999999995,8.29200000000002,8.262500000000005,-1,-1,-1,-1,1,28.15226983037587,49.449102589116514,-14.441395687105413,-1,-0.06142091316750964,-0.0777319851449564,0.01631107197744676
2017-01-13,sh.600748,8.21,8.22,8.08,8.16,8935929,72825009.0,3,0.634482,1,-0.970873,28.103395000000003,1.700435,1.927029,19.156657,0,8.243999999999996,8.283000000000019,8.262500000000005,-1,-1,-1,-1,-1,15.628460306566268,30.428190127572645,-13.970999335446486,-1,-0.06653120850379146,-0.07549182981672341,0.008960621312931946
2017-01-16,sh.600748,8.11,8.24,7.7,7.89,12399383,99388456.0,3,0.880399,1,-3.3088230000000003,27.173503999999998,1.6441709999999998,1.8632669999999998,18.522797,0,8.143999999999997,8.25300000000002,8.244000000000003,-1,-1,-1,-1,-1,21.75016118633148,21.843630441091094,21.563222676812245,-1,-0.09131527227433978,-0.07865651830824669,-0.01265875396609309
2017-01-17,sh.600748,7.89,7.92,7.68,7.86,4784384,37357355.0,3,0.339708,1,-0.380225,27.070182,1.6379190000000001,1.8561830000000001,18.452368,0,8.055999999999997,8.20400000000002,8.224500000000004,-1,-1,-1,-1,-1,19.19696969696975,18.858530396622385,19.87384829766448,1,-0.11208551856437765,-0.08534231835947288,-0.02674320020490477
2017-01-18,sh.600748,7.84,7.95,7.75,7.89,3612915,28460238.0,3,0.256529,1,0.381676,27.173503999999998,1.6441709999999998,1.8632669999999998,18.522797,0,8.007999999999997,8.15900000000002,8.214000000000004,-1,-1,-1,-1,-1,21.641414141414185,20.86284834157169,23.198545741099167,1,-0.1246880133094006,-0.09321145734945843,-0.03147655595994217
2017-01-19,sh.600748,7.83,7.9,7.75,7.79,3850214,30102933.0,3,0.273379,1,-1.267426,26.829099,1.623332,1.839652,18.288034,0,7.917999999999997,8.10100000000002,8.195000000000004,-1,-1,-1,-1,-1,18.51851851851859,19.785634118967394,15.984287317620982,-1,-0.14111802471009405,-0.10279277082158556,-0.03832525388850849
2017-01-20,sh.600748,7.79,7.89,7.75,7.84,3245590,25510562.0,3,0.230448,1,0.6418510000000001,27.001302000000003,1.633752,1.8514599999999999,18.405415,0,7.8539999999999965,8.04900000000002,8.176500000000004,-1,-1,-1,-1,-1,17.777777777777832,19.312570145903422,14.708193041526656,-1,-0.14839375415838596,-0.11191296748894564,-0.036480786669440324
2017-01-23,sh.600748,7.86,7.95,7.84,7.89,3215098,25406860.0,3,0.228283,1,0.6377520000000001,27.173503999999998,1.6441709999999998,1.8632669999999998,18.522797,0,7.8539999999999965,7.999000000000021,8.156500000000005,1,-1,-1,-1,-1,17.777777777777832,18.024691358024636,17.283950617284226,-1,-0.14841441108615427,-0.11921325620838737,-0.029201154877766908
2017-01-24,sh.600748,7.92,7.94,7.87,7.9,3746615,29560612.0,3,0.266023,1,0.126746,27.207944,1.646255,1.865629,18.546273,0,7.8619999999999965,7.959000000000022,8.139000000000005,1,-1,-1,-1,-1,21.851851851851915,19.135802469135744,27.283950617284255,1,-0.14594154217103128,-0.12455891340091615,-0.021382628770115125
2017-01-25,sh.600748,7.9,7.95,7.87,7.92,2639850,20927282.0,3,0.187438,1,0.253164,27.276825,1.650423,1.870352,18.593226,0,7.867999999999997,7.938000000000022,8.119000000000003,1,-1,-1,-1,-1,30.21164021164027,23.280423280423225,44.07407407407435,1,-0.14074551618714803,-0.12779623395816253,-0.012949282228985504
2017-01-26,sh.600748,7.92,7.99,7.92,7.94,2766589,22012942.0,3,0.196437,1,0.252525,27.345706,1.6545900000000002,1.875075,18.640178,0,7.897999999999996,7.908000000000023,8.100000000000005,1,1,-1,-1,-1,37.910052910053,29.991181657848283,53.74779541446242,1,-0.13347517655661711,-0.12893202247785346,-0.004543154078763656
2017-02-03,sh.600748,7.94,8.01,7.9,7.96,2537625,20183212.0,3,0.180180,1,0.251889,27.414587,1.6587580000000002,1.8797979999999999,18.687131,0,7.921999999999995,7.888000000000022,8.085500000000005,1,1,-1,1,-1,58.04473304473313,42.05547538880868,90.02324835658202,1,-0.12466251528988614,-0.12807812104026,0.0034156057503738624
2017-02-06,sh.600748,7.97,8.04,7.96,8.03,3576342,28641573.0,3,0.253933,1,0.879393,27.65567,1.673345,1.8963290000000002,18.851465,0,7.949999999999996,7.902000000000022,8.077500000000004,1,1,-1,1,-1,75.94292680499586,57.29923758659388,113.23030524179983,1,-0.11075330757048363,-0.12461315834630474,0.013859850775821109
2017-02-07,sh.600748,8.04,8.04,7.95,8.02,3622916,28939550.0,3,0.257240,1,-0.124524,27.621229,1.671261,1.893968,18.827989,0,7.973999999999995,7.918000000000022,8.061000000000005,1,1,-1,1,-1,91.5012190874261,75.16295964571826,124.17773797084178,1,-0.09939135499749785,-0.11956879767654335,0.020177442679045504
2017-02-08,sh.600748,8.01,8.01,7.92,8.01,4368976,34763031.0,3,0.310212,1,-0.12469100000000001,27.586789000000003,1.6691770000000001,1.8916060000000001,18.804512,0,7.991999999999995,7.930000000000023,8.044500000000005,1,1,-1,1,-1,93.10344827586222,86.84919805609462,105.61194871539743,1,-0.09015459608706688,-0.11368595735864806,0.023531361271581175
2017-02-09,sh.600748,8.0,8.06,7.97,8.04,5337965,42884656.0,3,0.379014,1,0.374528,27.690109999999997,1.675429,1.898691,18.874941,0,8.011999999999995,7.955000000000021,8.028000000000004,1,1,1,1,-1,91.2225705329153,91.94241263206777,89.78288633461034,-1,-0.07949725396536778,-0.106848216679992,0.027350962714624227
2017-02-10,sh.600748,8.05,8.07,8.01,8.02,5143445,41333268.0,3,0.365202,1,-0.24875,27.621229,1.671261,1.893968,18.827989,0,8.023999999999996,7.97300000000002,8.011000000000006,-1,1,1,1,1,85.18808777429444,89.83803552769056,75.8881922675022,-1,-0.07183697448010129,-0.09984596824001386,0.028008993759912573
2017-02-13,sh.600748,8.04,8.07,8.0,8.06,3929530,31633363.0,3,0.279010,1,0.498753,27.758990999999998,1.679597,1.903414,18.921894,0,8.029999999999996,7.990000000000021,7.994500000000005,1,1,1,1,1,86.96969696969671,87.79345175896873,85.32218739115268,-1,-0.061825792838023474,-0.09224193315961579,0.030416140321592317
2017-02-14,sh.600748,8.06,8.15,8.02,8.08,4844015,39123578.0,3,0.343942,1,0.248133,27.827871999999996,1.6837650000000002,1.908137,18.968846,0,8.041999999999996,8.00800000000002,7.983500000000005,1,1,1,1,1,80.66666666666657,84.27481713688582,73.45036572622809,-1,-0.051682265422288154,-0.08412999961215026,0.032447734189862104
2017-02-15,sh.600748,8.1,8.28,8.08,8.2,16937112,138816247.0,3,1.202593,1,1.485147,28.241157,1.7087709999999998,1.9364759999999999,19.250562,0,8.079999999999995,8.03600000000002,7.9870000000000045,1,1,1,1,1,81.98245614035086,83.20627325890462,79.53482190324337,-1,-0.03357343607466312,-0.07401868690465283,0.040445250829989704
2017-02-16,sh.600748,8.16,9.02,8.15,8.51,26639150,227665457.0,3,1.891472,1,3.780493,29.308811,1.7733709999999998,2.009684,19.978327,0,8.173999999999996,8.093000000000021,8.000500000000004,1,1,1,1,1,68.19457735247204,76.94790005316305,50.68793195109001,-1,0.00572634117575177,-0.0580696812885719,0.06379602246432367
2017-02-17,sh.600748,8.47,8.56,8.29,8.31,17815962,149999858.0,3,1.264995,1,-2.350174,28.620002000000003,1.7316939999999998,1.9624529999999998,19.508801,0,8.231999999999996,8.128000000000021,8.008000000000004,1,1,1,1,1,56.012759170653915,68.7299308878255,30.578415736310745,-1,0.02049709154373147,-0.042356326722111225,0.0628534182658427
2017-02-20,sh.600748,8.33,8.49,8.3,8.46,9865975,83187911.0,3,0.700518,1,1.80505,29.136609000000004,1.762952,1.9978759999999998,19.860945,0,8.311999999999996,8.17100000000002,8.036500000000006,1,1,1,1,1,46.060606060606126,56.75598086124393,24.669856459330532,-1,0.04380184363780515,-0.02512469265012795,0.0689265362879331
2017-02-21,sh.600748,8.49,8.65,8.44,8.58,13829181,118305245.0,3,0.981920,1,1.4184379999999999,29.549894000000002,1.7879580000000002,2.026215,20.142661,0,8.411999999999995,8.227000000000022,8.072500000000005,1,1,1,1,1,47.54689754689762,49.873420926052454,42.893850788587955,-1,0.07113403580680533,-0.005872946958741292,0.07700698276554663
2017-02-22,sh.600748,8.6,8.6,8.45,8.5,9306260,79144014.0,3,0.660777,1,-0.9324,29.27437,1.7712869999999998,2.0073220000000003,19.954851,0,8.471999999999998,8.276000000000021,8.103000000000005,1,1,1,1,1,52.068585009761534,48.55869620575499,59.08836261777462,1,0.0853557358160586,0.012372789596218688,0.07298294621983992
2017-02-23,sh.600748,8.5,8.54,8.35,8.4,8564663,71978932.0,3,0.608121,1,-1.176475,28.929965999999997,1.750448,1.9837069999999999,19.720088,0,8.449999999999998,8.31200000000002,8.133500000000007,-1,1,1,1,1,48.77684407096175,49.464108875873535,47.40231446113819,-1,0.08754817045788243,0.02740786576855144,0.060140304689330994
2017-02-24,sh.600748,8.39,8.56,8.37,8.52,9484963,80690113.0,3,0.673465,1,1.4285809999999999,29.343251000000002,1.775455,2.012045,20.001803,0,8.491999999999996,8.36200000000002,8.167500000000008,1,1,1,1,1,46.07843137254904,48.974620151090676,40.28605381546578,-1,0.09784083953101685,0.041494460521044524,0.05634637900997233
2017-02-27,sh.600748,8.51,8.57,8.42,8.48,6359494,54011624.0,3,0.451546,1,-0.46949399999999997,29.205489,1.7671189999999999,2.002599,19.907898,0,8.495999999999995,8.404000000000021,8.197000000000006,-1,1,1,1,1,43.92295925462387,46.25941156604478,39.25005463178205,-1,0.10159901798397364,0.053515372013630345,0.04808364597034329
2017-02-28,sh.600748,8.78,8.99,8.5,8.59,18642253,161865434.0,3,1.323664,1,1.297177,29.584334000000002,1.790042,2.0285759999999997,20.166137,0,8.497999999999996,8.455000000000021,8.231500000000008,1,1,1,1,1,47.709301377679964,45.903564001617525,51.32077612980484,1,0.11216056500000526,0.06524441061090533,0.046916154389099934
2017-03-01,sh.600748,8.48,8.7,8.48,8.58,13026754,111908576.0,3,0.924945,1,-0.116417,29.549894000000002,1.7879580000000002,2.026215,20.142661,0,8.513999999999996,8.49300000000002,8.264500000000009,1,1,1,1,1,44.85215852053713,45.494806384280224,43.566862793050944,-1,0.11835937744846348,0.07586740397841696,0.04249197347004652
2017-03-02,sh.600748,8.56,8.61,8.4,8.42,8385256,71271812.0,3,0.595382,1,-1.8648,28.998846999999998,1.754616,1.98843,19.767040,0,8.517999999999997,8.48400000000002,8.288500000000008,-1,-1,1,1,1,36.464862806691876,43.008774234969565,23.377039950136492,-1,0.10910363931037814,0.08251465104480919,0.02658898826556895
2017-03-03,sh.600748,8.38,8.46,8.37,8.4,5223790,43932435.0,3,0.370907,1,-0.237535,28.929965999999997,1.750448,1.9837069999999999,19.720088,0,8.493999999999996,8.49300000000002,8.310500000000008,-1,-1,1,1,1,22.21079192546586,34.50927108423153,-2.3861663920654763,-1,0.09901320470862629,0.08581436177757261,0.013198842931053681
2017-03-06,sh.600748,8.46,8.47,8.37,8.44,6851194,57624445.0,3,0.486458,1,0.47618999999999995,29.067728000000002,1.7587840000000001,1.993153,19.813993,0,8.485999999999995,8.49100000000002,8.331000000000007,-1,-1,1,-1,1,13.088768115942017,23.921474282699823,-8.576644217573595,-1,0.09317012113507417,0.08728551364907292,0.005884607486001253
2017-03-07,sh.600748,8.42,8.45,8.38,8.44,4877765,41058053.0,3,0.346338,1,0.0,29.067728000000002,1.7587840000000001,1.993153,19.813993,0,8.455999999999994,8.47700000000002,8.352000000000007,-1,-1,1,-1,1,11.979166666666677,15.759575569358091,4.418348861283846,-1,0.08753043889214851,0.08733449869768803,0.00019594019446048105
2017-03-08,sh.600748,8.44,8.44,8.37,8.42,4684519,39359121.0,3,0.332617,1,-0.236961,28.998846999999998,1.754616,1.98843,19.767040,0,8.423999999999996,8.469000000000019,8.372500000000006,-1,-1,1,-1,1,12.063172043010761,12.377035608539726,11.435444911952832,-1,0.08051894495376466,0.08597138794890336,-0.0054524429951386955
2017-03-09,sh.600748,8.4,8.4,8.28,8.3,5142781,42867566.0,3,0.365155,1,-1.4251770000000001,28.585562,1.7296099999999999,1.960091,19.485325,0,8.399999999999995,8.45900000000002,8.385500000000008,-1,-1,-1,-1,1,8.314639179161071,10.78565929627941,3.3725989449243947,-1,0.0645353648601148,0.08168418333114565,-0.01714881847103085
2017-03-10,sh.600748,8.32,8.35,8.23,8.24,4742840,39272657.0,3,0.336758,1,-0.722897,28.378919,1.717106,1.9459220000000002,19.344467,0,8.367999999999995,8.431000000000019,8.396500000000007,-1,-1,-1,-1,-1,4.0657356703891425,8.147848964186897,-4.098490917206366,-1,0.04649084638377943,0.0746455159416724,-0.028154669557892975
2017-03-13,sh.600748,8.23,8.33,8.09,8.3,5192883,42740907.0,3,0.368713,1,0.72816,28.585562,1.7296099999999999,1.960091,19.485325,0,8.339999999999995,8.413000000000018,8.408500000000007,-1,-1,-1,-1,-1,12.852973463443988,8.411116104331306,21.73668818166935,1,0.0366099177042134,0.0670383962941806,-0.030428478589967195
2017-03-14,sh.600748,8.3,8.38,8.17,8.21,10821336,89325749.0,3,0.768352,1,-1.084339,28.275598,1.710855,1.938837,19.274038,0,8.293999999999995,8.375000000000018,8.415000000000008,-1,-1,-1,-1,-1,19.606314019601456,12.175007717811434,34.4689266231815,1,0.021271755146671012,0.05788506806467868,-0.036613312918007665
2017-03-15,sh.600748,8.22,8.22,8.13,8.2,3978847,32539525.0,3,0.282512,1,-0.121805,28.241157,1.7087709999999998,1.9364759999999999,19.250562,0,8.249999999999995,8.337000000000018,8.415000000000008,-1,-1,-1,-1,-1,28.816840335390868,20.425375939478673,45.59976912721526,1,0.008214542258036417,0.04795096290335023,-0.03973642064531381
2017-03-16,sh.600748,8.23,8.35,8.2,8.31,7013115,58106990.0,3,0.497955,1,1.3414709999999999,28.620002000000003,1.7316939999999998,1.9624529999999998,19.508801,0,8.251999999999995,8.326000000000018,8.405000000000008,1,-1,-1,-1,-1,36.639676113360345,28.35427682278413,53.21047469451278,1,0.0066658479178460794,0.0396939399062494,-0.03302809198840332
2017-03-17,sh.600748,8.3,8.33,8.23,8.25,5007428,41494827.0,3,0.355545,1,-0.7220270000000001,28.413359000000003,1.7191900000000002,1.9482830000000002,19.367943,0,8.253999999999994,8.311000000000018,8.402000000000008,-1,-1,-1,-1,-1,43.76218323586743,36.406233228206126,58.47408325119004,1,0.0005901945411412868,0.031873190833227774,-0.03128299629208649
2017-03-20,sh.600748,8.24,8.32,8.22,8.27,3633906,30030726.0,3,0.258020,1,0.24243,28.48224,1.7233580000000002,1.953007,19.414896,0,8.247999999999994,8.294000000000016,8.392500000000009,1,-1,-1,-1,-1,51.25591757170708,43.885925640311534,65.99590143449818,1,-0.002581217016574655,0.024982309263267288,-0.027563526279841943
2017-03-21,sh.600748,8.27,8.3,8.1,8.25,3240605,26739048.0,3,0.230094,1,-0.24184299999999997,28.413359000000003,1.7191900000000002,1.9482830000000002,19.367943,0,8.255999999999993,8.275000000000016,8.376000000000008,-1,-1,-1,-1,-1,49.16197303294078,48.060024613505014,51.36586987181231,1,-0.006631967188386767,0.018659453972936474,-0.02529142116132324
2017-03-22,sh.600748,8.22,8.23,8.09,8.11,6151374,50092918.0,3,0.436769,1,-1.6969740000000002,27.931193,1.690016,1.9152220000000002,19.039275,0,8.237999999999994,8.244000000000018,8.356500000000008,-1,-1,-1,-1,-1,36.646008792838515,45.68796646582871,18.56209344685813,-1,-0.02089814504734555,0.010747934168880069,-0.03164607921622562
2017-03-23,sh.600748,8.15,8.15,8.05,8.08,6747165,54624787.0,3,0.479072,1,-0.36991,27.827871999999996,1.6837650000000002,1.908137,18.968846,0,8.191999999999993,8.222000000000017,8.34050000000001,-1,-1,-1,-1,-1,22.533454680284347,36.1138121686878,-4.627260296522564,-1,-0.03423035681664466,0.0017522759717751232,-0.03598263278841978
2017-03-24,sh.600748,8.07,8.15,8.04,8.11,4837629,39124252.0,3,0.343488,1,0.371284,27.931193,1.690016,1.9152220000000002,19.039275,0,8.163999999999993,8.209000000000017,8.320000000000007,-1,-1,-1,-1,-1,12.191898703054752,23.79045405872579,-11.005212008287323,-1,-0.04189256994852819,-0.006976693212285541,-0.03491587673624265
2017-03-27,sh.600748,8.11,8.16,8.07,8.09,5657031,45879685.0,3,0.401669,1,-0.24660300000000002,27.862312,1.685848,1.9104990000000002,18.992323,0,8.127999999999995,8.188000000000018,8.300500000000008,-1,-1,-1,-1,-1,15.269392214363739,16.664915199234198,12.47834624462282,-1,-0.04901376177608974,-0.01538410692504638,-0.033629654851043356
2017-03-28,sh.600748,8.1,8.12,8.05,8.06,3401683,27463937.0,3,0.241531,1,-0.370825,27.758990999999998,1.679597,1.903414,18.921894,0,8.089999999999995,8.17300000000002,8.274000000000008,-1,-1,-1,-1,-1,14.389626818469518,13.95030591196259,15.268268631483377,1,-0.05642764412787038,-0.02359281436561118,-0.032834829762259196
2017-03-29,sh.600748,8.1,8.11,7.98,8.0,6021587,48340180.0,3,0.427553,1,-0.744422,24.932411,1.621067,2.274147,3.198040,0,8.067999999999994,8.153000000000018,8.245000000000008,-1,-1,-1,-1,-1,9.431643625192175,13.030220886008395,2.234489103559735,-1,-0.06637951612282222,-0.03215015471705339,-0.034229361405768835
2017-03-30,sh.600748,7.99,7.99,7.82,7.88,6875134,54186748.0,3,0.488158,1,-1.499999,24.558425,1.596751,2.240034,3.150070,0,8.027999999999995,8.110000000000017,8.218000000000007,-1,-1,-1,-1,-1,8.055299539170575,10.625523327610674,2.914851962290374,-1,-0.08299275468156964,-0.042318674709956636,-0.040674079971613
2017-03-31,sh.600748,7.88,7.96,7.88,7.92,3955187,31306223.0,3,0.280832,1,0.507614,24.683087,1.6048559999999998,2.251405,3.166060,0,7.989999999999997,8.077000000000018,8.194000000000006,-1,-1,-1,-1,-1,12.849206349206247,10.112049837856253,18.323519371906233,1,-0.09187215520843495,-0.0522293708096523,-0.039642784398782646
2017-04-05,sh.600748,7.88,8.09,7.88,8.06,6817593,54720160.0,3,0.484073,1,1.767681,25.119404,1.633225,2.291203,3.222026,0,7.983999999999996,8.056000000000019,8.175000000000008,1,1,-1,-1,-1,30.456639566395612,17.1203818182574,57.12915506267204,1,-0.08661388319719343,-0.059106273287160525,-0.027507609910032906
2017-04-06,sh.600748,8.1,8.11,8.03,8.09,5728266,46305492.0,3,0.406727,1,0.372205,25.2129,1.639304,2.299731,3.234018,0,7.989999999999995,8.040000000000019,8.157500000000008,1,1,-1,-1,-1,52.927227801689725,32.07769123909711,94.62630092687495,1,-0.07911393922032595,-0.0631078064737936,-0.016006132746532342
2017-04-07,sh.600748,8.1,8.12,8.05,8.09,5718138,46312972.0,3,0.406008,1,0.0,25.2129,1.639304,2.299731,3.234018,0,8.007999999999996,8.03800000000002,8.141000000000009,1,1,-1,-1,-1,72.4533715925394,51.94574632020817,113.46862213720186,1,-0.07233633138408813,-0.06495351145585251,-0.007382819928235612
2017-04-10,sh.600748,8.08,8.14,8.01,8.13,7225550,58502129.0,3,0.513039,1,0.494437,25.337563,1.6474090000000001,2.311101,3.250008,0,8.057999999999996,8.043000000000019,8.132500000000007,1,1,-1,1,-1,83.33333333333333,69.5713109091874,110.8573781816252,1,-0.06301101092681805,-0.06456501135004562,0.0015540004232275778
2017-04-11,sh.600748,8.13,8.24,8.09,8.21,9480137,77560162.0,3,0.673122,1,0.984009,25.586887,1.66362,2.333843,3.281989,0,8.115999999999996,8.05300000000002,8.131000000000007,1,1,1,1,-1,87.81512605042025,81.20061032543092,101.04415750039891,1,-0.04860500759503239,-0.061373010599042974,0.012768003004010584
2017-04-12,sh.600748,8.19,8.39,8.18,8.29,13193639,109780584.0,3,0.936794,1,0.9744200000000001,25.836211,1.67983,2.3565840000000002,3.313969,0,8.161999999999995,8.073000000000018,8.130500000000007,1,1,1,1,1,88.82991793208514,86.6594591052795,93.17083558569641,1,-0.030382583245684103,-0.0551749251283712,0.0247923418826871
2017-04-13,sh.600748,8.08,8.34,8.08,8.32,7424392,61296607.0,3,0.527157,1,0.361879,25.929707,1.685909,2.365112,3.325962,0,8.207999999999995,8.099000000000018,8.136000000000006,1,1,1,1,1,87.67752715121132,88.10752371123884,86.81753403115627,-1,-0.013366352393680003,-0.046813210581432965,0.03344685818775296
2017-04-14,sh.600748,8.3,8.32,8.12,8.18,6874872,56429068.0,3,0.488140,1,-1.6826849999999998,25.493389999999998,1.657541,2.3253150000000002,3.269996,0,8.225999999999996,8.117000000000019,8.135000000000007,-1,1,1,1,1,76.33298933608518,84.28014480646048,60.43867839533456,-1,-0.011050315658989618,-0.039660631596944294,0.028610315937954676
2017-04-17,sh.600748,8.17,8.47,8.14,8.45,25536865,213545819.0,3,1.813206,1,3.3007269999999997,26.334859,1.712252,2.4020669999999997,3.377930,0,8.289999999999996,8.174000000000019,8.142000000000007,1,1,1,1,1,81.0509990496346,81.68717184564362,79.77865345761657,-1,0.012428634097920721,-0.02924277845797129,0.04167141255589201
2017-04-18,sh.600748,8.37,8.45,8.25,8.31,21684861,181128647.0,3,1.539700,1,-1.656798,25.898542000000003,1.6838830000000002,2.36227,3.321964,0,8.309999999999995,8.213000000000019,8.145000000000007,1,1,1,1,1,73.55036340254588,76.97811726275513,66.69485568212738,-1,0.019514094629997203,-0.01949140384037759,0.039005498470374794
2017-04-19,sh.600748,8.21,8.25,7.88,7.93,18173416,145301041.0,3,1.290375,1,-4.572811,24.714252,1.606882,2.254248,3.170057,0,8.237999999999996,8.20000000000002,8.128000000000005,-1,-1,-1,1,1,56.76737902235316,70.4562471581778,29.38964275070387,-1,-0.005470391786525752,-0.016687201429607224,0.011216809643081471
2017-04-20,sh.600748,7.93,8.04,7.88,7.94,7298814,57947150.0,3,0.518241,1,0.126106,24.745418,1.608909,2.2570900000000003,3.174055,0,8.161999999999995,8.18500000000002,8.112500000000006,-1,-1,-1,-1,1,27.953819700319357,52.757187375072725,-21.652915649187378,-1,-0.024185070411588683,-0.018186775226003517,-0.005998295185585166
2017-04-21,sh.600748,7.95,8.01,7.91,7.96,4496690,35761338.0,3,0.319281,1,0.251889,24.807748999999998,1.612961,2.2627759999999997,3.182050,0,8.117999999999995,8.172000000000018,8.105000000000006,-1,-1,-1,-1,1,10.734463276836172,31.81855399983615,-31.43371816916379,-1,-0.03697651297639304,-0.02194472277608142,-0.015031790200311618
2017-04-24,sh.600748,7.96,7.99,7.75,7.77,8021801,62699254.0,3,0.569576,1,-2.386935,24.215604000000003,1.574461,2.208765,3.106097,0,7.981999999999994,8.136000000000019,8.089500000000005,-1,-1,-1,-1,-1,8.835530445699943,15.841271140951745,-5.175950944803663,-1,-0.06173360885506973,-0.029902499991879085,-0.03183110886319065
2017-04-25,sh.600748,7.76,7.84,7.75,7.79,3559523,27726984.0,3,0.252738,1,0.2574,24.277935,1.578514,2.21445,3.114092,0,7.877999999999993,8.094000000000019,8.073500000000006,-1,-1,-1,-1,-1,7.297551789077194,8.955848503871023,3.980958359489538,-1,-0.07883123543972914,-0.03968824708144909,-0.03914298835828005
2017-04-26,sh.600748,7.83,7.83,7.73,7.79,4209710,32749946.0,3,0.298904,1,0.0,24.277935,1.578514,2.21445,3.114092,0,7.8499999999999925,8.044000000000018,8.058500000000006,-1,-1,-1,-1,-1,5.480480480480446,7.204520905085782,2.032399631269774,-1,-0.09132845016628988,-0.05001628769841725,-0.04131216246787263
2017-04-27,sh.600748,7.78,7.86,7.48,7.7,9096386,69518257.0,3,0.645875,1,-1.155329,23.997445000000003,1.5602770000000001,2.188866,3.078114,0,7.8019999999999925,7.982000000000018,8.040500000000005,-1,-1,-1,-1,-1,11.961961961961938,8.24666474383978,19.392556398206253,1,-0.10725842238605932,-0.06146471463594566,-0.045793707750113655
2017-04-28,sh.600748,7.66,7.78,7.58,7.7,5127313,39272235.0,3,0.364057,1,0.0,23.997445000000003,1.5602770000000001,2.188866,3.078114,0,7.749999999999993,7.934000000000019,8.025500000000005,-1,-1,-1,-1,-1,17.67024756715476,11.704230003198967,29.602282695066346,1,-0.1185168516478603,-0.0728751420383286,-0.045641709609531705
2017-05-02,sh.600748,7.7,7.7,7.61,7.63,3674118,28070784.0,3,0.260875,1,-0.9090870000000001,23.078304,1.525978,2.122624,3.872579,0,7.721999999999992,7.852000000000018,8.013000000000003,-1,-1,-1,-1,-1,21.46105135795855,17.031086962358334,30.320980149158977,1,-0.13157098452650384,-0.08461431053596365,-0.046956673990540196
2017-05-03,sh.600748,7.6,7.69,7.55,7.66,4765422,36301445.0,3,0.338361,1,0.393181,23.169045,1.5319770000000001,2.130969,3.887805,0,7.695999999999993,7.787000000000018,8.000000000000004,-1,-1,-1,-1,-1,24.767929664836874,21.29974286331665,31.70430326787733,1,-0.1379060346789851,-0.09527265536456794,-0.04263337931441716
2017-05-04,sh.600748,7.65,7.78,7.57,7.67,4196801,32181081.0,3,0.297987,1,0.130551,23.199291,1.5339770000000001,2.1337509999999997,3.892881,0,7.671999999999993,7.761000000000017,7.980500000000004,-1,-1,-1,-1,-1,29.157477742383378,25.128819588392854,37.214794050364425,1,-0.14050009352005777,-0.10431814299566591,-0.036181950524391854
2017-05-05,sh.600748,7.65,7.73,7.62,7.64,3844813,29515585.0,3,0.272995,1,-0.391137,23.108551000000002,1.527978,2.1254060000000004,3.877654,0,7.659999999999992,7.731000000000018,7.958000000000003,-1,-1,-1,-1,-1,33.12148758874614,29.015631665322047,41.33319943559434,1,-0.14332449752921672,-0.11211941390237608,-0.031205083626840643
2017-05-08,sh.600748,7.64,7.66,7.54,7.54,3532144,26837487.0,3,0.250794,1,-1.308899,22.806082999999997,1.507978,2.097586,3.826900,0,7.627999999999993,7.689000000000019,7.930500000000002,-1,-1,-1,-1,-1,27.670359769197233,29.9831083667755,23.0448625740407,-1,-0.1518812300431822,-0.12007177713053731,-0.031809452912644906
2017-05-09,sh.600748,7.5,7.61,7.48,7.56,3197477,24101126.0,3,0.227032,1,0.265252,22.866577,1.511978,2.10315,3.837050,0,7.613999999999993,7.668000000000019,7.902000000000003,-1,-1,-1,-1,-1,22.738218094255107,27.843355150732744,12.527943981299835,-1,-0.15525894092969938,-0.12710920989036972,-0.028149731039329662
2017-05-10,sh.600748,7.6,7.65,7.42,7.43,4236049,31849518.0,3,0.300774,1,-1.7195779999999998,22.473368,1.485978,2.066985,3.771069,0,7.5679999999999925,7.632000000000019,7.863000000000002,-1,-1,-1,-1,-1,13.038277511961612,21.148951791804567,-3.1830710477242974,-1,-0.1665063333230714,-0.13498863457691007,-0.03151769874616134
2017-05-11,sh.600748,7.41,7.42,7.02,7.18,7375811,53092030.0,3,0.523708,1,-3.3647379999999996,21.717199,1.4359790000000001,1.997436,3.644183,0,7.469999999999992,7.5710000000000175,7.807500000000003,-1,-1,-1,-1,-1,14.792663476873926,16.85638636103013,10.66521770856152,-1,-0.19336390476148946,-0.14666368861382595,-0.04670021614766351
2017-05-12,sh.600748,7.18,7.21,7.1,7.14,2500977,17898537.0,3,0.177578,1,-0.557103,21.596211,1.427979,1.9863080000000002,3.623881,0,7.369999999999992,7.515000000000017,7.748500000000003,-1,-1,-1,-1,-1,13.038277511961716,13.623072833599002,11.868686868687146,-1,-0.21539346751510546,-0.16040964439408184,-0.05498382312102362
2017-05-15,sh.600748,7.15,7.21,7.11,7.16,2259149,16172583.0,3,0.160407,1,0.28011199999999997,21.656705,1.4319790000000001,1.991872,3.634032,0,7.293999999999992,7.461000000000017,7.6975000000000025,-1,-1,-1,-1,-1,18.421052631578977,15.41733120680479,24.428495481127356,1,-0.2286030284472531,-0.17404832120471608,-0.054554707242537026
2017-05-16,sh.600748,7.16,7.26,7.07,7.25,3232593,23189006.0,3,0.229525,1,1.256985,21.928926,1.4499790000000001,2.0169099999999998,3.679711,0,7.23199999999999,7.423000000000018,7.637500000000003,1,-1,-1,-1,-1,21.49122807017548,17.65018607123864,29.173312068049164,1,-0.2291677496511042,-0.1850722068939937,-0.0440955427571105
2017-05-17,sh.600748,7.26,7.36,7.25,7.26,3612512,26340354.0,3,0.256501,1,0.137934,21.959173,1.4519790000000001,2.019692,3.684787,0,7.197999999999991,7.383000000000019,7.585000000000003,1,-1,-1,-1,-1,27.49567580924145,22.469318836998553,37.54838975372725,1,-0.22620087595439387,-0.19329794070607373,-0.032902935248320136
2017-05-18,sh.600748,7.21,7.26,7.15,7.17,2571274,18534929.0,3,0.182569,1,-1.239671,21.686951999999998,1.4339790000000001,1.9946540000000001,3.639107,0,7.195999999999991,7.333000000000018,7.5470000000000015,-1,-1,-1,-1,-1,29.16782493204846,26.051576270488383,35.40032225516862,1,-0.2284781016797126,-0.20033397290080152,-0.028144128778911093
2017-05-19,sh.600748,7.19,7.57,7.13,7.3,7580956,55937085.0,3,0.538274,1,1.8131119999999998,22.08016,1.4599790000000001,2.0308189999999997,3.705088,0,7.22799999999999,7.299000000000018,7.515000000000002,1,1,-1,-1,-1,33.89492044861765,30.186140396635768,41.3124805525814,1,-0.21728814346815728,-0.20372480701427267,-0.013563336453884606
2017-05-22,sh.600748,7.22,7.25,7.08,7.12,4684820,33630240.0,3,0.332638,1,-2.465758,21.535718,1.423979,1.9807439999999998,3.613730,0,7.21999999999999,7.257000000000017,7.473000000000002,-1,-1,-1,-1,-1,27.91832010582014,30.327021828828666,23.100916659803083,-1,-0.22040383839109,-0.20706061328963615,-0.01334322510145386
2017-05-23,sh.600748,7.07,7.14,6.88,6.91,5345775,37522882.0,3,0.379569,1,-2.949439,20.900535,1.38198,1.9223240000000001,3.507145,0,7.1519999999999895,7.192000000000017,7.4300000000000015,-1,-1,-1,-1,-1,21.555095468138976,27.789445340858837,9.086395722699258,-1,-0.23708532201001464,-0.21306555503371186,-0.024019766976302787
2017-05-24,sh.600748,6.88,6.96,6.8,6.95,4190409,28808245.0,3,0.297534,1,0.578871,21.021522,1.38998,1.9334509999999998,3.527447,0,7.089999999999991,7.144000000000018,7.388000000000001,-1,-1,-1,-1,-1,13.233787146830673,20.902400906929845,-2.1034403733676683,-1,-0.24426215023555287,-0.21930487407408006,-0.024957276161472808
2017-05-25,sh.600748,6.94,7.05,6.89,7.04,4645722,32475797.0,3,0.329862,1,1.294966,21.293743,1.407979,1.958489,3.573126,0,7.06399999999999,7.130000000000019,7.350500000000001,-1,-1,-1,-1,-1,18.332392245435756,17.70709162013505,19.58299349603717,1,-0.2399219199252416,-0.22342828324431235,-0.016493636680929236
2017-05-26,sh.600748,7.06,7.11,7.02,7.06,2935445,20711110.0,3,0.208427,1,0.284091,21.354237,1.411979,1.9640529999999998,3.583277,0,7.015999999999989,7.122000000000019,7.318500000000002,1,-1,-1,-1,-1,28.13852813852814,19.90156917693144,44.61244606172154,1,-0.23219186005334258,-0.2251809986061184,-0.0070108614472241815
2017-05-31,sh.600748,7.14,7.3,7.1,7.1,5833882,42025866.0,3,0.414226,1,0.5665720000000001,21.475224,1.419979,1.975181,3.603579,0,7.011999999999989,7.116000000000019,7.288500000000002,1,-1,-1,-1,-1,34.63203463203461,27.034318338666083,49.82746721877166,1,-0.22029860106477983,-0.2242045190978507,0.00390591803307086
2017-06-01,sh.600748,7.07,7.14,6.85,6.88,5542319,38745738.0,3,0.393524,1,-3.098589,20.809795,1.37598,1.913978,3.491919,0,7.005999999999989,7.079000000000019,7.251000000000002,-1,-1,-1,-1,-1,27.70562770562768,30.158730158730055,22.799422799422935,-1,-0.22601985284223325,-0.2245675858467272,-0.0014522669955060463
2017-06-02,sh.600748,6.81,6.98,6.81,6.96,3539800,24427291.0,3,0.251338,1,1.16279,21.051769,1.39198,1.936233,3.532523,0,7.0079999999999885,7.049000000000019,7.216000000000003,-1,-1,-1,-1,-1,23.37662337662337,28.571428571428466,12.98701298701318,-1,-0.22154482386055463,-0.2239630334494927,0.0024182095889380695
2017-06-05,sh.600748,6.99,7.01,6.94,6.98,2398119,16750634.0,3,0.170275,1,0.287356,21.112263000000002,1.395979,1.9417970000000002,3.542674,0,6.99599999999999,7.03000000000002,7.181500000000002,-1,-1,-1,-1,-1,22.38961038961044,24.490620490620405,18.18759018759051,-1,-0.21391857809017356,-0.22195414237762887,0.008035564287455305
2017-06-06,sh.600748,6.99,7.02,6.92,7.01,3523487,24608813.0,3,0.250180,1,0.429802,21.203003,1.401979,1.950143,3.557900,0,6.98599999999999,7.001000000000021,7.150000000000003,1,1,-1,-1,-1,32.92640692640697,26.23088023088017,46.317460317460565,1,-0.20311261826334803,-0.2181858375547727,0.015073219291424661
2017-06-07,sh.600748,7.01,7.15,6.97,7.12,5981323,42238002.0,3,0.424695,1,1.569182,21.535718,1.423979,1.9807439999999998,3.613730,0,6.9899999999999896,7.001000000000021,7.129000000000003,1,1,-1,-1,-1,47.33333333333339,34.21645021645018,73.56709956709982,1,-0.1835568079344876,-0.21126003163071566,0.027703223696228074
2017-06-08,sh.600748,7.12,7.17,7.07,7.1,3597566,25597190.0,3,0.255440,1,-0.28089899999999995,21.475224,1.419979,1.975181,3.603579,0,7.033999999999989,7.02000000000002,7.106000000000003,1,1,-1,1,-1,55.06122448979593,45.10698824984534,74.96969696969713,1,-0.16773893023598418,-0.20255581135176937,0.03481688111578518
2017-06-09,sh.600748,7.13,7.22,7.07,7.16,5765380,41279182.0,3,0.409362,1,0.8450700000000001,21.656705,1.4319790000000001,1.991872,3.634032,0,7.073999999999989,7.04100000000002,7.092500000000003,1,1,1,1,-1,64.87074829931977,55.75510204081627,83.10204081632679,1,-0.14864812656637572,-0.19177427439469064,0.04312614782831492
2017-06-12,sh.600748,7.16,7.19,6.97,6.98,5831885,41232090.0,3,0.414084,1,-2.513964,21.112263000000002,1.395979,1.9417970000000002,3.542674,0,7.073999999999989,7.03500000000002,7.082500000000001,-1,-1,-1,1,-1,55.1020408163266,58.344671201814,48.6167800453518,-1,-0.14635592281877496,-0.1826906040795075,0.036334681260732526
2017-06-13,sh.600748,7.0,7.09,6.91,7.07,3276442,23072602.0,3,0.232639,1,1.2894,21.384484,1.413979,1.9668349999999999,3.588353,0,7.08599999999999,7.036000000000018,7.079000000000002,-1,1,-1,1,1,56.5123610419779,58.82838338587465,51.88031635418439,-1,-0.1357126757479339,-0.17329501841319278,0.037582342665258894
2017-06-14,sh.600748,7.05,7.11,7.02,7.04,3487900,24634992.0,3,0.247653,1,-0.424331,21.293743,1.407979,1.958489,3.573126,0,7.0699999999999905,7.030000000000018,7.073000000000002,-1,1,-1,1,-1,51.40202422432401,54.3388086942094,45.52845528455323,-1,-0.12822052860413624,-0.16428012045138146,0.03605959184724522
2017-06-15,sh.600748,7.0,7.12,7.0,7.11,3886140,27520327.0,3,0.275929,1,0.9943209999999999,21.505471,1.421979,1.977962,3.608655,0,7.07199999999999,7.053000000000019,7.0660000000000025,1,1,1,1,1,61.34277471806988,56.41905332812382,71.19021749796201,1,-0.11530536456151275,-0.15448516927340772,0.03917980471189497
2017-06-16,sh.600748,7.1,7.13,7.07,7.1,2745534,19500221.0,3,0.194942,1,-0.14065,21.475224,1.419979,1.975181,3.603579,0,7.05999999999999,7.067000000000019,7.0580000000000025,1,1,1,-1,1,60.63467086283771,57.79315660174376,66.3176993850256,1,-0.10467034584365642,-0.14452220458745746,0.03985185874380104
2017-06-19,sh.600748,7.06,7.06,6.9,7.02,8451675,58963475.0,3,0.600098,1,-1.12676,21.23325,1.403979,1.952925,3.562975,0,7.067999999999989,7.0710000000000175,7.050500000000004,-1,-1,-1,-1,1,54.43548387096771,58.80430981729166,45.6978319783198,-1,-0.10152700814911242,-0.13592316529978846,0.03439615715067604
2017-06-20,sh.600748,7.01,7.05,6.99,7.01,4442093,31192882.0,3,0.315404,1,-0.142447,21.203003,1.401979,1.950143,3.557900,0,7.0559999999999885,7.0710000000000175,7.036000000000003,-1,-1,-1,-1,1,44.38844086021493,53.15286519800668,26.859592184631424,-1,-0.09870499704200064,-0.1284795316482309,0.029774534606230252
2017-06-21,sh.600748,7.0,7.13,7.0,7.08,6709781,47420316.0,3,0.476418,1,0.998569,21.414731,1.415979,1.9696169999999997,3.593428,0,7.0639999999999885,7.067000000000019,7.034000000000003,1,1,1,-1,1,42.708333333333236,47.17741935483852,33.770161290322676,-1,-0.08978513082369943,-0.12074065148332461,0.030955520659625174
2017-06-22,sh.600748,7.09,7.24,7.06,7.16,10315479,73846274.0,3,0.732435,1,1.129943,21.656705,1.4319790000000001,1.991872,3.634032,0,7.073999999999989,7.073000000000019,7.0465000000000035,1,1,1,1,1,55.69852941176466,47.59843453510417,71.89871916508564,1,-0.07539167289399185,-0.11167085576545806,0.03627918287146621
2017-06-23,sh.600748,7.1,7.2,7.02,7.17,7407651,52670923.0,3,0.525969,1,0.13966800000000001,21.686951999999998,1.4339790000000001,1.9946540000000001,3.639107,0,7.087999999999989,7.074000000000019,7.057500000000003,1,1,1,1,1,70.71078431372545,56.372549019607675,99.387254901961,1,-0.062457862004403175,-0.10182825701324708,0.0393703950088439
2017-06-26,sh.600748,7.14,7.18,7.08,7.15,7107507,50726699.0,3,0.504658,1,0.280505,21.626458,1.4299790000000001,1.9890900000000002,3.628956,0,7.11399999999999,7.09100000000002,7.063000000000004,1,1,1,1,1,76.47058823529409,67.62663398692796,94.15849673202635,1,-0.053208205472623504,-0.09210424670512236,0.03889604123249886
2017-06-27,sh.600748,7.13,7.22,7.13,7.18,5629011,40376662.0,3,0.399679,1,0.41957700000000003,21.717199,1.4359790000000001,1.997436,3.644183,0,7.147999999999991,7.10200000000002,7.069000000000004,1,1,1,1,1,78.43137254901954,75.20424836601292,84.88562091503277,1,-0.042961799865415706,-0.08227575733718104,0.03931395747176533
2017-06-28,sh.600748,7.18,7.18,7.09,7.12,3691990,26298697.0,3,0.262144,1,-0.8356540000000001,21.535718,1.423979,1.9807439999999998,3.613730,0,7.15599999999999,7.110000000000019,7.070000000000005,-1,1,1,1,1,73.52941176470583,76.14379084967304,68.3006535947714,-1,-0.039230720829963595,-0.07366675003573755,0.03443602920577396
2017-06-29,sh.600748,7.12,7.17,7.07,7.13,4910987,34963076.0,3,0.348697,1,0.140453,21.565965,1.425979,1.983526,3.618806,0,7.14999999999999,7.112000000000019,7.082500000000005,-1,1,1,1,1,71.56862745098029,74.50980392156845,65.68627450980398,-1,-0.035062716220079615,-0.06594594327260597,0.030883227052526357
2017-06-30,sh.600748,7.1,7.21,7.07,7.2,5820967,41666692.0,3,0.413309,1,0.9817629999999999,21.777692000000002,1.4399790000000001,2.003,3.654334,0,7.15599999999999,7.122000000000019,7.094500000000004,1,1,1,1,1,72.11764705882348,72.40522875816976,71.54248366013093,-1,-0.025813564845154957,-0.05791946758711577,0.03210590274196081
2017-07-03,sh.600748,7.22,7.26,7.16,7.25,5149106,37193263.0,3,0.365604,1,0.694447,21.928926,1.4499790000000001,2.0169099999999998,3.679711,0,7.17599999999999,7.14500000000002,7.108000000000004,1,1,1,1,1,82.60030165912518,75.4288587229762,96.94318753142312,1,-0.014284303057449321,-0.04919243468118248,0.03490813162373316
2017-07-04,sh.600748,7.24,7.25,7.12,7.14,5152573,36909893.0,3,0.365850,1,-1.5172430000000001,21.596211,1.427979,1.9863080000000002,3.623881,0,7.16799999999999,7.15800000000002,7.114500000000004,-1,-1,1,1,1,76.71794871794874,77.14529914529902,75.8632478632482,-1,-0.013863550339931585,-0.0421266578129323,0.028263107473000718
2017-07-05,sh.600748,7.17,7.23,7.11,7.18,3858427,27627052.0,3,0.273962,1,0.5602229999999999,21.717199,1.4359790000000001,1.997436,3.644183,0,7.17999999999999,7.168000000000021,7.117500000000004,1,1,1,1,1,70.94017094017097,76.75280710574818,59.31489860901658,-1,-0.010185028406377583,-0.03573833193162136,0.02555330352524378
2017-07-06,sh.600748,7.2,7.25,7.12,7.16,3945708,28316527.0,3,0.280159,1,-0.27855100000000005,21.656705,1.4319790000000001,1.991872,3.634032,0,7.18599999999999,7.168000000000021,7.120500000000004,-1,-1,1,1,1,54.67836257309944,67.44549407707292,29.144099565152487,-1,-0.008782368448107647,-0.030347139234918618,0.02156477078681097
2017-07-07,sh.600748,7.17,7.19,7.1,7.17,7075388,50441715.0,3,0.502377,1,0.13966800000000001,21.686951999999998,1.4339790000000001,1.9946540000000001,3.639107,0,7.17999999999999,7.168000000000021,7.121000000000004,-1,1,1,1,1,55.55555555555557,60.39136302294187,45.88394062078298,-1,-0.006785613569713078,-0.02563483410187751,0.01884922053216443
2017-07-10,sh.600748,7.17,7.33,7.12,7.23,12228894,88630868.0,3,0.868294,1,0.8368190000000001,21.868433,1.4459790000000001,2.011346,3.669560,0,7.17599999999999,7.176000000000021,7.133500000000003,1,1,1,-1,1,53.846153846153896,54.693357324936166,52.15174688858936,-1,-0.0003575507610591444,-0.020579377433713835,0.02022182667265469
2017-07-11,sh.600748,7.23,7.32,7.21,7.25,8625750,62565607.0,3,0.612458,1,0.276625,21.928926,1.4499790000000001,2.0169099999999998,3.679711,0,7.197999999999991,7.183000000000021,7.142500000000004,1,1,1,1,1,61.133603238866414,56.84510421352516,69.71060128954892,1,0.006278197032171917,-0.015207862540536684,0.0214860595727086
2017-07-12,sh.600748,7.22,7.28,7.14,7.19,5195414,37413827.0,3,0.368892,1,-0.827585,21.747445000000003,1.4379790000000001,2.000218,3.649258,0,7.19999999999999,7.190000000000021,7.150000000000004,-1,-1,1,1,1,58.974358974359035,57.984705353126316,60.95366621682447,1,0.006619273542170845,-0.010842435323995179,0.017461708866166024
2017-07-13,sh.600748,7.18,7.44,7.18,7.38,22204490,162938261.0,3,1.576596,1,2.64256,22.322134,1.475978,2.053075,3.745692,0,7.24399999999999,7.21500000000002,7.1635000000000035,1,1,1,1,1,65.91251885369532,62.00682702230679,73.72390251647239,1,0.021967760568043282,-0.004280396145587487,0.026248156713630767
2017-07-14,sh.600748,7.35,7.38,7.28,7.33,6634570,48531835.0,3,0.471077,1,-0.677509,22.1709,1.465978,2.039165,3.720315,0,7.275999999999989,7.22800000000002,7.175000000000004,1,1,1,1,1,65.38461538461537,63.423831070889776,69.30618401206658,1,0.029753979627423988,0.002526479009014808,0.02722750061840918
2017-07-17,sh.600748,7.33,7.33,6.85,6.92,13209305,93602351.0,3,0.937906,1,-5.59345,20.930782,1.38398,1.9251060000000002,3.512221,0,7.213999999999989,7.19500000000002,7.1700000000000035,-1,-1,-1,1,1,53.954802259886975,61.75064549939909,38.36311578086274,-1,0.0028086643078228946,0.0025829160687764253,0.00022574823904646926
2017-07-18,sh.600748,6.88,6.95,6.74,6.85,8535395,58351783.0,3,0.606043,1,-1.011563,20.719054,1.36998,1.905632,3.476693,0,7.133999999999989,7.16600000000002,7.1620000000000035,-1,-1,-1,-1,-1,31.741917105825355,50.36044491677577,-5.495138516075471,-1,-0.023918390877708973,-0.002717345320520655,-0.021201045557188318
2017-07-19,sh.600748,6.85,6.95,6.77,6.94,6719636,46119592.0,3,0.477117,1,1.313871,20.991275,1.38798,1.930669,3.522372,0,7.083999999999989,7.142000000000019,7.155000000000003,-1,-1,-1,-1,-1,18.716707021791755,34.80447546250122,-13.45882985962718,-1,-0.037406329944689176,-0.00965514224535436,-0.027751187699334816
2017-07-20,sh.600748,6.94,7.25,6.9,7.16,14945067,106492942.0,3,1.061151,1,3.170026,21.656705,1.4319790000000001,1.991872,3.634032,0,7.039999999999989,7.142000000000019,7.155000000000003,1,1,1,-1,-1,34.76190476190473,28.406842963173812,47.47202835936657,1,-0.029997663060475688,-0.013723646408378625,-0.016274016652097063
2017-07-21,sh.600748,7.12,7.25,7.1,7.13,7802281,55928927.0,3,0.553989,1,-0.418991,21.565965,1.425979,1.983526,3.618806,0,6.99999999999999,7.138000000000018,7.153000000000003,1,-1,-1,-1,-1,48.095238095238074,33.85794995964472,76.56981436642478,1,-0.026244460651927426,-0.016227809257088385,-0.010016651394839041
2017-07-24,sh.600748,7.18,7.28,7.11,7.17,6096652,43952769.0,3,0.432883,1,0.561009,21.686951999999998,1.4339790000000001,1.9946540000000001,3.639107,0,7.04999999999999,7.132000000000017,7.154000000000002,1,1,1,-1,-1,59.047619047619,47.30158730158714,82.53968253968272,1,-0.019813952090792064,-0.01694503782382912,-0.002868914266962945
2017-07-25,sh.600748,7.16,7.23,7.13,7.21,4708888,33820379.0,3,0.334347,1,0.557879,21.807939,1.4419790000000001,2.005782,3.659409,0,7.12199999999999,7.128000000000017,7.155500000000002,1,1,1,-1,-1,61.42857142857137,56.19047619047601,71.90476190476208,1,-0.011359121142998418,-0.01582785448766298,0.00446873334466456
2017-07-26,sh.600748,7.23,7.25,7.04,7.1,5206511,37040812.0,3,0.369680,1,-1.5256610000000002,21.475224,1.419979,1.975181,3.603579,0,7.153999999999989,7.119000000000017,7.154500000000001,-1,-1,-1,1,-1,61.6071428571428,60.69444444444426,63.43253968253987,1,-0.013380445942955177,-0.015338372778721418,0.0019579268357662414
2017-07-27,sh.600748,7.12,7.17,7.05,7.12,8536148,60730283.0,3,0.606096,1,0.28169,21.535718,1.423979,1.9807439999999998,3.613730,0,7.145999999999989,7.093000000000016,7.154000000000002,-1,1,-1,1,-1,62.599878934624655,61.87853107344614,64.04257465698169,1,-0.013216179664369498,-0.014913934155851034,0.0016977544914815353
2017-07-28,sh.600748,7.11,7.16,7.08,7.09,5934069,42198716.0,3,0.421339,1,-0.42134499999999997,21.444976999999998,1.417979,1.9723990000000002,3.598504,0,7.137999999999989,7.069000000000017,7.148500000000003,-1,1,-1,1,-1,61.823864825277205,62.010295539014756,61.4510033978021,-1,-0.015330031672150746,-0.014997153659110977,-0.0003328780130397689
2017-07-31,sh.600748,7.09,7.16,7.08,7.12,6044887,43067462.0,3,0.429208,1,0.42312700000000003,21.535718,1.423979,1.9807439999999998,3.613730,0,7.127999999999989,7.089000000000017,7.142000000000003,-1,1,-1,1,-1,65.94968181874128,63.45780852621425,70.93342840379535,1,-0.01441831992130016,-0.014881386911548814,0.00046306699024865373
2017-08-01,sh.600748,7.14,7.23,7.11,7.2,6124003,43917159.0,3,0.434825,1,1.1235950000000001,21.777692000000002,1.4399790000000001,2.003,3.654334,0,7.125999999999989,7.124000000000018,7.145000000000003,1,1,1,1,-1,70.79654473875317,66.19003046092375,80.00957329441201,1,-0.007157938123097729,-0.013336697153858598,0.0061787590307608685
2017-08-02,sh.600748,7.19,7.23,7.0,7.03,9932823,70434423.0,3,0.705265,1,-2.361106,21.263497,1.405979,1.9557069999999999,3.568051,0,7.111999999999989,7.133000000000019,7.137500000000003,-1,-1,-1,-1,-1,52.763035038576845,63.16975386535697,31.949597385016602,-1,-0.014949286422247354,-0.013659215007536349,-0.0012900714147110054
2017-08-03,sh.600748,7.03,7.09,6.98,7.03,5333524,37490348.0,3,0.378699,1,0.0,21.263497,1.405979,1.9557069999999999,3.568051,0,7.093999999999989,7.120000000000019,7.131000000000003,-1,-1,-1,-1,-1,35.442773600668325,53.00078445933264,0.3267518833396963,-1,-0.020883256896826907,-0.01510402338539446,-0.005779233511432447
2017-08-04,sh.600748,7.03,7.06,6.99,6.99,5790036,40663360.0,3,0.411113,1,-0.5689960000000001,21.142509,1.397979,1.944579,3.547749,0,7.073999999999988,7.1060000000000185,7.122000000000004,-1,-1,-1,-1,-1,10.36155202821867,32.85578688915448,-34.62691769365295,-1,-0.028485276420821215,-0.017780273992479813,-0.010705002428341402
2017-08-07,sh.600748,6.98,7.05,6.98,7.03,3659887,25671250.0,3,0.259865,1,0.5722520000000001,21.263497,1.405979,1.9557069999999999,3.568051,0,7.055999999999988,7.092000000000018,7.1120000000000045,-1,-1,-1,-1,-1,12.9629629629629,19.589096197283162,-0.28930350567762275,-1,-0.030925772897787418,-0.020409373773541333,-0.010516399124246085
2017-08-08,sh.600748,7.02,7.05,6.97,7.03,5386119,37690154.0,3,0.382433,1,0.0,21.263497,1.405979,1.9557069999999999,3.568051,0,7.021999999999987,7.074000000000018,7.101000000000004,1,-1,-1,-1,-1,15.099715099715098,12.80807669696542,19.682991905214454,1,-0.03248541232677482,-0.02282458148418803,-0.00966083084258679
2017-08-09,sh.600748,7.01,7.02,6.97,7.01,3678062,25736097.0,3,0.261155,1,-0.284495,21.203003,1.401979,1.950143,3.557900,0,7.0179999999999865,7.065000000000017,7.092000000000004,-1,-1,-1,-1,-1,18.993352326685674,15.685343463121088,25.609370053814846,1,-0.03493258951670164,-0.025246183090690752,-0.009686406426010888
2017-08-10,sh.600748,7.0,7.01,6.9,6.94,4577841,31804745.0,3,0.325043,1,-0.998576,20.991275,1.38798,1.930669,3.522372,0,6.999999999999986,7.047000000000018,7.070000000000005,-1,-1,-1,-1,-1,16.860916860916888,16.984661429105753,16.613427724539157,-1,-0.04203584697870433,-0.028604115868293468,-0.01343173111041086
2017-08-11,sh.600748,6.91,6.92,6.82,6.83,5511017,37796517.0,3,0.391301,1,-1.585016,20.658561,1.36598,1.900068,3.466542,0,6.967999999999985,7.021000000000018,7.045000000000004,-1,-1,-1,-1,-1,9.981617298690436,15.278628828764198,-0.6124057614570901,-1,-0.05589696496769658,-0.03406268568817409,-0.021834279279522494
2017-08-14,sh.600748,6.85,6.94,6.83,6.91,2890329,19908110.0,3,0.205223,1,1.171302,20.900535,1.38198,1.9223240000000001,3.507145,0,6.943999999999986,7.000000000000019,7.044500000000005,-1,-1,-1,-1,-1,12.17048534121701,13.004339833607977,10.502776356435074,-1,-0.05973804641243152,-0.03919775783302558,-0.020540288579405944
2017-08-15,sh.600748,6.91,6.95,6.89,6.91,2911601,20116144.0,3,0.206734,1,0.0,20.900535,1.38198,1.9223240000000001,3.507145,0,6.919999999999985,6.971000000000018,7.047500000000005,-1,-1,-1,-1,-1,19.24119241192408,13.797765017277039,30.128047201218163,1,-0.06206666524904758,-0.04377153931622998,-0.018295125932817603
2017-08-16,sh.600748,6.91,6.92,6.84,6.92,4004104,27542809.0,3,0.284305,1,0.14472100000000002,20.930782,1.38398,1.9251060000000002,3.512221,0,6.901999999999985,6.960000000000018,7.046500000000004,1,-1,-1,-1,-1,32.317073170731675,21.24291697462412,54.465385562946786,1,-0.062386048494270874,-0.04749444115183816,-0.014891607342432715
2017-08-17,sh.600748,6.92,6.95,6.89,6.95,4023175,27893455.0,3,0.285659,1,0.433522,21.021522,1.38998,1.9334509999999998,3.527447,0,6.903999999999985,6.952000000000018,7.036000000000004,1,-1,-1,-1,-1,43.84057971014494,31.799615097600093,67.92250893523462,1,-0.0595321630197958,-0.04990198552542969,-0.009630177494366114
2017-08-18,sh.600748,6.92,7.01,6.88,6.99,6635941,46225238.0,3,0.471175,1,0.575539,21.142509,1.397979,1.944579,3.547749,0,6.935999999999986,6.952000000000018,7.029000000000005,1,1,-1,-1,-1,57.367149758454154,44.50826754644345,83.08491418247556,1,-0.053426900462644866,-0.050606968512872726,-0.0028199319497721406
2017-08-21,sh.600748,6.98,7.05,6.98,7.01,6058260,42517047.0,3,0.430157,1,0.28613,21.203003,1.401979,1.950143,3.557900,0,6.955999999999986,6.950000000000019,7.021000000000005,1,1,-1,1,-1,71.01449275362323,57.4074074074073,98.22866344605508,1,-0.0464392799353881,-0.0497734307973758,0.0033341508619876975
2017-08-22,sh.600748,7.03,7.05,6.97,6.98,4076830,28566599.0,3,0.289469,1,-0.42796300000000004,21.112263000000002,1.395979,1.9417970000000002,3.542674,0,6.969999999999986,6.945000000000019,7.0095000000000045,1,1,-1,1,-1,75.36231884057979,67.91465378421891,90.25764895330153,1,-0.04282858829796066,-0.04838446229749277,0.005555873999532113
2017-08-23,sh.600748,6.98,7.0,6.9,6.96,3970521,27613039.0,3,0.281921,1,-0.286533,21.051769,1.39198,1.936233,3.532523,0,6.9779999999999855,6.940000000000019,7.002500000000005,-1,1,-1,1,-1,71.01449275362322,72.46376811594193,68.11594202898578,-1,-0.041107065353560124,-0.04692898290870624,0.005821917555146119
2017-08-24,sh.600748,6.94,6.99,6.91,6.92,3790954,26338550.0,3,0.269171,1,-0.574712,20.930782,1.38398,1.9251060000000002,3.512221,0,6.971999999999985,6.938000000000019,6.992500000000004,-1,-1,-1,1,-1,57.114624505928894,67.83047870004383,35.68291611769902,-1,-0.04248072042158224,-0.04603933041128144,0.003558609989699202
2017-08-25,sh.600748,6.92,7.0,6.89,6.99,5152176,35866588.0,3,0.365822,1,1.011556,21.142509,1.397979,1.944579,3.547749,0,6.971999999999985,6.954000000000019,6.987500000000004,1,1,1,1,-1,57.73574251835125,61.95495325930099,49.29732103645176,-1,-0.03748878954414625,-0.044329222237854404,0.006840432693708154
2017-08-28,sh.600748,7.0,7.09,7.0,7.05,6137388,43253305.0,3,0.435776,1,0.858375,21.32399,1.409979,1.961271,3.578202,0,6.979999999999985,6.9680000000000195,6.984000000000004,1,1,1,1,-1,65.44588744588748,60.09875149005575,76.14015935755094,1,-0.028364185129697184,-0.04113621481622296,0.012772029686525778
2017-08-29,sh.600748,7.05,7.09,7.01,7.02,4931325,34741324.0,3,0.350141,1,-0.42553500000000005,20.984865,1.398304,1.9555369999999999,4.959918,0,6.987999999999985,6.979000000000019,6.975000000000006,1,1,1,1,1,74.03174603174602,65.73779199866145,90.61965409791517,1,-0.02328520235336562,-0.03756601232365149,0.014280809970285871
2017-08-30,sh.600748,7.19,7.28,7.07,7.1,11429297,81791326.0,3,0.811520,1,1.1396,21.224009,1.414239,1.9778229999999999,5.016441,0,7.015999999999986,6.9970000000000185,6.978500000000006,1,1,1,1,1,68.55555555555544,69.34439634439617,66.977873977874,-1,-0.012658817530275535,-0.0325845733649763,0.019925755834700763
2017-08-31,sh.600748,7.09,7.16,7.08,7.11,5609280,39868254.0,3,0.398278,1,0.140848,21.253902,1.416231,1.9806080000000001,5.023507,0,7.053999999999985,7.013000000000018,6.982500000000006,1,1,1,1,1,59.35897435897428,67.31542531542512,43.446072446072606,-1,-0.003391321528933844,-0.026745922997767808,0.023354601468833964
2017-09-01,sh.600748,7.1,7.11,7.04,7.08,8032947,56784231.0,3,0.570367,1,-0.421944,21.164223,1.410255,1.9722509999999998,5.002311,0,7.071999999999984,7.022000000000018,6.987000000000006,1,1,1,1,1,53.37606837606835,60.430199430199224,39.267806267806606,-1,0.001515022307204461,-0.021093733936773353,0.022608756243977814
2017-09-04,sh.600748,7.08,7.09,7.03,7.07,5215102,36810417.0,3,0.370290,1,-0.141239,21.13433,1.4082629999999998,1.969466,4.995245,0,7.0759999999999845,7.028000000000018,6.989000000000006,-1,1,1,1,1,50.42735042735047,54.387464387464235,42.50712250712294,-1,0.004544037879025353,-0.015966179573613612,0.020510217452638965
2017-09-05,sh.600748,7.07,7.09,7.03,7.05,4979910,35154666.0,3,0.353591,1,-0.282885,21.074544,1.404279,1.9638939999999998,4.981114,0,7.081999999999985,7.035000000000018,6.990000000000006,-1,1,1,1,1,45.2991452991453,49.70085470085457,36.49572649572677,-1,0.005269972724423866,-0.011718949114006116,0.016988921838429982
2017-09-06,sh.600748,7.04,7.08,7.01,7.07,6119794,43094483.0,3,0.434527,1,0.283688,21.13433,1.4082629999999998,1.969466,4.995245,0,7.0759999999999845,7.046000000000018,6.9930000000000065,-1,1,1,1,1,44.444444444444464,46.7236467236466,39.886039886040194,-1,0.007374110022391633,-0.007900337286726566,0.0152744473091182
2017-09-07,sh.600748,7.05,7.15,7.05,7.07,8564014,60871195.0,3,0.608075,1,0.0,21.13433,1.4082629999999998,1.969466,4.995245,0,7.067999999999985,7.061000000000019,6.9995000000000065,1,1,1,1,1,37.39316239316241,42.37891737891726,27.421652421652723,-1,0.00893861519860728,-0.004532546789659797,0.013471161988267078
2017-09-08,sh.600748,7.07,7.17,7.06,7.13,9802833,69860643.0,3,0.696035,1,0.848656,21.313688,1.420215,1.9861799999999998,5.037638,0,7.077999999999986,7.075000000000019,7.014500000000005,1,1,1,1,1,38.532763532763546,40.123456790123335,35.351377018043976,-1,0.014848827342951232,-0.0006562719631375909,0.015505099306088822
2017-09-11,sh.600748,7.17,7.22,7.13,7.22,11703234,84138952.0,3,0.830970,1,1.262267,21.582725,1.438142,2.0112509999999997,5.101226,0,7.107999999999985,7.092000000000018,7.030000000000006,1,1,1,1,1,49.07407407407401,41.66666666666652,63.888888888888985,1,0.02648960520711885,0.004772903470913697,0.02171670173620515
2017-09-12,sh.600748,7.21,7.24,7.11,7.15,9628534,68843067.0,3,0.683659,1,-0.969525,21.373473999999998,1.4241979999999999,1.9917509999999998,5.051768,0,7.127999999999986,7.10500000000002,7.042000000000006,1,1,1,1,1,61.03059581320446,49.545811140013875,84.00016515958562,1,0.02972395133765371,0.009763113044261699,0.01996083829339201
2017-09-13,sh.600748,7.13,7.16,7.1,7.13,3633423,25868332.0,3,0.257986,1,-0.27971999999999997,21.313688,1.420215,1.9861799999999998,5.037638,0,7.139999999999986,7.10800000000002,7.052500000000006,-1,1,1,1,1,63.60708534621572,57.9039184111646,75.01341921631797,1,0.03032380712268612,0.013875251859946584,0.016448555262739535
2017-09-14,sh.600748,7.12,7.19,7.11,7.19,6507611,46613096.0,3,0.462063,1,0.841514,21.493046,1.432166,2.002894,5.080030,0,7.1639999999999855,7.116000000000019,7.064500000000007,1,1,1,1,1,63.76811594202902,62.8019323671496,65.70048309178786,1,0.035234533938621304,0.01814710827568153,0.017087425662939776
2017-09-15,sh.600748,7.16,7.38,7.16,7.32,22972448,167938464.0,3,1.631123,1,1.808068,21.881654,1.4580600000000001,2.039107,5.171880,0,7.201999999999987,7.14000000000002,7.081000000000006,1,1,1,1,1,71.40618879749317,66.2604633619125,81.69763966865452,1,0.049050806698244465,0.024327847960194115,0.02472295873805035
2017-09-18,sh.600748,7.3,7.35,7.17,7.27,12742495,92224384.0,3,0.904761,1,-0.683063,21.73219,1.448101,2.025179,5.136553,0,7.211999999999986,7.160000000000021,7.0940000000000065,1,1,1,1,1,77.4383078730905,70.87087087087076,90.57318187752998,1,0.055327934282584756,0.030527865224672244,0.024800069057912513
2017-09-19,sh.600748,7.22,7.54,7.22,7.38,22800618,169162408.0,3,1.618923,1,1.513069,22.061011999999998,1.470012,2.055821,5.214273,0,7.257999999999987,7.193000000000021,7.114000000000007,1,1,1,1,1,73.80033094318806,74.21494253792378,72.97110775371664,-1,0.06839032274002932,0.03810035672774366,0.03028996601228566
2017-09-20,sh.600748,7.35,7.39,7.27,7.38,11858122,87036867.0,3,0.841968,1,0.0,22.061011999999998,1.470012,2.055821,5.214273,0,7.307999999999987,7.224000000000021,7.135000000000007,1,1,1,1,1,68.09462523748232,73.11108801792015,58.06169967660665,-1,0.07784501087346829,0.046049287556888585,0.031795723316579705
2017-09-21,sh.600748,7.37,7.4,7.28,7.29,8157757,59810577.0,3,0.579229,1,-1.219514,21.791976000000002,1.452085,2.03075,5.150684,0,7.327999999999987,7.246000000000022,7.153500000000006,-1,1,1,1,1,59.06514120799833,66.9866991295561,43.222025364882796,-1,0.07718592025581028,0.052276614096672926,0.024909306159137355
2017-09-22,sh.600748,7.23,7.3,7.19,7.22,6357506,46000493.0,3,0.451405,1,-0.9602219999999999,21.582725,1.438142,2.0112509999999997,5.101226,0,7.307999999999987,7.255000000000022,7.165000000000006,-1,-1,1,1,1,45.7070707070707,57.62227905085032,21.876654019511463,-1,0.07020588150686713,0.055862467578711765,0.014343413928155364
2017-09-25,sh.600748,7.16,7.18,6.94,6.98,9159678,64611927.0,3,0.650369,1,-3.324097,20.865292999999998,1.390336,1.944395,4.931656,0,7.249999999999988,7.231000000000023,7.1615000000000055,-1,-1,-1,1,1,25.7070707070707,43.49309420737978,-9.864976293547457,-1,0.04479182400832915,0.05364833886463524,-0.008856514856306091
2017-09-26,sh.600748,6.96,7.03,6.95,7.0,5567452,38891563.0,3,0.395308,1,0.286533,20.925079,1.39432,1.949966,4.945787,0,7.173999999999987,7.216000000000022,7.160500000000004,-1,-1,-1,-1,1,14.6464646464646,28.686868686868532,-13.434343434343269,-1,0.025965518856957637,0.04811177486309972,-0.022146256006142083
2017-09-27,sh.600748,6.99,7.06,6.97,7.01,3812892,26766499.0,3,0.270729,1,0.14286,20.954972,1.396312,1.952752,4.952853,0,7.099999999999987,7.204000000000024,7.156000000000004,-1,-1,-1,-1,-1,9.444444444444365,16.59932659932642,-4.865319865319748,-1,0.011717382127455878,0.04083289631597095,-0.029115514188515074
2017-09-28,sh.600748,7.01,7.02,6.94,6.96,4307004,30042865.0,3,0.305812,1,-0.71327,20.805508,1.386352,1.938823,4.917526,0,7.033999999999987,7.181000000000023,7.148500000000004,-1,-1,-1,-1,-1,8.333333333333227,10.808080808080597,3.383838383838487,-1,-0.003567823368619827,0.0319527523790528,-0.035520575747672624
2017-09-29,sh.600748,6.96,7.05,6.95,6.98,3385250,23701075.0,3,0.240364,1,0.287356,20.865292999999998,1.390336,1.944395,4.931656,0,6.985999999999987,7.147000000000024,7.143500000000003,-1,-1,-1,-1,-1,7.222222222222139,8.33333333333311,5.000000000000195,-1,-0.013907311169037762,0.022780739669434683,-0.036688050838472444
2017-10-09,sh.600748,7.07,7.11,7.02,7.05,4476138,31606589.0,3,0.317821,1,1.002868,21.074544,1.404279,1.9638939999999998,4.981114,0,6.999999999999988,7.125000000000024,7.142500000000004,1,-1,-1,-1,-1,11.304347826086863,8.953301127213942,16.006441223832706,1,-0.016265516013591608,0.014971488532829424,-0.031237004546421032
2017-10-10,sh.600748,7.09,7.11,7.02,7.1,4032642,28519805.0,3,0.286332,1,0.709216,21.224009,1.414239,1.9778229999999999,5.016441,0,7.019999999999987,7.097000000000024,7.145000000000003,1,1,-1,-1,-1,21.78743961352645,13.438003220611682,38.48631239935598,1,-0.01393914640731797,0.009189361544799945,-0.023128507952117915
2017-10-11,sh.600748,7.08,7.15,7.05,7.06,3357790,23778940.0,3,0.238415,1,-0.56338,21.104437,1.4062709999999998,1.96668,4.988180,0,7.029999999999989,7.0650000000000235,7.144500000000003,1,-1,-1,-1,-1,30.676328502415277,21.25603864734273,49.516908212560374,1,-0.015148524676964037,0.0043217843004471485,-0.019470308977411185
2017-10-12,sh.600748,7.05,7.07,7.0,7.02,3708021,26066854.0,3,0.263282,1,-0.5665720000000001,20.984865,1.398304,1.9555369999999999,4.959918,0,7.041999999999987,7.038000000000023,7.142000000000005,-1,-1,-1,1,-1,33.81642512077273,28.76006441223802,43.92914653784215,1,-0.019114293695325024,-0.0003654312987072866,-0.018748862396617737
2017-10-13,sh.600748,7.01,7.05,7.0,7.03,2962166,20826600.0,3,0.210324,1,0.142453,21.014758,1.400296,1.958323,4.966984,0,7.051999999999987,7.019000000000024,7.137000000000005,-1,1,-1,1,-1,36.50793650793632,33.666896710374644,42.190016103059676,1,-0.021205830177570384,-0.004533511074479906,-0.01667231910309048
2017-10-16,sh.600748,7.04,7.04,6.92,6.93,4918761,34326901.0,3,0.349249,1,-1.42248,20.715829,1.380377,1.930466,4.896329,0,7.027999999999986,7.014000000000024,7.122500000000005,-1,-1,-1,1,-1,26.84610075914407,32.39015412928424,15.757994018863727,-1,-0.030580044456507416,-0.009742817750885409,-0.020837226705622006
2017-10-17,sh.600748,6.9,6.97,6.9,6.93,2503693,17345790.0,3,0.177771,1,0.0,20.715829,1.380377,1.930466,4.896329,0,6.993999999999986,7.0070000000000245,7.111500000000005,-1,-1,-1,-1,-1,19.734989648032954,27.69634230503765,3.812284334023566,-1,-0.03757602379805025,-0.015309458960318377,-0.022266564837731873
2017-10-18,sh.600748,6.93,6.96,6.86,6.87,3138193,21706865.0,3,0.222823,1,-0.8658,20.536471,1.368426,1.9137520000000001,4.853937,0,6.955999999999986,6.993000000000025,7.098500000000006,-1,-1,-1,-1,-1,6.598700649674984,17.72659701895054,-15.657092088876126,-1,-0.04741531218475181,-0.021730629605205064,-0.025684682579546748
2017-10-19,sh.600748,6.87,6.91,6.81,6.83,3687020,25298786.0,3,0.261791,1,-0.582241,20.416899,1.360458,1.90261,4.825675,0,6.917999999999987,6.980000000000025,7.080500000000006,-1,-1,-1,-1,-1,7.110209601081709,11.147966632929752,-0.9653044626143767,-1,-0.05777469411524727,-0.028939442507213507,-0.028835251608033765
2017-10-20,sh.600748,6.89,7.1,6.87,7.05,9690695,68114041.0,3,0.688073,1,3.221087,21.074544,1.404279,1.9638939999999998,4.981114,0,6.9219999999999855,6.987000000000025,7.067000000000007,1,1,-1,-1,-1,26.639621365787644,13.449510538847981,53.019843019666965,1,-0.047682760367171007,-0.032688106079205005,-0.014994654287966001
2017-10-23,sh.600748,6.99,7.12,6.99,7.02,5804893,40866642.0,3,0.412167,1,-0.42553500000000005,20.984865,1.398304,1.9555369999999999,4.959918,0,6.939999999999986,6.984000000000025,7.054500000000007,1,1,-1,-1,-1,46.07843137254894,26.60942077980597,85.01645255803487,1,-0.04162574377973627,-0.03447563361931126,-0.007150110160425008
2017-10-24,sh.600748,6.99,7.04,6.94,6.98,3526293,24632987.0,3,0.250379,1,-0.5698,20.865292999999998,1.390336,1.944395,4.931656,0,6.949999999999986,6.972000000000024,7.034500000000007,1,1,-1,-1,-1,62.39721695129658,45.038423229877594,97.11480439413455,1,-0.039596733703771925,-0.03549985363620339,-0.004096880067568531
2017-10-25,sh.600748,6.98,7.01,6.96,6.97,3619904,25259673.0,3,0.257026,1,-0.14327,20.835401,1.388344,1.941609,4.924591,0,6.969999999999986,6.963000000000024,7.014000000000007,1,1,-1,1,-1,56.07210626185954,54.849251528568225,58.51781572844216,1,-0.03835352941401293,-0.0360705887917653,-0.0022829406222476326
2017-10-26,sh.600748,6.97,6.99,6.91,6.94,5677369,39475909.0,3,0.403113,1,-0.430412,20.745722,1.382369,1.933252,4.903395,0,6.991999999999986,6.955000000000024,6.996500000000007,-1,-1,-1,1,-1,49.46236559139792,55.97722960151788,36.43263757115801,-1,-0.039335594093956594,-0.03672358985220356,-0.0026120042417530354
2017-10-27,sh.600748,6.95,6.97,6.9,6.92,3389951,23490226.0,3,0.240698,1,-0.288184,20.685935999999998,1.378385,1.9276810000000002,4.889264,0,6.965999999999985,6.944000000000024,6.981500000000007,-1,-1,-1,1,-1,43.01075268817207,49.51507484714304,30.002108370230133,-1,-0.04125219070537778,-0.037629310022838404,-0.003622880682539374
2017-10-30,sh.600748,6.93,6.93,6.75,6.8,5463031,37166297.0,3,0.387894,1,-1.734102,20.32722,1.354482,1.894253,4.804479,0,6.9219999999999855,6.931000000000024,6.972500000000008,-1,-1,-1,-1,-1,30.310956117407756,40.928024798992446,9.076818754238374,-1,-0.05185633687437896,-0.04047471539314652,-0.011381621481232444
2017-10-31,sh.600748,6.8,6.9,6.78,6.86,4507500,30819300.0,3,0.320048,1,0.882352,19.919601,1.348075,1.9385400000000002,-14.983142,0,6.897999999999986,6.924000000000025,6.9655000000000085,-1,-1,-1,-1,-1,26.242371403661718,33.18802673641371,12.351060738157727,-1,-0.054787148409927156,-0.04333720199650264,-0.011449946413424512
2017-11-01,sh.600748,6.86,6.86,6.79,6.81,3923955,26793206.0,3,0.278614,1,-0.728866,19.774414,1.338249,1.92441,-14.873935,0,6.865999999999987,6.918000000000025,6.95550000000001,-1,-1,-1,-1,-1,19.81981981981976,25.45771578029628,8.544027898866723,-1,-0.060447617294930645,-0.046759285056188246,-0.013688332238742398
2017-11-02,sh.600748,6.8,6.84,6.74,6.83,3345620,22690730.0,3,0.237551,1,0.293685,19.832489000000002,1.34218,1.930062,-14.917618,0,6.843999999999987,6.918000000000025,6.94900000000001,-1,-1,-1,-1,-1,23.210052157420524,23.090747793633867,23.448660884993842,1,-0.06259815425845261,-0.04992705889664112,-0.01267109536181149
2017-11-03,sh.600748,6.81,6.87,6.65,6.68,4878812,33036566.0,3,0.346413,1,-2.196195,19.396929,1.3127030000000002,1.887674,-14.589998,0,6.795999999999987,6.881000000000026,6.93400000000001,-1,-1,-1,-1,-1,15.8642448116131,19.631372262950993,8.329989908937314,-1,-0.07553549057735598,-0.055048745232784094,-0.020486745344571886
2017-11-06,sh.600748,6.71,6.73,6.64,6.67,3660554,24440828.0,3,0.259912,1,-0.149697,19.367892,1.310738,1.8848479999999999,-14.568157,0,6.769999999999986,6.846000000000027,6.915000000000009,-1,-1,-1,-1,-1,13.161542108910455,17.411946359314555,4.660733608102255,-1,-0.08560849777219559,-0.06116069574066639,-0.0244478020315292
2017-11-07,sh.600748,6.67,6.69,6.63,6.68,3756711,24997803.0,3,0.266739,1,0.149921,19.396929,1.3127030000000002,1.887674,-14.589998,0,6.733999999999986,6.816000000000026,6.89400000000001,-1,-1,-1,-1,-1,9.896434896434812,12.974073938985986,3.7411568113324627,-1,-0.0917271387622014,-0.06727398434497339,-0.024453154417228007
2017-11-08,sh.600748,6.67,6.73,6.66,6.7,3947811,26436706.0,3,0.280308,1,0.29940100000000003,19.455004000000002,1.316633,1.8933259999999998,-14.633681,0,6.711999999999986,6.7890000000000255,6.876000000000009,-1,-1,-1,-1,-1,14.195077430371548,12.417684811905469,17.749862667303706,1,-0.09388018069155457,-0.07259522361428963,-0.021284957077264938
2017-11-09,sh.600748,6.7,6.71,6.65,6.69,3218488,21481983.0,3,0.228524,1,-0.14925,19.425967,1.314668,1.8905,-14.611840,0,6.683999999999986,6.764000000000026,6.859500000000009,1,-1,-1,-1,-1,18.15904139433555,14.083517907047167,26.310088368912318,1,-0.09529489809271041,-0.0771351585099738,-0.018159739582736617
2017-11-10,sh.600748,6.68,6.69,6.58,6.62,4661932,30860725.0,3,0.331013,1,-1.04634,19.222704999999998,1.300912,1.8707189999999998,-14.458950,0,6.6719999999999855,6.734000000000026,6.839000000000008,-1,-1,-1,-1,-1,17.696078431372605,16.683399085359763,19.72143712339829,1,-0.10090135875637696,-0.08188839855925442,-0.019012960197122536
2017-11-13,sh.600748,6.62,6.62,6.52,6.54,5472003,35951583.0,3,0.388531,1,-1.208458,18.990407,1.285191,1.848112,-14.284220,0,6.645999999999985,6.708000000000027,6.819500000000008,-1,-1,-1,-1,-1,12.738095238095303,16.197738354601018,5.818809005083871,-1,-0.11052577826487564,-0.08761587450037867,-0.022909903764496975
2017-11-14,sh.600748,6.55,6.55,6.46,6.48,4072599,26459950.0,3,0.289169,1,-0.91743,18.816183,1.2734,1.831157,-14.153172,0,6.605999999999986,6.6700000000000275,6.797000000000007,-1,-1,-1,-1,-1,7.697444831591215,12.710539500352906,-2.3287445059321676,-1,-0.12159304963746109,-0.09441130952779515,-0.02718174010966594
2017-11-15,sh.600748,6.48,6.51,6.44,6.48,3022580,19568262.0,3,0.214614,1,0.0,18.816183,1.2734,1.831157,-14.153172,0,6.561999999999986,6.637000000000027,6.777500000000006,-1,-1,-1,-1,-1,6.6315533587230036,9.022364476136373,1.8499311238962655,-1,-0.12887831296769292,-0.10130471021577471,-0.02757360275191821
2017-11-16,sh.600748,6.48,6.49,6.45,6.46,3233405,20908313.0,3,0.229583,1,-0.308642,18.758108,1.26947,1.825505,-14.109489,0,6.515999999999986,6.600000000000027,6.759000000000006,-1,-1,-1,-1,-1,7.025642028673651,7.118213406329154,6.840499273362646,-1,-0.1347128832353368,-0.10798634481968714,-0.026726538415649675
2017-11-17,sh.600748,6.47,6.47,6.06,6.14,8523629,53349210.0,3,0.605207,1,-4.953563,17.828914,1.2065860000000002,1.735078,-13.410567,0,6.419999999999985,6.546000000000026,6.713500000000005,-1,-1,-1,-1,-1,9.379725270998575,7.678973552798273,12.781228707399178,1,-0.16327600372154905,-0.11904427660005952,-0.044231727121489525
2017-11-20,sh.600748,6.13,6.15,6.01,6.09,4349421,26393676.0,3,0.308824,1,-0.8143279999999999,17.683726999999998,1.196761,1.720949,-13.301361,0,6.329999999999985,6.488000000000026,6.667000000000004,-1,-1,-1,-1,-1,9.982653780903822,8.796007026858547,12.355947288994372,1,-0.18778242571249582,-0.1327919064225468,-0.054990519289949025
2017-11-21,sh.600748,6.09,6.32,6.09,6.25,5373964,33466236.0,3,0.381570,1,2.627255,18.148325,1.2282030000000002,1.7661619999999998,-13.650822,0,6.283999999999985,6.445000000000027,6.630500000000003,-1,-1,-1,-1,-1,19.112374634762663,12.824917895554885,31.687288113178223,1,-0.1920791104551176,-0.14464934722906095,-0.04742976322605666
2017-11-22,sh.600748,6.23,6.25,6.15,6.22,3122499,19384087.0,3,0.221708,1,-0.48000299999999996,18.061213000000002,1.222307,1.757685,-13.585298,0,6.231999999999984,6.397000000000027,6.5930000000000035,-1,-1,-1,-1,-1,25.426392779333913,18.173807064999995,39.93156420800175,1,-0.19564968556167273,-0.1548494148955833,-0.04080027066608943
2017-11-23,sh.600748,6.22,6.25,6.08,6.09,2309228,14236020.0,3,0.163963,1,-2.090026,17.683726999999998,1.196761,1.720949,-13.301361,0,6.157999999999984,6.337000000000027,6.550500000000004,-1,-1,-1,-1,-1,26.094273775083764,23.544347063059973,31.194127199131344,1,-0.2065878890148225,-0.16519710971943113,-0.04139077929539137
2017-11-24,sh.600748,6.02,6.15,6.01,6.11,1502819,9169223.0,3,0.106705,1,0.328407,17.741802,1.200691,1.7266,-13.345043,0,6.151999999999984,6.286000000000028,6.510000000000003,-1,-1,-1,-1,-1,20.8385418526852,24.11973613570082,14.276153286653965,-1,-0.21120798700216437,-0.17439928517597778,-0.03680870182618659
2017-11-27,sh.600748,6.12,6.15,6.05,6.11,1287231,7870758.0,3,0.091398,1,0.0,17.741802,1.200691,1.7266,-13.345043,0,6.155999999999984,6.243000000000028,6.475500000000004,-1,-1,-1,-1,-1,17.211090872293088,21.38130216668721,8.870668283504848,-1,-0.21242079326572672,-0.18200358679392756,-0.030417206471799157
2017-11-28,sh.600748,6.07,6.19,6.06,6.19,2464726,15168409.0,3,0.175004,1,1.309328,17.974101,1.216412,1.749207,-13.519774,0,6.143999999999984,6.214000000000027,6.442000000000005,1,-1,-1,-1,-1,25.339506172839567,21.129712965939145,33.75909258664041,1,-0.2045684814407034,-0.18651656572328273,-0.018051915717420652
2017-11-29,sh.600748,6.19,6.27,6.09,6.26,3166794,19678674.0,3,0.224853,1,1.130859,18.177362,1.230168,1.768988,-13.672663,0,6.151999999999984,6.192000000000027,6.414500000000004,1,1,-1,-1,-1,37.28260869565221,26.611068580261485,58.62568892643365,1,-0.19050107495168866,-0.18731346756896392,-0.0031876073827247497
2017-11-30,sh.600748,6.26,6.26,6.17,6.18,1988890,12364786.0,3,0.141218,1,-1.277962,17.945063,1.2144469999999998,1.7463810000000002,-13.497933,0,6.169999999999984,6.164000000000026,6.382000000000003,1,1,-1,1,-1,48.895511921458585,37.17254226331665,72.34145123774245,1,-0.1836904165918991,-0.18658885737355096,0.0028984407816518565
2017-12-01,sh.600748,6.21,6.21,6.11,6.18,1508630,9313160.0,3,0.107118,1,0.0,17.945063,1.2144469999999998,1.7463810000000002,-13.497933,0,6.183999999999984,6.168000000000026,6.357000000000004,-1,1,-1,1,-1,54.675081813931634,46.951067477014014,70.12311048776688,1,-0.17626109261665768,-0.1845233044221723,0.008262211805514619
2017-12-04,sh.600748,6.19,6.2,6.06,6.08,2631150,16100465.0,3,0.186821,1,-1.6181219999999998,17.65469,1.194795,1.718123,-13.279519,0,6.177999999999985,6.167000000000026,6.327500000000003,-1,-1,-1,1,-1,45.53349875930514,49.701364164898315,37.197767948118795,-1,-0.17640893175153494,-0.18290042988804484,0.006491498136509899
2017-12-05,sh.600748,6.07,6.1,5.96,5.99,3276720,19752814.0,3,0.232658,1,-1.480266,17.393354000000002,1.177109,1.6926900000000002,-13.082948,0,6.137999999999984,6.141000000000026,6.293000000000003,-1,-1,-1,-1,-1,30.479735318444995,43.56277196389379,4.313662027547409,-1,-0.1816938891164508,-0.18265912173372603,0.0009652326172752412
2017-12-06,sh.600748,6.02,6.04,5.95,6.02,2286520,13712326.0,3,0.162351,1,0.500838,17.480466,1.1830049999999999,1.7011669999999999,-13.148471,0,6.089999999999984,6.121000000000026,6.259000000000002,-1,-1,-1,-1,-1,19.491832092638532,31.835022056796088,-5.19454783567658,-1,-0.18137077720444506,-0.18240145282786985,0.0010306756234247927
2017-12-07,sh.600748,6.03,6.1,6.0,6.07,2239313,13604852.0,3,0.158999,1,0.8305680000000001,17.625653,1.1928299999999998,1.715297,-13.257678,0,6.0679999999999845,6.119000000000026,6.228000000000003,1,-1,-1,-1,-1,23.017473118279543,24.32968017645422,20.39305900193019,-1,-0.17506211941350625,-0.18093358614499713,0.0058714667314908875
2017-12-08,sh.600748,6.08,6.13,6.02,6.11,2034410,12404676.0,3,0.144450,1,0.658978,17.741802,1.200691,1.7266,-13.345043,0,6.053999999999984,6.119000000000026,6.202500000000002,1,-1,-1,-1,-1,36.45833333333332,26.322546181417,56.72990763716597,1,-0.16493354570934127,-0.17773357805786597,0.012800032348524698
2017-12-11,sh.600748,6.11,6.14,6.06,6.12,2173440,13295873.0,3,0.154322,1,0.163662,17.770839000000002,1.202656,1.729426,-13.366885,0,6.061999999999984,6.120000000000026,6.181500000000002,1,-1,-1,-1,-1,46.875000000000064,35.450268817204176,69.72446236559185,1,-0.15432074812676877,-0.17305101207164653,0.018730263944877756
2017-12-12,sh.600748,6.13,6.13,6.05,6.07,2335542,14224061.0,3,0.165832,1,-0.8169890000000001,17.625653,1.1928299999999998,1.715297,-13.257678,0,6.077999999999984,6.108000000000026,6.161000000000003,-1,-1,-1,-1,-1,47.27822580645167,43.53718637992822,54.76030465949857,1,-0.1482358412102025,-0.16808797789935773,0.019852136689155225
2017-12-13,sh.600748,6.07,6.1,6.05,6.1,1279661,7771342.0,3,0.090860,1,0.494229,17.712765,1.198726,1.7237740000000001,-13.323202,0,6.093999999999984,6.092000000000026,6.142000000000002,1,1,-1,1,-1,49.842328370554135,47.99851805900183,53.52994899365875,1,-0.13938600426747794,-0.16234758317298176,0.02296157890550382
2017-12-14,sh.600748,6.08,6.12,6.01,6.06,2418005,14607040.0,3,0.171687,1,-0.655737,17.596616,1.190865,1.7124709999999999,-13.235837,0,6.091999999999984,6.080000000000027,6.1220000000000026,-1,-1,-1,1,-1,46.800661703887364,47.97373862696426,44.454507857733574,-1,-0.13405481003295083,-0.15668902854497557,0.02263421851202474
2017-12-15,sh.600748,6.06,6.07,6.01,6.04,1817994,10965754.0,3,0.129084,1,-0.33003299999999997,17.538541,1.186935,1.7068189999999999,-13.192154,0,6.077999999999983,6.0660000000000265,6.117000000000003,-1,-1,-1,1,-1,49.68690958164626,48.77663321869579,51.5074623075472,1,-0.12994569990580906,-0.15134036281714228,0.021394662911333212
2017-12-18,sh.600748,6.05,6.06,5.99,6.02,2464000,14827383.0,3,0.174953,1,-0.33112600000000003,17.480466,1.1830049999999999,1.7011669999999999,-13.148471,0,6.057999999999984,6.060000000000026,6.113500000000003,-1,-1,-1,-1,-1,42.73684210526297,46.408137796932074,35.39425072192476,-1,-0.12684089054801007,-0.14644046836331584,0.019599577815305774
2017-12-19,sh.600748,6.04,6.06,5.99,6.06,2404981,14527282.0,3,0.170762,1,0.664451,17.596616,1.190865,1.7124709999999999,-13.235837,0,6.055999999999983,6.067000000000027,6.104000000000003,1,-1,-1,-1,-1,43.62573099415186,45.34982756035358,40.177537861748405,-1,-0.11977198417881674,-0.141106771526416,0.021334787347599277
2017-12-20,sh.600748,6.03,6.06,5.86,5.89,3693186,22031973.0,3,0.262229,1,-2.805282,17.102981,1.157458,1.6644310000000002,-12.864534,0,6.013999999999983,6.054000000000026,6.087500000000003,-1,-1,-1,-1,-1,31.407685881369815,39.256752993594766,15.709551656919913,-1,-0.1264299978875263,-0.13817141679863806,0.011741418911111773
2017-12-21,sh.600748,5.9,5.94,5.83,5.88,2945357,17348095.0,3,0.209131,1,-0.169775,17.073944,1.155493,1.661605,-12.842693,0,5.977999999999983,6.035000000000027,6.077000000000003,-1,-1,-1,-1,-1,24.503328213005418,33.17891502950891,7.152154579998438,-1,-0.13100331349534589,-0.13673779613797962,0.005734482642633737
2017-12-22,sh.600748,5.9,5.93,5.85,5.9,1764419,10406748.0,3,0.125280,1,0.340136,17.132018,1.1594229999999999,1.667257,-12.886376,0,5.949999999999983,6.014000000000026,6.066500000000003,-1,-1,-1,-1,-1,16.725550435227756,24.21218817653421,1.7522749526148473,-1,-0.13149803867531507,-0.1356898446454467,0.004191805970131635
2017-12-25,sh.600748,5.94,6.07,5.91,5.94,4182679,25094780.0,3,0.296985,1,0.6779649999999999,17.248168,1.167284,1.678561,-12.973741,0,5.933999999999983,5.996000000000026,6.0580000000000025,1,-1,-1,-1,-1,25.79780002471883,22.342226224317212,32.708947625522065,1,-0.12719620753511585,-0.13399111722338053,0.006794909688264683
2017-12-26,sh.600748,5.99,6.04,5.95,6.01,2487434,14935148.0,3,0.176616,1,1.1784540000000001,17.451429,1.1810399999999999,1.6983419999999998,-13.126630,0,5.9239999999999835,5.990000000000026,6.049000000000003,1,1,-1,-1,-1,41.11111111111109,27.8781538570191,67.57702561929509,1,-0.11679225199752263,-0.13055134417820896,0.013759092180686328
2017-12-27,sh.600748,6.0,6.05,5.95,5.97,2530428,15166960.0,3,0.179669,1,-0.665565,17.335279999999997,1.1731790000000002,1.687038,-13.039265,0,5.9399999999999835,5.977000000000026,6.034500000000003,1,-1,-1,-1,-1,52.777777777777665,39.8955629712024,78.5422073909282,1,-0.11050092213761253,-0.12654125977008968,0.016040337632477142
2017-12-28,sh.600748,6.01,6.07,5.98,6.0,2552343,15362465.0,3,0.181225,1,0.502516,17.422392000000002,1.179074,1.695516,-13.104789,0,5.9639999999999835,5.971000000000026,6.025500000000003,1,1,-1,-1,-1,63.74521072796917,52.544699872285854,86.1462324393358,1,-0.10191938538540324,-0.1216168848931524,0.019697499507749155
2017-12-29,sh.600748,6.0,6.43,5.93,6.41,18695201,117311793.0,3,1.327424,1,6.833330999999999,18.612922,1.2596450000000001,1.8113759999999999,-14.000283,0,6.065999999999983,6.008000000000026,6.037000000000002,1,1,1,1,1,75.27777777777766,63.93358876117471,97.96615581098355,1,-0.061327931971160154,-0.10955909430875395,0.048231162337593794
2018-01-02,sh.600748,6.36,6.44,6.31,6.37,7718083,49243417.0,3,0.548011,1,-0.624024,18.496772,1.251784,1.800073,-13.912917,0,6.151999999999983,6.043000000000026,6.0515000000000025,1,1,1,1,1,85.34153005464475,74.78817285346373,106.44824445700678,1,-0.032017500584260894,-0.09405077556385534,0.06203327497959445
2018-01-03,sh.600748,6.35,6.4,6.32,6.39,5880944,37410345.0,3,0.417567,1,0.313972,18.554847,1.255714,1.805724,-13.956600,0,6.227999999999983,6.076000000000025,6.071500000000002,1,1,1,1,1,92.33151183970848,84.31693989071017,108.36065573770512,1,-0.00709317399242515,-0.0766592552495693,0.06956608125714416
2018-01-04,sh.600748,6.39,6.49,6.33,6.47,4745242,30278489.0,3,0.336929,1,1.251955,18.787146,1.271435,1.8283310000000002,-14.131331,0,6.327999999999983,6.134000000000025,6.094000000000003,1,1,1,1,1,92.40095628415288,90.02466605950191,97.15353673345484,1,0.018897032585137197,-0.057547997682628,0.0764450302677652
2018-01-05,sh.600748,6.5,6.76,6.4,6.63,17557397,116609140.0,3,1.246636,1,2.472957,19.251742999999998,1.302877,1.873545,-14.480792,0,6.453999999999984,6.209000000000025,6.1220000000000026,1,1,1,1,1,91.12805368048849,91.9535072681165,89.47714650523247,-1,0.05180791201103219,-0.03567681574389596,0.08748472775492815
2018-01-08,sh.600748,6.57,6.81,6.51,6.61,15394366,102733579.0,3,1.093053,1,-0.301659,19.193668,1.2989469999999999,1.867893,-14.437109,0,6.493999999999984,6.280000000000025,6.147000000000003,1,1,1,1,1,86.28453654188945,89.93784883551017,78.97791195464802,-1,0.07540694390298963,-0.013460063814518839,0.08886700771750847
2018-01-09,sh.600748,6.57,6.79,6.51,6.63,8555730,57128129.0,3,0.607486,1,0.302572,19.251742999999998,1.302877,1.873545,-14.480792,0,6.545999999999983,6.349000000000026,6.172500000000002,1,1,1,1,1,80.50802139037432,85.97353720425065,69.57698976262168,-1,0.09463231710719544,0.008158412369824019,0.08647390473737142
2018-01-10,sh.600748,6.6,6.73,6.53,6.65,7308799,48419599.0,3,0.518950,1,0.301659,19.309817000000002,1.306807,1.879197,-14.524474,0,6.597999999999983,6.413000000000027,6.201500000000003,1,1,1,1,1,79.54545454545458,82.112670825906,74.41102198455175,-1,0.11021194207223228,0.02856911831030567,0.08164282376192661
2018-01-11,sh.600748,6.61,6.64,6.42,6.5,7981377,51906372.0,3,0.566705,1,-2.255641,18.874257999999998,1.277331,1.836809,-14.196855,0,6.603999999999983,6.466000000000027,6.221500000000003,-1,1,1,1,1,75.37878787878789,78.4774212715388,69.18152109328608,-1,0.1091964124343292,0.04469457713511038,0.06450183529921882
2018-01-12,sh.600748,6.51,6.76,6.47,6.52,9829841,65292577.0,3,0.697953,1,0.307692,18.932332000000002,1.281261,1.8424599999999998,-14.240537,0,6.581999999999984,6.518000000000026,6.244500000000003,-1,1,1,1,1,62.863636363636374,72.59595959595949,43.39898989899015,-1,0.10875180759056668,0.057506023226201644,0.05124578436436504
2018-01-15,sh.600748,6.48,6.66,6.42,6.44,7492875,48791425.0,3,0.532020,1,-1.226993,18.700034,1.2655399999999999,1.819854,-14.065807,0,6.547999999999983,6.5210000000000266,6.264500000000003,-1,-1,1,1,1,43.75417439703154,60.66553287981848,9.931457431457673,-1,0.10078236724185707,0.06616129202933273,0.034621075212524346
2018-01-16,sh.600748,6.5,6.96,6.44,6.9,31003624,210464696.0,3,2.201364,1,7.142858,20.03575,1.355936,1.949843,-15.070507,0,6.601999999999984,6.5740000000000265,6.308500000000003,1,1,1,1,1,52.32199546485262,52.97993540850672,51.00611557754442,-1,0.13008514341033983,0.07894606230553415,0.05113908110480568
2018-01-17,sh.600748,7.1,7.1,6.66,6.73,26373720,180774722.0,3,1.872625,1,-2.4637689999999997,19.542116,1.3225280000000001,1.901804,-14.699205,0,6.6179999999999835,6.608000000000027,6.342000000000003,1,1,1,1,1,54.03628117913835,50.037483680340706,62.03387617673364,1,0.13799945358894838,0.090756740562217,0.04724271302673139
2018-01-18,sh.600748,6.64,6.7,6.52,6.6,13014392,85816136.0,3,0.924067,1,-1.9316509999999998,19.164631,1.296982,1.8650669999999998,-14.415268,0,6.637999999999984,6.621000000000026,6.377500000000003,-1,-1,1,1,1,54.696545284780576,53.68494064292372,56.719754568494295,1,0.13225711024069042,0.09905681449791168,0.033200295742778746
2018-01-19,sh.600748,6.57,6.67,6.45,6.52,9834949,64506037.0,3,0.698315,1,-1.21212,18.932332000000002,1.281261,1.8424599999999998,-14.240537,0,6.637999999999984,6.610000000000026,6.409500000000003,-1,-1,1,1,1,29.43977591036411,46.057534124760885,-3.79574051842944,-1,0.11986915336965431,0.10321928227226021,0.016649871097394103
2018-01-22,sh.600748,6.48,6.57,6.47,6.54,5447364,35511841.0,3,0.386782,1,0.306748,18.990407,1.285191,1.848112,-14.284220,0,6.657999999999984,6.603000000000027,6.441500000000002,-1,-1,1,1,1,19.607843137254857,34.58138811079973,-10.33924680983489,-1,0.11039290051206585,0.10465400592022134,0.005738894591844512
2018-01-23,sh.600748,6.54,6.68,6.54,6.61,7874069,52112293.0,3,0.559086,1,1.070339,19.193668,1.2989469999999999,1.867893,-14.437109,0,6.5999999999999845,6.6010000000000275,6.475000000000003,1,1,1,-1,1,20.09803921568626,23.048552754434954,14.197012138188875,-1,0.10729449271182379,0.10518210327854183,0.002112389433281958
2018-01-24,sh.600748,6.61,6.66,6.5,6.55,6557993,43053872.0,3,0.465640,1,-0.9077149999999999,19.019444,1.287156,1.8509380000000002,-14.306061,0,6.563999999999984,6.591000000000028,6.5020000000000024,-1,-1,1,-1,1,21.56862745098039,20.42483660130705,23.856209150327075,1,0.09885791118500276,0.10391726485983402,-0.005059353674831263
2018-01-25,sh.600748,6.54,6.57,6.4,6.44,8341441,53850778.0,3,0.592271,1,-1.679391,18.700034,1.2655399999999999,1.819854,-14.065807,0,6.531999999999984,6.5850000000000275,6.525500000000003,-1,-1,-1,-1,1,17.59103641456582,19.752567693744037,13.267973856209387,-1,0.08234653920604096,0.0996031197290754,-0.017256580523034443
2018-01-26,sh.600748,6.44,6.56,6.41,6.51,6294167,40957502.0,3,0.446908,1,1.086959,18.903295,1.279296,1.839635,-14.218696,0,6.529999999999984,6.584000000000029,6.551000000000002,-1,-1,-1,-1,-1,13.515406162464934,17.558356676003594,5.429505135387615,-1,0.07405590259339512,0.09449367630193935,-0.02043777370854423
2018-01-29,sh.600748,6.49,6.58,6.43,6.47,4308123,28005021.0,3,0.305892,1,-0.614446,18.787146,1.271435,1.8283310000000002,-14.131331,0,6.515999999999984,6.587000000000029,6.554000000000002,-1,-1,-1,-1,-1,10.476190476190402,13.860877684406931,3.7068160597573403,-1,0.06352556447700941,0.08830005393695337,-0.024774489459943955
2018-01-30,sh.600748,6.47,6.55,6.4,6.43,4692419,30405710.0,3,0.333178,1,-0.618237,18.670996,1.263575,1.8170279999999999,-14.043965,0,6.479999999999984,6.540000000000029,6.557000000000002,-1,-1,-1,-1,-1,11.904761904761756,11.965452847805578,11.783380018674112,-1,0.05136047832340829,0.08091213881424435,-0.02955166049083606
2018-01-31,sh.600748,6.43,6.65,6.36,6.52,7213347,46920306.0,3,0.512173,1,1.399691,18.932332000000002,1.281261,1.8424599999999998,-14.240537,0,6.473999999999984,6.5190000000000285,6.563500000000002,1,1,-1,-1,-1,23.333333333333158,15.238095238094985,39.523809523809504,1,0.04842361050137356,0.07441443315167019,-0.025990822650296633
2018-02-01,sh.600748,6.54,6.86,6.46,6.51,14189929,93949430.0,3,1.007534,1,-0.15337,18.903295,1.279296,1.839635,-14.218696,0,6.487999999999984,6.510000000000028,6.565500000000002,1,-1,-1,-1,-1,29.999999999999815,21.746031746031452,46.50793650793654,1,0.044773088868710786,0.06848616429507831,-0.023713075426367525
2018-02-02,sh.600748,6.43,6.43,5.9,6.16,12214012,74610493.0,3,0.867237,1,-5.37635,17.886989,1.210516,1.7407299999999999,-13.454250,0,6.417999999999983,6.474000000000028,6.542000000000002,-1,-1,-1,-1,-1,35.69444444444432,29.67592592592564,47.731481481481694,1,0.013482531021254296,0.05748543764031351,-0.044002906619059215
2018-02-05,sh.600748,6.09,6.16,6.03,6.11,5198464,31671169.0,3,0.369109,1,-0.811684,17.741802,1.200691,1.7266,-13.345043,0,6.345999999999984,6.4310000000000285,6.517000000000001,-1,-1,-1,-1,-1,26.319444444444372,30.671296296296045,17.615740740741025,-1,-0.01517511436944563,0.042953327238361684,-0.058128441607807314
2018-02-06,sh.600748,6.01,6.1,5.83,5.84,7739884,45916750.0,3,0.549559,1,-4.418985,16.957794,1.147632,1.650302,-12.755328,0,6.227999999999984,6.354000000000029,6.477500000000002,-1,-1,-1,-1,-1,16.643069039913655,26.218985976267323,-2.5087648327936805,-1,-0.05899321130666735,0.022564019529355876,-0.08155723083602323
2018-02-07,sh.600748,5.99,6.0,5.69,5.85,4673332,27343463.0,3,0.331823,1,0.171229,16.986832,1.149598,1.653128,-12.777169,0,6.093999999999984,6.284000000000029,6.437500000000002,-1,-1,-1,-1,-1,12.173695820540422,18.378736434966026,-0.23638540831078814,-1,-0.09185362102891581,-0.0003195085822984625,-0.09153411244661736
2018-02-08,sh.600748,5.85,5.94,5.78,5.93,2538163,14942843.0,3,0.180218,1,1.36752,17.21913,1.165319,1.6757349999999998,-12.951900,0,5.977999999999985,6.23300000000003,6.409000000000002,-1,-1,-1,-1,-1,11.719635991480574,13.512133617311425,8.134640739818874,-1,-0.11017042498761231,-0.022289691863361237,-0.08788073312425107
2018-02-09,sh.600748,5.84,5.85,5.59,5.74,4607820,26356710.0,3,0.327171,1,-3.204048,16.667421,1.127981,1.6220430000000001,-12.536915,0,5.893999999999984,6.15600000000003,6.370000000000002,-1,-1,-1,-1,-1,15.333019270027082,13.075450360682566,19.848157088716114,1,-0.13842238905795767,-0.045516231302280524,-0.09290615775567715
2018-02-12,sh.600748,5.74,5.85,5.71,5.81,2608731,15122199.0,3,0.185229,1,1.219515,16.870683,1.141737,1.6418240000000002,-12.689804,0,5.833999999999984,6.09000000000003,6.338500000000002,-1,-1,-1,-1,-1,16.548892926845635,14.533849396117636,20.57897998830163,1,-0.15339561003548763,-0.06709210704892195,-0.08630350298656568
2018-02-13,sh.600748,5.81,5.92,5.81,5.85,3127901,18358482.0,3,0.222092,1,0.6884680000000001,16.986832,1.149598,1.653128,-12.777169,0,5.835999999999984,6.03200000000003,6.286000000000001,1,-1,-1,-1,-1,16.5354330708661,16.139115089246147,17.328069034106008,1,-0.1601877847610682,-0.0857112425913512,-0.07447654216971701
2018-02-14,sh.600748,5.85,5.87,5.81,5.87,1569387,9181990.0,3,0.111432,1,0.34188,17.044906,1.153528,1.65878,-12.820852,0,5.839999999999984,5.967000000000031,6.243000000000001,1,-1,-1,-1,-1,23.70953630796147,18.931287435224277,33.26603405343586,1,-0.16208834575961628,-0.10098666322500421,-0.06110168253461207
2018-02-22,sh.600748,5.9,5.93,5.85,5.93,2123921,12529596.0,3,0.150806,1,1.022146,17.21913,1.165319,1.6757349999999998,-12.951900,0,5.839999999999984,5.909000000000031,6.209500000000001,1,1,-1,-1,-1,37.818299028410884,26.021089469079357,61.412718147073946,1,-0.15694390385523516,-0.11217811135105041,-0.04476579250418475
2018-02-23,sh.600748,5.93,6.01,5.89,5.96,2249370,13400445.0,3,0.159713,1,0.5059060000000001,17.306242,1.171214,1.6842119999999998,-13.017424,0,5.883999999999984,5.88900000000003,6.1815000000000015,1,1,-1,-1,-1,55.17715858273132,38.901664639701096,87.72814646879178,1,-0.14873166129362314,-0.11948882133956495,-0.029242839954058186
2018-02-26,sh.600748,5.96,6.03,5.92,6.01,3255102,19449423.0,3,0.231123,1,0.838929,17.451429,1.1810399999999999,1.6983419999999998,-13.126630,0,5.923999999999985,5.879000000000031,6.155000000000001,1,1,-1,1,-1,75.88422928980198,56.29322896698127,115.06622993544342,1,-0.13661401642291704,-0.12291386035623537,-0.013700156066681665
2018-02-27,sh.600748,6.0,6.01,5.95,5.97,2950551,17649487.0,3,0.209499,1,-0.665565,17.335279999999997,1.1731790000000002,1.687038,-13.039265,0,5.947999999999984,5.89200000000003,6.123000000000001,1,1,-1,1,-1,84.78906714200825,71.95015167151372,110.46689808299729,1,-0.12875416341683277,-0.12408192096835485,-0.004672242448477915
2018-02-28,sh.600748,5.96,6.01,5.92,5.97,2370644,14152789.0,3,0.168324,1,0.0,17.335279999999997,1.1731790000000002,1.687038,-13.039265,0,5.967999999999984,5.90400000000003,6.094000000000001,1,1,-1,1,-1,89.39393939393926,83.3557452752497,101.47032763131838,1,-0.12112887501130398,-0.12349131177694468,0.002362436765640699
2018-03-01,sh.600748,5.97,6.01,5.94,6.01,3151712,18857713.0,3,0.223782,1,0.670024,17.451429,1.1810399999999999,1.6983419999999998,-13.126630,0,5.983999999999985,5.912000000000029,6.072500000000002,1,1,-1,1,-1,88.82575757575744,87.66958803723486,91.13809665280257,1,-0.11058337697265586,-0.12090972481608692,0.01032634784343106
2018-03-02,sh.600748,5.99,6.04,5.95,5.99,2872216,17208657.0,3,0.203937,1,-0.332786,17.393354000000002,1.177109,1.6926900000000002,-13.082948,0,5.989999999999985,5.93700000000003,6.046500000000001,1,1,-1,1,-1,86.12483530961784,88.11484409310471,82.14481774264411,-1,-0.10265646680593576,-0.11725907321405668,0.014602606408120916
2018-03-05,sh.600748,5.99,6.0,5.91,5.96,2062605,12271759.0,3,0.146452,1,-0.50083,17.306242,1.171214,1.6842119999999998,-13.017424,0,5.979999999999985,5.952000000000029,6.021000000000001,-1,1,-1,1,-1,79.0760869565217,84.67555994729885,67.87714097496743,-1,-0.09766921278009022,-0.1133411011272634,0.015671888347173174
2018-03-06,sh.600748,5.98,6.02,5.91,6.0,4433378,26487063.0,3,0.314785,1,0.67114,17.422392000000002,1.179074,1.695516,-13.104789,0,5.9859999999999856,5.967000000000029,5.9995,1,1,1,1,-1,74.14187643020598,79.7809328987817,62.86376349305456,-1,-0.08945789737203302,-0.10856446037621732,0.0191065630041843
2018-03-07,sh.600748,5.99,6.08,5.97,6.01,4854928,29259807.0,3,0.344717,1,0.16667,17.451429,1.1810399999999999,1.6983419999999998,-13.126630,0,5.993999999999986,5.981000000000029,5.974000000000001,1,1,1,1,1,69.10755148741414,74.10850495804713,59.10564454614817,-1,-0.0812073465837031,-0.10309303761771448,0.021885691034011376
2018-03-08,sh.600748,5.99,6.02,5.95,5.99,2362121,14125199.0,3,0.167719,1,-0.332786,17.393354000000002,1.177109,1.6926900000000002,-13.082948,0,5.989999999999986,5.987000000000029,5.948,1,1,1,1,1,63.05469556243546,68.76804116001838,51.628004367269625,-1,-0.07541324158904317,-0.09755707841198022,0.022143836822937052
2018-03-09,sh.600748,5.99,6.23,5.95,6.19,8832120,54017100.0,3,0.627111,1,3.3389029999999997,17.974101,1.216412,1.749207,-13.519774,0,6.029999999999986,6.010000000000029,5.9495000000000005,1,1,1,1,1,65.90557275541791,66.02260660175568,65.67150506274237,-1,-0.05405987452383609,-0.0888576376343514,0.0347977631105153
2018-03-12,sh.600748,6.3,6.3,6.12,6.19,9106010,56347824.0,3,0.646558,1,0.0,17.974101,1.216412,1.749207,-13.519774,0,6.075999999999986,6.028000000000029,5.9535,1,1,1,1,1,68.78456510809455,65.91494447531583,74.52380637365198,1,-0.036713961586436916,-0.07842890242476849,0.04171494083833158
2018-03-13,sh.600748,6.14,6.17,6.07,6.08,5666701,34607873.0,3,0.402355,1,-1.777062,17.65469,1.194795,1.718123,-13.279519,0,6.091999999999986,6.039000000000029,5.9655000000000005,-1,1,1,1,1,67.62820512820514,67.43944766390572,68.00572005680397,1,-0.031480394908002474,-0.06903920092141529,0.03755880601341281
2018-03-14,sh.600748,6.07,6.09,6.0,6.01,3470373,20954418.0,3,0.246408,1,-1.151311,17.451429,1.1810399999999999,1.6983419999999998,-13.126630,0,6.091999999999986,6.0430000000000295,5.9735000000000005,-1,-1,1,1,1,47.008547008547,61.14043908161542,18.744762862410155,-1,-0.03260531679916667,-0.06175242409696556,0.029147107297798888
2018-03-15,sh.600748,5.99,6.04,5.95,6.01,3465604,20782112.0,3,0.246070,1,0.0,17.451429,1.1810399999999999,1.6983419999999998,-13.126630,0,6.095999999999985,6.0430000000000295,5.977500000000001,-1,-1,1,1,1,31.623931623931544,48.75356125356108,-2.6353276353275277,-1,-0.0331150952973811,-0.056024958337048666,0.022909863039667563
2018-03-16,sh.600748,6.03,6.04,5.95,5.96,2696286,16178549.0,3,0.191446,1,-0.83195,17.306242,1.171214,1.6842119999999998,-13.017424,0,6.049999999999985,6.040000000000029,5.988500000000001,-1,-1,-1,1,1,21.367521367521274,33.33333333333312,-2.564102564102427,-1,-0.03712571839088419,-0.052245110347815774,0.015119391956931585
2018-03-19,sh.600748,5.95,5.97,5.9,5.93,2138290,12665497.0,3,0.151826,1,-0.503359,17.21913,1.165319,1.6757349999999998,-12.951900,0,5.997999999999985,6.037000000000029,5.9945,-1,-1,-1,-1,1,15.320512820512699,22.770655270655027,0.42022792022804367,-1,-0.042238021744587684,-0.050243692627170156,0.008005670882582472
2018-03-20,sh.600748,5.87,5.99,5.85,5.97,3043834,17995856.0,3,0.216123,1,0.6745359999999999,17.335279999999997,1.1731790000000002,1.687038,-13.039265,0,5.975999999999985,6.034000000000029,6.000500000000001,-1,-1,-1,-1,-1,15.662393162393068,17.450142450142202,12.0868945868948,-1,-0.04257115945196688,-0.0487091859921295,0.006138026540162621
2018-03-21,sh.600748,5.94,6.05,5.94,5.99,2854755,17166245.0,3,0.202697,1,0.335008,17.393354000000002,1.177109,1.6926900000000002,-13.082948,0,5.971999999999985,6.032000000000029,6.006500000000001,1,-1,-1,-1,-1,21.759259259259213,17.580721747388182,30.11633428300128,1,-0.04075158176456295,-0.04711766514661619,0.006366083382053238
2018-03-22,sh.600748,5.97,6.02,5.91,5.94,3099297,18436624.0,3,0.220061,1,-0.83472,17.248168,1.167284,1.678561,-12.973741,0,5.957999999999986,6.027000000000029,6.007000000000001,-1,-1,-1,-1,-1,25.925925925925984,21.115859449192612,35.54605887939273,1,-0.04285018520873862,-0.04626416915904068,0.0034139839503020547
2018-03-23,sh.600748,5.8,5.87,5.61,5.7,5483539,31499712.0,3,0.389350,1,-4.040408,16.551272,1.120121,1.61074,-12.449549,0,5.905999999999986,5.978000000000029,5.9940000000000015,-1,-1,-1,-1,-1,22.394179894179942,23.35978835978824,20.462962962963346,-1,-0.06315136813270783,-0.049641608953774105,-0.013509759178933725
2018-03-26,sh.600748,5.65,5.75,5.62,5.72,2472829,14024591.0,3,0.175579,1,0.350877,16.609347,1.124051,1.616392,-12.493232,0,5.863999999999986,5.931000000000029,5.979500000000001,-1,-1,-1,-1,-1,19.66269841269839,22.660934744267966,13.666225749559239,-1,-0.07674173802319473,-0.05506163476765823,-0.0216801032555365
2018-03-27,sh.600748,5.82,5.88,5.8,5.83,2716548,15855058.0,3,0.192884,1,1.923079,12.327575999999999,1.078125,1.486581,-9.660954,0,5.835999999999986,5.906000000000029,5.972500000000001,-1,-1,-1,-1,-1,29.662698412698337,23.906525573192084,41.175044091710845,1,-0.0777399852248788,-0.05959730485910234,-0.018142680365776452
2018-03-28,sh.600748,5.85,5.91,5.82,5.87,2351900,13816431.0,3,0.166993,1,0.686106,12.412156,1.0855219999999999,1.49678,-9.727239,0,5.811999999999985,5.89200000000003,5.967500000000001,1,-1,-1,-1,-1,44.002525252525196,31.109307359307167,69.78896103896125,1,-0.07444527878488927,-0.06256689964425972,-0.011878379140629544
2018-03-29,sh.600748,5.96,6.0,5.9,5.97,4449662,26542737.0,3,0.315941,1,1.7035759999999998,12.623607000000002,1.104015,1.5222790000000002,-9.892950,0,5.817999999999985,5.888000000000029,5.9655000000000005,1,1,1,-1,-1,63.6363636363636,45.767195767195574,99.37469937469965,1,-0.06303836885287595,-0.06266119348598297,-0.0003771753668929817
2018-03-30,sh.600748,6.0,6.03,5.96,5.98,3045680,18254588.0,3,0.216254,1,0.167508,12.644752,1.105864,1.524829,-9.909521,0,5.8739999999999855,5.890000000000029,5.965000000000002,1,1,1,-1,-1,75.0,60.87962962962947,103.24074074074106,1,-0.05258522438929969,-0.060645999666646314,0.008060775277346624
2018-04-02,sh.600748,6.0,6.14,5.99,6.05,5421274,32982830.0,3,0.384929,1,1.1705709999999998,12.792767,1.118809,1.542678,-10.025519,0,5.939999999999985,5.902000000000029,5.969500000000002,1,1,1,1,-1,82.97598627787306,73.87078330474542,101.18639222412835,1,-0.03821213144046531,-0.056159226021410116,0.017947094580944803
2018-04-03,sh.600748,6.0,6.11,5.95,6.07,4712160,28498197.0,3,0.334580,1,0.33057800000000004,12.835057,1.122508,1.547778,-10.058661,0,5.987999999999985,5.912000000000029,5.973000000000002,1,1,1,1,1,84.63407661520871,80.87002096436045,92.16218791690525,1,-0.024920253700605244,-0.04991143155724914,0.024991177856643898
2018-04-04,sh.600748,6.12,6.21,6.02,6.03,4713441,28894462.0,3,0.334671,1,-0.658978,12.750477,1.115111,1.5375780000000001,-9.992377,0,6.019999999999985,5.916000000000029,5.974000000000002,1,1,1,1,1,79.937106918239,82.51572327044012,74.77987421383673,-1,-0.017413281070222553,-0.04341180145984382,0.02599852038962127
2018-04-09,sh.600748,6.01,6.1,5.96,6.07,3903003,23589342.0,3,0.277127,1,0.663349,12.835057,1.122508,1.547778,-10.058661,0,6.039999999999986,5.929000000000029,5.9780000000000015,1,1,1,1,1,77.68787975695555,80.75302109680096,71.55759707726472,-1,-0.008142424666701231,-0.036357926101215306,0.028215501434514074
2018-04-10,sh.600748,6.07,6.13,6.03,6.13,2898928,17629423.0,3,0.205834,1,0.988467,12.961928,1.133604,1.563077,-10.158088,0,6.069999999999985,5.972000000000029,5.975000000000001,1,1,1,1,1,75.58633043957558,77.73710570492325,71.28477990888021,-1,0.004000182768156613,-0.028286304327340923,0.032286487095497536
2018-04-11,sh.600748,6.13,6.18,6.1,6.12,2416691,14830831.0,3,0.171593,1,-0.163136,12.940783,1.1317540000000001,1.560527,-10.141517,0,6.083999999999985,6.012000000000029,5.971500000000002,1,1,1,1,1,77.89402274726787,77.05607764793287,79.56991294593789,1,0.012670314715488296,-0.020094980518775077,0.03276529523426337
2018-04-12,sh.600748,6.11,6.16,6.02,6.04,3308830,20105285.0,3,0.234938,1,-1.307188,12.771622,1.11696,1.5401280000000002,-10.008948,0,6.077999999999985,6.033000000000029,5.969500000000002,-1,1,1,1,1,67.52405737456873,73.66813685380392,55.235898416098365,-1,0.012936995703107357,-0.01348858527439859,0.02642558097750595
2018-04-13,sh.600748,6.05,6.12,6.04,6.11,2828012,17221808.0,3,0.200799,1,1.158943,12.919638,1.129905,1.557977,-10.124945,0,6.093999999999985,6.057000000000029,5.974500000000002,1,1,1,1,1,61.207609594706355,68.87522990551417,45.872368973090715,-1,0.01858254923240299,-0.007074358373038273,0.025656907605441263
2018-04-16,sh.600748,6.1,6.11,5.94,5.99,2992578,18024543.0,3,0.212483,1,-1.963999,12.665897,1.1077139999999999,1.527379,-9.926092,0,6.077999999999984,6.0590000000000295,5.973500000000001,-1,-1,1,1,1,41.73942345985353,56.823696809709396,11.570876760141815,-1,0.013221287191453435,-0.0030152292601399316,0.016236516451593366
2018-04-17,sh.600748,6.04,6.07,5.97,6.04,3437856,20734719.0,3,0.244100,1,0.834728,12.771622,1.11696,1.5401280000000002,-10.008948,0,6.0599999999999845,6.06500000000003,5.977500000000002,-1,-1,1,-1,1,39.031339031338995,47.32612402863282,22.44176903675134,-1,0.01285880226260172,0.000159577044408399,0.012699225218193323
2018-04-18,sh.600748,6.07,6.07,5.89,5.97,4112933,24517708.0,3,0.292032,1,-1.158943,12.623607000000002,1.104015,1.5222790000000002,-9.892950,0,6.029999999999984,6.05700000000003,5.979500000000002,-1,-1,-1,-1,1,26.851851851851777,35.874204781014626,8.807145993526078,-1,0.006844219457802225,0.0014965055270871643,0.005347713930715061
2018-04-19,sh.600748,5.98,6.06,5.92,6.01,3849804,23184295.0,3,0.273349,1,0.670024,12.708186999999999,1.111412,1.5324790000000001,-9.959234,0,6.023999999999984,6.0510000000000295,5.981500000000002,-1,-1,1,-1,1,34.47211579395483,33.45176889238172,36.51280959710104,1,0.005244825870477143,0.00224616959576516,0.0029986562747119833
2018-04-20,sh.600748,5.98,6.06,5.83,5.87,4407246,26181450.0,3,0.312930,1,-2.329457,12.412156,1.0855219999999999,1.49678,-9.727239,0,5.975999999999984,6.0350000000000295,5.975500000000002,-1,-1,-1,-1,1,25.935960591132993,29.086642745646387,19.6345962821062,-1,-0.007236121536919882,0.00034971136922815147,-0.007585832906148033
2018-04-23,sh.600748,5.85,5.93,5.74,5.79,4118327,23928307.0,3,0.292415,1,-1.362861,12.242995,1.0707280000000001,1.476381,-9.594670,0,5.935999999999984,6.007000000000029,5.968000000000003,-1,-1,-1,-1,-1,21.390506045678435,27.266194143588606,9.639129849858094,-1,-0.023313945043718753,-0.00438301991336123,-0.018930925130357525
2018-04-24,sh.600748,5.81,6.0,5.81,5.97,4665704,27760148.0,3,0.331281,1,3.108805,12.623607000000002,1.104015,1.5222790000000002,-9.892950,0,5.921999999999985,5.991000000000029,5.981500000000002,1,-1,-1,-1,-1,25.851370851370785,24.392612496060593,28.768887561991164,1,-0.021285870069915447,-0.007763589944672074,-0.013522280125243372
2018-04-25,sh.600748,5.99,6.0,5.93,5.99,2313371,13808392.0,3,0.164257,1,0.335008,12.665897,1.1077139999999999,1.527379,-9.926092,0,5.925999999999985,5.978000000000029,5.995000000000003,1,1,-1,-1,-1,43.97167160325048,30.404516166766417,71.1059824762186,1,-0.017858906827534327,-0.009782653321244525,-0.008076253506289802
2018-04-26,sh.600748,6.02,6.02,5.81,5.82,3140900,18447110.0,3,0.223015,1,-2.838057,12.306431,1.076276,1.4840309999999999,-9.644383,0,5.887999999999986,5.95600000000003,5.994500000000002,-1,-1,-1,-1,-1,47.39100002257891,39.07134749239991,64.0303050829369,1,-0.028531697371794174,-0.013532462131354454,-0.01499923524043972
2018-04-27,sh.600748,5.85,5.93,5.83,5.92,2922660,17204996.0,3,0.207519,1,1.7182110000000002,12.517881,1.094769,1.5095299999999998,-9.810094,0,5.897999999999985,5.93700000000003,5.997000000000002,1,-1,-1,-1,-1,47.318849950428834,46.22717385875259,49.50220213378131,1,-0.028591214779726037,-0.01654421266102877,-0.012047002118697268
2018-05-02,sh.600748,5.95,5.95,5.58,5.69,8436133,48356303.0,3,0.598995,1,-3.885135,11.847434,1.045284,1.3997680000000001,-5.372395,0,5.877999999999985,5.907000000000029,5.983000000000002,-1,-1,-1,-1,-1,32.87201858630425,42.52728951977051,13.561476719371726,-1,-0.0466595977656592,-0.022567289681954854,-0.024092308083704345
2018-05-03,sh.600748,5.69,5.76,5.62,5.74,4929527,28029139.0,3,0.350013,1,0.8787299999999999,11.951541,1.054469,1.412068,-5.419604,0,5.831999999999985,5.877000000000029,5.971000000000002,-1,-1,-1,-1,-1,36.77592249020817,38.9889303423136,32.349906785997305,-1,-0.05629540098522856,-0.029312911942609595,-0.026982489042618966
2018-05-04,sh.600748,5.72,5.81,5.72,5.78,3474826,20026026.0,3,0.246725,1,0.696872,12.034827,1.061817,1.421908,-5.457371,0,5.789999999999985,5.85800000000003,5.957500000000001,-1,-1,-1,-1,-1,32.48299319727894,34.0436447579303,29.3616900759762,-1,-0.06001239324004537,-0.03545280820209675,-0.02455958503794862
2018-05-07,sh.600748,5.76,5.82,5.74,5.78,5208190,30096823.0,3,0.369799,1,0.0,12.034827,1.061817,1.421908,-5.457371,0,5.781999999999985,5.83500000000003,5.943000000000002,-1,-1,-1,-1,-1,40.151515151515184,36.47014361300061,47.514258228544335,1,-0.062240664741795904,-0.04081037951003658,-0.02143028523175932
2018-05-08,sh.600748,5.77,5.85,5.77,5.84,3226712,18782341.0,3,0.229108,1,1.0380610000000001,12.159756,1.07284,1.436669,-5.514022,0,5.765999999999985,5.832000000000031,5.933500000000002,1,1,-1,-1,-1,48.73737373737375,40.45729402872248,65.29753315467629,1,-0.05849084139140981,-0.04434647188631123,-0.014144369505098578
2018-05-09,sh.600748,5.83,5.87,5.79,5.83,2602478,15201406.0,3,0.184785,1,-0.171237,12.138935,1.0710030000000001,1.434209,-5.504580,0,5.7939999999999845,5.8360000000000305,5.921500000000003,1,-1,-1,-1,-1,53.78787878787879,47.558922558922426,66.24579124579152,1,-0.055684104106731525,-0.04661399833039529,-0.009070105776336233
2018-05-10,sh.600748,5.83,5.86,5.76,5.84,2813241,16374600.0,3,0.199750,1,0.171531,12.159756,1.07284,1.436669,-5.514022,0,5.813999999999984,5.823000000000031,5.907000000000003,1,1,-1,-1,-1,58.333333333333314,53.61952861952847,67.76094276094301,1,-0.05205279593091028,-0.04770175785049829,-0.004351038080411991
2018-05-11,sh.600748,5.83,5.85,5.72,5.75,3555840,20505262.0,3,0.252477,1,-1.5410979999999999,11.972363,1.056306,1.414528,-5.429046,0,5.807999999999984,5.79900000000003,5.888500000000002,-1,-1,-1,1,-1,53.95167895167892,55.35763035763019,51.13977613977637,-1,-0.05579404683668088,-0.049320215647734804,-0.006473831188946073
2018-05-14,sh.600748,5.77,5.8,5.67,5.71,3251105,18615619.0,3,0.230840,1,-0.695651,11.889077,1.048958,1.404688,-5.391279,0,5.793999999999984,5.7880000000000305,5.872000000000002,-1,-1,-1,1,-1,46.723996723996656,53.00300300300282,34.16598416598433,-1,-0.06128027991856122,-0.05171222850190009,-0.00956805141666113
2018-05-15,sh.600748,5.71,5.73,5.64,5.73,3396970,19322773.0,3,0.241197,1,0.35026199999999996,11.930719999999999,1.052632,1.409608,-5.410162,0,5.771999999999983,5.769000000000029,5.853000000000002,-1,-1,-1,1,-1,41.69369369369366,47.456456456456266,30.16816816816845,-1,-0.06328481831697363,-0.0540267464649148,-0.009258071852058833
2018-05-16,sh.600748,5.72,5.76,5.67,5.71,3340806,19079300.0,3,0.237209,1,-0.34904,11.889077,1.048958,1.404688,-5.391279,0,5.747999999999983,5.77100000000003,5.839000000000002,-1,-1,-1,-1,-1,36.52330591461026,41.646998777433375,26.275920188964037,-1,-0.06572957269388446,-0.05636731171070873,-0.009362260983175733
2018-05-17,sh.600748,5.66,5.76,5.66,5.72,2712410,15504331.0,3,0.192590,1,0.175127,11.909898,1.0507950000000001,1.407148,-5.400720,0,5.723999999999983,5.769000000000029,5.823000000000002,-1,-1,-1,-1,-1,36.405797101449274,38.20759890325092,32.80219349784598,-1,-0.06609820278754519,-0.058313489926076024,-0.007784712861469166
2018-05-18,sh.600748,5.71,5.76,5.66,5.74,3091367,17678033.0,3,0.219498,1,0.34965,11.951541,1.054469,1.412068,-5.419604,0,5.721999999999983,5.76500000000003,5.811500000000001,1,-1,-1,-1,-1,36.23188405797102,36.38699569134337,35.921660791226316,-1,-0.06403831807132399,-0.05945845555512562,-0.004579862516198366
2018-05-21,sh.600748,5.74,5.79,5.74,5.78,2896364,16702354.0,3,0.205652,1,0.696872,12.034827,1.061817,1.421908,-5.457371,0,5.735999999999983,5.76500000000003,5.800000000000002,1,1,-1,-1,-1,46.376811594202934,39.67149758454093,59.78743961352694,1,-0.058503783686007615,-0.05926752118130202,0.0007637374952944032
2018-05-22,sh.600748,5.78,5.78,5.72,5.74,2851290,16366993.0,3,0.202451,1,-0.692049,11.951541,1.054469,1.412068,-5.419604,0,5.737999999999983,5.75500000000003,5.793500000000001,1,-1,-1,-1,-1,49.934123847167406,44.180939833113634,61.44049187527496,1,-0.05669178342758663,-0.05875237363055894,0.0020605902029723136
2018-05-23,sh.600748,5.74,5.77,5.68,5.69,3243077,18539839.0,3,0.230270,1,-0.871075,11.847434,1.045284,1.3997680000000001,-5.372395,0,5.733999999999982,5.74100000000003,5.788500000000001,-1,-1,-1,-1,-1,43.37787816048701,46.562937867285626,37.00775874688978,-1,-0.05861466888406408,-0.05872483268125997,0.00011016379719588909
2018-05-24,sh.600748,5.7,5.75,5.59,5.66,4650628,26351151.0,3,0.330211,1,-0.5272439999999999,11.784969,1.039773,1.392388,-5.344069,0,5.721999999999983,5.72300000000003,5.773000000000001,-1,-1,-1,-1,-1,34.199134199134356,42.50371206892944,17.589978459544184,-1,-0.06184639203219877,-0.05934914455144773,-0.002497247480751044
2018-05-25,sh.600748,5.63,5.7,5.59,5.61,3810260,21460809.0,3,0.270542,1,-0.883387,11.680862,1.0305879999999998,1.380088,-5.296860,0,5.695999999999982,5.70900000000003,5.7540000000000004,-1,-1,-1,-1,-1,22.380952380952575,33.319321580191165,0.5042139824753917,-1,-0.06766217065786329,-0.06101174977273084,-0.006650420885132444
2018-05-28,sh.600748,5.62,5.76,5.58,5.68,4705448,26668913.0,3,0.334103,1,1.247766,11.826611999999999,1.043447,1.397308,-5.362953,0,5.675999999999982,5.70600000000003,5.747000000000002,1,-1,-1,-1,-1,30.317460317460345,28.965848965848938,33.02068302068316,1,-0.06586356792118586,-0.061982113402421844,-0.0038814545187640173
2018-05-29,sh.600748,5.65,5.71,5.63,5.64,2470310,13983313.0,3,0.175401,1,-0.704225,11.743326,1.0360989999999999,1.387468,-5.325186,0,5.655999999999982,5.697000000000029,5.733000000000001,-1,-1,-1,-1,-1,28.73015873015865,27.142857142857036,31.904761904761877,1,-0.0668947074531765,-0.06296463221257277,-0.003930075240603723
2018-05-30,sh.600748,5.6,5.63,5.42,5.45,4839787,26611900.0,3,0.343642,1,-3.3687949999999995,11.347717999999999,1.001195,1.340727,-5.145791,0,5.607999999999981,5.67100000000003,5.721000000000002,-1,-1,-1,-1,-1,28.099528099527962,29.04904904904883,26.200486200486232,-1,-0.08209694261410228,-0.06679109429287867,-0.0153058483212236
2018-05-31,sh.600748,5.5,5.53,5.42,5.52,3082747,16905140.0,3,0.218886,1,1.284407,11.493468,1.014054,1.357947,-5.211884,0,5.579999999999981,5.65100000000003,5.710000000000002,-1,-1,-1,-1,-1,21.235521235521116,26.02173602173575,11.66309166309184,-1,-0.08748790243973836,-0.07093045592225061,-0.01655744651748775
2018-06-01,sh.600748,5.49,5.55,5.42,5.45,4456790,24405390.0,3,0.316447,1,-1.268119,11.347717999999999,1.001195,1.340727,-5.145791,0,5.547999999999981,5.62200000000003,5.693500000000002,-1,-1,-1,-1,-1,14.48948948948945,21.27484627484602,0.918775918776312,-1,-0.09629862136364409,-0.07600408901052931,-0.020294532353114778
2018-06-04,sh.600748,5.46,5.55,5.43,5.52,4255365,23391490.0,3,0.302146,1,1.284407,11.493468,1.014054,1.357947,-5.211884,0,5.515999999999981,5.59600000000003,5.680500000000001,1,-1,-1,-1,-1,21.310596310596225,19.01186901186877,25.90805090805113,1,-0.09652014050501023,-0.08010729930942549,-0.01641284119558474
2018-06-05,sh.600748,5.51,5.57,5.49,5.57,2151019,11929342.0,3,0.152730,1,0.905801,11.597576,1.023239,1.370247,-5.259093,0,5.501999999999981,5.579000000000031,5.667000000000002,1,-1,-1,-1,-1,27.007469654528467,20.935851818204554,39.1507053271763,1,-0.09160514677810294,-0.08240686880316098,-0.009198277974941965
2018-06-06,sh.600748,5.58,5.6,5.5,5.52,2769718,15350111.0,3,0.196660,1,-0.897669,11.493468,1.014054,1.357947,-5.211884,0,5.515999999999981,5.5620000000000305,5.651500000000001,1,-1,-1,-1,-1,34.03361344537809,27.450559803500767,47.199720729132736,1,-0.0906990389091229,-0.08406530282435336,-0.00663373608476954
2018-06-07,sh.600748,5.54,5.56,5.46,5.48,3232597,17784053.0,3,0.229526,1,-0.724637,11.410182,1.0067059999999999,1.348107,-5.174117,0,5.507999999999981,5.544000000000031,5.6335000000000015,-1,-1,-1,-1,-1,30.39215686274511,30.47774665421706,30.22097727980121,-1,-0.09214640124642859,-0.0856815225087684,-0.00646487873766019
2018-06-08,sh.600748,5.47,5.5,5.27,5.32,4960100,26556418.0,3,0.352184,1,-2.919705,11.077038,0.9773129999999999,1.308746,-5.023048,0,5.4819999999999816,5.515000000000031,5.612000000000002,-1,-1,-1,-1,-1,19.474153297682733,27.96664120193515,2.489177489177898,-1,-0.10499380591244911,-0.08954397918950455,-0.015449826722944565
2018-06-11,sh.600748,5.33,5.44,5.3,5.42,3923342,21208729.0,3,0.278571,1,1.8796970000000002,11.285252999999999,0.995684,1.3333469999999998,-5.117466,0,5.461999999999982,5.489000000000031,5.597500000000002,-1,-1,-1,-1,-1,23.55912061794422,24.47514359279053,21.727074668251603,-1,-0.10588571776289246,-0.09281232690418213,-0.01307339085871033
2018-06-12,sh.600748,5.42,5.53,5.41,5.52,3276875,17959798.0,3,0.232669,1,1.845017,11.493468,1.014054,1.357947,-5.211884,0,5.451999999999982,5.4770000000000305,5.5870000000000015,1,1,-1,-1,-1,42.92929292929295,28.654188948306473,71.4795008912659,1,-0.09740062627520185,-0.09372998677838608,-0.0036706394968157724
2018-06-13,sh.600748,5.5,5.55,5.46,5.53,2793013,15399367.0,3,0.198314,1,0.18116400000000002,11.514289999999999,1.0158909999999999,1.360407,-5.221326,0,5.453999999999982,5.4850000000000305,5.578000000000002,1,1,-1,-1,-1,65.40404040404043,43.964151317092366,108.28381857793657,1,-0.08884506312928764,-0.09275300204856639,0.00390793891927875
2018-06-14,sh.600748,5.46,5.55,5.42,5.42,3096626,16958754.0,3,0.219871,1,-1.989152,11.285252999999999,0.995684,1.3333469999999998,-5.117466,0,5.4419999999999815,5.475000000000032,5.563000000000002,-1,-1,-1,-1,-1,66.6666666666667,58.3333333333332,83.33333333333371,1,-0.0899044360134944,-0.092183288841552,0.0022788528280575926
2018-06-15,sh.600748,5.48,5.54,5.38,5.43,3389905,18475367.0,3,0.240695,1,0.184497,11.306075,0.9975209999999999,1.335807,-5.126908,0,5.463999999999982,5.473000000000031,5.547500000000002,-1,-1,-1,-1,-1,57.57575757575763,63.21548821548809,46.29629629629672,-1,-0.08891215623885795,-0.09152906232101318,0.0026169060821552292
2018-06-19,sh.600748,5.39,5.41,4.93,5.05,6482405,33483627.0,3,0.460273,1,-6.998152,10.514858,0.9277120000000001,1.242325,-4.768119,0,5.389999999999981,5.42600000000003,5.511000000000002,-1,-1,-1,-1,-1,37.28328056686266,53.841901603095494,4.166038494396986,-1,-0.11743487543264663,-0.09671022494333988,-0.02072465048930676
2018-06-20,sh.600748,5.13,5.14,4.95,5.07,3696239,18623817.0,3,0.262446,1,0.396039,10.556500999999999,0.9313870000000001,1.2472450000000002,-4.787002,0,5.299999999999981,5.3760000000000305,5.477500000000002,-1,-1,-1,-1,-1,29.53917282275491,41.46607032179156,5.685377824681609,-1,-0.13684800442569856,-0.10473778083981161,-0.03211022358588694
2018-06-21,sh.600748,5.08,5.13,4.93,4.95,3824205,19219536.0,3,0.271532,1,-2.3668709999999997,10.306643,0.909342,1.217724,-4.673700,0,5.1839999999999815,5.319000000000031,5.440500000000002,-1,-1,-1,-1,-1,14.452825478343065,27.09175962265338,-10.825042810277566,-1,-0.16007084902793878,-0.11580439447743704,-0.04426645455050174
2018-06-22,sh.600748,4.95,5.09,4.91,5.07,4180430,20876521.0,3,0.296825,1,2.42425,10.556500999999999,0.9313870000000001,1.2472450000000002,-4.787002,0,5.113999999999981,5.278000000000031,5.411000000000003,-1,-1,-1,-1,-1,16.816009557945062,20.26933595301418,9.90935676780682,-1,-0.16686856660487503,-0.12601722890292463,-0.0408513377019504
2018-06-25,sh.600748,5.08,5.12,4.97,5.0,3853423,19475917.0,3,0.273606,1,-1.380674,10.41075,0.9185270000000001,1.230025,-4.720909,0,5.027999999999982,5.246000000000031,5.380500000000003,-1,-1,-1,-1,-1,14.096102150537618,15.121645728941752,12.04501499372935,-1,-0.17587682320669185,-0.13598914776367807,-0.039887675443013776
2018-06-26,sh.600748,4.94,5.07,4.94,5.02,3055455,15309757.0,3,0.216948,1,0.4,10.452392999999999,0.922201,1.2349450000000002,-4.739793,0,5.021999999999982,5.20600000000003,5.347500000000003,-1,-1,-1,-1,-1,18.749999999999932,16.55403723616071,23.14192552767838,1,-0.17933483822855223,-0.1446582858566529,-0.034676552371899316
2018-06-27,sh.600748,5.02,5.06,4.98,5.02,2931192,14717881.0,3,0.208125,1,0.0,10.452392999999999,0.922201,1.2349450000000002,-4.739793,0,5.011999999999981,5.15600000000003,5.316500000000003,1,-1,-1,-1,-1,16.14583333333323,16.330645161290096,15.776209677419494,-1,-0.18000040739692125,-0.15172671016470657,-0.02827369723221468
2018-06-28,sh.600748,5.01,5.11,4.94,4.96,4023784,20196296.0,3,0.285703,1,-1.1952180000000001,10.327463999999999,0.9111790000000001,1.220184,-4.683142,0,5.013999999999982,5.09900000000003,5.2920000000000025,-1,-1,-1,-1,-1,14.10383597883587,16.33322310405618,9.645061728395248,-1,-0.18325690281490914,-0.1580327486947471,-0.025224154120162046
2018-06-29,sh.600748,4.96,5.07,4.93,5.04,3022599,15183324.0,3,0.214615,1,1.612902,10.494036,0.925875,1.239865,-4.758677,0,5.007999999999981,5.06100000000003,5.2680000000000025,1,-1,-1,-1,-1,17.04133597883589,15.763668430334832,19.596671075838003,1,-0.17733812397925952,-0.16189382375164957,-0.015444300227609953
2018-07-02,sh.600748,5.05,5.06,4.86,4.92,2649517,13189448.0,3,0.188125,1,-2.38095,10.244178,0.9038309999999999,1.210344,-4.645375,0,4.991999999999981,5.01000000000003,5.241500000000003,-1,-1,-1,-1,-1,18.455026455026363,16.53339947089921,22.298280423280673,1,-0.18025260638461305,-0.16556558027824225,-0.014687026106370793
2018-07-03,sh.600748,4.92,4.95,4.81,4.92,3206488,15641890.0,3,0.227672,1,0.0,10.244178,0.9038309999999999,1.210344,-4.645375,0,4.971999999999982,4.99700000000003,5.211500000000003,-1,-1,-1,-1,-1,27.267857142857082,20.921406525572948,39.96075837742535,1,-0.1804818720140542,-0.16854883862540465,-0.011933033388649539
2018-07-04,sh.600748,4.92,4.95,4.82,4.87,2196862,10701515.0,3,0.155985,1,-1.0162639999999998,10.140071,0.8946459999999999,1.198044,-4.598166,0,4.9419999999999815,4.9770000000000305,5.1765000000000025,-1,-1,-1,-1,-1,25.05280337941627,23.591895659099745,27.974618820049322,1,-0.18259332660106242,-0.1713577362205362,-0.011235590380526211
2018-07-05,sh.600748,4.86,4.9,4.75,4.76,2292494,11075490.0,3,0.162775,1,-2.2587200000000003,9.911033999999999,0.8744379999999999,1.1709829999999999,-4.494306,0,4.9019999999999815,4.9580000000000295,5.138500000000003,-1,-1,-1,-1,-1,18.81084713746004,23.7105025532443,9.011536305891518,-1,-0.19094169328204025,-0.17527452763283702,-0.01566716564920323
2018-07-06,sh.600748,4.8,4.8,4.62,4.65,4054267,19044808.0,3,0.287867,1,-2.310927,9.681998,0.8542299999999999,1.143923,-4.390446,0,4.823999999999981,4.91600000000003,5.097000000000003,-1,-1,-1,-1,-1,9.39333013065731,17.752326882511046,-7.324663373050164,-1,-0.2040813914704751,-0.18103590040036463,-0.023045491070110474
2018-07-09,sh.600748,4.62,4.74,4.62,4.74,2123338,9985938.0,3,0.150764,1,1.9354770000000001,9.869391,0.870764,1.1660629999999998,-4.475422,0,4.787999999999981,4.89000000000003,5.068000000000003,-1,-1,-1,-1,-1,11.104982533553914,13.103053267223592,7.108841066214556,-1,-0.20487082576089666,-0.18580288547247104,-0.019067940288425622
2018-07-10,sh.600748,4.72,4.77,4.7,4.75,2128231,10076784.0,3,0.151112,1,0.210975,9.890213000000001,0.8726010000000001,1.168523,-4.484864,0,4.753999999999981,4.86300000000003,5.034500000000003,-1,-1,-1,-1,-1,19.047619047619005,13.181977237276579,30.778902668303854,1,-0.20235689734728535,-0.1891136878474339,-0.013243209499851444
2018-07-11,sh.600748,4.71,4.71,4.59,4.62,2947445,13668160.0,3,0.209279,1,-2.736845,9.619533,0.848719,1.136543,-4.362120,0,4.703999999999981,4.82300000000003,4.989500000000003,-1,-1,-1,-1,-1,19.090136054421727,16.414245878531386,24.44191640620241,1,-0.2084516041759672,-0.19298127111314056,-0.015470333062826636
2018-07-12,sh.600748,4.62,4.75,4.59,4.73,2564707,12086715.0,3,0.182103,1,2.3809549999999997,9.84857,0.868927,1.1636030000000002,-4.465980,0,4.697999999999981,4.80000000000003,4.949500000000003,1,-1,-1,-1,-1,20.855948762483717,19.664567954841317,23.238710377768513,1,-0.20207621375198936,-0.19480025964091033,-0.007275954111079036
2018-07-13,sh.600748,4.73,4.78,4.71,4.76,1973306,9348505.0,3,0.140112,1,0.634254,9.911033999999999,0.8744379999999999,1.1709829999999999,-4.494306,0,4.71999999999998,4.7720000000000296,4.916500000000004,1,-1,-1,-1,-1,27.753152088258464,22.566412301721133,38.12663166133313,1,-0.19238522451665663,-0.1943172526160596,0.0019320280994029604
2018-07-16,sh.600748,4.76,4.76,4.6,4.63,4851153,22552569.0,3,0.344449,1,-2.7310950000000003,9.640355,0.850556,1.139003,-4.371562,0,4.69799999999998,4.74300000000003,4.876500000000003,-1,-1,-1,-1,-1,29.373522458628823,25.994207769790165,36.132151836306136,1,-0.19297051529220344,-0.19404790515128836,0.0010773898590849262
2018-07-17,sh.600748,4.64,4.66,4.61,4.66,2217823,10292257.0,3,0.157473,1,0.647942,9.702819,0.856067,1.146383,-4.399888,0,4.67999999999998,4.71700000000003,4.857000000000003,-1,-1,-1,-1,-1,26.9713261648745,28.032666903920425,24.848644686782656,-1,-0.1888368198566095,-0.19300568809235258,0.004168868235743084
2018-07-18,sh.600748,4.64,4.71,4.64,4.65,2446442,11415768.0,3,0.173706,1,-0.214587,9.681998,0.8542299999999999,1.143923,-4.390446,0,4.68599999999998,4.6950000000000305,4.836000000000003,-1,-1,-1,-1,-1,20.754394947943386,25.699747857148733,10.863689129532695,-1,-0.1842439038332051,-0.19125333124052307,0.00700942740731797
2018-07-19,sh.600748,4.65,4.68,4.58,4.61,2390931,11047399.0,3,0.169764,1,-0.8602139999999999,9.598711999999999,0.846882,1.134083,-4.352678,0,4.6619999999999795,4.68000000000003,4.819000000000003,-1,-1,-1,-1,-1,22.05069124423972,23.25880411901903,19.634465494681102,-1,-0.18173670291648492,-0.18935000557571544,0.00761330265923052
2018-07-20,sh.600748,4.59,4.63,4.53,4.62,3891653,17839501.0,3,0.276321,1,1.315788,9.619533,0.848719,1.136543,-4.362120,0,4.63399999999998,4.67700000000003,4.7965000000000035,-1,-1,-1,-1,-1,26.523809523809575,23.10963190533072,33.35216476076729,1,-0.17690357737869622,-0.1868607199363116,0.009957142557615373
2018-07-23,sh.600748,4.64,4.68,4.56,4.68,2989122,13844167.0,3,0.212238,1,1.2987,9.744462,0.859741,1.151303,-4.418771,0,4.64399999999998,4.67100000000003,4.7805000000000035,1,1,-1,-1,-1,36.9999999999999,28.52483358934956,53.950332821300584,1,-0.16631462059121205,-0.18275150006729168,0.016436879476079636
2018-07-24,sh.600748,4.69,4.81,4.66,4.78,6248515,29773269.0,3,0.443666,1,2.1367599999999998,9.952677,0.8781120000000001,1.1759030000000001,-4.513189,0,4.66799999999998,4.67400000000003,4.768500000000004,1,1,1,-1,-1,61.761904761904695,41.76190476190455,101.76190476190497,1,-0.14814589808715795,-0.17583037967126494,0.027684481584106996
2018-07-25,sh.600748,4.76,4.83,4.74,4.79,3070043,14666152.0,3,0.217984,1,0.2092,9.973499,0.879949,1.178364,-4.522631,0,4.695999999999979,4.69100000000003,4.757000000000004,1,1,1,1,-1,78.6507936507936,59.1375661375659,117.677248677249,1,-0.13142515084794582,-0.1669493339066011,0.03552418305865529
2018-07-26,sh.600748,4.8,4.85,4.78,4.82,3928090,18927489.0,3,0.278908,1,0.626309,10.035963,0.88546,1.1857440000000001,-4.550957,0,4.73799999999998,4.70000000000003,4.750000000000004,1,1,1,1,-1,88.85912698412706,76.42394179894161,113.72949735449797,1,-0.11443396539445505,-0.1564462602041719,0.042012294809716855
2018-07-27,sh.600748,4.8,4.85,4.8,4.83,3709924,17928033.0,3,0.263417,1,0.20746399999999998,10.056785000000001,0.8872969999999999,1.188204,-4.560398,0,4.77999999999998,4.707000000000031,4.739500000000004,1,1,1,1,1,90.34722222222227,85.9523809523808,99.13690476190519,1,-0.09901997148765229,-0.144961002460868,0.045941030973215696
2018-07-30,sh.600748,4.8,4.9,4.76,4.77,3646686,17616162.0,3,0.258927,1,-1.242235,9.931856,0.876275,1.173443,-4.503748,0,4.79799999999998,4.72100000000003,4.732000000000004,-1,1,1,1,1,83.07995495495494,87.42876805376791,74.38232875732902,-1,-0.09060137259784806,-0.13408907648826401,0.04348770389041595
2018-07-31,sh.600748,4.81,4.94,4.8,4.91,5461974,26732046.0,3,0.387819,1,2.9350080000000003,10.223357,0.9019940000000001,1.207884,-4.635933,0,4.823999999999979,4.746000000000031,4.731500000000003,1,1,1,1,1,83.76593056471097,85.73103591396256,79.8357198662078,-1,-0.07180501879417989,-0.12163226494944719,0.049827246155267305
2018-08-01,sh.600748,4.9,4.96,4.86,4.89,5868563,28903102.0,3,0.416688,1,-0.407332,10.181714,0.8983200000000001,1.202964,-4.617049,0,4.84399999999998,4.770000000000031,4.7325000000000035,1,1,1,1,1,80.42290730889695,82.42293094285411,76.42286004098264,-1,-0.057855681554335625,-0.10887694827042488,0.05102126671608925
2018-08-02,sh.600748,4.87,4.9,4.6,4.7,5634582,26542722.0,3,0.400075,1,-3.885482,9.786105000000001,0.863416,1.156223,-4.437655,0,4.81999999999998,4.779000000000031,4.729500000000003,-1,-1,-1,1,1,70.4679523539421,78.21893007584983,54.96599691012662,-1,-0.061424084781758204,-0.09938637557269155,0.03796229079093334
2018-08-03,sh.600748,4.69,4.79,4.68,4.74,3581982,16992392.0,3,0.254333,1,0.8510629999999999,9.869391,0.870764,1.1660629999999998,-4.475422,0,4.80199999999998,4.7910000000000315,4.734000000000003,-1,-1,1,1,1,52.53660637381569,67.8091553455514,21.991508430344254,-1,-0.060328969535075494,-0.09157489436516833,0.031245924830092836
2018-08-06,sh.600748,4.69,4.78,4.6,4.69,3229509,15130180.0,3,0.229306,1,-1.054846,9.765284,0.8615790000000001,1.1537629999999999,-4.428213,0,4.78599999999998,4.792000000000032,4.731500000000002,-1,-1,-1,-1,1,32.96296296296306,51.98917389690678,-5.089458904924371,-1,-0.062772067623456,-0.08581432901682587,0.023042261393369873
2018-08-07,sh.600748,4.69,4.79,4.62,4.78,2345770,11119893.0,3,0.166558,1,1.91898,9.952677,0.8781120000000001,1.1759030000000001,-4.513189,0,4.75999999999998,4.792000000000032,4.733000000000002,1,-1,1,-1,1,37.96296296296307,41.1541774332471,31.580534022395,-1,-0.05679133743488407,-0.08000973070043751,0.023218393265553444
2018-08-08,sh.600748,4.8,4.81,4.69,4.73,2960046,14057158.0,3,0.210173,1,-1.046029,9.84857,0.868927,1.1636030000000002,-4.465980,0,4.72799999999998,4.786000000000032,4.738500000000003,1,-1,-1,-1,-1,37.03703703703716,35.98765432098759,39.13580246913631,1,-0.05544698942463633,-0.07509718244527727,0.019650193020640944
2018-08-09,sh.600748,4.72,4.84,4.7,4.78,3859657,18487135.0,3,0.274049,1,1.057086,9.952677,0.8781120000000001,1.1759030000000001,-4.513189,0,4.74399999999998,4.782000000000031,4.741000000000002,1,-1,1,-1,1,45.37037037037047,40.12345679012339,55.864197530864644,1,-0.04977324680208195,-0.07003239531663821,0.020259148514556263
2018-08-10,sh.600748,4.79,4.93,4.78,4.84,3206933,15572087.0,3,0.227703,1,1.2552290000000002,10.077606,0.889134,1.190664,-4.569840,0,4.763999999999981,4.7830000000000314,4.745000000000003,1,1,1,-1,1,50.92592592592599,44.444444444444365,63.88888888888924,1,-0.03997446558153772,-0.06402080936961811,0.02404634378808039
2018-08-13,sh.600748,4.72,4.88,4.72,4.87,3361108,16179504.0,3,0.238650,1,0.619829,10.140071,0.8946459999999999,1.198044,-4.598166,0,4.799999999999981,4.793000000000031,4.757000000000003,1,1,1,1,1,63.888888888888914,53.39506172839495,84.87654320987684,1,-0.02944864592918517,-0.057106376681531526,0.027657730752346357
2018-08-14,sh.600748,4.86,4.88,4.78,4.84,2591610,12506043.0,3,0.184013,1,-0.616011,10.077606,0.889134,1.190664,-4.569840,0,4.811999999999981,4.786000000000032,4.766000000000004,1,1,1,1,1,71.46464646464646,62.09315375982029,90.2076318742988,1,-0.02325948641888953,-0.05033699862900313,0.027077512210113598
2018-08-15,sh.600748,4.84,4.84,4.72,4.75,2713009,12936857.0,3,0.192633,1,-1.859507,9.890213000000001,0.8726010000000001,1.168523,-4.484864,0,4.81599999999998,4.772000000000031,4.771000000000003,-1,-1,-1,1,1,64.39393939393943,66.58249158249144,60.016835016835415,-1,-0.025324851629696,-0.045334569229141704,0.020009717599445705
2018-08-16,sh.600748,4.74,4.77,4.67,4.72,2307334,10894406.0,3,0.163829,1,-0.631583,9.827748,0.8670899999999999,1.161143,-4.456538,0,4.80399999999998,4.774000000000031,4.776500000000003,-1,-1,-1,1,1,51.51515151515154,62.45791245791231,29.629629629630003,-1,-0.02904757535178426,-0.042077170453670217,0.013029595101885956
2018-08-17,sh.600748,4.73,4.75,4.58,4.61,2891902,13513565.0,3,0.205335,1,-2.330501,9.598711999999999,0.846882,1.134083,-4.352678,0,4.75799999999998,4.76100000000003,4.7760000000000025,-1,-1,-1,-1,-1,30.129870129870167,48.67965367965354,-6.969696969696585,-1,-0.040408141511804274,-0.04174336466529703,0.0013352231534927567
2018-08-20,sh.600748,4.61,4.73,4.58,4.71,2921480,13670260.0,3,0.207435,1,2.169195,9.806927,0.865253,1.158683,-4.447097,0,4.7259999999999796,4.763000000000031,4.7775000000000025,-1,-1,-1,-1,-1,27.359307359307365,36.33477633477619,9.408369408369722,-1,-0.04087117036638688,-0.041568925805515,0.000697755439128124
2018-08-21,sh.600748,4.71,4.8,4.7,4.79,2287890,10905138.0,3,0.162448,1,1.6985119999999998,9.973499,0.879949,1.178364,-4.522631,0,4.71599999999998,4.76400000000003,4.778000000000003,1,1,1,-1,-1,35.23809523809525,30.909090909090754,43.89610389610424,1,-0.034386407555972553,-0.040132422155606515,0.005746014599633961
2018-08-22,sh.600748,4.75,4.8,4.73,4.79,2185399,10427967.0,3,0.155171,1,0.0,9.973499,0.879949,1.178364,-4.522631,0,4.72399999999998,4.770000000000031,4.778000000000003,1,1,1,-1,-1,52.38095238095238,38.326118326118156,80.49062049062083,1,-0.02891388504005299,-0.03788871473249581,0.008974829692442822
2018-08-23,sh.600748,4.77,4.81,4.66,4.73,2603518,12349123.0,3,0.184859,1,-1.252608,9.84857,0.868927,1.1636030000000002,-4.465980,0,4.7259999999999796,4.765000000000031,4.773500000000004,1,-1,-1,-1,-1,56.666666666666714,48.09523809523794,73.80952380952426,1,-0.029083117997209307,-0.03612759538543851,0.007044477388229206
2018-08-24,sh.600748,4.68,4.78,4.68,4.78,2225135,10567231.0,3,0.157992,1,1.057086,9.952677,0.8781120000000001,1.1759030000000001,-4.513189,0,4.75999999999998,4.7590000000000305,4.7710000000000035,1,1,1,1,-1,58.88888888888895,55.97883597883584,64.70899470899518,1,-0.02489567238817525,-0.03388121078598586,0.008985538397810612
2018-08-27,sh.600748,4.76,4.83,4.76,4.83,3275843,15729261.0,3,0.232596,1,1.046019,10.056785000000001,0.8872969999999999,1.188204,-4.560398,0,4.78399999999998,4.75500000000003,4.774000000000004,1,1,1,1,1,70.94017094017101,62.165242165242056,88.49002849002893,1,-0.01734259480402489,-0.03057348758959367,0.013230892785568778
2018-08-28,sh.600748,4.81,4.87,4.8,4.82,2206243,10646921.0,3,0.156651,1,-0.20703400000000002,9.642652,0.8804040000000001,1.034047,-2.698332,0,4.7899999999999805,4.75300000000003,4.769500000000003,1,1,1,1,1,81.85971117005606,70.56292366637183,104.4532861774245,1,-0.012025025815827206,-0.026863795234840376,0.01483876941901317
2018-08-29,sh.600748,4.84,4.87,4.78,4.85,2277974,11031159.0,3,0.161744,1,0.622401,9.702669,0.885884,1.040483,-2.715127,0,4.801999999999981,4.763000000000031,4.767500000000004,1,1,1,1,1,90.67197170645444,81.15728460556033,109.70134590824267,1,-0.005328639562215187,-0.02255676410031534,0.017228124538100152
2018-08-30,sh.600748,4.82,4.87,4.81,4.85,2418937,11715357.0,3,0.171753,1,0.0,9.702669,0.885884,1.040483,-2.715127,0,4.825999999999981,4.776000000000031,4.775000000000003,1,1,1,1,1,89.65517241379301,87.39561843010101,94.174280381177,1,-2.1457858533580065e-05,-0.018049702851958987,0.018028244993425407
2018-08-31,sh.600748,4.81,4.85,4.7,4.72,3181357,15098088.0,3,0.225887,1,-2.680415,9.442597,0.862139,1.012594,-2.642350,0,4.8139999999999805,4.787000000000031,4.774000000000003,-1,-1,-1,1,1,71.59277504105073,83.97330638709923,46.831712348953715,-1,-0.006233535351563013,-0.01568646935187979,0.009452934000316777
2018-09-03,sh.600748,4.72,4.97,4.68,4.9,6702524,32381722.0,3,0.475902,1,3.8135660000000002,9.802696000000001,0.8950170000000001,1.05121,-2.743118,0,4.82799999999998,4.806000000000031,4.784500000000003,1,1,1,1,1,66.36474389533338,75.87089711672554,47.352437452549026,-1,0.0033294641664509683,-0.01188328264821364,0.015212746814664608
2018-09-04,sh.600748,4.9,4.93,4.82,4.9,5991372,29168798.0,3,0.425408,1,0.0,9.802696000000001,0.8950170000000001,1.05121,-2.743118,0,4.84399999999998,4.81700000000003,4.790500000000003,1,1,1,1,1,61.13671274961602,66.3647438953332,50.680650458181645,-1,0.010783900094621934,-0.007349846099646525,0.018133746194268458
2018-09-05,sh.600748,4.87,4.87,4.76,4.76,3475953,16748636.0,3,0.246805,1,-2.8571400000000002,9.522619,0.869445,1.021175,-2.664743,0,4.825999999999979,4.81400000000003,4.792000000000003,-1,-1,-1,1,1,60.808305524657136,62.76992072320201,56.88507512756739,-1,0.005333285507353125,-0.004813219778246594,0.01014650528559972
2018-09-06,sh.600748,4.77,4.83,4.73,4.76,2618600,12492714.0,3,0.185930,1,0.0,9.522619,0.869445,1.021175,-2.664743,0,4.8079999999999785,4.81700000000003,4.791000000000004,-1,-1,-1,-1,1,44.19725621060444,55.3807581616257,21.830252308561924,-1,0.0010020827907482044,-0.003650159264447635,0.004652242055195839
2018-09-07,sh.600748,4.79,4.82,4.73,4.74,3309179,15794180.0,3,0.234963,1,-0.420178,9.482608,0.865792,1.016885,-2.653547,0,4.811999999999979,4.813000000000031,4.786000000000003,-1,-1,-1,-1,1,25.287356321839145,43.430972685700084,-10.99987640588273,-1,-0.003998170993380512,-0.00371976161023421,-0.0002784093831463019
2018-09-10,sh.600748,4.76,4.8,4.7,4.77,2916080,13872642.0,3,0.207052,1,0.632916,9.542625,0.8712719999999999,1.023321,-2.670341,0,4.785999999999979,4.807000000000031,4.781000000000003,-1,-1,-1,-1,1,26.436781609195446,31.973798047212856,15.362748733160622,-1,-0.005477023149112803,-0.004071213918009929,-0.0014058092311028739
2018-09-11,sh.600748,4.77,4.78,4.7,4.74,2223069,10540469.0,3,0.157846,1,-0.628935,9.482608,0.865792,1.016885,-2.653547,0,4.753999999999979,4.799000000000031,4.7760000000000025,-1,-1,-1,-1,-1,24.13793103448285,25.287356321838995,21.839080459770564,-1,-0.008966414175409554,-0.005050253969489854,-0.0039161602059197
2018-09-12,sh.600748,4.74,4.76,4.71,4.76,1736534,8231964.0,3,0.123300,1,0.421951,9.522619,0.869445,1.021175,-2.664743,0,4.753999999999979,4.79000000000003,4.776500000000003,1,-1,-1,-1,-1,26.436781609195446,25.670498084291097,27.96934865900414,1,-0.01000264459002409,-0.006040732093596702,-0.0039619124964273885
2018-09-13,sh.600748,4.78,4.81,4.71,4.77,2450336,11621110.0,3,0.173982,1,0.210079,9.542625,0.8712719999999999,1.023321,-2.670341,0,4.75599999999998,4.78200000000003,4.779000000000003,1,-1,-1,-1,-1,26.436781609195446,25.670498084291097,27.96934865900414,1,-0.009902794976516915,-0.006813144670180744,-0.003089650306336171
2018-09-14,sh.600748,4.77,4.79,4.71,4.71,2391762,11337389.0,3,0.169823,1,-1.25786,9.422592,0.8603120000000001,1.010449,-2.636752,0,4.7499999999999805,4.781000000000031,4.7840000000000025,-1,-1,-1,-1,-1,20.989505247376268,24.62102282192224,13.726470098284324,-1,-0.01449803764426516,-0.008350123264997627,-0.006147914379267533
2018-09-17,sh.600748,4.71,4.73,4.66,4.7,2050173,9629972.0,3,0.145569,1,-0.212319,9.402586,0.8584860000000001,1.0083030000000002,-2.631154,0,4.73599999999998,4.761000000000031,4.783500000000003,-1,-1,-1,-1,-1,18.143309297732042,21.85653205143444,10.716863790327245,-1,-0.018730799989147506,-0.010426258609827602,-0.008304541379319904
2018-09-18,sh.600748,4.7,4.77,4.68,4.75,2112735,9982000.0,3,0.150011,1,1.063834,9.502614,0.867618,1.0190299999999999,-2.659145,0,4.73799999999998,4.7460000000000315,4.781500000000003,1,1,-1,-1,-1,25.44554053505455,21.526118360054138,33.28438488505538,1,-0.017845006384834328,-0.011910008164828947,-0.005934998220005381
2018-09-19,sh.600748,4.75,4.84,4.74,4.81,2640402,12696120.0,3,0.187478,1,1.2631569999999999,9.622647,0.8785780000000001,1.031902,-2.692734,0,4.74799999999998,4.751000000000031,4.782500000000002,1,1,1,-1,-1,51.77404295051346,31.787630927766532,91.74686699600733,1,-0.012161321864248897,-0.011960270904712937,-0.0002010509595359606
2018-09-20,sh.600748,4.81,4.88,4.81,4.86,2968658,14400542.0,3,0.210785,1,1.039505,9.722674000000001,0.887711,1.042629,-2.720725,0,4.76599999999998,4.761000000000032,4.789000000000002,1,1,1,1,-1,75.72786690433747,50.98248346330168,125.21863378640906,1,-0.003581098130294613,-0.010284436349829272,0.006703338219534659
2018-09-21,sh.600748,4.9,4.92,4.84,4.92,3135710,15346565.0,3,0.222646,1,1.234567,9.842707,0.8986700000000001,1.055501,-2.754314,0,4.80799999999998,4.779000000000032,4.796000000000002,1,1,1,1,1,91.41414141414141,72.97201708966396,128.29839006309632,1,0.007968434403490932,-0.006633862199165232,0.014602296602656164
2018-09-25,sh.600748,4.87,4.88,4.8,4.87,3817730,18495788.0,3,0.271072,1,-1.0162639999999998,9.74268,0.8895370000000001,1.0447739999999999,-2.726323,0,4.84199999999998,4.789000000000032,4.798000000000003,1,1,1,1,1,90.55944055944065,85.90048295930637,99.87735575970919,1,0.012937801096303048,-0.002719529540071576,0.015657330636374624
2018-09-26,sh.600748,4.88,4.88,4.8,4.88,5025123,24374107.0,3,0.356801,1,0.205344,9.762685000000001,0.8913639999999999,1.0469190000000002,-2.731921,0,4.86799999999998,4.803000000000032,4.801000000000002,1,1,1,1,1,88.46153846153847,90.14504014504003,85.09453509453536,-1,0.01748146102832049,0.001320668573606837,0.016160792454713652
2018-09-27,sh.600748,4.85,4.86,4.78,4.83,3589579,17288722.0,3,0.254873,1,-1.024594,9.662658,0.882231,1.036193,-2.703930,0,4.87199999999998,4.8100000000000325,4.8000000000000025,-1,1,1,1,1,76.92307692307695,85.31468531468522,60.13986013986039,-1,0.016853485635703436,0.004427231986026157,0.012426253649677279
2018-09-28,sh.600748,4.85,4.87,4.8,4.83,2465444,11932890.0,3,0.175055,1,0.0,9.662658,0.882231,1.036193,-2.703930,0,4.86599999999998,4.816000000000033,4.799000000000002,-1,1,1,1,1,71.79487179487181,79.05982905982894,57.26495726495753,-1,0.01616941960860263,0.006775669510541452,0.00939375009806118
2018-10-08,sh.600748,4.8,4.81,4.66,4.72,5237311,24707321.0,3,0.371867,1,-2.2774360000000002,9.442597,0.862139,1.012594,-2.642350,0,4.825999999999979,4.817000000000032,4.799000000000002,-1,-1,-1,1,1,51.28205128205126,66.66666666666656,20.512820512820667,-1,0.006674274777015654,0.006755390563836292,-8.111578682063782e-05
2018-10-09,sh.600748,4.7,4.73,4.68,4.68,2139116,10043515.0,3,0.151885,1,-0.847457,9.362575,0.8548319999999999,1.0040129999999998,-2.619957,0,4.787999999999979,4.8150000000000315,4.788000000000002,-1,-1,-1,-1,-1,32.051282051281966,51.70940170940156,-7.264957264957218,-1,-0.004031884561430665,0.0045979355387829,-0.008629820100213566
2018-10-10,sh.600748,4.68,4.72,4.63,4.66,3208006,15019778.0,3,0.227780,1,-0.42735,9.322564,0.8511790000000001,0.9997219999999999,-2.608761,0,4.743999999999979,4.806000000000031,4.776000000000002,-1,-1,-1,-1,-1,13.704686118479158,32.346006483937344,-23.577954612437217,-1,-0.013969395330168943,0.0008844693649925311,-0.014853864695161475
2018-10-11,sh.600748,4.59,4.6,4.2,4.22,6402564,28133040.0,3,0.454604,1,-9.442062,8.442322,0.77081,0.905328,-2.362440,0,4.621999999999979,4.747000000000031,4.749000000000001,-1,-1,-1,-1,-1,6.938304352097415,17.56475750728606,-14.314601958279876,-1,-0.0566957140768416,-0.010631567323374294,-0.0460641467534673
2018-10-12,sh.600748,4.22,4.35,4.15,4.28,6259869,26661937.0,3,0.444472,1,1.4218110000000002,8.562355,0.78177,0.9182,-2.396029,0,4.511999999999979,4.689000000000031,4.725000000000001,-1,-1,-1,-1,-1,10.31027484735563,10.317755105977282,10.29531433011233,-1,-0.08473832034187723,-0.02545291792707488,-0.059285402414802346
2018-10-15,sh.600748,4.3,4.39,4.22,4.22,2389764,10292782.0,3,0.169682,1,-1.401879,8.442322,0.77081,0.905328,-2.362440,0,4.4119999999999795,4.619000000000031,4.699000000000002,-1,-1,-1,-1,-1,10.058346017250082,9.10230840556759,11.970421240615071,1,-0.11052966917810902,-0.04246826817728171,-0.06806140100082732
2018-10-16,sh.600748,4.27,4.3,4.12,4.15,2670720,11241100.0,3,0.189630,1,-1.6587610000000002,8.302283000000001,0.758024,0.89031,-2.323253,0,4.305999999999979,4.547000000000031,4.668000000000002,-1,-1,-1,-1,-1,10.465753424657521,10.278124763087623,10.841010747797316,1,-0.1350610146289677,-0.0609868174676189,-0.07407419716134879
2018-10-17,sh.600748,4.22,4.27,4.1,4.26,3188166,13378991.0,3,0.226371,1,2.650605,8.522344,0.7781170000000001,0.913909,-2.384833,0,4.2259999999999796,4.4850000000000305,4.644000000000003,1,-1,-1,-1,-1,11.456087291703719,10.660062244536986,13.048137386037187,1,-0.14396664408899706,-0.07758278279189454,-0.06638386129710253
2018-10-18,sh.600748,4.21,4.25,4.1,4.11,3331775,13826780.0,3,0.236568,1,-3.521129,8.222261,0.750718,0.8817290000000001,-2.300860,0,4.203999999999979,4.4130000000000305,4.611500000000002,-1,-1,-1,-1,-1,8.729223827815424,10.217021514725433,5.7536284539954075,-1,-0.161269155556667,-0.09432005734484902,-0.06694909821181796
2018-10-19,sh.600748,4.11,4.21,4.06,4.15,3555078,14730205.0,3,0.252423,1,0.9732350000000001,8.302283000000001,0.758024,0.89031,-2.323253,0,4.177999999999979,4.345000000000031,4.5805000000000025,-1,-1,-1,-1,-1,11.873502434780619,10.686271184766467,14.247964934808923,1,-0.1697965459594668,-0.10941535506777259,-0.06038119089169422
2018-10-22,sh.600748,4.22,4.41,4.18,4.33,3605341,15546227.0,3,0.255992,1,4.337345,8.662382000000001,0.790903,0.928926,-2.424020,0,4.199999999999979,4.306000000000031,4.561500000000003,1,1,-1,-1,-1,18.583459144737347,13.062061802444342,29.626253829323357,1,-0.16018357210457168,-0.1195689984751324,-0.04061457362943928
2018-10-23,sh.600748,4.33,4.38,4.28,4.32,3524767,15273308.0,3,0.250271,1,-0.23094099999999998,8.642377,0.789076,0.926781,-2.418422,0,4.233999999999979,4.270000000000031,4.542500000000002,1,1,-1,-1,-1,34.16335829271162,21.54010662407641,59.40986162998204,1,-0.15162430686663875,-0.12598006015343366,-0.025644246713205088
2018-10-24,sh.600748,4.29,4.4,4.28,4.32,2593820,11233967.0,3,0.184170,1,0.0,8.642377,0.789076,0.926781,-2.418422,0,4.245999999999979,4.236000000000031,4.521000000000003,1,1,-1,1,-1,54.447651114317864,35.73148951725549,91.87997430844261,1,-0.14319041749940808,-0.12942213162262856,-0.013768285876779529
2018-10-25,sh.600748,4.3,4.45,4.25,4.42,4173522,18180232.0,3,0.296334,1,2.314812,8.842432,0.807342,0.948234,-2.474404,0,4.30799999999998,4.25600000000003,4.501500000000002,1,1,-1,1,-1,71.58051824718495,53.39717588473803,107.9472029720788,1,-0.12697366181283787,-0.12893243766067042,0.00195877584783255
2018-10-26,sh.600748,4.45,4.66,4.42,4.53,4566158,20767584.0,3,0.324213,1,2.4886909999999998,9.062492,0.827434,0.971833,-2.535984,0,4.383999999999981,4.281000000000031,4.485000000000002,1,1,1,1,-1,81.64224664224666,69.22347200124972,106.47979592424053,1,-0.10404630437392548,-0.12395521100332144,0.019908906629395956
2018-10-29,sh.600748,4.53,4.58,4.39,4.52,4300078,19254568.0,3,0.305320,1,-0.220756,9.042487,0.825607,0.9696870000000001,-2.530386,0,4.421999999999981,4.311000000000031,4.465000000000002,1,1,1,1,-1,82.4358974358974,78.55288744177624,90.20191742413974,1,-0.08569528296880691,-0.11630322539641853,0.030607942427611626
2018-10-30,sh.600748,4.51,4.57,4.45,4.49,4813860,21707257.0,3,0.341801,1,-0.663721,8.98247,0.8201280000000001,0.963251,-2.513592,0,4.45599999999998,4.345000000000032,4.4460000000000015,1,1,1,1,1,75.55555555555554,79.87789987789976,66.9108669108671,-1,-0.0727342800677171,-0.10758943633067825,0.03485515626296115
2018-10-31,sh.600748,4.46,4.57,4.45,4.53,3650890,16538600.0,3,0.259226,1,0.8908780000000001,10.362827000000001,0.82685,1.028217,-41.842839,0,4.497999999999981,4.372000000000032,4.428500000000001,1,1,1,1,1,75.55555555555554,77.84900284900272,70.9686609686612,-1,-0.05855988428973724,-0.09778352592249004,0.0392236416327528
2018-11-01,sh.600748,4.52,4.6,4.45,4.48,5690307,25683226.0,3,0.404031,1,-1.1037569999999999,10.248447,0.817724,1.016868,-41.380997,0,4.50999999999998,4.409000000000032,4.411000000000002,-1,1,1,1,1,70.83333333333339,73.98148148148137,64.53703703703744,-1,-0.050775843332178106,-0.08838198940442765,0.03760614607224955
2018-11-02,sh.600748,4.5,4.59,4.49,4.57,6425381,29218535.0,3,0.456224,1,2.008932,10.454331,0.834151,1.037296,-42.212312,0,4.51799999999998,4.451000000000032,4.3980000000000015,1,1,1,1,1,72.96070460704614,73.11653116531157,72.64905149051529,-1,-0.03691910647560448,-0.07808941281866302,0.041170306343058544
2018-11-05,sh.600748,4.58,4.65,4.56,4.65,4799079,22118530.0,3,0.340751,1,1.750545,10.637339,0.8487540000000001,1.0554540000000001,-42.951258,0,4.54399999999998,4.483000000000032,4.3945000000000025,1,1,1,1,1,79.36991869918707,74.38798554652207,89.33378500451707,1,-0.019260191770588797,-0.06632356860904817,0.047063376838459375
2018-11-06,sh.600748,4.62,4.78,4.59,4.77,6955698,32738825.0,3,0.493879,1,2.5806430000000002,10.911850999999999,0.870657,1.082692,-44.059678,0,4.599999999999979,4.5280000000000316,4.399000000000002,1,1,1,1,1,91.24098788157693,81.19053706260325,111.34188951952427,1,0.004367279200812035,-0.05218539904707613,0.05655267824788816
2018-11-07,sh.600748,4.74,4.75,4.6,4.61,5351338,24934868.0,3,0.379963,1,-3.3542949999999996,10.545835,0.8414530000000001,1.046375,-42.581785,0,4.615999999999979,4.5570000000000315,4.396500000000001,-1,1,1,1,1,84.02814652239412,84.87968436771926,82.32507083174383,-1,0.010065528204606267,-0.03973521359673965,0.049800741801345916
2018-11-08,sh.600748,4.65,4.65,4.59,4.62,4039439,18687981.0,3,0.286814,1,0.216914,10.568711,0.8432780000000001,1.048645,-42.674153,0,4.643999999999979,4.577000000000031,4.416500000000002,-1,1,1,1,1,71.16594097726174,82.14502512707749,49.20777267763023,-1,0.01521298223088774,-0.02874557443121417,0.04395855666210191
2018-11-09,sh.600748,4.6,4.63,4.51,4.57,4129982,18810598.0,3,0.293243,1,-1.0822450000000001,10.454331,0.834151,1.037296,-42.212312,0,4.643999999999979,4.581000000000031,4.431000000000002,-1,-1,1,1,1,50.582750582750634,68.59227936080207,14.563693026647769,-1,0.015083916499560424,-0.019979676245059252,0.035063592744619676
2018-11-12,sh.600748,4.53,4.69,4.53,4.68,5175548,23989402.0,3,0.367482,1,2.406995,10.705967,0.8542290000000001,1.0622639999999999,-43.228363,0,4.649999999999979,4.597000000000031,4.454000000000002,1,1,1,1,1,55.01165501165499,58.92011552388902,47.19473398718692,-1,0.02358582891519223,-0.011266575213008955,0.03485240412820119
2018-11-13,sh.600748,4.65,4.78,4.65,4.73,6134181,28972100.0,3,0.435548,1,1.0683799999999999,10.820347,0.8633559999999999,1.073613,-43.690204,0,4.641999999999979,4.621000000000031,4.483000000000002,1,1,1,1,1,63.636363636363626,56.410256410256316,78.08857808857825,1,0.03396669101957439,-0.002219921966492285,0.03618661298606668
2018-11-14,sh.600748,4.8,4.85,4.73,4.78,6033545,28934783.0,3,0.428403,1,1.057086,10.934727,0.872482,1.084962,-44.152046,0,4.675999999999979,4.646000000000031,4.509000000000002,1,1,1,1,1,78.3670033670034,65.67167400500723,103.75766209099575,1,0.04570136428061833,0.007364335282929839,0.03833702899768849
2018-11-15,sh.600748,4.82,4.9,4.78,4.84,4307236,20867928.0,3,0.305829,1,1.2552290000000002,11.071983,0.883434,1.098581,-44.706256,0,4.719999999999979,4.682000000000031,4.545500000000002,1,1,1,1,1,83.3398083398084,75.11439178105837,99.79064145730845,1,0.059160708125816974,0.01772360985150727,0.041437098274309705
2018-11-16,sh.600748,4.82,5.23,4.82,5.16,13312655,67532072.0,3,0.945245,1,6.6115639999999996,11.804014,0.941843,1.171214,-47.662041,0,4.837999999999979,4.741000000000031,4.596000000000002,1,1,1,1,1,85.14957264957268,82.28546145212806,90.87779504446189,1,0.09455864751307175,0.033090617383820166,0.06146803012925158
2018-11-19,sh.600748,5.16,5.4,5.06,5.27,13216990,69568523.0,3,0.938452,1,2.131786,12.05565,0.9619209999999999,1.196182,-48.678092,0,4.955999999999979,4.803000000000031,4.643000000000002,1,1,1,1,1,86.76214027337619,85.08384042091899,90.11873997829059,1,0.12998941315820733,0.0524703765386976,0.07751903661950973
2018-11-20,sh.600748,5.28,5.35,5.07,5.08,8515347,43964039.0,3,0.604619,1,-3.605314,11.621006,0.927241,1.1530559999999999,-46.923095,0,5.025999999999979,4.834000000000032,4.681000000000001,1,1,1,1,1,79.9053266749896,83.93901319931273,71.83795362634334,-1,0.1411105040407703,0.07019840203911214,0.07091210200165816
2018-11-21,sh.600748,5.0,5.16,4.99,5.06,6108948,30961854.0,3,0.433756,1,-0.3937,11.575254,0.9235899999999999,1.148516,-46.738358,0,5.0819999999999785,4.8790000000000315,4.718000000000001,-1,1,1,1,1,70.41198501872658,79.02648398903068,53.1829870781184,-1,0.146620070925505,0.08548273581639071,0.06113733510911429
2018-11-22,sh.600748,5.04,5.08,4.95,4.98,5500092,27480812.0,3,0.390526,1,-1.581026,11.392247,0.9089879999999999,1.130358,-45.999412,0,5.109999999999979,4.915000000000032,4.746,-1,1,1,1,1,59.18894485341602,69.83541884904396,37.89599686216013,-1,0.14288403277621686,0.09696299520835594,0.04592103756786092
2018-11-23,sh.600748,4.98,5.0,4.73,4.78,6862998,33187523.0,3,0.487297,1,-4.0160599999999995,10.934727,0.872482,1.084962,-44.152046,0,5.033999999999979,4.936000000000032,4.758500000000001,-1,-1,1,1,1,43.618408024452215,57.739779298864825,15.375665475627002,-1,0.12237421333986642,0.10204523883465803,0.02032897450520839
2018-11-26,sh.600748,4.8,4.84,4.74,4.76,3411518,16351201.0,3,0.242230,1,-0.41841000000000006,10.888975,0.8688319999999999,1.080422,-43.967309,0,4.931999999999979,4.944000000000032,4.770500000000001,-1,-1,-1,-1,1,24.51169440155545,42.43968242647445,-11.344281648282546,-1,0.10331524696278471,0.10229924046028337,0.001016006502501346
2018-11-27,sh.600748,4.81,4.84,4.76,4.83,2844641,13672643.0,3,0.201979,1,1.470582,11.049107000000001,0.881609,1.096311,-44.613887,0,4.881999999999979,4.954000000000032,4.787500000000001,-1,-1,1,-1,1,12.245439469320052,26.79184729844246,-16.847376188924763,-1,0.09278967220053769,0.10039732680833423,-0.007607654607796541
2018-11-28,sh.600748,4.81,4.88,4.79,4.88,4393002,21241255.0,3,0.311918,1,1.035201,11.163487,0.890735,1.10766,-45.075729,0,4.84599999999998,4.964000000000032,4.8050000000000015,1,-1,1,-1,1,13.930348258706431,16.895827376527198,7.9993900230648975,-1,0.08747431109392778,0.09781272366545293,-0.010338412571525152
2018-11-29,sh.600748,4.88,4.92,4.64,4.68,5915397,28325036.0,3,0.420014,1,-4.098367,10.705967,0.8542290000000001,1.0622639999999999,-43.228363,0,4.785999999999979,4.948000000000032,4.815,-1,-1,-1,-1,-1,14.192196910185908,13.455994879404017,15.664600971749692,1,0.06635858018596963,0.09152189496955628,-0.025163314783586646
2018-11-30,sh.600748,4.69,4.73,4.57,4.7,3432189,15904949.0,3,0.243697,1,0.42735,10.751719,0.85788,1.0668030000000002,-43.413100,0,4.769999999999979,4.902000000000032,4.821500000000001,-1,-1,-1,-1,-1,14.772628087632029,14.298391085508008,15.72110209188007,1,0.05065413482861203,0.08334834294136742,-0.03269420811275539
2018-12-03,sh.600748,4.75,4.83,4.71,4.76,4738960,22664049.0,3,0.336483,1,1.276605,10.888975,0.8688319999999999,1.080422,-43.967309,0,4.769999999999979,4.851000000000033,4.827000000000001,-1,-1,-1,-1,-1,18.044404797304008,15.669743265040532,22.793727861830956,1,0.042559151886766955,0.07519050473044733,-0.03263135284368038
2018-12-04,sh.600748,4.8,5.03,4.75,5.01,10555907,51782686.0,3,0.749506,1,5.2521,11.460874,0.9144639999999999,1.137167,-46.276517,0,4.805999999999979,4.844000000000032,4.839000000000001,1,1,1,-1,-1,45.04818876703223,25.955073883989304,83.23441853311809,1,0.05567494414729435,0.07128739261381674,-0.015612448466522391
2018-12-05,sh.600748,4.92,5.28,4.88,5.15,15214958,78104564.0,3,1.080315,1,2.7944080000000002,11.781138,0.940017,1.168944,-47.569673,0,4.85999999999998,4.853000000000032,4.866000000000001,1,1,1,1,-1,66.72268015983349,43.27175790805646,113.62452466338755,1,0.07648446863463398,0.07232680781798019,0.004157660816653794
2018-12-06,sh.600748,5.2,5.34,5.14,5.22,10754082,56211116.0,3,0.763577,1,1.359217,11.94127,0.952794,1.184833,-48.216251,0,4.9679999999999795,4.877000000000033,4.896000000000002,1,1,1,1,1,84.12674502152548,65.29920464946362,121.78182576564919,1,0.0975006548439783,0.07736157722317981,0.020139077620798487
2018-12-07,sh.600748,5.22,5.64,5.1,5.52,17376210,94376189.0,3,1.233771,1,5.74713,12.62755,1.0075530000000001,1.2529270000000001,-50.987300,0,5.131999999999979,4.951000000000032,4.943500000000001,1,1,1,1,1,84.96359066320896,78.60433861485586,97.68209475991517,1,0.13678683315792028,0.0892466284101279,0.047540204747792386
2018-12-10,sh.600748,5.48,5.58,5.35,5.52,10730355,58663561.0,3,0.761892,1,0.0,12.62755,1.0075530000000001,1.2529270000000001,-50.987300,0,5.283999999999979,5.027000000000032,4.985500000000001,1,1,1,1,1,87.32855929117613,85.47296499197007,91.03974788958826,1,0.1660077781827134,0.104598858364645,0.0614089198180684
2018-12-11,sh.600748,5.52,5.77,5.47,5.53,19158121,107992166.0,3,1.360293,1,0.18116400000000002,12.650426,1.009378,1.255196,-51.079668,0,5.3879999999999795,5.097000000000032,5.025500000000001,1,1,1,1,1,85.85669781931468,86.04961592456647,85.4708616088111,-1,0.18780757524563985,0.12124060174084397,0.06656697350479587
2018-12-12,sh.600748,5.59,5.85,5.49,5.7,16402036,92880457.0,3,1.164601,1,3.074134,13.039318,1.040408,1.293783,-52.649929,0,5.49799999999998,5.179000000000032,5.071500000000001,1,1,1,1,1,85.68876557632404,86.29134089560483,84.48361493776247,-1,0.21630818462262713,0.1402541183172006,0.07605406630542652
2018-12-13,sh.600748,5.7,5.83,5.61,5.82,23507705,134495810.0,3,1.669128,1,2.10527,13.31383,1.062311,1.32102,-53.758349,0,5.61799999999998,5.293000000000033,5.120500000000002,1,1,1,1,1,88.54989035087726,86.69845124883854,92.25276855495471,1,0.24574532091943802,0.1613523588376481,0.08439296208178992
2018-12-14,sh.600748,5.79,5.86,5.67,5.67,14576937,83985990.0,3,1.035013,1,-2.577321,12.97069,1.034932,1.286973,-52.372824,0,5.64799999999998,5.3900000000000325,5.146000000000002,1,1,1,1,1,89.51085131183818,87.91650241301305,92.69954910948846,1,0.2540422758993399,0.17989034224998646,0.07415193364935346
2018-12-17,sh.600748,5.69,5.85,5.57,5.84,18307354,105000058.0,3,1.299885,1,2.998238,13.359582000000001,1.065962,1.32556,-53.943085,0,5.71199999999998,5.498000000000033,5.174500000000002,1,1,1,1,1,92.73682920299461,90.26585695523657,97.6787736985107,1,0.2712089240927176,0.1981540586185327,0.07305486547418488
2018-12-18,sh.600748,5.78,5.88,5.39,5.51,19369080,108384339.0,3,1.375272,1,-5.650683,12.604674000000001,1.005727,1.250657,-50.894932,0,5.70799999999998,5.548000000000033,5.196000000000002,-1,-1,1,1,1,77.80205637348493,86.68324562943913,60.039677861576536,-1,0.25524309092122976,0.2095718650790721,0.04567122584215766
2018-12-19,sh.600748,5.57,5.71,5.48,5.56,12112224,67693496.0,3,0.860010,1,0.907436,12.719054,1.0148540000000001,1.262006,-51.356773,0,5.67999999999998,5.589000000000033,5.221000000000002,-1,-1,1,1,1,69.83254840397696,80.12381132681872,49.25002255829344,-1,0.2438140980840675,0.2164203116800712,0.027393786403996312
2018-12-20,sh.600748,5.5,5.74,5.47,5.56,12524315,70229992.0,3,0.889270,1,0.0,12.719054,1.0148540000000001,1.262006,-51.356773,0,5.62799999999998,5.623000000000034,5.250000000000002,-1,-1,1,1,1,50.387034349298496,66.00721304225335,19.146676963388785,-1,0.23208125072635877,0.2195524994893287,0.012528751237030067
2018-12-21,sh.600748,5.57,5.62,5.43,5.53,8957733,49614983.0,3,0.636030,1,-0.539563,12.650426,1.009378,1.255196,-51.079668,0,5.59999999999998,5.624000000000033,5.287500000000002,-1,-1,1,-1,1,42.389476351740534,54.203019701671884,18.762389651877825,-1,0.2178508859791357,0.2192121767872901,-0.0013612908081543917
2018-12-24,sh.600748,5.63,5.63,5.36,5.52,11200346,61694013.0,3,0.795263,1,-0.180836,12.62755,1.0075530000000001,1.2529270000000001,-50.987300,0,5.53599999999998,5.624000000000033,5.325500000000002,-1,-1,1,-1,1,32.9877669500311,41.921425883689935,15.120449082713435,-1,0.20342138783268915,0.21605401899636992,-0.012632631163680769
2018-12-25,sh.600748,5.5,5.68,5.4,5.53,9177293,50525461.0,3,0.651620,1,0.18116400000000002,12.650426,1.009378,1.255196,-51.079668,0,5.5399999999999805,5.624000000000033,5.360500000000002,-1,-1,1,-1,1,30.677655677655693,35.35163299314233,21.329701046682416,-1,0.19059575381102611,0.21096236595930115,-0.020366612148275037
2018-12-26,sh.600748,5.54,5.54,5.28,5.36,8938801,48202262.0,3,0.634686,1,-3.0741419999999997,12.261534,0.978348,1.21661,-49.509407,0,5.4999999999999805,5.590000000000034,5.384500000000002,-1,-1,-1,-1,1,25.59829059829059,29.754571075325686,17.285729644220396,-1,0.1648138952036149,0.2017326718081639,-0.03691877660454901
2018-12-27,sh.600748,5.46,5.52,5.27,5.31,5706037,30770587.0,3,0.405148,1,-0.932839,12.147153999999999,0.9692219999999999,1.2052610000000001,-49.047566,0,5.449999999999981,5.5390000000000335,5.416000000000002,-1,-1,-1,-1,1,17.527672691607147,24.6012063225177,3.380605429786037,-1,0.1387476083151462,0.18913565910956037,-0.05038805079441416
2018-12-28,sh.600748,5.3,5.45,5.26,5.34,4029536,21570193.0,3,0.286111,1,0.564976,12.215782,0.974698,1.21207,-49.324671,0,5.41199999999998,5.506000000000033,5.448000000000002,-1,-1,-1,-1,-1,10.931312062988454,18.019091784295288,-3.2442473796252145,-1,0.11913729684053198,0.1751359866557547,-0.05599868981522271
2019-01-02,sh.600748,5.37,5.37,5.02,5.11,9628840,49657226.0,3,0.683681,1,-4.307116000000001,11.689634,0.932716,1.159865,-47.200200,0,5.3299999999999805,5.433000000000033,5.465500000000002,-1,-1,-1,-1,-1,10.6535342852107,13.037506346601992,5.885590162428116,-1,0.0840678243536912,0.156922354195342,-0.0728545298416508
2019-01-03,sh.600748,5.14,5.38,5.11,5.3,9999752,52714146.0,3,0.710017,1,3.718201,12.124278,0.967397,1.202991,-48.955197,0,5.28399999999998,5.412000000000033,5.480000000000002,1,-1,-1,-1,-1,21.430704898446887,14.338517082215239,35.61508053091018,1,0.07079039919330388,0.13969596319493438,-0.0689055640016305
2019-01-04,sh.600748,5.23,5.38,5.2,5.35,6026361,31951529.0,3,0.427892,1,0.943391,12.238658000000001,0.9765229999999999,1.21434,-49.417039,0,5.2819999999999805,5.391000000000032,5.490000000000001,1,-1,-1,-1,-1,33.79629629629634,21.96017849331787,57.46853190225329,1,0.06356973390589715,0.12447071733712693,-0.06090098343122978
2019-01-07,sh.600748,5.38,5.39,5.13,5.2,12610555,65881998.0,3,0.895393,1,-2.8037400000000003,11.895518,0.9491440000000001,1.180293,-48.031514,0,5.259999999999981,5.355000000000032,5.489000000000002,-1,-1,-1,-1,-1,38.72053872053877,31.315846638427228,53.52992288476185,1,0.04522226413478503,0.10862102669665855,-0.06339876256187352
2019-01-08,sh.600748,5.2,5.22,5.13,5.15,5239338,27043175.0,3,0.372011,1,-0.961533,11.781138,0.940017,1.168944,-47.569673,0,5.221999999999982,5.317000000000032,5.470500000000002,-1,-1,-1,-1,-1,32.32323232323241,34.94668911335574,27.076318742985748,-1,0.026343508455027198,0.09216552304833228,-0.06582201459330508
2019-01-09,sh.600748,5.15,5.21,5.11,5.15,5397468,27870796.0,3,0.383239,1,0.0,11.781138,0.940017,1.168944,-47.569673,0,5.229999999999981,5.280000000000031,5.452000000000003,-1,-1,-1,-1,-1,23.989898989899118,31.67789001122333,8.613916947250694,-1,0.011252249635216316,0.07598286836570908,-0.06473061873049277
2019-01-10,sh.600748,5.12,5.47,5.08,5.45,16647141,88619575.0,3,1.182005,1,5.825237,12.467417999999999,0.994776,1.2370379999999999,-50.340722,0,5.259999999999981,5.272000000000032,5.448000000000002,1,1,1,-1,-1,43.5656565656567,33.29292929292931,64.1111111111115,1,0.023232006974279962,0.06543269608742326,-0.0422006891131433
2019-01-11,sh.600748,5.4,5.43,5.26,5.3,9241553,49164349.0,3,0.656182,1,-2.752287,12.124278,0.967397,1.202991,-48.955197,0,5.2499999999999805,5.266000000000032,5.428000000000003,1,1,-1,-1,-1,57.740740740740854,41.76543209876545,89.69135802469167,1,0.0203872925593096,0.05642361538180053,-0.03603632282249093
2019-01-14,sh.600748,5.29,5.31,5.14,5.19,5786846,30200509.0,3,0.410886,1,-2.0754740000000003,11.872641999999999,0.947319,1.178023,-47.939146,0,5.247999999999982,5.2540000000000315,5.396500000000001,-1,-1,-1,-1,-1,62.000000000000135,54.435465768799126,77.12906846240215,1,0.009151265111007056,0.046969145327641834,-0.03781788021663478
2019-01-15,sh.600748,5.18,5.25,5.09,5.2,5367076,27713761.0,3,0.381081,1,0.192673,11.895518,0.9491440000000001,1.180293,-48.031514,0,5.2579999999999805,5.240000000000032,5.373000000000002,-1,-1,-1,1,-1,43.589743589743705,54.443494776828125,21.882241215574865,-1,0.0010415425790206712,0.0377836247779176,-0.03674208219889693
2019-01-16,sh.600748,5.2,5.22,5.11,5.15,3131293,16168057.0,3,0.222333,1,-0.961533,11.781138,0.940017,1.168944,-47.569673,0,5.25799999999998,5.244000000000032,5.338500000000002,-1,-1,-1,1,-1,28.831908831908965,44.80721747388417,-3.118708452041446,-1,-0.009312702055202848,0.028364359411293512,-0.03767706146649636
2019-01-17,sh.600748,5.15,5.2,5.08,5.08,4216106,21583213.0,3,0.299358,1,-1.359227,11.621006,0.927241,1.1530559999999999,-46.923095,0,5.183999999999981,5.2220000000000315,5.317000000000002,-1,-1,-1,-1,-1,16.239316239316317,29.553656220322893,-10.389363722696835,-1,-0.022902919907597408,0.01811090354751533,-0.04101382345511274
2019-01-18,sh.600748,5.14,5.17,5.06,5.09,3302151,16858385.0,3,0.234464,1,0.196855,11.643882000000001,0.929066,1.155325,-47.015463,0,5.14199999999998,5.196000000000032,5.293500000000002,-1,-1,-1,-1,-1,8.421930373149964,17.831051814791646,-10.396312510133399,-1,-0.03249180375311944,0.007990362087388375,-0.04048216584050782
2019-01-21,sh.600748,5.08,5.15,5.08,5.09,3708577,18954192.0,3,0.263322,1,0.0,11.643882000000001,0.929066,1.155325,-47.015463,0,5.12199999999998,5.1850000000000325,5.270000000000001,-1,-1,-1,-1,-1,4.878048780487874,9.846431797651281,-5.058717253838939,-1,-0.039634185070800854,-0.0015345473442494716,-0.03809963772655138
2019-01-22,sh.600748,5.09,5.28,5.09,5.15,8378322,43495034.0,3,0.454217,1,1.1787809999999999,11.781138,0.940017,1.168944,-47.569673,0,5.111999999999981,5.1850000000000325,5.251000000000002,1,-1,-1,-1,-1,12.19512195121964,8.49836703495239,19.588631783754142,1,-0.039992071458490486,-0.009226052167097674,-0.03076601929139281
2019-01-23,sh.600748,5.15,5.21,5.09,5.16,4227926,21756245.0,3,0.229210,1,0.19417,11.804014,0.941843,1.171214,-47.662041,0,5.113999999999981,5.186000000000033,5.233000000000002,1,-1,-1,-1,-1,18.76510656998477,11.946092433897325,32.40313484215966,1,-0.03901899587666957,-0.015184640909012054,-0.02383435496765752
2019-01-24,sh.600748,5.17,5.68,5.17,5.68,27446382,151204335.0,3,1.487961,1,10.07752,12.993566,1.036757,1.2892430000000001,-52.465193,0,5.2339999999999804,5.2090000000000325,5.240500000000002,1,1,1,1,-1,49.65941551307418,26.87321467809276,95.23181718303701,1,0.003669527680332685,-0.011413807191143106,0.015083334871475791
2019-01-25,sh.600748,5.98,6.08,5.66,5.79,28555046,166881685.0,3,1.548066,1,1.936622,13.245201999999999,1.056835,1.314211,-53.481244,0,5.37399999999998,5.258000000000033,5.262000000000002,1,1,1,1,1,66.19855149266921,44.874357858575955,108.84693876085574,1,0.045848062915244014,3.856683013431922e-05,0.045809496085109695
2019-01-28,sh.600748,5.7,6.05,5.62,5.98,27348448,159960229.0,3,1.482652,1,3.281521,13.679846,1.091515,1.357337,-55.236242,0,5.55199999999998,5.3370000000000335,5.295500000000002,1,1,1,1,1,87.25490196078435,67.70428965550916,126.35612657133473,1,0.09352813396350612,0.018736480256808682,0.07479165370669744
2019-01-29,sh.600748,5.88,6.08,5.74,5.88,17372166,102098824.0,3,0.941804,1,-1.672239,13.451085999999998,1.0732629999999999,1.334639,-54.312559,0,5.69799999999998,5.405000000000033,5.322500000000002,1,1,1,1,1,80.71895424836605,78.05746923393978,86.04192427721856,1,0.12184125932652012,0.03935743607075097,0.08248382325576915
2019-01-30,sh.600748,5.88,5.94,5.66,5.72,11658799,67267864.0,3,0.632063,1,-2.721094,13.08507,1.044058,1.298322,-52.834666,0,5.809999999999979,5.4620000000000335,5.3530000000000015,-1,1,1,1,1,78.43137254901963,82.13507625272325,71.0239651416124,-1,0.12987187025963287,0.05746032290852735,0.07241154735110553
2019-01-31,sh.600748,5.8,5.8,5.54,5.56,11426317,64807220.0,3,0.619459,1,-2.7972,12.719054,1.0148540000000001,1.262006,-51.356773,0,5.785999999999979,5.5100000000000335,5.366000000000001,-1,1,1,1,1,64.36601307189541,74.50544662309359,44.08714596949906,-1,0.12192010537521014,0.0703522794018639,0.051567825973346235
2019-02-01,sh.600748,5.64,5.82,5.58,5.78,12595627,72099607.0,3,0.682852,1,3.95684,13.222326,1.05501,1.311941,-53.388876,0,5.783999999999979,5.5790000000000335,5.387500000000002,-1,1,1,1,1,60.80095068330362,67.86611210140612,46.670627847098615,-1,0.13185054479197067,0.08265193247988525,0.049198612312085416
2019-02-11,sh.600748,5.77,5.85,5.67,5.84,9786376,56582835.0,3,0.530553,1,1.0380610000000001,13.359582000000001,1.065962,1.32556,-53.943085,0,5.75599999999998,5.654000000000034,5.419500000000002,1,1,1,1,1,64.48484848484848,63.2172707466824,67.02000396118063,1,0.14291455806958098,0.09470445759782439,0.048210100471756584
2019-02-12,sh.600748,5.87,5.9,5.71,5.8,10603603,61250458.0,3,0.574857,1,-0.6849310000000001,13.268078,1.05866,1.316481,-53.573612,0,5.73999999999998,5.719000000000033,5.452000000000002,1,1,1,1,1,71.56177156177156,65.61585690997445,83.45360086536579,1,0.14676340541734323,0.10511624716172815,0.041647158255615074
2019-02-13,sh.600748,5.78,5.84,5.62,5.81,14388837,82964284.0,3,0.780068,1,0.17240899999999998,13.290954000000001,1.060486,1.318751,-53.665981,0,5.75799999999998,5.784000000000033,5.485000000000001,1,1,1,-1,1,64.99611499611497,67.0142450142449,60.95985495985511,-1,0.1489040874656773,0.11387381522251798,0.03503027224315931
2019-02-14,sh.600748,5.84,6.19,5.8,6.0,17119724,102694760.0,3,0.928118,1,3.270225,13.725598000000002,1.095166,1.361877,-55.420978,0,5.8459999999999805,5.816000000000033,5.512500000000001,1,1,1,1,1,63.33333333333329,66.6304066304065,56.73918673918689,-1,0.16404104248969187,0.12390726067595276,0.04013378181373911
2019-02-15,sh.600748,5.91,6.0,5.88,5.94,7495701,44420933.0,3,0.406367,1,-0.999999,13.588342,1.084214,1.348258,-54.866768,0,5.877999999999981,5.831000000000033,5.544500000000001,1,1,1,1,1,60.76923076923075,63.03289303289289,56.24190624190648,-1,0.16924474181061822,0.13297475690288585,0.03626998490773237
2019-02-18,sh.600748,5.97,6.22,5.95,6.13,16383999,99490360.0,3,0.888232,1,3.198654,14.022985999999998,1.118895,1.391384,-56.621766,0,5.93599999999998,5.846000000000033,5.591500000000002,1,1,1,1,1,73.0241327300151,65.70889894419294,87.65460030165943,1,0.18654969436336,0.14368974439498067,0.04285994996837933
2019-02-19,sh.600748,6.16,6.24,6.04,6.07,10511514,64285416.0,3,0.569865,1,-0.978792,13.885729999999999,1.1079430000000001,1.377765,-56.067556,0,5.98999999999998,5.865000000000032,5.635000000000001,1,1,1,1,1,74.67248437836678,69.4886159592041,85.04022121669212,1,0.19319545839341856,0.15359088719466824,0.03960457119875033
2019-02-20,sh.600748,6.08,6.19,6.04,6.11,10635894,64947880.0,3,0.576608,1,0.658978,13.977234,1.1152440000000001,1.386844,-56.437029,0,6.04999999999998,5.904000000000033,5.683000000000001,1,1,1,1,1,80.92734063322303,76.2079859138682,90.36605007193268,1,0.1993914791190381,0.1627510055795422,0.0366404735394959
2019-02-21,sh.600748,6.09,6.28,6.04,6.11,11203554,69015535.0,3,0.607383,1,0.0,13.977234,1.1152440000000001,1.386844,-56.437029,0,6.07199999999998,5.9590000000000325,5.734500000000001,1,1,1,1,1,76.75324675324678,77.45102392161209,75.35769241651616,-1,0.20197364374316695,0.17059553321226714,0.03137811053089981
2019-02-22,sh.600748,6.12,6.25,6.08,6.24,11075667,68307983.0,3,0.600449,1,2.127654,14.274622,1.138973,1.416352,-57.637817,0,6.131999999999979,6.005000000000033,5.792,1,1,1,1,1,82.82828282828287,80.16962340491744,88.14560167501372,1,0.21206538361969862,0.17888950329375344,0.03317588032594518
2019-02-25,sh.600748,6.34,6.86,6.23,6.81,30981991,207285124.0,3,1.679639,1,9.134618,15.578554,1.243013,1.5457299999999998,-62.902810,0,6.267999999999979,6.102000000000032,5.878,1,1,1,1,1,88.04985337243401,82.54379431798777,99.06197148132648,1,0.26302540336775415,0.19571668330855357,0.06730872005920058
2019-02-26,sh.600748,6.86,6.94,6.68,6.77,25176092,171048247.0,3,1.364881,1,-0.587371,15.48705,1.2357120000000001,1.536651,-62.533337,0,6.407999999999978,6.199000000000032,5.959,1,1,1,1,1,91.66495172437443,87.51436264169699,99.96612988972933,1,0.2967630210807002,0.21592595086298288,0.0808370702177173
2019-02-27,sh.600748,6.7,7.25,6.7,6.95,26482781,184895312.0,3,1.435721,1,2.658786,15.898817999999999,1.268567,1.577507,-64.195966,0,6.575999999999979,6.313000000000033,6.0485,1,1,1,1,1,86.38588367158377,88.70022958946396,81.75719183582339,-1,0.3341726871397812,0.23957529811834255,0.09459738902143866
2019-02-28,sh.600748,7.03,7.65,7.02,7.22,54032074,401939542.0,3,2.929262,1,3.884892,16.51647,1.31785,1.6387919999999998,-66.689910,0,6.797999999999979,6.4350000000000325,6.1255,1,1,1,1,1,79.29859714406955,85.78314418000913,66.32950307219036,-1,0.38121248035256894,0.2679027345651878,0.11330974578738112
2019-03-01,sh.600748,7.25,7.6,6.95,7.37,28232350,201738187.0,3,1.530571,1,2.0775639999999997,16.85961,1.345229,1.672839,-68.075435,0,7.023999999999978,6.578000000000033,6.2044999999999995,1,1,1,1,1,78.47225592871233,81.38557891478844,72.6456099565601,-1,0.425688529389908,0.29945989353013186,0.12622863585977612
2019-03-04,sh.600748,7.29,8.11,7.29,8.11,54547558,426197746.0,3,2.957208,1,10.0407,18.552433999999998,1.480299,1.840803,-74.910689,0,7.283999999999978,6.7760000000000336,6.310999999999999,1,1,1,1,1,85.77152600170503,81.18079302482886,94.95299195545738,1,0.514714624454605,0.3425108397150265,0.17220378473957854
2019-03-05,sh.600748,8.25,8.51,7.99,8.35,47230616,388584897.0,3,2.560532,1,2.959319,19.101457,1.524106,1.8952779999999998,-77.127528,0,7.599999999999977,7.004000000000033,6.4345,1,1,1,1,1,92.04365428621723,85.42914540554476,105.27267204756217,1,0.5977440194545292,0.39355747566292704,0.20418654379160212
2019-03-06,sh.600748,8.41,8.41,8.0,8.2,37190706,305288120.0,3,2.016234,1,-1.796414,18.758318,1.4967270000000001,1.861232,-75.742003,0,7.849999999999977,7.213000000000034,6.5584999999999996,1,1,1,1,1,93.58835518679574,90.46784515823923,99.82937524390874,1,0.6440178301302018,0.443649546556382,0.20036828357381975
2019-03-07,sh.600748,8.5,8.88,8.08,8.36,43702901,369017483.0,3,2.369282,1,1.9512180000000001,19.124333,1.525931,1.897548,-77.219896,0,8.077999999999978,7.4380000000000335,6.698499999999998,1,1,1,1,1,87.04747468365106,90.89316138555456,79.35610127984407,-1,0.6856965384358684,0.4920589449322793,0.1936375935035891
2019-03-08,sh.600748,8.04,8.27,7.65,7.86,31154734,250972745.0,3,1.689004,1,-5.980856,17.980534,1.434667,1.7840580000000001,-72.601481,0,8.175999999999977,7.600000000000034,6.802499999999999,-1,1,1,1,1,73.75217349361303,84.79600112135317,51.66451823813273,-1,0.6706505516276495,0.5277772662713534,0.14287328535629618
2019-03-11,sh.600748,7.76,8.39,7.69,8.17,31247641,253635616.0,3,1.694040,1,3.9440199999999996,18.68969,1.491251,1.854422,-75.464899,0,8.187999999999978,7.736000000000034,6.918999999999999,-1,1,1,1,1,67.14830492916002,75.98265103547459,49.47961271653088,-1,0.6759489887251675,0.5574116107621162,0.1185373779630513
2019-03-12,sh.600748,8.24,8.6,8.16,8.46,29801541,250055800.0,3,1.615642,1,3.549571,19.353092999999998,1.544184,1.920246,-78.143579,0,8.209999999999978,7.905000000000035,7.051999999999998,1,1,1,1,1,66.43529942194199,69.11192594823824,61.08204636934951,-1,0.6955309666366123,0.5850354819370154,0.11049548469959691
2019-03-13,sh.600748,8.38,9.31,8.31,9.11,52114051,468280068.0,3,2.825279,1,7.683211,20.840033,1.662827,2.0677830000000004,-84.147518,0,8.391999999999978,8.121000000000034,7.216999999999999,1,1,1,1,1,79.06498611942528,70.88286349017564,95.4292313779246,1,0.7547985451525685,0.618988094580126,0.13581045057244245
2019-03-14,sh.600748,9.3,10.0,8.78,9.0,57103726,531237423.0,3,3.095786,1,-1.2074610000000001,20.588397,1.6427490000000002,2.042815,-83.131467,0,8.519999999999978,8.299000000000035,7.366999999999999,1,1,1,1,1,77.62113223134513,74.37380592423735,84.11578484556068,1,0.78385663606789,0.6519618028776788,0.13189483319021122
2019-03-15,sh.600748,8.99,9.86,8.81,9.54,46229985,434812854.0,3,2.506284,1,6.0,21.823701,1.741314,2.165384,-88.119355,0,8.855999999999979,8.516000000000034,7.546999999999999,1,1,1,1,1,78.35019554667234,78.34543796581414,78.35971070838872,1,0.8407670305335362,0.6897228484088502,0.15104418212468596
2019-03-18,sh.600748,9.45,9.63,9.13,9.45,28135919,261797041.0,3,1.525343,1,-0.943398,21.617817000000002,1.7248860000000001,2.144956,-87.288041,0,9.111999999999977,8.650000000000034,7.712999999999998,1,1,1,1,1,73.37363586401817,76.44832121401178,67.22426516403092,-1,0.8685940685845859,0.7254970924439974,0.14309697614058847
2019-03-19,sh.600748,9.44,9.78,9.29,9.4,16128574,152937620.0,3,0.874385,1,-0.529103,21.503436999999998,1.71576,2.133607,-86.826199,0,9.299999999999978,8.755000000000035,7.879499999999998,1,1,1,1,1,77.16312056737586,76.29565065935536,78.89806038341683,1,0.8765087671307397,0.7556994273813459,0.12080933974939378
2019-03-20,sh.600748,9.33,9.6,8.7,9.06,32296739,293359259.0,3,1.750916,1,-3.6170129999999996,20.725653,1.6537009999999999,2.056434,-83.685677,0,9.289999999999978,8.841000000000035,8.026999999999997,-1,1,1,1,1,70.354609929078,73.63045545349057,63.80291888025286,-1,0.8455985307537306,0.7736792480558228,0.07191928269790782
2019-03-21,sh.600748,9.04,9.33,9.0,9.09,28403868,259230693.0,3,1.539870,1,0.331123,20.794280999999998,1.6591759999999998,2.063243,-83.962782,0,9.307999999999979,8.914000000000035,8.175999999999998,-1,1,1,1,1,65.02471523748119,70.84748191131156,53.379181889820444,-1,0.8141378209910739,0.781770962642873,0.032366858348200855
2019-03-22,sh.600748,9.19,9.21,8.88,9.01,18981600,171137787.0,3,1.029057,1,-0.8800870000000001,20.611273,1.6445740000000002,2.045085,-83.223836,0,9.201999999999979,9.029000000000035,8.314499999999997,-1,-1,1,1,1,55.600570926657866,63.659965364405565,39.48178205116247,-1,0.7738294264933678,0.780182655412972,-0.006353228919604215
2019-03-25,sh.600748,8.97,9.2,8.76,8.77,23493624,210677138.0,3,1.273669,1,-2.663704,20.062248999999998,1.600768,1.9906099999999998,-81.006996,0,9.065999999999978,9.089000000000036,8.412499999999998,-1,-1,1,-1,1,44.67354923040538,55.099611798181364,23.821424094853413,-1,0.7142849074254389,0.7670031058154654,-0.05271819839002645
2019-03-26,sh.600748,8.81,9.18,8.69,8.78,22274799,198809283.0,3,1.207592,1,0.11401700000000001,20.085125,1.602593,1.99288,-81.099365,0,8.941999999999977,9.121000000000034,8.512999999999996,-1,-1,1,-1,1,26.761605364263037,42.34524184044198,-4.405667588094843,-1,0.6602909405497073,0.7456606727623137,-0.08536973221260646
2019-03-27,sh.600748,8.64,8.76,8.39,8.46,23804814,202854202.0,3,1.290540,1,-3.6446440000000004,23.729623999999998,1.562335,1.8011830000000002,-5.121214,0,8.821999999999978,9.056000000000035,8.588499999999998,-1,-1,-1,-1,1,12.950356226926958,28.12850360719834,-17.405938533615803,-1,0.5849362264385238,0.7135157834975557,-0.1285795570590319
2019-03-28,sh.600748,8.48,8.75,8.46,8.5,15183614,130467860.0,3,0.823155,1,0.472813,23.841820000000002,1.5697219999999998,1.8096990000000002,-5.145427,0,8.703999999999976,9.006000000000034,8.652499999999998,-1,-1,-1,-1,1,6.515267611428829,15.409076400872825,-11.272349967459164,-1,0.522422576050122,0.675297142008069,-0.15287456595794702
2019-03-29,sh.600748,8.51,9.17,8.46,9.06,32651848,291583395.0,3,1.770167,1,6.588239999999999,25.412576,1.673139,1.928926,-5.484420,0,8.713999999999977,8.958000000000036,8.736999999999998,1,1,1,-1,-1,20.292337558524604,13.252653798960013,34.371705077653786,1,0.5121634758763012,0.6426704087817154,-0.13050693290541426
2019-04-01,sh.600748,9.0,9.26,8.97,9.26,31498960,288700942.0,3,1.707665,1,2.207503,25.97356,1.710074,1.971507,-5.605489,0,8.811999999999976,8.939000000000036,8.794499999999996,1,1,1,-1,1,42.67197811998333,23.15986109664547,81.69621216665905,1,0.5142435144765702,0.6169850299206864,-0.10274151544411614
2019-04-02,sh.600748,9.32,9.38,9.14,9.2,17911589,165126506.0,3,0.971048,1,-0.647953,25.805264,1.698993,1.9587330000000003,-5.569168,0,8.895999999999976,8.919000000000036,8.836999999999996,1,1,1,-1,1,67.30681570446116,43.42371046098958,115.07302619140432,1,0.5052265246109506,0.5946333288587392,-0.08940680424778857
2019-04-03,sh.600748,9.22,9.85,9.13,9.66,34963551,333923290.0,3,1.895492,1,5.0,27.095528,1.783943,2.05667,-5.847627,0,9.135999999999976,8.979000000000035,8.909999999999997,1,1,1,1,1,80.23510321144187,63.40463234529534,113.89604494373492,1,0.5290995208745137,0.5815265672618941,-0.05242704638738038
2019-04-04,sh.600748,9.66,10.54,9.53,10.5,44834753,446872258.0,3,2.430644,1,8.695654,29.451660999999998,1.939068,2.2355110000000002,-6.356116,0,9.535999999999976,9.120000000000035,9.016999999999996,1,1,1,1,1,88.9813393572552,78.84108609105263,109.26184588966032,1,0.60878235816506,0.5869777254425272,0.021804632722532746
2019-04-08,sh.600748,10.4,11.28,10.32,10.81,55605170,605818842.0,3,3.014545,1,2.952385,30.321185999999997,1.996317,2.301511,-6.543773,0,9.885999999999976,9.300000000000034,9.164499999999995,1,1,1,1,1,89.62095349167907,86.27913202012526,96.3045964347867,1,0.6890035855788508,0.6073828974697919,0.08162068810905887
2019-04-09,sh.600748,10.69,10.95,10.35,10.56,22547379,239584456.0,3,1.222370,1,-2.3126729999999998,29.619956,1.9501490000000001,2.2482849999999996,-6.392437,0,10.145999999999976,9.479000000000035,9.283999999999995,1,1,1,1,1,85.65435476516188,88.08554920469861,80.79196588608843,-1,0.7240600619220885,0.6307183303602513,0.09334173156183723
2019-04-10,sh.600748,10.59,10.98,10.31,10.71,27137658,288901103.0,3,1.471224,1,1.4204510000000001,30.040694000000002,1.97785,2.280221,-6.483238,0,10.447999999999977,9.672000000000034,9.396499999999996,1,1,1,1,1,79.5369211514393,84.93740980275997,68.73594384879797,-1,0.7552403774397582,0.6556227397761527,0.09961763766360554
2019-04-11,sh.600748,10.95,11.1,10.5,10.63,28179045,304097059.0,3,1.527681,1,-0.746965,29.8163,1.9630759999999998,2.263188,-6.434811,0,10.641999999999978,9.889000000000033,9.472499999999997,-1,1,1,1,1,77.2746979475979,80.82199128806624,70.18011126666121,-1,0.7646809052391887,0.67743437286876,0.08724653237042879
2019-04-12,sh.600748,10.73,10.78,10.23,10.64,19617288,205026019.0,3,1.063520,1,0.09407599999999999,29.844348999999998,1.964923,2.265317,-6.440864,0,10.669999999999977,10.103000000000034,9.554499999999996,-1,1,1,1,1,76.34398698228486,77.71853536044057,73.59489022597344,-1,0.7641607386405767,0.6947796460231233,0.0693810926174534
2019-04-15,sh.600748,10.79,11.07,10.51,10.69,29886075,323290854.0,3,1.620225,1,0.469918,29.984595000000002,1.974156,2.275963,-6.471132,0,10.645999999999976,10.266000000000032,9.611999999999997,1,1,1,1,1,73.93428881306168,75.85099124764804,70.10088394388896,-1,0.7590334202098603,0.7076304008604707,0.05140301934938962
2019-04-16,sh.600748,10.36,10.92,10.36,10.92,17465484,186474769.0,3,0.946863,1,2.151548,30.629727000000003,2.0166310000000003,2.3249310000000003,-6.610361,0,10.717999999999977,10.432000000000032,9.685499999999996,1,1,1,1,1,76.0361085942481,75.43812812986478,77.23206952301476,1,0.7647139152261389,0.7190471037336044,0.04566681149253449
2019-04-17,sh.600748,11.02,11.06,10.77,10.9,20044012,218465501.0,3,1.086654,1,-0.18315399999999998,30.573628999999997,2.012938,2.3206729999999998,-6.598254,0,10.755999999999975,10.602000000000032,9.760499999999997,1,1,1,1,1,78.0332225913621,76.00120666622387,82.09725444163857,1,0.7588543154215017,0.7270085460711838,0.03184576935031791
2019-04-18,sh.600748,10.78,11.03,10.7,10.78,13096216,142390548.0,3,0.709990,1,-1.100916,30.237038000000002,1.990777,2.295124,-6.525613,0,10.785999999999976,10.714000000000032,9.846499999999995,-1,1,1,1,1,71.30749354005165,75.12560824188718,63.671264136380586,-1,0.7360428988746026,0.7288154166318676,0.007227482242735062
2019-04-19,sh.600748,10.67,10.86,10.3,10.77,17111740,181301307.0,3,0.927685,1,-0.09275800000000001,30.208989000000003,1.9889299999999999,2.292995,-6.519559,0,10.811999999999975,10.741000000000032,9.930499999999997,-1,1,1,1,1,64.2452107279693,71.19530895312758,50.34501427765272,-1,0.7089850323620794,0.7248493397779099,-0.015864307415830448
2019-04-22,sh.600748,10.81,11.58,10.69,11.02,38140787,419396084.0,3,2.067741,1,2.321263,30.910219,2.035098,2.346222,-6.670895,0,10.877999999999975,10.762000000000032,10.030999999999997,1,1,1,1,1,57.65614547223734,64.40294991341933,44.162536589873355,-1,0.6996492676316173,0.7198093253486514,-0.020160057717034108
2019-04-23,sh.600748,11.2,12.12,11.2,12.12,65083290,775878936.0,3,3.528386,1,9.981845,33.995631,2.238239,2.580418,-7.336774,0,11.117999999999974,10.918000000000031,10.198499999999997,1,1,1,1,1,73.52916134525323,65.14350584848653,90.30047233878665,1,0.7721109987672214,0.7302696600323654,0.04184133873485607
2019-04-24,sh.600748,12.8,12.98,11.68,12.14,61158735,747895981.0,3,3.315622,1,0.16502,34.051728999999995,2.241932,2.584676,-7.348881,0,11.365999999999975,11.061000000000032,10.366499999999997,1,1,1,1,1,75.9910213243546,69.05877604728163,89.85551187850055,1,0.8216794661952029,0.7485516212649329,0.07312784493027003
2019-04-25,sh.600748,11.88,12.69,11.8,11.92,40683585,496162608.0,3,2.205595,1,-1.812193,33.434647,2.201304,2.5378369999999997,-7.215705,0,11.593999999999975,11.190000000000031,10.539499999999995,1,1,1,1,1,76.63410221619172,75.38476162859975,79.13278339137568,1,0.8336014339385489,0.7655615837996561,0.0680398501388928
2019-04-26,sh.600748,11.93,12.39,11.36,12.3,33111202,395078631.0,3,1.795070,1,3.187921,34.500516999999995,2.27148,2.618741,-7.445736,0,11.899999999999974,11.356000000000032,10.729499999999996,1,1,1,1,1,68.17639077340563,73.60050477131722,57.32816277758246,-1,0.8637556658293359,0.7852004002055921,0.07855526562374382
2019-04-29,sh.600748,12.4,12.65,11.07,11.07,36147452,433148899.0,3,1.959676,1,-10.0,31.050465000000003,2.044332,2.356867,-6.701162,0,11.909999999999975,11.39400000000003,10.829999999999995,-1,-1,1,1,1,54.60199004975118,66.47082767978274,30.864314789688052,-1,0.7794177487542626,0.7840438699153263,-0.0046261211610636455
2019-04-30,sh.600748,10.71,10.95,9.96,10.21,51096802,526212533.0,3,2.770131,1,-7.768741,27.444307000000002,1.8558700000000001,2.073242,-6.736868,0,11.527999999999976,11.32300000000003,10.877499999999996,-1,-1,-1,1,1,37.212118216862656,53.33016634667305,4.976021957241869,-1,0.635854790946107,0.7544060541214824,-0.11855126317537545
2019-05-06,sh.600748,9.5,9.65,9.19,9.19,43396747,401765241.0,3,2.352685,1,-9.990211,24.702564000000002,1.670464,1.866121,-6.063841,0,10.937999999999976,11.15200000000003,10.876999999999997,-1,-1,-1,-1,1,12.33649632631539,34.716868197642974,-32.42424741633978,-1,0.43476296028790884,0.6904774353547677,-0.25571447506685885
2019-05-07,sh.600748,9.35,9.67,9.05,9.54,32333728,304199112.0,3,1.752921,1,3.8084919999999998,25.643358,1.734084,1.9371919999999998,-6.294782,0,10.461999999999975,11.028000000000029,10.870999999999997,-1,-1,-1,-1,-1,6.915446359862656,18.821353634346796,-16.896368189105623,-1,0.300178044982621,0.6124175572803383,-0.3122395122977173
2019-05-08,sh.600748,9.33,10.18,9.33,9.89,25695029,252754177.0,3,1.393015,1,3.668767,26.584153000000004,1.7977029999999998,2.008263,-6.525722,0,9.979999999999976,10.94000000000003,10.840499999999997,-1,-1,-1,-1,-1,11.280746395250148,10.177563027142627,13.48711313146519,1,0.21923341851856293,0.5337807295279833,-0.31454731100942035
2019-05-09,sh.600748,9.68,10.08,9.63,9.9,20221852,199927853.0,3,1.096295,1,0.101105,26.611032,1.799521,2.010293,-6.532321,0,9.745999999999976,10.82800000000003,10.794999999999998,1,-1,-1,-1,-1,18.490245971161936,12.228812908758144,31.013112095969518,1,0.15411459814337647,0.45784750325106194,-0.30373290510768547
2019-05-10,sh.600748,10.31,10.53,9.8,10.46,29260953,300566543.0,3,1.586335,1,5.656569999999999,28.116303000000002,1.901312,2.1240069999999998,-6.901826,0,9.795999999999975,10.66200000000003,10.789999999999997,1,-1,-1,-1,-1,27.24626942184189,19.00575392941789,43.7273004066899,1,0.14601165228653912,0.3954803330581574,-0.24946868077161827
2019-05-13,sh.600748,10.31,11.39,10.21,11.0,41753998,454608017.0,3,2.263626,1,5.1625239999999994,29.567814000000002,1.999468,2.233659,-7.258134,0,10.157999999999976,10.548000000000028,10.804499999999997,1,1,1,-1,-1,38.1771430435552,27.971219478852902,58.5889901729598,1,0.1810761630564066,0.35259949905780724,-0.17152333600140063
2019-05-14,sh.600748,10.7,11.14,10.05,10.05,52708030,550333272.0,3,2.857481,1,-8.636362,27.014229999999998,1.826786,2.040752,-6.631295,0,10.259999999999977,10.361000000000029,10.775499999999997,-1,-1,-1,-1,-1,40.22690272690267,35.21677173076648,50.24716471917506,1,0.13070133630281155,0.3082198665068081,-0.17751853020399655
2019-05-15,sh.600748,10.16,10.4,10.01,10.21,23981667,245490529.0,3,1.300127,1,1.5920379999999998,27.444307000000002,1.8558700000000001,2.073242,-6.736868,0,10.323999999999977,10.15200000000003,10.753999999999998,-1,1,-1,1,-1,43.83903133903129,40.747692369829615,50.021709277434624,1,0.1025079382901346,0.2670774808634734,-0.16456954257333878
2019-05-16,sh.600748,10.28,10.44,9.95,10.1,25641735,259978311.0,3,1.390125,1,-1.077372,27.148629,1.835875,2.0509049999999998,-6.664287,0,10.363999999999978,10.05500000000003,10.724499999999997,-1,1,-1,1,-1,40.74074074074068,41.602224935558105,39.01777235110582,-1,0.07047598328544247,0.2277571813478672,-0.15728119806242474
2019-05-17,sh.600748,10.1,10.13,9.48,9.6,19930781,195295793.0,3,1.080515,1,-4.950495,25.804637,1.74499,1.949375,-6.334372,0,10.191999999999977,9.994000000000028,10.658499999999998,-1,-1,-1,1,-1,39.31623931623924,41.29867046533696,35.351377018043806,-1,0.004690537247174831,0.18314385252772875,-0.17845331528055391
2019-05-20,sh.600748,9.8,9.93,9.25,9.86,21906278,210833525.0,3,1.187614,1,2.708326,26.503513,1.79225,2.0021709999999997,-6.505927,0,9.963999999999977,10.061000000000028,10.606499999999997,-1,-1,-1,-1,-1,32.29358042442146,37.450186827133685,21.980367618996993,-1,-0.026163479304141646,0.14128238616135466,-0.1674458654654963
2019-05-21,sh.600748,9.99,10.54,9.97,10.3,28194410,289973093.0,3,1.528514,1,4.46248,27.686226,1.8722290000000001,2.0915169999999996,-6.796253,0,10.013999999999976,10.137000000000027,10.582499999999998,1,1,-1,-1,-1,33.691455654072406,35.100425131577595,30.873516699062037,-1,-0.01493897968703628,0.11003811299167647,-0.12497709267871275
2019-05-22,sh.600748,10.28,10.43,10.0,10.11,16390636,166752879.0,3,0.888592,1,-1.8446650000000002,27.175509,1.837693,2.052936,-6.670885,0,9.993999999999975,10.159000000000027,10.549499999999998,1,-1,-1,-1,-1,39.252336448598065,35.07912417569721,47.59876099439977,1,-0.02113130642933747,0.08380422910747368,-0.10493553553681115
2019-05-23,sh.600748,10.19,10.22,9.77,9.91,15988625,159431956.0,3,0.866797,1,-1.9782380000000002,26.637912,1.801339,2.012324,-6.538919,0,9.955999999999975,10.160000000000027,10.493999999999996,-1,-1,-1,-1,-1,40.03115264797502,37.65831491688173,44.7768281101616,1,-0.04169644782083459,0.058704093721812026,-0.10040054154264662
2019-05-24,sh.600748,9.92,9.92,9.4,9.54,17682649,170934166.0,3,0.958636,1,-3.733601,25.643358,1.734084,1.9371919999999998,-6.294782,0,9.943999999999974,10.068000000000026,10.364999999999997,-1,-1,-1,-1,-1,28.79065090903089,36.02471333520122,14.322526056690236,-1,-0.0868492344059586,0.029593428096257902,-0.11644266250221649
2019-05-27,sh.600748,9.55,9.89,9.35,9.8,11681706,113385153.0,3,0.633305,1,2.7253689999999997,26.342234,1.7813439999999998,1.989987,-6.466338,0,9.931999999999974,9.948000000000025,10.247999999999996,-1,-1,-1,-1,-1,29.606898584657003,32.80956738055419,23.201560992862625,-1,-0.10049487364608645,0.0035757677477890326,-0.10407064139387548
2019-05-28,sh.600748,9.78,10.05,9.72,9.85,16429301,162866088.0,3,0.890688,1,0.510206,26.476633000000003,1.790432,2.00014,-6.499329,0,9.841999999999974,9.928000000000026,10.144499999999997,1,-1,-1,-1,-1,34.83040072187355,31.075983405187042,42.339235355246565,1,-0.10605205682685792,-0.018349797167140358,-0.08770225965971756
2019-05-29,sh.600748,9.87,9.96,9.63,9.68,11650966,113477118.0,3,0.631638,1,-1.725889,26.019676,1.7595319999999999,1.9656200000000001,-6.387158,0,9.755999999999975,9.875000000000025,10.013499999999997,-1,-1,-1,-1,-1,40.826873385012895,35.08805756384771,52.304505027343254,1,-0.12275865838641664,-0.03923156941099562,-0.08352708897542102
2019-05-30,sh.600748,9.68,9.81,9.3,9.53,13439358,128413155.0,3,0.728593,1,-1.549593,25.616479,1.732266,1.9351610000000001,-6.288183,0,9.679999999999975,9.818000000000026,9.936499999999997,-1,-1,-1,-1,-1,33.85012919896634,36.50246776861749,28.545452059664044,-1,-0.1464147290283897,-0.06066820133447444,-0.08574652769391526
2019-05-31,sh.600748,9.62,10.3,9.51,10.2,30498863,305122398.0,3,1.653447,1,7.030431,27.417427000000004,1.854052,2.071211,-6.730270,0,9.811999999999975,9.878000000000027,9.935999999999996,1,1,1,-1,-1,42.53980161707086,39.07226806701659,49.474868717179405,1,-0.10983285014072308,-0.07050113109572417,-0.03933171904499891
2019-06-03,sh.600748,10.2,10.24,9.18,9.18,33192996,314913553.0,3,1.799505,1,-9.999995,24.675685,1.6686470000000002,1.8640900000000002,-6.057243,0,9.687999999999976,9.810000000000027,9.935499999999996,-1,-1,-1,-1,-1,31.428690505959747,35.93954044066554,22.40699063654816,-1,-0.16128769887385452,-0.08865844465135024,-0.07262925422250428
2019-06-04,sh.600748,8.88,8.98,8.26,8.26,20811826,174211167.0,3,1.128280,1,-10.02179,22.20274,1.501418,1.677275,-5.450199,0,9.369999999999974,9.606000000000028,9.871499999999996,-1,-1,-1,-1,-1,24.19354838709671,32.72068017004233,7.1392848212054645,-1,-0.273153603734583,-0.12555747646799678,-0.1475961272665862
2019-06-05,sh.600748,8.11,8.23,7.6,7.85,37117214,295324800.0,3,2.012250,1,-4.963684,21.100667,1.426893,1.59402,-5.179668,0,9.003999999999975,9.380000000000027,9.769499999999995,-1,-1,-1,-1,-1,3.086419753086357,19.569552882047493,-29.879846504835914,-1,-0.39039152231510066,-0.17852428563741757,-0.2118672366776831
2019-06-06,sh.600748,7.95,8.21,7.86,8.07,19527468,157515204.0,3,1.058650,1,2.8025450000000003,21.692023000000002,1.466882,1.638693,-5.324831,0,8.711999999999975,9.19600000000003,9.677999999999994,-1,-1,-1,-1,-1,8.888888888888832,12.05628567635719,2.554095313952118,-1,-0.46024582864097674,-0.2348685942381294,-0.22537723440284735
2019-06-10,sh.600748,8.17,8.25,7.83,7.89,13326695,106082761.0,3,0.722485,1,-2.230481,21.208185999999998,1.434164,1.602143,-5.206062,0,8.249999999999975,9.03100000000003,9.549499999999993,-1,-1,-1,-1,-1,12.469135802469077,8.14814814814798,21.111111111111274,1,-0.5240889936696131,-0.29271267412442614,-0.231376319545187
2019-06-11,sh.600748,8.0,8.32,7.85,8.3,16526925,134861357.0,3,0.895981,1,5.196455,22.310259,1.508689,1.685397,-5.476592,0,8.073999999999975,8.88100000000003,9.414499999999993,1,-1,-1,-1,-1,18.024691358024644,13.127572016460741,27.818930041152452,1,-0.5354294905590624,-0.3412560374113534,-0.194173453147709
2019-06-12,sh.600748,8.29,8.35,7.96,8.24,19096029,154013080.0,3,1.035260,1,-0.722897,22.148979999999998,1.497783,1.673214,-5.437002,0,8.069999999999975,8.72000000000003,9.323999999999995,1,-1,-1,-1,-1,20.12345679012341,16.872427983538934,26.625514403292357,1,-0.5429990594546812,-0.38160464182001896,-0.16139441763466222
2019-06-13,sh.600748,8.1,8.17,7.9,8.08,12782223,102924587.0,3,0.692968,1,-1.941746,21.718903,1.4687,1.640724,-5.331429,0,8.115999999999975,8.560000000000029,9.217499999999994,-1,-1,-1,-1,-1,22.469135802469093,20.205761316872273,26.99588477366273,1,-0.5555051426697144,-0.41638474198995806,-0.13912040067975634
2019-06-14,sh.600748,8.17,8.23,7.73,7.78,15919470,125848613.0,3,0.863048,1,-3.712868,20.912508,1.414169,1.579806,-5.133480,0,8.057999999999975,8.38500000000003,9.101499999999994,-1,-1,-1,-1,-1,16.09988776655439,19.564160119715524,9.171343060232118,-1,-0.5829044370100434,-0.44968868099397513,-0.13321575601606822
2019-06-17,sh.600748,7.84,7.97,7.7,7.77,8745241,68061261.0,3,0.474109,1,-0.128538,20.885628,1.412351,1.577776,-5.126882,0,8.033999999999974,8.142000000000028,9.009999999999994,-1,-1,-1,-1,-1,12.304933391889861,16.957985653637675,2.9988288683942343,-1,-0.5985260558007841,-0.4794561559553369,-0.11906989984544719
2019-06-18,sh.600748,7.84,8.1,7.73,7.76,12655278,99003179.0,3,0.686085,1,-0.128697,20.858749,1.410534,1.5757450000000002,-5.120284,0,7.925999999999975,8.00000000000003,8.904999999999996,-1,-1,-1,-1,-1,13.490118577075052,13.964979911839658,12.54039590754584,-1,-0.6047421268670252,-0.5045133501376746,-0.1002287767293506
2019-06-19,sh.600748,7.97,8.28,7.94,8.02,22176991,179077110.0,3,1.202290,1,3.350518,21.557624,1.457794,1.6285399999999999,-5.291840,0,7.881999999999974,7.976000000000029,8.790999999999995,1,1,-1,-1,-1,27.627647714604166,17.807566561189585,47.26781002143333,1,-0.5819798791056243,-0.5200066559312646,-0.061973223174359715
2019-06-20,sh.600748,7.99,8.24,7.9,8.14,15239851,123170775.0,3,0.826204,1,1.496258,21.880182,1.479606,1.6529080000000003,-5.371019,0,7.893999999999974,8.00500000000003,8.692499999999995,1,1,-1,-1,-1,46.08547008547006,29.06774545904965,80.12091933831087,1,-0.5479413102999047,-0.5255935868049926,-0.022347723494912097
2019-06-21,sh.600748,8.17,8.57,8.15,8.3,17935320,149527677.0,3,0.972334,1,1.9656,22.310259,1.508689,1.685397,-5.476592,0,7.997999999999974,8.02800000000003,8.611999999999997,1,1,-1,-1,-1,61.96286472148538,45.22532750718643,95.4379391500833,1,-0.5022650377563913,-0.5209278769952723,0.018662839238881013
2019-06-24,sh.600748,8.35,8.41,8.16,8.27,11181199,92618992.0,3,0.606171,1,-0.36144299999999996,22.22962,1.503236,1.6793049999999998,-5.456797,0,8.097999999999974,8.06600000000003,8.548499999999997,1,1,-1,1,-1,67.39168877099908,58.48000785931807,85.2150505943611,1,-0.4631481286381831,-0.5093719273238545,0.04622379868567139
2019-06-25,sh.600748,8.29,8.65,8.2,8.5,23653488,198819282.0,3,1.282336,1,2.7811310000000002,22.847856,1.545043,1.726009,-5.608558,0,8.245999999999974,8.08600000000003,8.483499999999996,1,1,1,1,-1,72.89776164549295,67.4174383793257,83.85840817782744,1,-0.40887535792006346,-0.4892726134430963,0.08039725552303284
2019-06-26,sh.600748,8.46,8.46,8.18,8.25,12961374,106976778.0,3,0.702680,1,-2.941176,22.17586,1.499601,1.675244,-5.443601,0,8.291999999999973,8.08700000000003,8.403499999999998,-1,1,-1,1,-1,69.20750151240158,69.8323173096311,67.95786991794256,-1,-0.38163742806489687,-0.4677455763674564,0.08610814830255953
2019-06-27,sh.600748,8.22,8.49,8.21,8.42,11131508,92843138.0,3,0.603477,1,2.060607,22.632817000000003,1.530502,1.7097639999999998,-5.555772,0,8.347999999999974,8.12100000000003,8.340499999999995,1,1,1,1,1,72.63157894736831,71.57894736842083,74.73684210526326,1,-0.3423867715907356,-0.44267381541211226,0.10028704382137665
2019-06-28,sh.600748,8.38,8.47,8.22,8.29,9639844,80416646.0,3,0.522609,1,-1.543944,22.283379999999998,1.506872,1.6833669999999998,-5.469994,0,8.345999999999973,8.17200000000003,8.278499999999996,-1,1,1,1,1,64.85125858123556,68.89677968033503,56.76021638303661,-1,-0.31810335957718294,-0.4177597242451264,0.09965636466794348
2019-07-01,sh.600748,8.4,8.56,8.28,8.38,19131926,160971233.0,3,1.037206,1,1.085647,22.525298,1.523231,1.7016419999999999,-5.529379,0,8.367999999999974,8.23300000000003,8.187499999999996,1,1,1,1,1,66.88634630053383,68.12306127637912,64.41291634884325,-1,-0.28827329763405984,-0.3918624389229131,0.10358914128885327
2019-07-02,sh.600748,8.39,8.94,8.3,8.7,27997045,242313603.0,3,1.517815,1,3.8186120000000003,23.385453,1.581397,1.766621,-5.740524,0,8.407999999999973,8.32700000000003,8.163499999999996,1,1,1,1,1,67.26421404682263,66.33393964286388,69.12476285474011,1,-0.23608993516997323,-0.36070793817232516,0.12461800300235193
2019-07-03,sh.600748,8.8,9.09,8.74,8.91,23698204,211037494.0,3,1.284760,1,2.4137939999999998,23.949929,1.619569,1.809264,-5.879089,0,8.539999999999973,8.41600000000003,8.195999999999994,1,1,1,1,1,73.92471358428799,69.35842464388136,83.05729146510123,1,-0.1757629140352055,-0.3237189333449012,0.1479560193096957
2019-07-04,sh.600748,9.08,9.42,8.9,9.35,34535226,317363696.0,3,1.872272,1,4.9382779999999995,25.132642,1.699548,1.89861,-6.169414,0,8.725999999999972,8.537000000000031,8.270999999999995,1,1,1,1,1,84.0728617324361,75.08726312118212,102.04405895494406,1,-0.09139544261582522,-0.277254235199086,0.18585879258326077
2019-07-05,sh.600748,9.15,9.23,8.93,9.04,18256062,165061549.0,3,0.989723,1,-3.3155120000000005,24.299367,1.643199,1.835662,-5.964867,0,8.875999999999973,8.611000000000029,8.319499999999994,1,1,1,1,1,81.55011566130293,79.84923032600888,84.95188633189102,1,-0.048983373069406255,-0.23160006277315004,0.18261668970374378
2019-07-08,sh.600748,9.01,9.09,8.51,8.85,17180565,152004350.0,3,0.931417,1,-2.1017650000000003,23.78865,1.608663,1.79708,-5.839499,0,8.969999999999972,8.669000000000029,8.367499999999996,-1,1,1,1,1,72.61051373954588,79.41116371109484,59.009213796447966,-1,-0.03035302373167781,-0.1913506549648556,0.16099763123317778
2019-07-09,sh.600748,8.85,9.07,8.79,8.92,10796010,96389411.0,3,0.585288,1,0.790957,23.976809,1.621386,1.811294,-5.885687,0,9.013999999999973,8.71100000000003,8.398499999999995,-1,1,1,1,1,60.688260908202146,71.61629676968353,38.83218918523937,-1,-0.009826647199478344,-0.15504585341178015,0.1452192062123018
2019-07-10,sh.600748,9.03,9.05,8.85,8.9,8139900,72690274.0,3,0.441292,1,-0.22421999999999997,23.923049,1.617751,1.807233,-5.872490,0,9.011999999999974,8.77600000000003,8.431499999999994,-1,1,1,1,1,56.45887022719858,63.25254829164876,42.87151409829822,-1,0.004771814724033874,-0.12308231978461734,0.1278541345086512
2019-07-11,sh.600748,8.89,9.06,8.87,8.87,9500881,85167648.0,3,0.515075,1,-0.33707600000000004,23.84241,1.612298,1.8011409999999999,-5.852695,0,8.915999999999972,8.82100000000003,8.470999999999993,-1,1,1,1,1,55.69957952733062,57.615570220910335,51.86759814017118,-1,0.013761814068962153,-0.09571349301390145,0.1094753070828636
2019-07-12,sh.600748,8.95,8.95,8.78,8.92,8085557,71741782.0,3,0.438345,1,0.5637,23.976809,1.621386,1.811294,-5.885687,0,8.891999999999973,8.88400000000003,8.527999999999993,1,1,1,1,1,54.59273182957383,55.58372719470089,52.610741099319696,-1,0.024637035047820888,-0.07164338740155698,0.09628042244937787
2019-07-15,sh.600748,8.95,9.11,8.61,8.8,13157347,116568236.0,3,0.713304,1,-1.3452899999999999,23.654251000000002,1.599574,1.7869270000000002,-5.806507,0,8.881999999999973,8.92600000000003,8.579499999999992,-1,-1,1,-1,1,46.326553563395585,52.20628830676656,34.56708407665364,-1,0.02330409381988474,-0.05265389115726864,0.07595798497715338
2019-07-16,sh.600748,8.93,8.97,8.66,8.89,14039051,123506634.0,3,0.761104,1,1.022729,23.896169,1.615933,1.805203,-5.865892,0,8.875999999999973,8.94500000000003,8.635999999999992,1,-1,1,-1,1,42.994505494505454,47.971263629158166,33.04098922520002,-1,0.02917368010774446,-0.03628837690426602,0.06546205701201048
2019-07-17,sh.600748,9.0,9.21,8.9,9.13,14698704,133452677.0,3,0.796867,1,2.6996599999999997,24.541285000000002,1.659558,1.853937,-6.024251,0,8.921999999999974,8.96700000000003,8.691499999999992,1,1,1,-1,1,53.24582824582823,47.52229576790963,64.69289320166543,1,0.052585194377630984,-0.01851366264788662,0.0710988570255176
2019-07-18,sh.600748,9.13,9.13,8.86,8.92,13102002,117480737.0,3,0.710304,1,-2.3001099999999997,23.976809,1.621386,1.811294,-5.885687,0,8.931999999999976,8.924000000000031,8.73049999999999,-1,-1,1,1,1,62.14692714692708,52.795753629086796,80.84927418260763,1,0.053576150636059694,-0.0040956999910973565,0.05767185062715705
2019-07-19,sh.600748,8.97,9.07,8.85,8.93,7192934,64470439.0,3,0.389953,1,0.11210999999999999,24.003689,1.623204,1.813325,-5.892285,0,8.933999999999974,8.91300000000003,8.76199999999999,-1,1,1,1,1,66.00529100529089,60.46601546601528,77.08384208384211,1,0.054539707241540114,0.007631381455430139,0.046908325786109976
2019-07-22,sh.600748,8.97,8.99,8.48,8.49,11006454,95869711.0,3,0.596697,1,-4.927217,22.820976,1.543225,1.7239790000000002,-5.601960,0,8.871999999999975,8.87700000000003,8.77299999999999,-1,-1,-1,-1,1,37.75820830615336,55.30347548612366,2.6676739462127443,-1,0.019573380282965402,0.010019781220937192,0.00955359906202821
2019-07-23,sh.600748,8.57,8.95,8.51,8.95,13230550,116620618.0,3,0.717273,1,5.418139,24.057448,1.62684,1.8173860000000002,-5.905482,0,8.883999999999975,8.880000000000031,8.79549999999999,1,1,1,1,1,39.695585996955664,47.81969510279985,23.447367785267303,-1,0.02865020810422081,0.013745866597593916,0.014904341506626893
2019-07-24,sh.600748,9.06,9.06,8.77,8.84,9164266,81675991.0,3,0.496826,1,-1.2290459999999999,23.761770000000002,1.606845,1.79505,-5.832900,0,8.825999999999974,8.87400000000003,8.82499999999999,1,-1,1,-1,1,38.35616438356144,38.60331956222337,37.861854026237594,-1,0.02666025601997113,0.01632874448206936,0.01033151153790177
2019-07-25,sh.600748,8.84,9.13,8.65,9.04,14180695,126803818.0,3,0.768783,1,2.262441,24.299367,1.643199,1.835662,-5.964867,0,8.849999999999973,8.89100000000003,8.855999999999991,1,1,1,-1,-1,63.470319634702925,47.174023338406556,96.06291222729567,1,0.04075177212467551,0.02121335001059059,0.019538422114084922
2019-07-26,sh.600748,9.01,9.12,8.86,9.06,12623159,113664066.0,3,0.684300,1,0.5549,24.353127,1.646834,1.839723,-5.978063,0,8.875999999999973,8.905000000000031,8.89449999999999,1,1,1,-1,-1,68.49315068493128,56.77321156773176,91.93302891933034,1,0.052923167681072414,0.027555313544686953,0.02536785413638546
2019-07-29,sh.600748,9.1,9.1,8.88,8.97,5823757,52237419.0,3,0.315726,1,-0.9933790000000001,24.111207999999998,1.630475,1.821447,-5.918678,0,8.971999999999973,8.92200000000003,8.92399999999999,-1,1,1,1,1,74.42922374429203,68.7975646879753,85.69254185692552,1,0.05467656114912067,0.032979563065573696,0.021696998083546977
2019-07-30,sh.600748,9.02,9.06,8.91,8.95,5655834,50836071.0,3,0.306600,1,-0.223,24.057448,1.62684,1.8173860000000002,-5.905482,0,8.971999999999975,8.928000000000031,8.936499999999992,-1,1,1,1,1,72.96101159114838,71.96112867345711,74.96077742653091,1,0.053831766160847394,0.03715000368462844,0.016681762476218956
2019-07-31,sh.600748,8.85,8.9,8.65,8.65,8873843,77525681.0,3,0.481100,1,-3.352,23.251054,1.572309,1.756468,-5.707533,0,8.933999999999973,8.880000000000033,8.923499999999992,-1,-1,-1,1,1,55.19494204425692,67.528392459899,30.528041212972767,-1,0.02862479839327392,0.03544496262635753,-0.0068201642330836115
2019-08-01,sh.600748,8.74,8.74,8.32,8.66,4882372,41983553.0,3,0.264700,1,0.1156,23.277932999999997,1.574126,1.7584990000000003,-5.714131,0,8.857999999999972,8.854000000000031,8.888999999999992,-1,-1,-1,1,-1,46.812282367837724,58.32274533441423,23.791356434684715,-1,0.009347261841549326,0.030225422469395892,-0.020878160627846566
2019-08-02,sh.600748,8.52,8.52,7.9,8.18,16287778,132813818.0,3,0.883000,1,-5.5427,21.987702,1.486877,1.66103,-5.397412,0,8.681999999999972,8.779000000000034,8.845999999999993,-1,-1,-1,-1,-1,30.297794146032484,44.10167285270893,2.6900367326795873,-1,-0.04415334100486312,0.01534966977454409,-0.059503010779407214
2019-08-05,sh.600748,8.11,8.2,7.9,7.91,12001713,96237385.0,3,0.650700,1,-3.3007,21.261946,1.437799,1.6062040000000002,-5.219258,0,8.469999999999974,8.721000000000034,8.798999999999992,-1,-1,-1,-1,-1,21.850848138110866,32.986974883993575,-0.42140535365454923,-1,-0.10710505729758069,-0.009141275639880866,-0.09796378165769982
2019-08-06,sh.600748,7.77,7.8,7.12,7.12,34999762,255322761.0,3,1.897500,1,-9.9874,19.138439,1.294201,1.4457870000000002,-4.697992,0,8.103999999999973,8.538000000000034,8.708999999999993,-1,-1,-1,-1,-1,7.859078590785778,20.00257362497626,-16.427911477595188,-1,-0.2182255751075708,-0.05095813553341885,-0.16726743957415194
2019-08-07,sh.600748,7.18,7.26,6.84,6.9,21763426,152556645.0,3,1.179900,1,-3.0899,18.547082999999997,1.254212,1.4011129999999998,-4.552830,0,7.753999999999972,8.344000000000033,8.608999999999993,-1,-1,-1,-1,-1,1.1481956924831378,10.286040807126481,-17.12749453680355,-1,-0.3203487662680189,-0.10483626168033885,-0.21551250458768004
2019-08-08,sh.600748,6.96,7.04,6.78,6.85,17776287,122638512.0,3,0.963700,1,-0.7246,18.412684,1.245123,1.39096,-4.519838,0,7.391999999999972,8.125000000000034,8.507999999999992,-1,-1,-1,-1,-1,1.8829401088928164,3.630071464053797,-1.611322601429145,-1,-0.4006977192710144,-0.16400855319847396,-0.23668916607254042
2019-08-09,sh.600748,6.88,7.1,6.76,6.8,20104752,138681823.0,3,1.089900,1,-0.7299,18.278285,1.236035,1.380807,-4.486847,0,7.115999999999971,7.899000000000034,8.401999999999994,-1,-1,-1,-1,-1,2.462650253820353,1.8312620183986557,3.7254267246637482,1,-0.4630714263899298,-0.22382112783676514,-0.23925029855316468
2019-08-12,sh.600748,6.86,6.94,6.75,6.88,12927798,88361043.0,3,0.700900,1,1.1765,18.493323999999998,1.2505760000000001,1.397052,-4.539633,0,6.909999999999971,7.690000000000033,8.305999999999994,-1,-1,-1,-1,-1,3.6009611473331957,2.6488505033486747,5.505182435302237,1,-0.5002807818091384,-0.2791130586312398,-0.22116772317789857
2019-08-13,sh.600748,6.82,6.94,6.68,6.79,12306433,83937285.0,3,0.667200,1,-1.3081,18.251405,1.234217,1.3787770000000001,-4.480248,0,6.843999999999971,7.474000000000034,8.200999999999992,-1,-1,-1,-1,-1,4.375149295977334,3.479586899043514,6.166274089844973,1,-0.5309116923876172,-0.3294727853825153,-0.20143890700510186
2019-08-14,sh.600748,6.92,6.98,6.69,6.71,12582976,85554307.0,3,0.682200,1,-1.1782,18.036366,1.219675,1.362532,-4.427462,0,6.805999999999972,7.280000000000032,8.079999999999993,-1,-1,-1,-1,-1,4.338917411919367,4.105009285076519,4.806733665605064,1,-0.5552417597367088,-0.374626580253354,-0.18061517948335476
2019-08-15,sh.600748,6.71,6.86,6.34,6.83,21608573,143228528.0,3,1.171500,1,1.7884,18.358924,1.241488,1.3868989999999999,-4.506641,0,6.801999999999971,7.097000000000032,7.975499999999994,1,-1,-1,-1,-1,11.10477554311884,6.606280750338399,20.101765128679723,1,-0.5584035873209059,-0.41138198166686435,-0.14702160565404154
2019-08-16,sh.600748,6.9,6.93,6.68,6.68,14033989,94994625.0,3,0.760800,1,-2.1962,17.955727,1.214222,1.3564399999999999,-4.407667,0,6.777999999999972,6.947000000000033,7.862999999999994,-1,-1,-1,-1,-1,17.087397345663497,10.843696766900456,29.57479850318958,1,-0.56648304098578,-0.44240219353064747,-0.12408084745513248
2019-08-19,sh.600748,6.74,7.06,6.71,7.0,19297100,132857067.0,3,1.046200,1,4.7904,18.815881,1.272389,1.421419,-4.618813,0,6.801999999999973,6.856000000000033,7.788499999999994,1,1,-1,-1,-1,40.4569625630548,22.883045150612265,75.60479738793987,1,-0.5408303845581361,-0.4620878317361452,-0.07874255282199094
2019-08-20,sh.600748,7.0,7.22,6.96,7.02,15332113,108749727.0,3,0.831200,1,0.2857,18.869641,1.276024,1.425481,-4.632009,0,6.847999999999973,6.846000000000034,7.691999999999995,1,1,-1,1,-1,57.43317631346209,38.32584540739335,95.64783812559956,1,-0.5129733986440774,-0.47226494511773165,-0.04070845352634578
2019-08-21,sh.600748,7.08,7.22,6.99,7.15,11551825,82400853.0,3,0.626300,1,1.8519,19.219079,1.299654,1.451878,-4.717787,0,6.935999999999973,6.871000000000033,7.607499999999995,1,1,-1,1,-1,80.35243741765473,59.41419209805709,122.22892805685,1,-0.4749319037126174,-0.4727983368367088,-0.002133566875908599
2019-08-22,sh.600748,7.24,7.24,6.98,7.11,10865804,76663761.0,3,0.589100,1,-0.5594,19.11156,1.292383,1.443756,-4.691394,0,6.991999999999973,6.897000000000034,7.510999999999996,1,1,-1,1,-1,84.95791245791237,74.24784206300961,106.3780532477179,1,-0.44290586747044713,-0.46681984296345647,0.023913975493009332
2019-08-23,sh.600748,7.08,7.13,6.94,6.97,8346266,58422120.0,3,0.452500,1,-1.9691,18.735242,1.2669350000000001,1.4153280000000001,-4.599018,0,7.049999999999973,6.914000000000034,7.406499999999996,-1,1,-1,1,-1,82.53367003366995,82.6146733030789,82.37166349485204,-1,-0.4239349744890264,-0.45824286926857044,0.034307894779544046
2019-08-26,sh.600748,6.65,7.02,6.65,6.94,12379313,85305848.0,3,0.671100,1,-0.4304,18.654603,1.261482,1.4092360000000002,-4.579223,0,7.037999999999973,6.920000000000035,7.304999999999995,-1,1,-1,1,-1,74.07407407407398,80.52188552188532,61.1784511784513,-1,-0.40663373383989043,-0.44792104218283446,0.04128730834294403
2019-08-27,sh.600748,7.08,7.15,6.97,7.09,12807152,90672946.0,3,0.694300,1,2.1614,19.0578,1.288748,1.4396950000000002,-4.678197,0,7.051999999999973,6.950000000000034,7.211999999999996,1,1,-1,1,-1,73.33333333333321,76.64702581369227,66.70594837261513,-1,-0.37647881613655176,-0.4336325969735779,0.05715378083702616
2019-08-28,sh.600748,7.05,7.12,6.91,6.96,8276803,57791411.0,3,0.448700,1,-1.8336,16.192151000000003,1.241,1.3886969999999998,-6.879943,0,7.013999999999973,6.975000000000034,7.127499999999996,-1,-1,-1,1,-1,67.51412429378519,71.64051056706401,59.261351747227536,-1,-0.3589331818546011,-0.4186927139497826,0.05975953209518148
2019-08-29,sh.600748,6.99,7.0,6.84,6.88,9126793,63124769.0,3,0.494800,1,-1.1494,16.006034,1.2267350000000001,1.372735,-6.800863,0,6.967999999999973,6.980000000000034,7.038499999999996,-1,-1,-1,-1,-1,58.286252354048806,66.37790332705562,42.102950408035184,-1,-0.3474779620399149,-0.40444976356780904,0.05697180152789416
2019-08-30,sh.600748,6.9,7.0,6.74,6.79,10284990,70567477.0,3,0.557600,1,-1.3081,15.796653,1.210688,1.354778,-6.711898,0,6.931999999999974,6.991000000000033,6.968999999999996,-1,-1,-1,-1,-1,38.418079096045034,54.73948524795956,5.775266792215987,-1,-0.3417226990849347,-0.3919043506712342,0.0501816515862995
2019-09-02,sh.600748,6.82,7.05,6.66,6.94,12857146,88400067.0,3,0.697000,1,2.2091,16.145622,1.237433,1.384706,-6.860173,0,6.931999999999974,6.985000000000033,6.920499999999995,1,-1,1,-1,1,37.2881355932202,44.66415568110457,22.53609541745145,-1,-0.32135350219331205,-0.37779418097564976,0.056440678782337717
2019-09-03,sh.600748,6.97,7.02,6.85,6.9,10587783,73303713.0,3,0.574000,1,-0.5764,16.052564,1.230301,1.376725,-6.820633,0,6.893999999999974,6.9730000000000345,6.909499999999996,1,-1,-1,-1,-1,38.41807909604508,38.04143126176999,39.17137476459526,1,-0.304923464717616,-0.363220037724043,0.05829657300642699
2019-09-04,sh.600748,6.87,7.0,6.8,7.0,17738750,122586393.0,3,0.961700,1,1.4493,16.285209,1.248132,1.396678,-6.919483,0,6.901999999999974,6.958000000000036,6.914499999999995,1,1,1,-1,-1,53.84180790960439,43.182674199623115,75.16007532956694,1,-0.2805988089777669,-0.3466957919747878,0.06609698299702088
2019-09-05,sh.600748,7.03,7.19,6.96,6.97,18200203,128850468.0,3,0.986700,1,-0.4286,16.215416,1.242783,1.390692,-6.889828,0,6.919999999999975,6.9440000000000355,6.920499999999995,1,1,1,-1,-1,57.21071353839698,49.82353351468205,71.98507358582684,1,-0.2607364854325551,-0.32950393066634126,0.06876744523378614
2019-09-06,sh.600748,7.02,7.07,6.88,6.94,10742481,74797444.0,3,0.582400,1,-0.4304,16.145622,1.237433,1.384706,-6.860173,0,6.949999999999974,6.941000000000035,6.927499999999995,-1,-1,1,1,1,60.696482646168015,57.24966803138969,67.59011187572466,1,-0.24459664236513756,-0.31252247300610053,0.06792583064096297
2019-09-09,sh.600748,7.02,7.28,7.01,7.28,22092221,157995772.0,3,1.197700,1,4.8991,16.936618,1.298057,1.452545,-7.196262,0,7.017999999999974,6.975000000000035,6.947499999999995,1,1,1,1,1,70.69648264616804,62.867892943577566,86.35366205134899,1,-0.2020415329263905,-0.29042628499015855,0.08838475206376806
2019-09-10,sh.600748,7.21,7.21,7.05,7.09,21811914,154918816.0,3,1.182500,1,-2.6099,16.494591,1.2641790000000002,1.414635,-7.008448,0,7.055999999999974,6.975000000000035,6.962499999999996,1,1,1,1,1,74.06167579630744,68.48488036288104,85.21526666316024,1,-0.18155486276296884,-0.2686520005447206,0.08709713778175177
2019-09-11,sh.600748,7.12,7.14,7.01,7.03,11653867,82203818.0,3,0.631800,1,-0.8463,16.355003,1.2534809999999998,1.402664,-6.949138,0,7.0619999999999745,6.982000000000035,6.978499999999995,-1,1,1,1,1,76.34408602150525,73.70074815466012,81.63076175519552,1,-0.16822137630714895,-0.24856587569720628,0.08034449939005733
2019-09-12,sh.600748,7.07,7.08,6.97,7.05,10237610,71965651.0,3,0.555000,1,0.2845,16.401532,1.257047,1.406654,-6.968908,0,7.0779999999999745,6.999000000000035,6.989499999999995,-1,1,1,1,1,63.97849462365576,71.4614188138227,49.01264624332188,-1,-0.15426241824282005,-0.22970518420632904,0.07544276596350899
2019-09-16,sh.600748,7.05,7.15,7.01,7.1,14956160,106172848.0,3,0.810800,1,0.7092,16.517854999999997,1.265962,1.4166299999999998,-7.018333,0,7.109999999999974,7.030000000000035,7.010499999999995,-1,1,1,1,1,61.69354838709662,67.33870967741909,50.40322580645167,-1,-0.13757933237199005,-0.21128001383946124,0.07370068146747119
2019-09-17,sh.600748,7.1,7.1,6.76,6.89,18242101,125869787.0,3,0.989000,1,-2.9577,16.029298999999998,1.228518,1.37473,-6.810748,0,7.031999999999973,7.025000000000036,7.004999999999994,-1,-1,-1,1,1,50.13440860215036,58.602150537634124,33.19892473118283,-1,-0.1396928197111169,-0.19696257501379238,0.057269755302675474
2019-09-18,sh.600748,6.89,7.09,6.84,6.99,17285437,121203894.0,3,0.937100,1,1.4514,16.261945,1.246349,1.394683,-6.909598,0,7.011999999999974,7.034000000000036,7.003499999999994,-1,-1,-1,-1,1,43.91025641025626,51.9127377998343,27.90529363110018,-1,-0.1317795369174286,-0.18392596739451963,0.05214643047709103
2019-09-19,sh.600748,7.05,7.06,6.83,6.93,12627234,87088699.0,3,0.684600,1,-0.8584,16.122357,1.23565,1.382711,-6.850288,0,6.991999999999973,7.027000000000035,6.992499999999994,-1,-1,-1,-1,-1,33.974358974358836,42.673007995588364,16.57706093189978,-1,-0.12886423516263168,-0.17291362094814205,0.044049385785510375
2019-09-20,sh.600748,6.92,6.93,6.78,6.81,11615882,79198798.0,3,0.629700,1,-1.7316,15.843182,1.2142540000000002,1.358768,-6.731668,0,6.943999999999972,7.011000000000036,6.977499999999994,-1,-1,-1,-1,-1,28.846153846153708,35.57692307692282,15.384615384615486,-1,-0.13468427811642147,-0.16526775238179794,0.03058347426537647
2019-09-23,sh.600748,6.81,6.83,6.56,6.63,11420525,75544688.0,3,0.619100,1,-2.6432,15.424420000000001,1.182159,1.3228540000000002,-6.553739,0,6.849999999999973,6.980000000000035,6.9604999999999935,-1,-1,-1,-1,-1,17.692307692307555,26.837606837606582,-0.5982905982904967,-1,-0.1520682516202001,-0.16262785222947837,0.010559600609278269
2019-09-24,sh.600748,6.64,6.73,6.53,6.56,14434167,95576982.0,3,0.782500,1,-1.0558,15.261567999999999,1.169678,1.3088870000000001,-6.484544,0,6.783999999999973,6.908000000000035,6.941499999999993,-1,-1,-1,-1,-1,8.407775020678088,18.315412186379664,-11.407499310725065,-1,-0.1695392479366058,-0.16401013137090387,-0.00552911656570193
2019-09-25,sh.600748,6.57,6.58,6.3,6.3,13415225,85549263.0,3,0.727300,1,-3.9634,14.656688,1.123319,1.25701,-6.227535,0,6.645999999999972,6.829000000000034,6.901999999999994,-1,-1,-1,-1,-1,5.202646815549897,10.434243176178395,-5.260545905707101,-1,-0.20203602000288878,-0.17161530909730086,-0.030420710905587928
2019-09-26,sh.600748,6.29,6.35,6.07,6.08,10896772,67479278.0,3,0.590800,1,-3.4921,14.144867999999999,1.084092,1.213115,-6.010065,0,6.4759999999999724,6.734000000000035,6.857999999999994,-1,-1,-1,-1,-1,1.9215452011149299,5.177322345780853,-4.590009088216917,-1,-0.2427439067214534,-0.18584102862213137,-0.05690287809932204
2019-09-27,sh.600748,6.06,6.2,6.06,6.09,8402625,51440145.0,3,0.455500,1,0.1645,14.168132,1.085875,1.2151100000000001,-6.019950,0,6.331999999999972,6.638000000000035,6.818499999999995,-1,-1,-1,-1,-1,1.2701804368469822,2.798124151170484,-1.785706991800022,-1,-0.27107351703689364,-0.20288752630508383,-0.06818599073180981
2019-09-30,sh.600748,6.14,6.14,5.96,5.97,8416283,50733693.0,3,0.456300,1,-1.9704,13.888957000000001,1.064478,1.191167,-5.901330,0,6.199999999999973,6.525000000000036,6.7774999999999945,-1,-1,-1,-1,-1,1.5651656875844393,1.5856304418486653,1.524236179055987,-1,-0.29975257335768735,-0.22226053571560453,-0.07749203764208282
2019-10-08,sh.600748,5.92,6.25,5.92,6.16,11911468,73187145.0,3,0.645800,1,3.1826,14.330983999999999,1.0983559999999999,1.229077,-6.089145,0,6.119999999999973,6.4520000000000355,6.738499999999995,1,-1,-1,-1,-1,8.274067571924935,3.7031378987853336,17.415926918204136,1,-0.3036492405793032,-0.23853827668834426,-0.06511096389095894
2019-10-09,sh.600748,6.15,6.24,6.11,6.2,7712595,47545262.0,3,0.418100,1,0.6494,14.424043,1.105488,1.237058,-6.128685,0,6.099999999999972,6.373000000000035,6.703499999999994,1,-1,-1,-1,-1,16.55345320279572,8.797562154101579,32.065235300184,1,-0.30005091158678887,-0.2508408036680332,-0.049210107918755686
2019-10-10,sh.600748,6.2,6.24,6.13,6.17,7782103,48033638.0,3,0.421900,1,-0.4839,14.354249,1.100139,1.231072,-6.099030,0,6.117999999999972,6.297000000000035,6.661999999999994,1,-1,-1,-1,-1,25.415977109567418,16.747832628095907,42.75226607251044,1,-0.29620548674551017,-0.2599137402835286,-0.03629174646198158
2019-10-11,sh.600748,6.16,6.24,6.13,6.21,9714566,60086318.0,3,0.526700,1,0.6483,14.447307,1.107271,1.239053,-6.138570,0,6.141999999999973,6.237000000000036,6.6239999999999934,1,-1,-1,-1,-1,30.332589628519106,24.100673313627297,42.79642225830273,1,-0.2866262452117958,-0.265256241269182,-0.02137000394261379
2019-10-14,sh.600748,6.27,6.83,6.25,6.83,31526832,210320157.0,3,1.709200,1,9.9839,15.889710999999998,1.2178200000000001,1.362759,-6.751438,0,6.313999999999973,6.257000000000035,6.618499999999995,1,1,1,1,-1,54.424998869443186,36.72452186917645,89.82595286997666,1,-0.2263960560305458,-0.2574842042214548,0.031088148190908993
2019-10-15,sh.600748,6.7,6.99,6.7,6.88,30570696,210107224.0,3,1.657300,1,0.7321,16.006034,1.2267350000000001,1.372735,-6.800863,0,6.457999999999973,6.289000000000035,6.598499999999994,1,1,1,1,-1,75.17403176800879,53.3105400886569,118.90101512671258,1,-0.17263854534973255,-0.24051507244711035,0.06787652709737779
2019-10-16,sh.600748,6.95,7.2,6.8,7.08,27649918,193404514.0,3,1.499000,1,2.907,16.471326,1.2623959999999999,1.41264,-6.998563,0,6.633999999999974,6.367000000000035,6.5979999999999945,1,1,1,1,1,93.4482087227413,74.34907978673097,131.64646659476196,1,-0.11259903076676192,-0.21493186411104065,0.10233283334427873
2019-10-17,sh.600748,7.12,7.15,6.94,6.99,17655305,124168630.0,3,0.957200,1,-1.2712,16.261945,1.246349,1.394683,-6.909598,0,6.797999999999973,6.458000000000036,6.595999999999995,1,1,1,1,1,87.9794587227413,85.53389973783032,92.87057669256325,1,-0.07145583238105235,-0.186236657765043,0.11478082538399065
2019-10-18,sh.600748,7.0,7.04,6.76,6.81,16509790,113304488.0,3,0.895100,1,-2.5751,15.843182,1.2142540000000002,1.358768,-6.731668,0,6.9179999999999735,6.530000000000035,6.583999999999994,-1,1,1,1,1,81.24999999999987,87.55922248182736,68.63155503634488,-1,-0.05276579566995654,-0.15954248534602572,0.10677668967606918
2019-10-21,sh.600748,6.85,7.27,6.79,7.14,25431831,178944120.0,3,1.378700,1,4.8458,16.610914,1.273094,1.424611,-7.057873,0,6.979999999999974,6.647000000000036,6.585999999999994,1,1,1,1,1,80.63936781609182,83.28960884627753,75.33888575572041,-1,-0.011196498580980041,-0.1298732879930166,0.11867678941203655
2019-10-22,sh.600748,7.13,7.13,6.94,7.06,15084167,105744758.0,3,0.817800,1,-1.1204,16.424797,1.25883,1.408649,-6.978793,0,7.015999999999974,6.737000000000036,6.594499999999994,1,1,1,1,1,79.96776693889883,80.61904491833003,78.66521098003645,-1,0.015117868068001528,-0.10087505678081296,0.11599292484881449
2019-10-23,sh.600748,6.98,7.15,6.82,6.87,12594087,87255972.0,3,0.682800,1,-2.6912,15.98277,1.224952,1.37074,-6.790978,0,6.9739999999999736,6.804000000000036,6.588499999999994,-1,1,1,1,1,78.42811050615033,79.67841508704686,75.92750134435727,-1,0.020405558541499502,-0.07661893371635047,0.09702449225784997
2019-10-24,sh.600748,6.88,6.99,6.83,6.95,7724315,53481884.0,3,0.418800,1,1.1645,16.168885999999997,1.239217,1.386702,-6.870058,0,6.965999999999974,6.882000000000036,6.589499999999992,-1,1,1,1,1,71.70622635018911,76.7007012650793,61.71727652040872,-1,0.030697560382086486,-0.05515563489666307,0.08585319527874956
2019-10-25,sh.600748,6.92,7.06,6.91,7.01,10323254,72203745.0,3,0.559700,1,0.8633,16.308474,1.2499149999999999,1.398673,-6.929368,0,7.0059999999999745,6.962000000000036,6.599499999999992,1,1,1,1,1,62.64189886480899,70.92541190704935,46.07487278032826,-1,0.04319758962605569,-0.03548498999211932,0.07868257961817501
2019-10-28,sh.600748,6.97,7.56,6.97,7.54,30930674,227113417.0,3,1.676900,1,7.5606,17.541497,1.344416,1.504422,-7.453272,0,7.0859999999999745,7.033000000000037,6.644999999999992,1,1,1,1,1,73.5044719642242,69.28419905974063,81.94501777319132,1,0.09477798188698827,-0.009432395616297797,0.10421037750328607
2019-10-29,sh.600748,7.55,7.98,7.42,7.7,36929882,285624508.0,3,2.002100,1,2.122,17.913729999999997,1.372945,1.536346,-7.611431,0,7.213999999999975,7.115000000000036,6.701999999999991,1,1,1,1,1,76.31171508004974,70.81936196969417,87.29642130076087,1,0.1468734119274684,0.02182876589245544,0.12504464603501295
2019-10-30,sh.600748,7.5,7.58,6.93,6.93,38063203,270270408.0,3,2.063500,1,-10.0,15.889929,1.2329709999999998,1.362265,-7.327428,0,7.225999999999973,7.100000000000037,6.7334999999999905,-1,-1,1,1,1,62.8278688524589,70.88135196557748,46.72090262622174,-1,0.1245906472933429,0.04238114217263293,0.08220950512070997
2019-10-31,sh.600748,6.66,6.83,6.33,6.35,33911440,221888521.0,3,1.838500,1,-8.3694,14.560035999999998,1.129779,1.2482520000000001,-6.714166,0,7.105999999999973,7.036000000000037,6.74699999999999,-1,-1,-1,1,1,30.73190925649928,56.623831063002505,-21.051934356507175,-1,0.05944499810941739,0.04579391335998982,0.01365108474942757
2019-11-01,sh.600748,6.44,6.93,6.41,6.81,31859592,213412511.0,3,1.727200,1,7.2441,15.614779,1.2116209999999998,1.338676,-7.200546,0,7.065999999999974,7.036000000000037,6.78299999999999,-1,-1,1,1,1,14.745818844179345,36.101865651045706,-27.96627476955338,-1,0.04442268039426889,0.045519666766845636,-0.0010969863725767484
2019-11-04,sh.600748,6.85,6.97,6.43,6.55,36023474,236875218.0,3,1.953000,1,-3.8179,15.01862,1.165362,1.287567,-6.925635,0,6.867999999999974,6.977000000000037,6.8119999999999905,-1,-1,-1,-1,1,14.545454545454389,20.007727548710868,3.6209085389414284,-1,0.011406076140015209,0.03869694864147955,-0.027290872501464343
2019-11-05,sh.600748,6.51,6.52,6.1,6.22,34725460,217113507.0,3,1.882600,1,-5.0382,14.261956,1.106649,1.222697,-6.576710,0,6.571999999999974,6.893000000000036,6.814999999999991,-1,-1,-1,-1,-1,16.26907371588208,15.186782368505135,18.43365641063597,1,-0.04091640384425688,0.022774278144332267,-0.06369068198858914
2019-11-06,sh.600748,6.24,6.25,6.01,6.09,21019423,128358729.0,3,1.139500,1,-2.09,13.963876999999998,1.08352,1.197142,-6.439255,0,6.403999999999973,6.815000000000036,6.809499999999991,-1,-1,-1,-1,-1,7.925741920773647,12.913423394036569,-2.049621025752195,-1,-0.0918138864092084,-0.00014335476637586733,-0.09167053164283254
2019-11-07,sh.600748,6.1,6.17,6.02,6.12,11425779,69761232.0,3,0.619400,1,0.4926,14.032664000000002,1.088858,1.2030399999999999,-6.470975,0,6.357999999999974,6.732000000000037,6.806999999999992,-1,-1,-1,-1,-1,5.342549591388436,9.845788409347916,-3.6639280445305253,-1,-0.12825135694973522,-0.02576495520304774,-0.10248640174668748
2019-11-08,sh.600748,6.12,6.17,6.01,6.02,11016265,66836234.0,3,0.597200,1,-1.634,13.803373,1.071066,1.183382,-6.365240,0,6.1999999999999735,6.633000000000036,6.797499999999992,-1,-1,-1,-1,-1,3.3840947546530025,5.550795422271558,-0.9493065805841088,-1,-0.16331488678120554,-0.0532749415186793,-0.11003994526252624
2019-11-11,sh.600748,6.01,6.01,5.76,5.79,15706816,91646504.0,3,0.851500,1,-3.8206,13.276001,1.030145,1.1381700000000001,-6.122050,0,6.047999999999973,6.458000000000037,6.745499999999991,-1,-1,-1,-1,-1,2.5799074022423034,3.7688505827611105,0.20202104120468878,-1,-0.20727275332402417,-0.08407450387974828,-0.12319824944427589
2019-11-12,sh.600748,5.83,5.9,5.66,5.86,10841440,62613899.0,3,0.587800,1,1.209,13.436506,1.042599,1.15193,-6.196065,0,5.975999999999973,6.274000000000036,6.694499999999993,-1,-1,-1,-1,-1,5.807713811356112,3.9239053227503358,9.575330788567662,1,-0.23376654901057314,-0.11401291290591326,-0.11975363610465989
2019-11-13,sh.600748,5.84,6.03,5.74,5.95,11069013,65391994.0,3,0.600100,1,1.5358,13.642868,1.058612,1.169622,-6.291226,0,5.947999999999974,6.176000000000037,6.637999999999993,1,-1,-1,-1,-1,13.017643933674355,7.13508838242412,24.782755036174827,1,-0.24468030290732212,-0.14014639090619502,-0.1045339120011271
2019-11-14,sh.600748,5.93,6.1,5.88,5.99,9756152,58546040.0,3,0.528900,1,0.6723,13.734585000000001,1.065728,1.1774850000000001,-6.333520,0,5.921999999999973,6.140000000000037,6.587999999999992,1,-1,-1,-1,-1,20.865139949109302,13.230165898046453,36.135088051235,1,-0.2472517020810452,-0.16156745314116505,-0.08568424893988014
2019-11-15,sh.600748,6.0,6.0,5.8,5.83,6845841,40290567.0,3,0.371100,1,-2.6711,13.367718,1.0372620000000001,1.146033,-6.164344,0,5.883999999999974,6.042000000000036,6.538999999999993,-1,-1,-1,-1,-1,22.365228711757975,18.749337531513742,29.59701107224644,1,-0.2592121806122405,-0.18109639863538013,-0.07811578197686037
2019-11-18,sh.600748,5.79,5.89,5.75,5.86,5514681,32173257.0,3,0.299000,1,0.5146,13.436506,1.042599,1.15193,-6.196065,0,5.897999999999973,5.973000000000036,6.4749999999999925,-1,-1,-1,-1,-1,26.285528879955677,23.17196584694085,32.51265494598533,1,-0.26323577854280966,-0.19752427461686603,-0.06571150392594363
2019-11-19,sh.600748,5.86,5.98,5.83,5.97,5798671,34444151.0,3,0.314400,1,1.8771,13.688726999999998,1.06217,1.173553,-6.312373,0,5.919999999999973,5.948000000000037,6.4204999999999925,1,1,-1,-1,-1,38.15002022356689,28.933592605093377,56.582875460513925,1,-0.2546134033768137,-0.20894210036885558,-0.04567130300795813
2019-11-20,sh.600748,6.0,6.0,5.84,5.87,5949877,35128392.0,3,0.322600,1,-1.675,13.459435000000001,1.044378,1.1538959999999998,-6.206638,0,5.903999999999973,5.926000000000037,6.370499999999993,-1,-1,-1,-1,-1,45.286363132823624,36.57397074544859,62.71114790757369,1,-0.25293361196896136,-0.21774040268887673,-0.035193209280084625
2019-11-21,sh.600748,5.87,5.88,5.81,5.85,3780372,22067689.0,3,0.204900,1,-0.3407,13.413576,1.04082,1.149964,-6.185491,0,5.875999999999974,5.899000000000037,6.315499999999992,-1,-1,-1,-1,-1,48.3808674985144,43.9390836183015,57.264435258940196,1,-0.25033054335062666,-0.2242584308212267,-0.02607211252939995
2019-11-22,sh.600748,5.87,5.98,5.71,5.75,8169458,47519317.0,3,0.442900,1,-1.7094,13.184284,1.023028,1.130307,-6.079756,0,5.859999999999974,5.872000000000037,6.252499999999992,-1,-1,-1,-1,-1,34.9376114081995,42.868280679845704,19.076272864907097,-1,-0.2534155403778504,-0.23008985273255145,-0.023325687645298965
2019-11-25,sh.600748,5.75,5.89,5.75,5.84,6088609,35486960.0,3,0.330100,1,1.5652,13.390647,1.0390409999999999,1.147999,-6.174918,0,5.855999999999974,5.877000000000036,6.1674999999999915,-1,-1,-1,-1,-1,32.32323232323218,38.547237076648564,19.875222816399415,-1,-0.2457651472752156,-0.23322491164108428,-0.012540235634131314
2019-11-26,sh.600748,5.83,5.87,5.77,5.81,4185736,24324375.0,3,0.226900,1,-0.5137,13.321860000000001,1.033703,1.142101,-6.143197,0,5.823999999999974,5.872000000000037,6.0729999999999915,-1,-1,-1,-1,-1,26.47630147630133,31.24571506924421,16.937474290415572,-1,-0.2393636695193031,-0.23445266321672803,-0.004911006302575072
2019-11-27,sh.600748,5.8,5.92,5.8,5.86,5985167,35073109.0,3,0.324500,1,0.8606,13.436506,1.042599,1.15193,-6.196065,0,5.821999999999973,5.863000000000037,6.019499999999992,1,-1,-1,-1,-1,36.89949896846438,31.899677589332498,46.899141726728146,1,-0.22763187162484932,-0.23308850489835228,0.005456633273502959
2019-11-28,sh.600748,5.86,5.87,5.75,5.77,5207664,30164217.0,3,0.282300,1,-1.5358,13.230143,1.026586,1.1342379999999999,-6.100903,0,5.805999999999974,5.841000000000037,5.990499999999992,-1,-1,-1,-1,-1,32.68493958149115,32.020246675418825,34.0143253936358,1,-0.22302568385426724,-0.23107594068953527,0.008050256835268027
2019-11-29,sh.600748,5.76,5.84,5.7,5.82,5830198,33653390.0,3,0.316100,1,0.8666,13.344789000000002,1.035482,1.144067,-6.153771,0,5.819999999999974,5.840000000000037,5.940999999999991,1,-1,-1,-1,-1,37.471264367815984,35.68523430592371,41.04332449160053,1,-0.21288664005846414,-0.22743808056332104,0.014551440504856905
2019-12-02,sh.600748,5.49,5.85,5.46,5.79,9803373,55921776.0,3,0.531500,1,-0.5155,13.276001,1.030145,1.1381700000000001,-6.122050,0,5.809999999999974,5.833000000000037,5.902999999999992,-1,-1,-1,-1,-1,40.60025542784149,36.91881979238275,47.96312669875897,1,-0.20491004859384887,-0.2229324741694266,0.018022425575577733
2019-12-03,sh.600748,5.74,5.8,5.68,5.71,7119202,40691145.0,3,0.386000,1,-1.3817,13.092568,1.015911,1.122444,-6.037462,0,5.789999999999974,5.807000000000037,5.8774999999999915,-1,-1,-1,-1,-1,49.72934472934461,42.60028817500057,63.9874578380327,1,-0.2027071914794769,-0.21888741763143665,0.016180226151959742
2019-12-04,sh.600748,5.69,5.7,5.6,5.64,5394294,30439361.0,3,0.292400,1,-1.2259,12.932063000000001,1.003457,1.108684,-5.963448,0,5.745999999999975,5.784000000000037,5.8549999999999915,-1,-1,-1,-1,-1,47.93447293447277,46.08802436388617,51.62737007564597,1,-0.20425529839580214,-0.21596099378430975,0.011705695388507603
2019-12-05,sh.600748,5.64,5.72,5.62,5.7,4845334,27562345.0,3,0.262700,1,1.0638,13.069638000000001,1.014132,1.120478,-6.026889,0,5.7319999999999744,5.769000000000037,5.833999999999991,-1,-1,-1,-1,-1,44.9554069119285,47.5397415252485,39.7867376852885,-1,-0.19835418218043532,-0.21243963146353487,0.014085449283099544
2019-12-06,sh.600748,5.7,5.71,5.65,5.69,4541459,25814783.0,3,0.246200,1,-0.1754,13.046709,1.012353,1.1185120000000002,-6.016315,0,5.705999999999975,5.763000000000037,5.817499999999991,-1,-1,-1,-1,-1,45.596432552954184,46.16210413311836,44.46508939262583,-1,-0.1922680748073642,-0.20840532013230073,0.016137245324936544
2019-12-09,sh.600748,5.7,5.75,5.7,5.74,6029164,34579189.0,3,0.326900,1,0.8787,13.161354999999999,1.021249,1.128341,-6.069183,0,5.695999999999975,5.753000000000037,5.814999999999991,1,-1,-1,-1,-1,54.347826086956466,48.29988851727959,66.44370122631021,1,-0.18132006390473165,-0.20298826888678692,0.021668204982055267
2019-12-10,sh.600748,5.75,5.77,5.7,5.76,4641282,26639651.0,3,0.251600,1,0.3484,13.207214000000002,1.024807,1.1322729999999999,-6.090330,0,5.705999999999975,5.7480000000000375,5.809999999999991,1,1,-1,-1,-1,61.34676564156936,53.76367476049322,76.51294740372165,1,-0.16908079537526532,-0.1962067741844826,0.02712597880921727
2019-12-11,sh.600748,5.77,5.8,5.73,5.75,5517987,31807255.0,3,0.299100,1,-0.1736,13.184284,1.023028,1.130307,-6.079756,0,5.727999999999975,5.737000000000037,5.799999999999991,1,1,-1,-1,-1,69.46642376122747,61.72033849658431,84.9585942905138,1,-0.1583624990017487,-0.18863791914793582,0.030275420146187115
2019-12-12,sh.600748,5.76,5.8,5.67,5.67,7469168,42794247.0,3,0.404900,1,-1.3913,13.000850999999999,1.008795,1.114581,-5.995168,0,5.721999999999975,5.727000000000038,5.783999999999991,-1,-1,-1,-1,-1,67.12528663748164,65.97949201342603,69.41687588559287,1,-0.1545420388914236,-0.18181874309663337,0.02727670420520978
2019-12-13,sh.600748,5.71,5.79,5.71,5.78,8301137,47730042.0,3,0.450000,1,1.94,13.253072,1.028366,1.136204,-6.111477,0,5.7399999999999745,5.723000000000038,5.781499999999991,1,1,-1,1,-1,72.73504273504271,69.77558437791714,78.65395944929384,1,-0.14101270930195042,-0.1736575363376968,0.032644827035746365
2019-12-16,sh.600748,5.8,5.94,5.71,5.91,12210434,71507707.0,3,0.662000,1,2.2491,13.551151,1.051495,1.161759,-6.248932,0,5.773999999999974,5.735000000000038,5.783999999999991,1,1,1,1,-1,78.34087481146298,72.73373472799564,89.55515497839767,1,-0.11843545438937753,-0.16261311994803293,0.044177665558655405
2019-12-17,sh.600748,5.9,6.05,5.88,6.02,15904619,95114516.0,3,0.862200,1,1.8613,13.803373,1.071066,1.183382,-6.365240,0,5.825999999999974,5.766000000000038,5.786499999999991,1,1,1,1,1,91.3999088007295,80.82527544907828,112.54917550403195,1,-0.09062210134517557,-0.14821491622746147,0.0575928148822859
2019-12-18,sh.600748,6.04,6.07,5.97,6.01,8678275,52281689.0,3,0.470500,1,-0.1661,13.780443,1.069287,1.181416,-6.354667,0,5.877999999999974,5.803000000000038,5.793499999999991,1,1,1,1,1,89.97133737215796,86.57070699478335,96.77259812690718,1,-0.06859600307584124,-0.13229113359713743,0.06369513052129619
2019-12-19,sh.600748,6.01,6.06,6.0,6.04,6603983,39791232.0,3,0.358000,1,0.4992,13.849231,1.074624,1.187314,-6.386387,0,5.951999999999974,5.837000000000037,5.802999999999992,1,1,1,1,1,90.4125138427462,90.59458667187776,90.04836818448305,-1,-0.04816420525142462,-0.11546574792799487,0.06730154267657025
2019-12-20,sh.600748,6.02,6.14,6.01,6.03,9703735,58862952.0,3,0.526100,1,-0.1656,13.826301999999998,1.072845,1.1853479999999998,-6.375814,0,6.001999999999974,5.871000000000038,5.816999999999991,1,1,1,1,1,84.93667679837877,88.4401760044275,77.92967838628132,-1,-0.03240522740891638,-0.09885364382417917,0.06644841641526279
2019-12-23,sh.600748,6.03,6.05,5.81,5.82,10383749,61389260.0,3,0.562900,1,-3.4826,13.344789000000002,1.035482,1.144067,-6.153771,0,5.983999999999974,5.879000000000038,5.815999999999991,-1,-1,1,1,1,67.00354609929069,80.78424558013842,39.442147137595214,-1,-0.03644129630827475,-0.08637117432099829,0.04992987801272354
2019-12-24,sh.600748,5.8,5.83,5.74,5.81,6724748,38862210.0,3,0.364600,1,-0.1718,13.321860000000001,1.033703,1.142101,-6.143197,0,5.9419999999999735,5.884000000000038,5.815999999999991,-1,-1,-1,1,1,46.09929078014176,66.01317122593694,6.271529888551385,-1,-0.03998589392106755,-0.07709411824101214,0.037108224319944594
2019-12-25,sh.600748,5.81,5.82,5.74,5.78,5662695,32707004.0,3,0.307000,1,-0.5163,13.253072,1.028366,1.136204,-6.111477,0,5.895999999999974,5.887000000000038,5.811999999999991,-1,-1,-1,1,1,25.993732475672015,46.365523118368024,-14.749848809720007,-1,-0.04470048300321494,-0.0706153911934527,0.025914908190237756
2019-12-26,sh.600748,5.79,5.87,5.79,5.86,5747187,33610651.0,3,0.311600,1,1.3841,13.436506,1.042599,1.15193,-6.196065,0,5.859999999999974,5.906000000000038,5.816499999999992,1,-1,1,-1,1,26.983341580075777,33.02545494529638,14.899114849634572,-1,-0.041503075782638454,-0.06479292811128985,0.023289852328651398
2019-12-27,sh.600748,5.86,5.95,5.82,5.83,8679835,51080651.0,3,0.470600,1,-0.5119,13.367718,1.0372620000000001,1.146033,-6.164344,0,5.819999999999974,5.911000000000038,5.816999999999991,1,-1,1,-1,1,24.554263565891393,25.84377920721293,21.975232283248324,-1,-0.04091817752397997,-0.060017977993827874,0.019099800469847904
2019-12-30,sh.600748,5.84,5.93,5.78,5.91,7999789,46989612.0,3,0.433700,1,1.3722,13.551151,1.051495,1.161759,-6.248932,0,5.837999999999973,5.911000000000037,5.822999999999991,1,-1,1,-1,1,33.29457364341076,28.27739292979251,43.328935070647255,1,-0.03361185350339113,-0.054736753095740526,0.021124899592349394
2019-12-31,sh.600748,5.9,5.97,5.89,5.94,6373570,37764159.0,3,0.345500,1,0.5076,13.619939000000002,1.056832,1.167656,-6.280652,0,5.863999999999974,5.903000000000037,5.8344999999999905,1,1,1,-1,1,38.333333333333236,32.060723514211666,50.87855297157638,1,-0.025111322108304357,-0.048811666898253295,0.023700344789948938
2020-01-02,sh.600748,6.02,6.12,5.99,5.99,11473573,69281476.0,3,0.622000,1,0.8417,13.734585000000001,1.065728,1.1774850000000001,-6.333520,0,5.905999999999973,5.901000000000037,5.8519999999999905,1,1,1,1,1,51.6666666666666,41.09819121447007,72.80361757105966,1,-0.014176588712058624,-0.04188465126101436,0.027708062548955734
2020-01-03,sh.600748,6.03,6.03,5.95,5.99,8084568,48385911.0,3,0.438300,1,0.0,13.734585000000001,1.065728,1.1774850000000001,-6.333520,0,5.931999999999974,5.896000000000038,5.86649999999999,1,1,1,1,1,59.42982456140343,49.809941520467625,78.66959064327504,1,-0.005447933330817278,-0.034597307674974945,0.029149374344157666
2020-01-06,sh.600748,5.96,6.05,5.88,6.01,12744947,76144130.0,3,0.690900,1,0.3339,13.780443,1.069287,1.181416,-6.354667,0,5.967999999999973,5.894000000000037,5.8824999999999905,1,1,1,1,1,66.44736842105249,59.18128654970738,80.9795321637427,1,0.0030482830884555057,-0.027068189522288854,0.03011647261074436
2020-01-07,sh.600748,6.02,6.12,6.0,6.1,12238709,74320781.0,3,0.663500,1,1.4975,13.986806,1.085299,1.199108,-6.449828,0,6.005999999999974,5.922000000000038,5.90049999999999,1,1,1,1,1,77.19298245614014,67.6900584795319,96.19883040935662,1,0.016849611814797605,-0.01828462925487156,0.03513424106966917
2020-01-08,sh.600748,6.1,6.11,5.89,5.94,13720297,82104766.0,3,0.743800,1,-2.6229,13.619939000000002,1.056832,1.167656,-6.280652,0,6.005999999999974,5.935000000000037,5.90949999999999,-1,1,1,1,1,70.94943240454057,71.52992776057762,69.78844169246648,-1,0.0147070675198826,-0.011686289899920727,0.026393357419803327
2020-01-09,sh.600748,5.98,6.04,5.96,6.03,8914246,53595471.0,3,0.483300,1,1.5152,13.826301999999998,1.072845,1.1853479999999998,-6.375814,0,6.013999999999973,5.960000000000037,5.92349999999999,1,1,1,1,1,71.77502579979345,73.30581355349126,68.71345029239782,-1,0.020040321220221813,-0.005340967675892219,0.025381288896114032
2020-01-10,sh.600748,6.04,6.06,5.95,5.96,7325457,43811435.0,3,0.397100,1,-1.1609,13.665797,1.060391,1.1715879999999999,-6.301799,0,6.0079999999999725,5.970000000000037,5.93799999999999,-1,-1,1,1,1,57.843137254901826,66.85586515307848,39.81768145854852,-1,0.01840637102851872,-0.0005914999350100309,0.01899787096352875
2020-01-13,sh.600748,5.96,5.98,5.88,5.97,9421154,55834921.0,3,0.510800,1,0.1678,13.688726999999998,1.06217,1.173553,-6.312373,0,5.999999999999973,5.984000000000037,5.947499999999989,-1,-1,1,1,1,54.65686274509786,61.42500859993092,41.12057103543174,-1,0.017714172205634426,0.0030696344931188608,0.014644537712515567
2020-01-14,sh.600748,5.94,6.07,5.94,6.02,9321237,56132010.0,3,0.505300,1,0.8375,13.803373,1.071066,1.183382,-6.365240,0,5.9839999999999725,5.995000000000037,5.95299999999999,1,1,1,-1,1,49.5915032679736,54.030501089324304,40.7135076252722,-1,0.02095858427083197,0.006647424448661483,0.014311159822170488
2020-01-15,sh.600748,6.03,6.04,5.87,5.89,9874236,58490691.0,3,0.535300,1,-2.1595,13.505293,1.0479370000000001,1.157827,-6.227785,0,5.973999999999973,5.9900000000000375,5.94649999999999,-1,-1,-1,-1,1,34.61111111111082,46.28649237472731,11.260348583877843,-1,0.012891287919965855,0.007896197142922357,0.004995090777043498
2020-01-16,sh.600748,5.89,5.91,5.76,5.77,11058959,64395564.0,3,0.599500,1,-2.0373,13.230143,1.026586,1.1342379999999999,-6.100903,0,5.921999999999972,5.968000000000037,5.934499999999989,-1,-1,-1,-1,-1,23.037037037036754,35.74655047204027,-2.3819898329702767,-1,-0.003148802245755533,0.0056871972651867785,-0.008835999510942312
2020-01-17,sh.600748,5.78,5.84,5.73,5.75,8891629,51422610.0,3,0.482000,1,-0.3466,13.184284,1.023028,1.130307,-6.079756,0,5.879999999999972,5.944000000000037,5.919999999999989,-1,-1,-1,-1,-1,5.3019943019940445,20.98338081671375,-26.060778727445367,-1,-0.017275382264530847,0.0010946813592432525,-0.0183700636237741
2020-01-20,sh.600748,5.76,5.77,5.6,5.73,9694942,55125555.0,3,0.525600,1,-0.3478,13.138426,1.01947,1.126375,-6.058609,0,5.831999999999972,5.916000000000038,5.904999999999989,-1,-1,-1,-1,-1,11.132059661471267,13.157030333500565,7.082118317412672,-1,-0.029741786754859056,-0.00507261226357721,-0.024669174491281847
2020-01-21,sh.600748,5.72,5.72,5.61,5.62,9396854,53041423.0,3,0.509400,1,-1.9197,12.886205,0.999899,1.104752,-5.942301,0,5.751999999999972,5.868000000000038,5.894999999999989,-1,-1,-1,-1,-1,11.624573451857449,9.352875805107464,16.167968745357417,1,-0.047944903814177486,-0.013647070573697264,-0.03429783324048022
2020-01-22,sh.600748,5.62,5.68,5.46,5.65,11399613,63734976.0,3,0.618000,1,0.5338,12.954993,1.005236,1.110649,-5.974021,0,5.703999999999972,5.839000000000038,5.886999999999989,-1,-1,-1,-1,-1,20.297685403657976,14.351439505662109,32.19017719964971,1,-0.05926706215051869,-0.02277106888906155,-0.03649599326145714
2020-01-23,sh.600748,5.68,5.68,5.32,5.37,15787526,86193559.0,3,0.855900,1,-4.9558,12.312975,0.955419,1.055608,-5.677964,0,5.623999999999972,5.773000000000037,5.86649999999999,-1,-1,-1,-1,-1,14.023175599736357,15.315144818417139,11.439237162374795,-1,-0.08979847324422785,-0.03617654976009481,-0.05362192348413304
2020-02-03,sh.600748,4.83,4.83,4.83,4.83,2352500,11362575.0,3,0.127500,1,-10.0559,11.074799,0.859344,0.949458,-5.106995,0,5.439999999999972,5.6600000000000374,5.814999999999989,-1,-1,-1,-1,-1,12.604735883424269,15.641865628939412,6.530476392393982,-1,-0.15577267312398035,-0.06009577443287192,-0.09567689869110843
2020-02-04,sh.600748,4.35,4.8,4.35,4.56,22100969,100468428.0,3,1.198200,1,-5.5901,10.455711,0.8113060000000001,0.896382,-4.821511,0,5.205999999999972,5.519000000000037,5.751499999999989,-1,-1,-1,-1,-1,6.364234056541591,10.997381846567285,-2.902061523509797,-1,-0.22722513544431067,-0.09352164663515967,-0.133703488809151
2020-02-05,sh.600748,4.63,4.78,4.58,4.67,19908637,93350303.0,3,1.079300,1,2.4123,10.707932000000001,0.8308770000000001,0.918006,-4.937819,0,5.015999999999972,5.384000000000038,5.68949999999999,-1,-1,-1,-1,-1,10.979618671926218,9.982862870630571,12.973130274517512,1,-0.271842020334093,-0.12918572137494633,-0.14265629895914667
2020-02-06,sh.600748,4.68,4.76,4.62,4.71,13368812,62677445.0,3,0.724800,1,0.8565,10.799649,0.837993,0.925869,-4.980113,0,4.827999999999972,5.266000000000037,5.6279999999999895,-1,-1,-1,-1,-1,19.03330994709401,12.125720891853819,32.8484880575744,1,-0.3005094712268388,-0.1634504713453248,-0.137058999881514
2020-02-07,sh.600748,4.73,4.73,4.6,4.69,14202652,66326087.0,3,0.770000,1,-0.4246,10.753789999999999,0.834435,0.9219370000000001,-4.958966,0,4.691999999999972,5.158000000000037,5.56299999999999,-1,-1,-1,-1,-1,22.8725187700515,17.62848246302379,33.36059138410692,1,-0.3211405570120176,-0.19498848847866337,-0.12615206853335423
2020-02-10,sh.600748,4.65,4.88,4.65,4.86,15671445,75267373.0,3,0.849600,1,3.6247,11.143586,0.8646809999999999,0.955355,-5.138716,0,4.697999999999972,5.069000000000036,5.50649999999999,1,-1,-1,-1,-1,28.443671056532263,23.449833257892468,38.43134665381185,1,-0.32008353810283197,-0.2200074984034971,-0.10007603969933487
2020-02-11,sh.600748,4.85,4.92,4.82,4.88,10901830,53218469.0,3,0.591000,1,0.4115,11.189445,0.868239,0.9592860000000001,-5.159863,0,4.761999999999972,4.984000000000036,5.4499999999999895,1,-1,-1,-1,-1,33.6731878014146,28.329792542666,44.3599783189118,1,-0.314012272141472,-0.23880845315109206,-0.07520381899037992
2020-02-12,sh.600748,4.88,4.96,4.83,4.94,10938011,53512933.0,3,0.593000,1,1.2295,11.32702,0.878915,0.971081,-5.223304,0,4.815999999999972,4.916000000000037,5.39199999999999,1,1,-1,-1,-1,40.478934562683975,34.198597806876826,53.03960807429827,1,-0.3008907700675696,-0.25122491653438755,-0.049665853533182036
2020-02-13,sh.600748,4.87,5.09,4.87,4.91,14299782,71304912.0,3,0.775200,1,-0.6073,11.258232000000001,0.873577,0.965184,-5.191583,0,4.8559999999999715,4.842000000000037,5.34049999999999,1,1,-1,1,-1,53.2954006638216,42.48250767597327,74.92118663951828,1,-0.28957459869835755,-0.25889485296718157,-0.03067974573117599
2020-02-14,sh.600748,4.88,5.06,4.88,5.04,14092074,70029789.0,3,0.764000,1,2.6477,11.556312,0.896706,0.9907379999999999,-5.329038,0,4.925999999999972,4.8090000000000375,5.29099999999999,1,1,-1,1,-1,71.09327372485257,54.95586965045259,103.36808187365251,1,-0.2670382866717862,-0.2605235397081025,-0.006514746963683704
2020-02-17,sh.600748,4.98,5.23,4.98,5.21,18020810,92860829.0,3,0.977000,1,3.373,11.946108,0.926952,1.0241559999999998,-5.508788,0,4.995999999999972,4.847000000000038,5.25349999999999,1,1,-1,1,-1,88.61399861399848,71.00089100089076,123.84021384021389,1,-0.2327772070307761,-0.2549742731726372,0.02219706614186112
2020-02-18,sh.600748,5.21,5.29,5.11,5.16,17241719,89292656.0,3,0.934700,1,-0.9597,11.831462,0.918057,1.014327,-5.455920,0,5.051999999999972,4.907000000000037,5.212999999999989,1,1,-1,1,-1,90.4419134853916,83.3830619414141,104.5596165733466,1,-0.20727035310085995,-0.24543348915828175,0.038163136057421804
2020-02-19,sh.600748,5.17,5.2,5.08,5.12,13362860,68909546.0,3,0.724400,1,-0.7752,11.831462,0.918057,1.014327,-5.455920,0,5.087999999999972,4.952000000000037,5.16799999999999,1,1,-1,1,-1,84.48160535117042,87.8458391501867,77.75313775313785,-1,-0.1881151786190065,-0.2339698270504267,0.0458546484314202
2020-02-20,sh.600748,5.14,5.26,5.08,5.26,14538442,75293288.0,3,0.788200,1,2.7344,12.060754,0.9358479999999999,1.033985,-5.561655,0,5.157999999999971,5.007000000000037,5.13649999999999,1,1,1,1,1,83.94474637681145,86.28942173779103,79.2553956548523,-1,-0.15979570939682475,-0.21913500351970633,0.05933929412288158
2020-02-21,sh.600748,5.23,5.27,5.17,5.2,12412973,64620701.0,3,0.672900,1,-1.1407,11.923179,0.9251729999999999,1.02219,-5.498214,0,5.189999999999971,5.058000000000037,5.107999999999991,1,1,1,1,1,83.84196089012217,84.08943753936789,83.34700759163073,-1,-0.14057338212136283,-0.20342267924003762,0.06284929711867479
2020-02-24,sh.600748,5.18,5.21,5.1,5.15,13148179,67697204.0,3,0.712800,1,-0.9615,11.808533,0.916277,1.012362,-5.445347,0,5.1779999999999715,5.087000000000037,5.0779999999999905,-1,1,1,1,1,81.90959374036373,83.23210033576567,79.26458054955987,-1,-0.12789978232296573,-0.18831809985662323,0.060418317533657506
2020-02-25,sh.600748,5.08,5.1,4.89,5.06,17529953,87875871.0,3,0.950400,1,-1.7476,11.60217,0.900265,0.99467,-5.350185,0,5.157999999999971,5.105000000000038,5.04449999999999,-1,-1,1,1,1,65.21812548639546,76.98989337229368,41.67458971459902,-1,-0.1236922635940445,-0.1753929326041075,0.05170066901006298
2020-02-26,sh.600748,5.0,5.57,4.98,5.57,44393970,240306663.0,3,2.406700,1,10.0791,12.771559,0.9910030000000001,1.0949229999999999,-5.889433,0,5.247999999999971,5.1680000000000375,5.04199999999999,1,1,1,1,1,71.60110420979971,72.9096078121862,68.98409700502677,-1,-0.07830241543213745,-0.15597482916971347,0.07767241373757602
2020-02-27,sh.600748,5.69,5.72,5.31,5.34,39281867,213710592.0,3,2.129600,1,-4.1293,12.244188000000001,0.950082,1.049711,-5.646243,0,5.263999999999971,5.2110000000000385,5.02649999999999,1,1,1,1,1,66.48498756932476,67.76807242183986,63.91881786429457,-1,-0.06019581171061894,-0.13681902567789456,0.07662321396727562
2020-02-28,sh.600748,5.16,5.4,5.05,5.13,28436749,147320375.0,3,1.541700,1,-3.9326,11.762675,0.9127190000000001,1.00843,-5.424200,0,5.249999999999971,5.220000000000039,5.014499999999989,-1,-1,1,1,1,61.04417670682719,66.37675616198376,50.379017796514034,-1,-0.06207587076970711,-0.12187039469625707,0.059794523926549964
2020-03-02,sh.600748,5.15,5.42,5.14,5.37,24489509,130234938.0,3,1.327700,1,4.6784,12.312975,0.955419,1.055608,-5.677964,0,5.29399999999997,5.236000000000038,5.04149999999999,1,1,1,1,1,46.98795180722882,58.172372027793465,24.619111366099517,-1,-0.043696135037998296,-0.10623554276460531,0.06253940772660702
2020-03-03,sh.600748,5.4,5.46,5.25,5.28,26579493,142086554.0,3,1.441000,1,-1.676,12.106612,0.939407,1.037916,-5.582802,0,5.337999999999971,5.248000000000038,5.07749999999999,-1,1,1,1,1,44.57831325301197,50.8701472556892,31.994645247657516,-1,-0.03597758271215312,-0.09218395075411487,0.056206368041961746
2020-03-04,sh.600748,5.21,5.59,5.21,5.45,31576198,170852850.0,3,1.711900,1,3.2197,12.496409,0.9696530000000001,1.071334,-5.762552,0,5.313999999999971,5.28100000000004,5.11649999999999,1,1,1,1,1,57.42971887550194,49.665327978580784,72.95850066934425,1,-0.015959029377520473,-0.07693896647879599,0.060979937101275514
2020-03-05,sh.600748,5.5,5.84,5.43,5.7,44226858,249974254.0,3,2.397700,1,4.5872,13.069638000000001,1.014132,1.120478,-6.026889,0,5.385999999999971,5.32500000000004,5.165999999999991,1,1,1,1,1,66.57366307334594,56.19389840061982,87.33319241879819,1,0.0198499116040578,-0.057581190862225226,0.07743110246628303
2020-03-06,sh.600748,5.63,5.89,5.56,5.82,41933809,242004237.0,3,2.273400,1,2.1053,13.344789000000002,1.035482,1.144067,-6.153771,0,5.523999999999971,5.3870000000000395,5.222499999999991,1,1,1,1,1,81.91101247093631,68.63813147326128,108.45677446628636,1,0.057251789448838686,-0.034614594800012444,0.09186638424885113
2020-03-09,sh.600748,5.72,5.78,5.46,5.48,30177786,169170728.0,3,1.636000,1,-5.8419,12.565196,0.9749899999999999,1.077231,-5.794272,0,5.545999999999971,5.42000000000004,5.253499999999991,-1,1,1,1,1,77.7360709465972,75.4069154969597,82.3943818458722,1,0.058780305829235324,-0.01593561467416289,0.07471592050339822
2020-03-10,sh.600748,5.33,5.66,5.26,5.51,23949246,130121655.0,3,1.298400,1,0.5474,12.633984,0.9803280000000001,1.083129,-5.825992,0,5.59199999999997,5.46500000000004,5.284999999999991,-1,1,1,1,1,67.56898656898649,75.73868999550655,51.229579715946386,-1,0.0617011627559938,-0.00040825918813154963,0.062109421944125345
2020-03-11,sh.600748,5.51,5.75,5.46,5.52,25995555,144971581.0,3,1.409300,1,0.1815,12.656913000000001,0.982107,1.0850950000000001,-5.836566,0,5.605999999999971,5.460000000000039,5.313999999999991,-1,1,1,1,1,55.21978021978012,66.84161257845447,31.976115502431412,-1,0.0640841570689128,0.012490224063277319,0.05159393300563547
2020-03-12,sh.600748,5.51,5.75,5.48,5.64,31159369,175607532.0,3,1.689300,1,2.1739,12.932063000000001,1.003457,1.108684,-5.963448,0,5.593999999999971,5.490000000000039,5.350499999999991,1,1,1,1,1,59.12698412698401,60.63858363858342,56.1037851037852,-1,0.0747935211936337,0.024950883489348593,0.0498426377042851
2020-03-13,sh.600748,6.0,6.2,5.75,6.2,61697233,374166356.0,3,3.344800,1,9.9291,14.216098,1.103091,1.218766,-6.555563,0,5.669999999999971,5.597000000000039,5.408499999999991,1,1,1,1,1,74.20634920634909,62.851037851037624,96.916971916972,1,0.12700406549427168,0.04536151989033321,0.08164254560393847
2020-03-16,sh.600748,6.82,6.82,6.82,6.82,6422472,43801259.0,3,0.348200,1,10.0,15.637707999999998,1.2134,1.3406420000000001,-7.211120,0,5.93799999999997,5.742000000000039,5.488999999999992,1,1,1,1,1,88.88888888888876,74.07407407407383,118.51851851851862,1,0.21592111227688715,0.079473438367644,0.13644767390924314
2020-03-17,sh.600748,6.8,7.0,6.21,6.42,125306815,828474603.0,3,6.793300,1,-5.8651,14.72054,1.142233,1.2620120000000001,-6.788180,0,6.119999999999971,5.856000000000039,5.551999999999992,1,1,1,1,1,88.88888888888876,83.99470899470874,98.6772486772488,1,0.25121599380427106,0.11382194945496943,0.13739404434930164
2020-03-18,sh.600748,6.1,6.16,5.78,5.78,85225593,509281856.0,3,4.620400,1,-9.9688,13.253072,1.028366,1.136204,-6.111477,0,6.17199999999997,5.889000000000039,5.584999999999992,-1,-1,1,1,1,65.51724137931022,81.09833971902913,34.355044699872394,-1,0.22495168737923787,0.13604789703982312,0.08890379033941476
2020-03-19,sh.600748,5.68,5.73,5.22,5.43,56029705,306253222.0,3,3.037600,1,-6.0554,12.45055,0.966094,1.067403,-5.741405,0,6.129999999999971,5.862000000000039,5.593499999999992,-1,-1,-1,1,1,36.11649231563981,63.50754086127949,-18.66560477563955,-1,0.17389045941228343,0.14361640951431517,0.030274049897968253
2020-03-20,sh.600748,5.43,5.68,5.3,5.5,44070497,243074533.0,3,2.389200,1,1.2891,12.611055,0.978549,1.0811629999999999,-5.815419,0,5.989999999999971,5.830000000000039,5.608499999999991,-1,-1,-1,1,1,19.137715786301488,40.25714982708373,-23.10115229526299,-1,0.1374876117525634,0.14239064996196482,-0.004903038209401411
2020-03-23,sh.600748,5.2,5.3,4.96,4.99,38746982,199148006.0,3,2.100600,1,-9.2727,11.441666,0.88781,0.9809100000000001,-5.276171,0,5.623999999999971,5.78100000000004,5.600499999999991,-1,-1,-1,-1,1,9.666226040978069,21.640144714306345,-14.281611305678481,-1,0.06671629108751187,0.12725577818707423,-0.06053948709956236
2020-03-24,sh.600748,5.12,5.15,4.86,5.04,23331549,117017242.0,3,1.264900,1,1.002,11.556312,0.896706,0.9907379999999999,-5.329038,0,5.3479999999999706,5.734000000000039,5.599499999999991,-1,-1,-1,-1,-1,8.537380089072155,12.447107305450459,0.717925656315547,-1,0.014496979556915868,0.10470401846104256,-0.0902070389041267
2020-03-25,sh.600748,5.1,5.37,5.07,5.26,30680167,159869640.0,3,1.663300,1,4.3651,12.060754,0.9358479999999999,1.033985,-5.561655,0,5.24399999999997,5.708000000000039,5.583999999999991,1,-1,-1,-1,-1,9.524463991203826,9.242690040417905,10.088011892775668,1,-0.009030936651464039,0.08195702743854125,-0.09098796409000529
2020-03-26,sh.600748,5.18,5.34,5.11,5.17,19832880,103300607.0,3,1.075200,1,-1.711,11.854391,0.9198360000000001,1.0162930000000001,-5.466494,0,5.19199999999997,5.661000000000039,5.575499999999991,-1,-1,-1,-1,-1,13.862928348909515,10.641590809728386,20.305603427271773,1,-0.03454105975886801,0.0586574099990594,-0.09319846975792741
2020-03-27,sh.600748,5.25,5.34,5.16,5.24,17614267,92505217.0,3,0.954900,1,1.354,12.014896,0.93229,1.030053,-5.540508,0,5.13999999999997,5.565000000000039,5.580999999999991,1,-1,-1,-1,-1,16.978193146417308,13.455195162176771,24.024189114898377,1,-0.04854994755231701,0.037215938488784114,-0.08576588604110112
2020-03-30,sh.600748,5.18,5.2,5.02,5.03,18064244,91659194.0,3,0.979300,1,-4.0076,11.863380000000001,0.8779819999999999,1.0465389999999999,50.033341,0,5.14799999999997,5.386000000000039,5.563999999999991,-1,-1,-1,-1,-1,15.106637910376095,15.315919801900861,14.688074127326566,-1,-0.07572443288846831,0.01462786421333363,-0.09035229710180194
2020-03-31,sh.600748,5.11,5.21,5.07,5.09,14810732,75946187.0,3,0.802900,1,1.1928,12.004891,0.8884549999999999,1.059023,50.630160,0,5.157999999999971,5.253000000000038,5.554499999999991,-1,-1,-1,-1,-1,19.090238010637478,17.058356355810183,23.154001320292068,1,-0.09136570279128264,-0.006570849187589628,-0.08479485360369302
2020-04-01,sh.600748,5.09,5.18,5.01,5.04,12996412,66094920.0,3,0.704600,1,-0.9823,11.886965,0.8797280000000001,1.04862,50.132811,0,5.113999999999971,5.1790000000000385,5.533999999999991,-1,-1,-1,-1,-1,20.488308066104384,18.22839466237254,25.008134873568075,1,-0.1065676583813362,-0.02657021102633894,-0.07999744735499725
2020-04-02,sh.600748,4.99,5.13,4.99,5.13,10017665,50661096.0,3,0.543100,1,1.7857,12.099232,0.895437,1.067345,51.028039,0,5.10599999999997,5.149000000000038,5.505499999999991,1,-1,-1,-1,-1,33.776392530659415,24.451646202466986,52.425885187044265,1,-0.11008408901877065,-0.04327298662482529,-0.06681110239394536
2020-04-03,sh.600748,5.12,5.13,5.02,5.04,8657588,43853607.0,3,0.469400,1,-1.7544,11.886965,0.8797280000000001,1.04862,50.132811,0,5.06599999999997,5.103000000000039,5.466499999999991,-1,-1,-1,-1,-1,36.728837876613895,30.33117949112579,49.5241546475901,1,-0.1187640949139821,-0.05837120828265665,-0.06039288663132545
2020-04-07,sh.600748,5.13,5.26,5.11,5.19,16009604,82867489.0,3,0.867900,1,2.9762,12.240743,0.90591,1.0798290000000001,51.624859,0,5.09799999999997,5.123000000000038,5.451999999999991,1,1,-1,-1,-1,46.95562435500502,39.15361825409267,62.559636556829716,1,-0.11224542038841889,-0.0691460507038091,-0.0430993696846098
2020-04-08,sh.600748,5.18,5.42,5.15,5.4,26840328,141705095.0,3,1.455100,1,4.0462,12.736034,0.942565,1.123521,53.713726,0,5.15999999999997,5.159000000000038,5.4464999999999915,1,1,-1,1,-1,61.091511267909766,48.25865783317612,86.75721813737705,1,-0.08910690991524639,-0.07313822254609656,-0.01596868736914983
2020-04-09,sh.600748,5.38,5.79,5.29,5.66,44689720,247205783.0,3,2.422800,1,4.8148,13.34925,0.9879479999999999,1.177617,56.299942,0,5.28399999999997,5.199000000000038,5.453499999999991,1,1,1,1,-1,77.24347205222351,61.76353589171266,108.2033443732452,1,-0.04922224319221602,-0.06835502667532045,0.019132783483104432
2020-04-10,sh.600748,5.83,6.09,5.66,5.66,53383038,313854739.0,3,2.894100,1,0.0,13.34925,0.9879479999999999,1.177617,56.299942,0,5.38999999999997,5.2480000000000375,5.454499999999991,1,1,1,1,-1,80.00264270613098,72.77920867542132,94.44951076755032,1,-0.017412635438364354,-0.05816654842792923,0.04075391298956488
2020-04-13,sh.600748,5.51,5.59,5.41,5.5,24282223,133267851.0,3,1.316400,1,-2.8269,12.971886,0.9600200000000001,1.144327,54.708424,0,5.48199999999997,5.274000000000037,5.41949999999999,1,1,1,1,1,63.6742424242423,73.64011906086549,43.74248915099594,-1,-0.005055676252999852,-0.04754437399294335,0.0424886977399435
2020-04-14,sh.600748,5.46,5.6,5.41,5.49,21165027,116231293.0,3,1.147400,1,-0.1818,12.948300999999999,0.958275,1.142247,54.608954,0,5.5419999999999705,5.320000000000038,5.352999999999991,-1,1,1,1,1,50.90909090909079,64.86199201315459,23.003288700963196,-1,0.0038855957726040558,-0.03725838003983387,0.04114397581243793
2020-04-15,sh.600748,5.51,5.53,5.37,5.37,16594763,90280490.0,3,0.899700,1,-2.1858,12.665278,0.9373290000000001,1.1172790000000001,53.415316,0,5.535999999999971,5.348000000000036,5.300499999999991,-1,1,1,1,1,42.121212121212,52.23484848484825,21.89393939393949,-1,0.0012739360117794973,-0.0295519168295112,0.030825852841290698
2020-04-16,sh.600748,5.35,5.42,5.28,5.32,13052513,69613752.0,3,0.707600,1,-0.9311,12.547352,0.928601,1.106876,52.917967,0,5.467999999999971,5.376000000000037,5.277499999999991,-1,-1,1,1,1,36.012461059189924,43.01425469649746,22.00887378457486,-1,-0.00477535794341577,-0.024596605052292116,0.019821247108876346
2020-04-17,sh.600748,5.36,5.39,5.3,5.33,16046057,85705137.0,3,0.869900,1,0.188,12.570936999999999,0.9303469999999999,1.108957,53.017437,0,5.401999999999971,5.396000000000036,5.27249999999999,-1,-1,1,1,1,28.343939104953677,35.492537428451755,14.04674245795752,-1,-0.00866269243317408,-0.021409822528468507,0.012747130095294427
2020-04-20,sh.600748,5.33,5.45,5.27,5.44,20262555,108773174.0,3,1.098500,1,2.0638,12.830375,0.9495469999999999,1.131844,54.111605,0,5.389999999999971,5.436000000000036,5.26949999999999,1,1,1,-1,1,27.11247553306458,30.489625232402616,20.3581761343885,-1,-0.0028346759515534004,-0.017694793213085487,0.014860117261532087
2020-04-21,sh.600748,5.44,5.44,5.28,5.33,16774986,89382553.0,3,0.909400,1,-2.0221,12.570936999999999,0.9303469999999999,1.108957,53.017437,0,5.357999999999971,5.450000000000037,5.28649999999999,-1,-1,1,-1,1,20.205705530785117,25.22070672293435,10.175703146486654,-1,-0.007011190947985746,-0.01555807276006554,0.008546881812079793
2020-04-22,sh.600748,5.28,5.29,5.18,5.21,17361789,90806572.0,3,0.941200,1,-2.2514,12.287914,0.909401,1.08399,51.823798,0,5.325999999999971,5.4310000000000365,5.294999999999989,-1,-1,-1,-1,1,13.821613432407318,20.379931498752228,0.7049772997174983,-1,-0.01977613926772115,-0.01640168606159666,-0.0033744532061244885
2020-04-23,sh.600748,5.23,5.24,5.1,5.14,14746346,76151808.0,3,0.799400,1,-1.3436,12.122817,0.8971819999999999,1.069426,51.127509,0,5.289999999999972,5.379000000000036,5.288999999999989,-1,-1,-1,-1,1,6.204592155811569,13.41063703966789,-8.207497611901072,-1,-0.03513584362913491,-0.02014851757510431,-0.014987326054030602
2020-04-24,sh.600748,5.16,5.16,4.99,5.02,19264084,96965590.0,3,1.044400,1,-2.3346,11.839794,0.876237,1.044459,49.933871,0,5.227999999999971,5.315000000000036,5.281499999999989,-1,-1,-1,-1,-1,5.404912027862696,8.477039205360416,-0.7393423271327464,-1,-0.056342041135893695,-0.027387222287262186,-0.02895481884863151
2020-04-27,sh.600748,5.04,5.23,5.01,5.14,15569933,79941161.0,3,0.844100,1,2.3904,12.122817,0.8971819999999999,1.069426,51.127509,0,5.167999999999971,5.279000000000036,5.27649999999999,-1,-1,-1,-1,-1,13.565270188220813,8.391591457298247,23.912627650065943,1,-0.0627418592265343,-0.03445814967511661,-0.028283709551417693
2020-04-28,sh.600748,5.1,5.14,4.9,5.0,18665372,93372756.0,3,1.011900,1,-2.7237,11.792624,0.8727459999999999,1.040297,49.734931,0,5.101999999999971,5.230000000000036,5.27499999999999,-1,-1,-1,-1,-1,16.959209582160184,11.976463932747786,26.924700880984982,1,-0.07820904594453992,-0.04320832892900127,-0.035000717015538654
2020-04-29,sh.600748,4.96,5.09,4.95,5.04,7750361,39057078.0,3,0.420200,1,0.8,11.886965,0.8797280000000001,1.04862,50.132811,0,5.067999999999971,5.1970000000000365,5.272499999999989,-1,-1,-1,-1,-1,23.804713804713604,18.10973119169809,35.19467903074464,1,-0.08624505780685787,-0.05181567470457259,-0.034429383102285285
2020-04-30,sh.600748,5.07,5.21,5.07,5.17,14460652,74482163.0,3,0.784000,1,2.5794,12.078737,0.88939,1.0938370000000002,11.042584,0,5.073999999999971,5.182000000000036,5.278999999999989,1,-1,-1,-1,-1,30.90909090909072,23.891004765321394,44.94526319662938,1,-0.08118785846472143,-0.057690111456602355,-0.023497747008119074
2020-05-06,sh.600748,5.12,5.19,5.1,5.16,13004911,66903116.0,3,0.705000,1,-0.1934,12.055374,0.8876700000000001,1.0917219999999999,11.021225,0,5.101999999999971,5.1650000000000365,5.280499999999989,1,-1,-1,-1,-1,40.897867564534046,31.87055742611268,58.95248784137679,1,-0.07709816828538685,-0.06157172282235925,-0.015526445463027595
2020-05-07,sh.600748,5.15,5.17,5.08,5.11,11472463,58859839.0,3,0.622000,1,-0.969,11.938559,0.8790690000000001,1.081143,10.914430,0,5.095999999999971,5.132000000000036,5.283999999999989,1,-1,-1,-1,-1,50.361737028403546,40.722898500675996,69.63941408385864,1,-0.07700398745217107,-0.06465817574832161,-0.012345811703849463
2020-05-08,sh.600748,5.12,5.2,5.12,5.15,11054717,57091459.0,3,0.599300,1,0.7828,12.032011,0.88595,1.0896059999999999,10.999866,0,5.125999999999971,5.114000000000036,5.281999999999989,1,1,-1,1,-1,58.50790458633583,49.9225030597577,75.6787076394921,1,-0.07286177754065282,-0.06629889610678785,-0.006562881433864964
2020-05-11,sh.600748,5.18,5.2,5.11,5.13,9648360,49719809.0,3,0.523100,1,-0.3883,11.985285000000001,0.882509,1.085374,10.957148,0,5.143999999999971,5.106000000000036,5.268499999999989,-1,1,-1,1,-1,65.69084510260966,58.18682890578291,80.69887749626314,1,-0.07038156433316001,-0.06711542975206228,-0.0032661345810977294
2020-05-12,sh.600748,5.14,5.14,5.04,5.08,8255021,41967987.0,3,0.447500,1,-0.9747,11.868469000000001,0.873908,1.0747959999999999,10.850353,0,5.125999999999971,5.100000000000036,5.239499999999989,-1,-1,-1,1,-1,65.92394533570985,63.37423167488501,71.02337265735952,1,-0.07162491222662659,-0.06801732624697514,-0.0036075859796514537
2020-05-13,sh.600748,5.07,5.08,5.0,5.07,10580527,53360589.0,3,0.573600,1,-0.1968,11.845106,0.872187,1.0726799999999999,10.828994,0,5.10799999999997,5.105000000000036,5.209999999999989,-1,-1,-1,1,-1,59.69371130661434,63.769500581644515,51.54213275655398,-1,-0.07258052767334089,-0.06892996653224828,-0.0036505611410926064
2020-05-14,sh.600748,5.02,5.1,5.02,5.04,9141841,46175214.0,3,0.495600,1,-0.5917,11.775017,0.867027,1.066333,10.764917,0,5.093999999999971,5.095000000000036,5.18699999999999,-1,-1,-1,-1,-1,47.99984961275269,57.87250208502553,28.254544668207018,-1,-0.07489526310682493,-0.07012302584716361,-0.004772237259661319
2020-05-15,sh.600748,5.07,5.07,5.02,5.02,5902666,29754423.0,3,0.320000,1,-0.3968,11.728291,0.8635860000000001,1.062101,10.722199,0,5.06799999999997,5.097000000000035,5.16349999999999,-1,-1,-1,-1,-1,32.99263460553765,46.89539850830147,5.187106800010014,-1,-0.0774507365876822,-0.07158856799526733,-0.005862168592414868
2020-05-18,sh.600748,5.01,5.19,5.0,5.19,14452016,73606793.0,3,0.783500,1,3.3865,12.125464,0.8928309999999999,1.098069,11.085302,0,5.079999999999971,5.112000000000036,5.15449999999999,1,1,1,-1,-1,46.37973137973122,42.45740519934043,54.22438374051279,1,-0.0650090051372123,-0.07027265542365632,0.005263650286444016
2020-05-19,sh.600748,5.18,5.19,5.09,5.1,13682448,70016721.0,3,0.741800,1,-1.7341,11.915196,0.8773479999999999,1.079027,10.893071,0,5.08399999999997,5.105000000000035,5.143499999999989,1,-1,-1,-1,-1,51.50793650793628,43.62676749773496,67.27027452833892,1,-0.06169985365736075,-0.0685580950703972,0.006858241413036453
2020-05-20,sh.600748,5.1,5.1,5.02,5.04,8105038,40931492.0,3,0.439400,1,-1.1765,11.775017,0.867027,1.066333,10.764917,0,5.07799999999997,5.0930000000000355,5.128999999999989,-1,-1,-1,-1,-1,54.99999999999984,50.96255596255568,63.07488807488815,1,-0.06319040615995686,-0.06748455728830913,0.004294151128352269
2020-05-21,sh.600748,5.04,5.14,5.04,5.05,9970503,50786013.0,3,0.540500,1,0.1984,11.79838,0.8687469999999999,1.068449,10.786276,0,5.079999999999971,5.087000000000035,5.109499999999989,-1,-1,-1,-1,-1,31.66666666666643,46.05820105820075,2.883597883597787,-1,-0.06284037856330205,-0.06655572154330772,0.0037153429800056703
2020-05-22,sh.600748,5.04,5.14,5.01,5.06,10902288,55278619.0,3,0.591000,1,0.198,11.821743,0.870467,1.0705639999999998,10.807635,0,5.087999999999971,5.078000000000036,5.095999999999989,-1,-1,-1,1,-1,25.52631578947343,37.397660818713135,1.783625730994018,-1,-0.06105228994981715,-0.0654550352246096,0.004402745274792452
2020-05-25,sh.600748,5.06,5.09,4.97,5.0,8716053,43795789.0,3,0.472500,1,-1.1858,11.681564,0.860145,1.05787,10.679481,0,5.0499999999999705,5.065000000000035,5.08549999999999,-1,-1,-1,-1,-1,23.405103668261333,26.866028708133637,16.483253588516725,-1,-0.06374193801674632,-0.06511241578303695,0.0013704777662906231
2020-05-26,sh.600748,5.0,5.08,5.0,5.06,7324839,36978907.0,3,0.397100,1,1.2,11.821743,0.870467,1.0705639999999998,10.807635,0,5.04199999999997,5.063000000000036,5.0814999999999895,1,-1,-1,-1,-1,28.708133971291613,25.879851143008697,34.36469962785744,1,-0.06033648350489074,-0.06415722932740771,0.0038207458225169716
2020-05-27,sh.600748,5.05,5.1,5.04,5.07,6885526,34843866.0,3,0.373300,1,0.1976,11.845106,0.872187,1.0726799999999999,10.828994,0,5.04799999999997,5.063000000000036,5.083999999999991,1,1,-1,-1,-1,33.33333333333321,28.48219032429529,43.03561935140905,1,-0.056183076311786095,-0.06256239872428339,0.006379322412497293
2020-05-28,sh.600748,5.07,5.12,5.02,5.06,9122470,46198400.0,3,0.494600,1,-0.1972,11.821743,0.870467,1.0705639999999998,10.807635,0,5.04999999999997,5.065000000000036,5.07999999999999,1,-1,-1,-1,-1,42.42424242424221,34.82190324295558,57.62892078681547,1,-0.05308644017688291,-0.06066720701480329,0.007580766837920382
2020-05-29,sh.600748,5.07,5.19,5.04,5.14,16155883,82691558.0,3,0.875900,1,1.581,12.008647999999999,0.884229,1.08749,10.978507,0,5.06599999999997,5.077000000000036,5.086999999999991,1,1,1,-1,-1,54.545454545454305,43.43434343434314,76.76767676767663,1,-0.04367356069595374,-0.05726847775103338,0.01359491705507964
2020-06-01,sh.600748,5.13,5.28,5.13,5.27,20572456,107363359.0,3,1.115300,1,2.5292,12.312369,0.906593,1.1149950000000002,11.256173,0,5.11999999999997,5.085000000000036,5.09849999999999,1,1,1,1,1,71.65200391006807,56.207233626588106,102.54154447702803,1,-0.025430722804104633,-0.05090092676164763,0.025470203957543
2020-06-02,sh.600748,5.26,5.38,5.22,5.29,19250101,102239180.0,3,1.043600,1,0.3795,12.359095,0.910034,1.119226,11.298891,0,5.16599999999997,5.1040000000000365,5.10449999999999,1,1,1,1,1,84.03190043630615,70.07645296394276,111.94279538103291,1,-0.009252650691640163,-0.04257127154764614,0.033318620856005975
2020-06-03,sh.600748,5.32,5.34,5.22,5.22,11247397,59303401.0,3,0.609800,1,-1.3233,12.195553,0.897992,1.104416,11.149378,0,5.1959999999999695,5.122000000000036,5.10749999999999,1,1,1,1,1,78.59952793076297,78.09447742571231,79.6096289408643,1,-0.0020561252395197016,-0.03446824228602085,0.03241211704650115
2020-06-04,sh.600748,5.27,5.27,5.17,5.2,10215997,53217358.0,3,0.553800,1,-0.3831,12.148827,0.894551,1.100185,11.106660,0,5.22399999999997,5.137000000000037,5.11199999999999,-1,1,1,1,1,65.04065040650396,75.89069292452427,43.34056537046331,-1,0.0020101682086037798,-0.027172560187095924,0.029182728395699704
2020-06-05,sh.600748,5.23,5.23,5.13,5.18,9563700,49421669.0,3,0.518500,1,-0.3846,12.102101,0.8911110000000001,1.095953,11.063943,0,5.231999999999969,5.149000000000036,5.11349999999999,-1,1,1,1,1,54.81386392811282,66.15134742179316,32.13889694075215,-1,0.0035776611584603657,-0.021022515917984666,0.02460017707644503
2020-06-08,sh.600748,5.23,5.27,5.17,5.2,8793699,45756733.0,3,0.476700,1,0.3861,12.148827,0.894551,1.100185,11.106660,0,5.21799999999997,5.169000000000037,5.116999999999991,-1,1,1,1,1,51.15532734274702,57.00328055912118,39.4594209099987,-1,0.006360424453549562,-0.01554592784367782,0.021906352297227382
2020-06-09,sh.600748,5.21,5.21,5.15,5.17,8370713,43299113.0,3,0.453800,1,-0.5769,12.078737,0.88939,1.0938370000000002,11.042584,0,5.19399999999997,5.180000000000037,5.121499999999991,-1,-1,1,1,1,46.345029239765985,50.771406836875194,37.492274045547575,-1,0.006075006243679404,-0.011221741026206374,0.017296747269885778
2020-06-10,sh.600748,5.19,5.2,5.14,5.16,6908867,35644368.0,3,0.374600,1,-0.1934,12.055374,0.8876700000000001,1.0917219999999999,11.021225,0,5.18199999999997,5.189000000000037,5.125999999999991,-1,-1,1,-1,1,42.320261437908435,46.60687267347373,33.747038966777836,-1,0.004984436349978694,-0.007980505550969361,0.012964941900948055
2020-06-11,sh.600748,5.16,5.23,5.12,5.15,9185076,47464004.0,3,0.498000,1,-0.1938,12.032011,0.88595,1.0896059999999999,10.999866,0,5.17199999999997,5.198000000000037,5.13149999999999,-1,-1,1,-1,1,29.49974861739561,39.388346431689925,9.722552988806981,-1,0.003275477756908174,-0.005729308889393854,0.009004786646302028
2020-06-12,sh.600748,5.1,5.13,5.03,5.09,8328454,42352729.0,3,0.451500,1,-1.165,11.891832,0.8756280000000001,1.076911,10.871712,0,5.15399999999997,5.193000000000036,5.134999999999991,-1,-1,-1,-1,1,21.325145442792383,31.048385166032052,1.878665996313046,-1,-0.002887102083895421,-0.0051608675282941675,0.0022737654443987466
2020-06-15,sh.600748,5.08,5.14,5.04,5.06,8420056,42872004.0,3,0.456500,1,-0.5894,11.821743,0.870467,1.0705639999999998,10.807635,0,5.12599999999997,5.172000000000037,5.128499999999991,-1,-1,-1,-1,-1,12.786246012052265,21.20371335741333,-4.048688678669869,-1,-0.010075595097814194,-0.006143813042198173,-0.003931782055616021
2020-06-16,sh.600748,5.08,5.15,5.07,5.14,7209764,36886867.0,3,0.390900,1,1.581,12.008647999999999,0.884229,1.08749,10.978507,0,5.119999999999971,5.157000000000037,5.130499999999992,1,-1,1,-1,-1,24.217869943676124,19.443087132840166,33.767435565348045,1,-0.009211017315581493,-0.006757253896874837,-0.0024537634187066565
2020-06-17,sh.600748,5.15,5.18,5.11,5.16,7523251,38708240.0,3,0.407900,1,0.3891,12.055374,0.8876700000000001,1.0917219999999999,11.021225,0,5.119999999999971,5.151000000000037,5.136499999999991,1,1,1,-1,-1,36.559139784946034,24.521085246891385,60.635248861055324,1,-0.006833231106532445,-0.006772449338806359,-6.078176772608603e-05
2020-06-18,sh.600748,5.16,5.24,5.14,5.19,10373293,53726048.0,3,0.562400,1,0.5814,12.125464,0.8928309999999999,1.098069,11.085302,0,5.127999999999971,5.150000000000037,5.143499999999991,1,1,1,-1,-1,55.55555555555549,38.77752176139246,89.11162314388157,1,-0.0024992592207357944,-0.005917811315192246,0.0034185520944564514
2020-06-19,sh.600748,5.17,5.23,5.16,5.23,10365271,53781314.0,3,0.561900,1,0.7707,12.218916,0.8997120000000001,1.106532,11.170737,0,5.155999999999971,5.155000000000037,5.151999999999991,1,1,1,1,1,72.02380952380953,54.712834954770265,106.64575866188808,1,0.004115667575495863,-0.0039111155370546245,0.008026783112550487
2020-06-22,sh.600748,5.2,5.25,5.1,5.15,9205437,47745984.0,3,0.499100,1,-1.5296,12.032011,0.88595,1.0896059999999999,10.999866,0,5.173999999999971,5.150000000000036,5.1594999999999915,-1,-1,-1,1,1,72.15007215007216,66.57647907647898,83.29725829725854,1,0.002869633953449302,-0.002554965638953839,0.005424599592403141
2020-06-23,sh.600748,5.15,5.15,5.08,5.08,8586180,43768416.0,3,0.465500,1,-1.3592,11.868469000000001,0.873908,1.0747959999999999,10.850353,0,5.161999999999971,5.1410000000000355,5.160499999999991,-1,-1,-1,1,1,57.50360750360741,67.22582972582961,38.05916305916301,-1,-0.0037233511801026964,-0.00278864274718361,-0.0009347084329190862
2020-06-24,sh.600748,5.08,5.14,5.08,5.1,7188556,36680806.0,3,0.389700,1,0.3937,11.915196,0.8773479999999999,1.079027,10.893071,0,5.14999999999997,5.135000000000035,5.16199999999999,-1,-1,-1,1,-1,36.363636363636154,55.33910533910515,-1.5873015873018375,-1,-0.007250922425135364,-0.003681098682773961,-0.0035698237423614034
2020-06-29,sh.600748,5.1,5.11,5.05,5.06,6882456,34900940.0,3,0.373100,1,-0.7843,11.821743,0.870467,1.0705639999999998,10.807635,0,5.1239999999999695,5.126000000000036,5.16199999999999,-1,-1,-1,-1,-1,21.35642135642105,38.407888407888116,-12.74651274651309,-1,-0.013122940666398186,-0.005569467079498806,-0.0075534735868993804
2020-06-30,sh.600748,5.07,5.16,5.07,5.11,7334633,37472944.0,3,0.397600,1,0.9881,11.938559,0.8790690000000001,1.081143,10.914430,0,5.0999999999999694,5.128000000000036,5.16049999999999,1,-1,-1,-1,-1,23.78066378066356,27.166907166906835,17.008177008177007,-1,-0.013585371588568762,-0.007172647981312797,-0.006412723607255965
2020-07-01,sh.600748,5.11,5.6,5.1,5.47,41573525,223030411.0,3,2.253800,1,7.045,12.779631,0.940999,1.15731,11.683352,0,5.163999999999969,5.169000000000035,5.170499999999991,1,1,1,-1,-1,38.62914862914849,27.92207792207761,60.04329004329025,1,0.014925092749771274,-0.002753099835095983,0.017678192584867258
2020-07-02,sh.600748,5.52,5.86,5.47,5.76,58950854,334466775.0,3,3.195900,1,5.3017,13.457162,0.9908870000000001,1.218666,12.302762,0,5.299999999999969,5.231000000000035,5.19399999999999,1,1,1,1,1,64.67265245043014,42.360821620080635,109.29631411112915,1,0.06022616774135159,0.009842753680193533,0.05038341406115805
2020-07-03,sh.600748,5.72,5.8,5.63,5.73,46060977,263323582.0,3,2.497100,1,-0.5208,13.387073000000001,0.985727,1.2123190000000001,12.238685,0,5.425999999999968,5.288000000000035,5.219499999999991,1,1,1,1,1,82.65619154508028,61.98599754155288,123.99657955213507,1,0.09263896247559344,0.026401995439273514,0.06623696703631993
2020-07-06,sh.600748,5.78,6.2,5.78,6.16,48911215,293792111.0,3,2.651600,1,7.5044,14.391687,1.059699,1.303296,13.157121,0,5.645999999999969,5.385000000000035,5.26749999999999,1,1,1,1,1,89.37555913401309,78.90146770984107,110.32374198235712,1,0.15127988185455177,0.051377572722329165,0.0999023091322226
2020-07-07,sh.600748,6.18,6.28,5.89,5.9,43924960,264039018.0,3,2.381300,1,-4.2208,13.784246,1.014972,1.248286,12.601788,0,5.803999999999969,5.452000000000035,5.303499999999991,1,1,1,1,1,83.19268249043186,85.07481105650832,79.42842535827893,-1,0.17475889411037837,0.076053836999939,0.09870505711043936
2020-07-08,sh.600748,5.85,5.97,5.83,5.97,35876266,211487694.0,3,1.945000,1,1.1864,13.947788000000001,1.0270139999999999,1.263097,12.751301,0,5.90399999999997,5.5340000000000344,5.341999999999991,1,1,1,1,1,80.14139271827486,84.23654478090651,71.95108859301155,-1,0.19674662286795908,0.10019239417354302,0.09655422869441606
2020-07-09,sh.600748,5.92,6.04,5.87,6.0,30520686,182129500.0,3,1.654600,1,0.5025,14.017876999999999,1.032174,1.269444,12.815377,0,5.95199999999997,5.626000000000035,5.383499999999991,1,1,1,1,1,73.71273712737111,79.01560411202585,63.107003158061644,-1,0.2141245115199899,0.12297881764283239,0.09114569387715751
2020-07-10,sh.600748,5.96,6.17,5.9,5.98,27877308,167992607.0,3,1.511300,1,-0.3333,13.971151,1.028734,1.265212,12.772660,0,6.00199999999997,5.714000000000034,5.424499999999991,-1,1,1,1,1,75.74637729848358,76.53350238137642,74.17212713269788,-1,0.22370405947790672,0.14312386600984725,0.08058019346805947
2020-07-13,sh.600748,6.0,6.14,5.94,6.1,25203586,152682802.0,3,1.366400,1,2.0067,14.251508,1.049377,1.290601,13.028967,0,5.989999999999969,5.818000000000034,5.471999999999991,1,1,1,1,1,79.06271554661181,76.1739433241554,84.84025999152465,1,0.23823271888108444,0.1621456365840947,0.07608708229698974
2020-07-14,sh.600748,6.13,6.24,5.96,6.11,31605539,192942774.0,3,1.713400,1,0.1639,14.274872,1.0510979999999999,1.2927170000000001,13.050326,0,6.03199999999997,5.918000000000034,5.522999999999991,1,1,1,1,1,79.6549066537081,78.15466649960108,82.65538696192212,1,0.24769838970829117,0.179256187208934,0.06844220249935717
2020-07-15,sh.600748,6.15,6.22,5.78,5.89,27811248,165676864.0,3,1.507700,1,-3.6007,13.760882999999998,1.0132510000000001,1.246171,12.580429,0,6.01599999999997,5.960000000000035,5.56449999999999,-1,-1,1,1,1,67.91936946362542,75.54566388798168,52.66678061491291,-1,0.2347418823540135,0.1903533262379499,0.0443885561160636
2020-07-16,sh.600748,5.9,6.07,5.7,5.73,23628321,139738675.0,3,1.281000,1,-2.7165,13.387073000000001,0.985727,1.2123190000000001,12.238685,0,5.9619999999999695,5.9570000000000345,5.5939999999999905,-1,-1,1,1,1,41.39491982403846,62.98973198045723,-1.79470448879907,-1,0.20915211867355055,0.19411308472507002,0.015039033948480524
2020-07-17,sh.600748,5.72,5.79,5.57,5.64,20413930,115662878.0,3,1.106700,1,-1.5707,13.176804999999998,0.9702440000000001,1.1932770000000001,12.046455,0,5.89399999999997,5.948000000000034,5.617999999999991,-1,-1,1,-1,1,18.343856240893466,42.55271517618568,-30.07386162969096,-1,0.17954017141764922,0.19119850206358585,-0.011658330645936632
2020-07-20,sh.600748,5.65,5.85,5.65,5.82,18299065,105598605.0,3,0.992100,1,3.1915,13.597341,1.001209,1.23136,12.430916,0,5.83799999999997,5.914000000000035,5.649499999999991,-1,-1,1,-1,1,17.44833385283378,25.72903663925514,0.8869282799910607,-1,0.16865286036054528,0.18668937372297773,-0.01803651336243245
2020-07-21,sh.600748,5.91,5.95,5.8,5.89,18200259,107028765.4,3,0.986700,1,1.2027,13.760882999999998,1.0132510000000001,1.246171,12.580429,0,5.79399999999997,5.913000000000035,5.68249999999999,1,-1,1,-1,1,31.6445939317495,22.47892800849215,49.975925778264205,1,0.16378499146554315,0.1821084972714908,-0.01832350580594766
2020-07-22,sh.600748,5.95,6.02,5.88,5.9,16162381,95956995.7,3,0.876200,1,0.1698,13.784246,1.014972,1.248286,12.601788,0,5.795999999999969,5.906000000000035,5.71999999999999,1,-1,1,-1,1,44.776119402984904,31.289682395855966,71.74899341724279,1,0.15890235923765772,0.1774672696647242,-0.018564910427066483
2020-07-23,sh.600748,5.82,5.84,5.58,5.74,24268526,138145019.58,3,1.315700,1,-2.7119,13.410435999999999,0.987447,1.214435,12.260044,0,5.797999999999969,5.880000000000035,5.75299999999999,-1,-1,-1,-1,1,40.79601990049734,39.07224441174382,44.24357087800439,1,0.14050254926723227,0.1700743255852258,-0.029571776317993542
2020-07-24,sh.600748,5.61,5.77,5.37,5.38,17803789,98931064.36,3,0.965200,1,-4.6099,12.569363000000001,0.925516,1.138268,11.491122,0,5.7459999999999685,5.820000000000035,5.766999999999991,-1,-1,-1,-1,-1,25.258763652999217,36.94363431882706,1.889022321343532,-1,0.09576762636428171,0.15521298574103698,-0.05944535937675527
2020-07-27,sh.600748,5.43,5.45,5.29,5.36,10093025,53892921.24,3,0.547200,1,-0.3717,12.522637,0.922076,1.134036,11.448404,0,5.653999999999969,5.746000000000035,5.78199999999999,-1,-1,-1,-1,-1,11.349813778714731,25.801532444070336,-17.55362355199648,-1,0.058032087037305224,0.13577680600029063,-0.0777447189629854
2020-07-28,sh.600748,5.39,5.44,5.3,5.36,10698061,57475042.49,3,0.580000,1,0.0,12.522637,0.922076,1.134036,11.448404,0,5.547999999999968,5.671000000000035,5.79449999999999,-1,-1,-1,-1,-1,5.883555327381667,14.164044253031777,-10.677422523918555,-1,0.027805871473010058,0.11418261909483451,-0.08637674762182446
2020-07-29,sh.600748,5.37,5.49,5.3,5.48,11704828,63499467.42,3,0.634600,1,2.2388,12.802994,0.9427190000000001,1.159425,11.704711,0,5.463999999999968,5.630000000000035,5.79499999999999,1,-1,-1,-1,-1,14.176212651687583,10.469860585927899,21.58891678320695,1,0.013380137096732803,0.09402212269521418,-0.08064198559848137
2020-07-30,sh.600748,5.5,5.52,5.39,5.42,9676834,52680741.69,3,0.524600,1,-1.0949,12.662816000000001,0.932398,1.146731,11.576558,0,5.399999999999968,5.599000000000035,5.77799999999999,1,-1,-1,-1,-1,17.6033251375716,12.554364372213522,27.701246668287748,1,-0.002860881427093176,0.07464552187075271,-0.07750640329784589
2020-07-31,sh.600748,5.43,5.56,5.37,5.45,14552160,79218525.33,3,0.788900,1,0.5535,12.732905,0.937558,1.153078,11.640635,0,5.413999999999969,5.580000000000036,5.7639999999999905,1,-1,-1,-1,-1,21.917808219177967,17.899115336145623,29.95519398524265,1,-0.013159561108984974,0.05708450527480517,-0.07024406638379015
2020-08-03,sh.600748,5.5,5.6,5.47,5.6,15080769,83767585.82,3,0.817600,1,2.7523,13.083352,0.963363,1.184814,11.961019,0,5.4619999999999695,5.558000000000035,5.73599999999999,1,1,-1,-1,-1,27.397260273972453,22.30613121024058,37.579518401436204,1,-0.009112548767344464,0.043845094466375245,-0.05295764323371971
2020-08-04,sh.600748,5.63,5.67,5.52,5.59,12849458,71622005.29,3,0.696600,1,-0.1786,13.059989,0.961642,1.182698,11.939660,0,5.507999999999969,5.528000000000036,5.72049999999999,1,1,-1,-1,-1,39.643005396429906,29.652691296526683,59.623633596236346,1,-0.006635686690363407,0.03374893823502752,-0.040384624925390925
2020-08-05,sh.600748,5.58,5.63,5.48,5.54,14142731,78605384.45,3,0.766700,1,-0.8945,12.943173,0.953041,1.17212,11.832865,0,5.519999999999969,5.4920000000000355,5.69899999999999,1,1,-1,1,-1,49.698180434481664,38.91281536829458,71.26891056685584,1,-0.008608108861499097,0.02527752881572219,-0.03388563767722129
2020-08-06,sh.600748,5.56,5.61,5.47,5.56,11267918,62318706.8,3,0.610900,1,0.361,12.989899000000001,0.9564819999999999,1.176351,11.875583,0,5.547999999999968,5.474000000000036,5.676999999999991,1,1,-1,1,-1,59.22713981924492,49.522775216718735,78.63586902429729,1,-0.008459914165249494,0.018530040219527855,-0.02698995438477735
2020-08-07,sh.600748,5.55,5.55,5.41,5.44,10170750,55598824.02,3,0.551400,1,-2.1583,12.709541999999999,0.935838,1.150962,11.619276,0,5.545999999999969,5.480000000000035,5.64999999999999,-1,-1,-1,1,-1,53.6579342500394,54.194418167921896,52.58496641427442,-1,-0.017820047503911418,0.011260022674840001,-0.02908007017875142
2020-08-10,sh.600748,5.45,5.61,5.42,5.56,12766141,70625337.86,3,0.692100,1,2.2059,12.989899000000001,0.9564819999999999,1.176351,11.875583,0,5.537999999999969,5.5000000000000355,5.6229999999999905,1,1,-1,1,-1,59.72024656235167,57.535106877211895,64.09052593263122,1,-0.015377758267775654,0.0059324664863168695,-0.021310224754092524
2020-08-11,sh.600748,5.57,5.61,5.46,5.5,14746262,81911546.24,3,0.799400,1,-1.0791,12.849721,0.94616,1.163657,11.747429,0,5.519999999999969,5.514000000000036,5.5924999999999905,-1,-1,-1,1,-1,50.48048048048036,54.61955376429038,42.20233391286031,-1,-0.018075363472879857,0.0011309004944775238,-0.019206263967357383
2020-08-12,sh.600748,5.45,5.53,5.38,5.48,10845078,59061517.08,3,0.587900,1,-0.3636,12.802994,0.9427190000000001,1.159425,11.704711,0,5.507999999999969,5.514000000000036,5.57199999999999,-1,-1,-1,-1,-1,50.090090090089966,53.43027237764057,43.40972551498875,-1,-0.021578326371774814,-0.003410944878772944,-0.018167381493001872
2020-08-13,sh.600748,5.48,5.59,5.46,5.54,12541655,69384214.68,3,0.679900,1,1.0949,12.943173,0.953041,1.17212,11.832865,0,5.503999999999969,5.526000000000035,5.562499999999991,1,1,-1,-1,-1,45.057471264367734,48.54268061164593,38.08705256981135,-1,-0.01929058133390882,-0.006586872169800119,-0.0127037091641087
2020-08-14,sh.600748,5.54,5.58,5.47,5.56,11765630,65036785.53,3,0.637900,1,0.361,12.989899000000001,0.9564819999999999,1.176351,11.875583,0,5.5279999999999685,5.5370000000000354,5.558499999999991,1,1,1,-1,-1,51.30268199233706,48.81674778226483,56.27455041248152,1,-0.015682911217815843,-0.008406079979403264,-0.007276831238412579
2020-08-17,sh.600748,5.58,5.69,5.55,5.66,18330839,103265356.42,3,0.993800,1,1.7986,13.223531,0.973685,1.197509,12.089173,0,5.547999999999969,5.543000000000035,5.550499999999991,1,1,1,1,-1,69.1879866518352,55.18271330284657,97.19853334981245,1,-0.0047004584349181755,-0.007664955670506246,0.0029644972355880707
2020-08-18,sh.600748,5.67,5.69,5.63,5.64,13207989,74731727.26,3,0.716000,1,-0.3534,13.176804999999998,0.9702440000000001,1.1932770000000001,12.046455,0,5.575999999999969,5.548000000000035,5.537999999999991,1,1,1,1,1,78.7541713014458,66.41494664853927,103.43262060725883,1,0.00236215224609726,-0.005659534087185545,0.008021686333282804
2020-08-19,sh.600748,5.66,5.76,5.62,5.67,18274331,104039546.91,3,0.990700,1,0.5319,13.246894000000001,0.975405,1.199624,12.110532,0,5.613999999999969,5.561000000000035,5.526499999999991,1,1,1,1,1,83.5031126202601,77.1484235245136,96.2124908117531,1,0.010261779962037032,-0.0024752712773410297,0.012737051239378062
2020-08-20,sh.600748,5.62,5.65,5.56,5.58,10214680,57247255.0,3,0.553800,1,-1.5873,13.036626,0.9599219999999999,1.180583,11.918301,0,5.621999999999969,5.563000000000034,5.518499999999991,-1,1,1,1,1,70.93944538766253,77.73224310312271,57.35384995674215,-1,0.009154516435072146,-0.0001493137348583945,0.009303830169930541
2020-08-21,sh.600748,5.61,5.75,5.61,5.69,14994990,85118261.4,3,0.812900,1,1.9713,13.29362,0.9788450000000001,1.203856,12.153250,0,5.6479999999999695,5.588000000000035,5.533999999999991,1,1,1,1,1,70.17543859649118,74.87266553480451,60.780984719864506,-1,0.016957606077078857,0.003272070227529056,0.0136855358495498
2020-08-24,sh.600748,5.77,5.89,5.59,5.62,20546632,117192182.28,3,1.113900,1,-1.2302,13.130078,0.9668030000000001,1.1890459999999998,12.003737,0,5.6399999999999695,5.594000000000034,5.546999999999992,-1,1,1,1,1,60.423116615067045,67.17933353307349,46.910682779054156,-1,0.017293843191732883,0.006076424820369821,0.011217418371363062
2020-08-25,sh.600748,5.61,5.63,5.51,5.54,13526577,75234379.14,3,0.733300,1,-1.4235,12.943173,0.953041,1.17212,11.832865,0,5.619999999999969,5.598000000000034,5.555999999999992,-1,-1,-1,1,1,49.080807353541125,59.893120855033025,27.456180350557318,-1,0.01097842961271045,0.0070568257788379465,0.003921603833872503
2020-08-26,sh.600748,5.55,5.6,5.44,5.48,12799545,70484296.81,3,0.693900,1,-1.083,12.802994,0.9427190000000001,1.159425,11.704711,0,5.581999999999969,5.5980000000000345,5.555999999999992,-1,-1,-1,-1,1,24.850787860363695,44.784903942990525,-15.017444304889963,-1,0.001119020915610669,0.005869264806192491,-0.004750243890581822
2020-08-27,sh.600748,5.5,6.03,5.48,6.03,55683112,327460897.12,3,3.018800,1,10.0365,13.924543,1.03122,1.234688,3.933116,0,5.671999999999969,5.647000000000035,5.586499999999992,1,1,1,1,1,42.49784668389309,38.80981396593254,49.87391211981418,1,0.03725630446157968,0.01214667273726993,0.02510963172430975
2020-08-28,sh.600748,6.03,6.21,5.85,5.95,58919156,353888003.86,3,3.194200,1,-1.3267,13.739806,1.017539,1.218307,3.880936,0,5.723999999999968,5.686000000000035,5.6114999999999915,1,1,1,1,1,58.37421837421826,41.90761763949158,91.30741984367161,1,0.05876265134846026,0.021469868459507997,0.03729278288895226
2020-08-31,sh.600748,6.04,6.04,5.85,5.86,31382522,186514386.33,3,1.701400,1,-1.5126,13.531977,1.002147,1.1998790000000001,3.822233,0,5.771999999999968,5.706000000000034,5.624499999999992,1,1,1,1,1,73.59307359307347,58.15504621706151,104.46912834509737,1,0.06776320630144728,0.030728536027895853,0.03703467027355142
2020-09-01,sh.600748,5.84,5.87,5.72,5.76,22620197,130502393.24,3,1.226300,1,-1.7065,13.301055999999999,0.9850459999999999,1.179403,3.757007,0,5.815999999999969,5.718000000000034,5.632999999999992,-1,1,1,1,1,54.11255411255397,62.026615359948465,38.284431617764994,-1,0.06606548489650521,0.037795925801617725,0.028269559094887486
2020-09-02,sh.600748,5.79,5.98,5.76,5.92,28689791,168745760.87,3,1.555400,1,2.7778,13.67053,1.012408,1.212165,3.861368,0,5.903999999999968,5.743000000000034,5.651999999999992,1,1,1,1,1,52.81385281385266,60.173160173159935,38.095238095238116,-1,0.07674601103341416,0.04558594284797701,0.03116006818543715
2020-09-03,sh.600748,5.87,5.92,5.73,5.81,15855016,92174781.15,3,0.859600,1,-1.8581,13.416516,0.993597,1.189641,3.789620,0,5.8599999999999675,5.766000000000035,5.664499999999991,-1,1,1,1,1,50.64935064935046,52.52525252525226,46.89754689754686,-1,0.0754644174251986,0.051561637763421334,0.02390277966177727
2020-09-04,sh.600748,5.7,5.82,5.66,5.81,11783539,67641155.58,3,0.638800,1,0.0,13.416516,0.993597,1.189641,3.789620,0,5.831999999999967,5.778000000000035,5.682999999999992,-1,1,1,1,1,52.81385281385261,52.09235209235181,54.256854256854226,1,0.07360032650793347,0.05596937551232376,0.017630950995609705
2020-09-07,sh.600748,5.73,6.39,5.72,6.39,67695131,427418893.42,3,3.670000,1,9.9828,14.755859,1.0927850000000001,1.308401,4.167929,0,5.937999999999968,5.855000000000035,5.724499999999992,1,1,1,1,1,65.36796536796517,56.277056277055976,83.54978354978357,1,0.11756891252423074,0.06828928291470515,0.04927962960952559
2020-09-08,sh.600748,6.41,6.55,6.26,6.3,66679697,427593171.52,3,3.614900,1,-1.4085,14.548029999999999,1.077394,1.289972,4.109226,0,6.045999999999967,5.931000000000035,5.764499999999992,1,1,1,1,1,74.89582069021304,64.3592129573435,95.96903615595213,1,0.14349793105524178,0.08333101254281247,0.06016691851242931
2020-09-09,sh.600748,6.26,6.68,6.22,6.26,47029476,300645658.92,3,2.549600,1,-0.6349,14.455661,1.070553,1.281782,4.083136,0,6.113999999999967,6.009000000000035,5.803499999999992,1,1,1,1,1,78.48634781015194,72.91671128944328,89.62562085156927,1,0.15898650191509134,0.09846211041726824,0.0605243914978231
2020-09-10,sh.600748,6.36,6.52,6.14,6.17,40781219,257773565.49,3,2.210900,1,-1.4377,14.247832,1.0551620000000002,1.263354,4.024433,0,6.185999999999967,6.023000000000035,5.834999999999992,-1,1,1,1,1,61.819681143485276,71.73394988128332,41.99114366788919,-1,0.16213012293730777,0.11119571292127614,0.050934410016031634
2020-09-11,sh.600748,6.15,6.44,6.13,6.25,34447433,216061560.8,3,1.867500,1,1.2966,14.432569,1.068843,1.279735,4.076613,0,6.273999999999967,6.053000000000035,5.8694999999999915,-1,1,1,1,1,55.55555555555541,65.28719483639743,36.092276993871366,-1,0.16912720353377608,0.12278201104377613,0.04634519248999995
2020-09-14,sh.600748,6.27,6.49,6.25,6.37,25644711,162538654.36,3,1.390300,1,1.92,14.709674,1.089365,1.3043049999999998,4.154884,0,6.269999999999968,6.104000000000035,5.904999999999992,1,1,1,1,1,59.15032679738548,58.84185449880862,59.76727139453921,1,0.18225452076994042,0.13467651298900898,0.047578007780931436
2020-09-15,sh.600748,6.34,6.84,6.32,6.66,44134589,291780376.92,3,2.392700,1,4.5526,15.379346,1.138959,1.363685,4.344039,0,6.341999999999968,6.1940000000000355,5.9559999999999915,1,1,1,1,1,70.73224770134028,61.81271001809362,88.57132306783363,1,0.21359638446471418,0.15046048728415,0.06313589718056417
2020-09-16,sh.600748,6.66,6.67,6.36,6.41,31103083,200870465.89,3,1.686200,1,-3.7538,14.802043,1.096206,1.3124959999999999,4.180975,0,6.371999999999968,6.243000000000035,5.9929999999999914,1,1,1,1,1,72.6376426276724,67.50673904213262,82.89944979875199,1,0.21577480890404122,0.16352335160812825,0.05225145729591296
2020-09-17,sh.600748,6.4,6.4,6.2,6.27,20457056,128415397.09,3,1.109000,1,-2.1841,14.478753,1.072263,1.28383,4.089658,0,6.391999999999968,6.289000000000034,6.027499999999991,-1,-1,1,1,1,65.80407586763504,69.72465539888248,57.96291680514014,-1,0.2038544883490525,0.1715895789563131,0.032264909392739405
2020-09-18,sh.600748,6.27,6.37,6.18,6.36,18142124,114217525.52,3,0.983500,1,1.4354,14.686582000000001,1.0876549999999998,1.302258,4.148362,0,6.413999999999969,6.344000000000034,6.060999999999991,-1,1,1,1,1,48.35361036274128,62.26510961934948,20.530611849524874,-1,0.19937156497008335,0.17714597615906716,0.02222558881101619
2020-09-21,sh.600748,6.36,6.45,6.17,6.19,20341705,127264969.63,3,1.102800,1,-2.673,14.294016000000001,1.058582,1.267449,4.037478,0,6.377999999999969,6.324000000000034,6.089499999999991,-1,-1,1,1,1,29.984071093225896,48.04725244120064,-6.1422916027235885,-1,0.18002600887578968,0.17772198270241166,0.002304026173378021
2020-09-22,sh.600748,6.15,6.16,5.98,6.02,21667185,131315666.98,3,1.174700,1,-2.7464,13.901451000000002,1.0295100000000001,1.23264,3.926594,0,6.249999999999969,6.296000000000033,6.11349999999999,-1,-1,-1,-1,1,15.165411071077479,31.16769750901479,-16.839161804797143,-1,0.14925640214805824,0.17202886659154099,-0.022772464443482743
2020-09-23,sh.600748,6.03,6.13,5.91,5.97,15262208,91811612.97,3,0.827400,1,-0.8306,13.78599,1.020959,1.222402,3.893981,0,6.161999999999969,6.267000000000033,6.13799999999999,-1,-1,-1,-1,1,6.517826639758347,17.22243626802048,-14.89139261676592,-1,0.11945962876139671,0.16151501902551213,-0.04205539026411542
2020-09-24,sh.600748,5.99,6.22,5.94,6.08,27458815,167495706.12,3,1.488600,1,1.8425,14.040003,1.039771,1.244926,3.965729,0,6.123999999999969,6.258000000000033,6.1404999999999905,-1,-1,-1,-1,-1,9.794115195465325,10.492450968766958,8.397443648862062,-1,0.10352814387143194,0.1499176439946961,-0.04638950012326415
2020-09-25,sh.600748,6.07,6.08,5.79,5.81,26869579,158506729.97,3,1.456700,1,-4.4408,13.416516,0.993597,1.189641,3.789620,0,6.013999999999968,6.214000000000033,6.13349999999999,-1,-1,-1,-1,-1,8.878648233486754,8.396863356236716,9.842217987986828,1,0.06832794181950597,0.13359970355965806,-0.06527176174015209
2020-09-28,sh.600748,5.82,5.88,5.68,5.72,13760594,79476948.55,3,0.746000,1,-1.5491,13.208687,0.9782049999999999,1.1712129999999998,3.730916,0,5.919999999999968,6.149000000000034,6.12649999999999,-1,-1,-1,-1,-1,8.074911945879514,8.915891791610438,6.392952254417665,-1,0.03279128275523835,0.11343801939877411,-0.08064673664353576
2020-09-29,sh.600748,5.72,5.77,5.64,5.7,13162082,74943951.91,3,0.713600,1,-0.3497,13.162503,0.974785,1.167118,3.717871,0,5.855999999999968,6.053000000000035,6.12349999999999,-1,-1,-1,-1,-1,4.450857784190963,7.1348059878523165,-0.9170386231317433,-1,0.0029800395253403167,0.09134642342408736,-0.08836638389874704
2020-09-30,sh.600748,5.69,5.7,5.54,5.6,11813313,66361456.68,3,0.640400,1,-1.7544,12.931582,0.957683,1.146642,3.652645,0,5.781999999999968,5.972000000000035,6.107499999999989,-1,-1,-1,-1,-1,6.0137393470725256,6.179836359047574,5.681545323122428,-1,-0.028387516162190707,0.06739963550683174,-0.09578715166902245
2020-10-09,sh.600748,5.65,5.78,5.65,5.74,10583627,60574381.17,3,0.573800,1,2.5,13.254872,0.981626,1.175308,3.743962,0,5.713999999999968,5.919000000000034,6.103999999999989,1,-1,-1,-1,-1,11.992945326278509,7.485847485847239,21.00714100714105,1,-0.041471640804419785,0.04562538024458143,-0.08709702104900122
2020-10-12,sh.600748,5.76,5.88,5.76,5.85,13142694,76516428.66,3,0.712500,1,1.9164,13.508885000000001,1.000437,1.197832,3.815710,0,5.7219999999999684,5.868000000000035,6.105999999999989,1,-1,-1,-1,-1,24.71988795518189,14.242190876177547,45.675282113190576,1,-0.04247519554343793,0.02800526508697756,-0.07048046063041549
2020-10-13,sh.600748,5.84,5.84,5.72,5.79,9154238,52799347.74,3,0.496300,1,-1.0256,13.370332000000001,0.9901760000000001,1.185546,3.776575,0,5.735999999999969,5.828000000000035,6.075999999999989,1,-1,-1,-1,-1,34.77698771816403,23.829940333208054,56.671082488075974,1,-0.0475637333527148,0.012891465399039084,-0.06045519875175388
2020-10-14,sh.600748,5.77,5.79,5.63,5.66,11103968,63065547.53,3,0.602000,1,-2.2453,13.070135,0.967944,1.158928,3.691781,0,5.727999999999969,5.7920000000000345,6.043999999999989,-1,-1,-1,-1,-1,33.33333333333318,30.943403002226276,38.11319399554699,1,-0.06137881302263004,-0.001962590285294741,-0.0594162227373353
2020-10-15,sh.600748,5.65,5.77,5.65,5.69,11759105,67117186.74,3,0.637500,1,0.53,13.139410999999999,0.973075,1.16507,3.711349,0,5.7459999999999685,5.764000000000034,6.015499999999989,-1,-1,-1,-1,-1,27.396514161219923,31.83561173757229,18.518319008515185,-1,-0.0691099573449554,-0.015392063697226873,-0.053717893647728526
2020-10-16,sh.600748,5.66,5.7,5.62,5.64,7960504,44880625.48,3,0.431600,1,-0.8787,13.02395,0.9645239999999999,1.154832,3.678736,0,5.725999999999969,5.720000000000034,5.988999999999988,-1,-1,-1,1,-1,24.945533769063022,28.558460421205286,17.7196804647785,-1,-0.0783681478271765,-0.0279872805232168,-0.050380867303959694
2020-10-19,sh.600748,5.66,5.76,5.58,5.62,10552818,59845229.23,3,0.572100,1,-0.3546,12.977766,0.9611040000000001,1.1507370000000001,3.665691,0,5.6799999999999695,5.701000000000034,5.957499999999989,-1,-1,-1,-1,-1,26.906318082788516,26.416122004357067,27.886710239651414,1,-0.08632407315852131,-0.039654639050277704,-0.046669434108243604
2020-10-20,sh.600748,5.57,5.59,5.45,5.54,13436638,73830396.38,3,0.728400,1,-1.4235,12.793028999999999,0.9474229999999999,1.134357,3.613510,0,5.629999999999969,5.683000000000034,5.915999999999989,-1,-1,-1,-1,-1,24.623803009575738,25.491884953809006,22.887639121109203,-1,-0.09795536425107354,-0.05131478409043687,-0.04664058016063667
2020-10-21,sh.600748,5.56,5.56,5.4,5.43,10175694,55340596.23,3,0.551700,1,-1.9856,12.539016,0.9286110000000001,1.111833,3.541762,0,5.583999999999969,5.6560000000000334,5.854499999999989,-1,-1,-1,-1,-1,16.903214774281608,22.811111955548537,5.08742041174775,-1,-0.1147268274802693,-0.06399719276840335,-0.05072963471186595
2020-10-22,sh.600748,5.4,5.46,5.38,5.43,5474570,29729133.55,3,0.296800,1,0.0,12.539016,0.9286110000000001,1.111833,3.541762,0,5.531999999999969,5.639000000000033,5.80549999999999,-1,-1,-1,-1,-1,12.39341085271296,17.97347621219002,1.2332801337588393,-1,-0.12655943454040486,-0.07650964112280365,-0.05004979341760121
2020-10-23,sh.600748,5.45,5.48,5.39,5.4,6607800,35912327.52,3,0.358200,1,-0.5525,12.46974,0.92348,1.105691,3.522194,0,5.483999999999969,5.605000000000033,5.76199999999999,-1,-1,-1,-1,-1,6.8659420289853275,12.05418921865988,-3.5105523503637777,-1,-0.13678088526227317,-0.08856388995069756,-0.04821699531157561
2020-10-26,sh.600748,5.4,5.42,5.31,5.34,5834153,31188933.62,3,0.316300,1,-1.1111,12.331187,0.91322,1.093405,3.483058,0,5.427999999999969,5.554000000000033,5.71099999999999,-1,-1,-1,-1,-1,6.865942028985386,8.708431636894474,3.180962813167209,-1,-0.14801671263396798,-0.10045445448735164,-0.04756225814661634
2020-10-27,sh.600748,5.34,5.4,5.21,5.26,12738692,67238626.78,3,0.690600,1,-1.4981,12.14645,0.899538,1.077025,3.430878,0,5.371999999999969,5.501000000000033,5.6644999999999905,-1,-1,-1,-1,-1,6.508799171842532,6.746894409937664,6.032608695652266,-1,-0.16151467752479398,-0.11266649909484011,-0.04884817842995387
2020-10-28,sh.600748,5.23,5.27,5.14,5.26,8639813,45011087.48,3,0.468400,1,0.0,12.14645,0.899538,1.077025,3.430878,0,5.337999999999968,5.461000000000033,5.626499999999991,-1,-1,-1,-1,-1,11.511136712749469,8.295292637859045,17.942824862530315,1,-0.1702493830372669,-0.12418307588332547,-0.046066307153941416
2020-10-29,sh.600748,5.2,5.3,5.19,5.28,5535646,29031356.17,3,0.300100,1,0.3802,12.192634,0.9029590000000001,1.08112,3.443923,0,5.307999999999969,5.420000000000034,5.591999999999991,-1,-1,-1,-1,-1,16.95468509984626,11.658206994812668,27.54764130991344,1,-0.17355720777738348,-0.13405790226213707,-0.03949930551524641
2020-10-30,sh.600748,5.27,5.35,5.07,5.07,11609773,60278094.32,3,0.629400,1,-3.9773,11.75331,0.866767,1.073542,3.733786,0,5.241999999999969,5.363000000000033,5.54149999999999,-1,-1,-1,-1,-1,13.978494623655791,14.148105478750422,13.639272913466531,-1,-0.19092308519169254,-0.14543093884804817,-0.045492146343644374
2020-11-02,sh.600748,5.09,5.13,5.04,5.08,8354857,42402576.67,3,0.452900,1,0.1972,11.776492,0.868476,1.075659,3.741150,0,5.189999999999969,5.309000000000034,5.50499999999999,-1,-1,-1,-1,-1,10.090984284532547,13.674721336011446,2.923510181574752,-1,-0.2015553471522864,-0.15665582050889582,-0.044899526643390586
2020-11-03,sh.600748,5.1,5.22,5.09,5.19,7924560,40970652.32,3,0.429600,1,2.1654,12.031495,0.887282,1.098951,3.822160,0,5.17599999999997,5.274000000000034,5.478499999999991,1,-1,-1,-1,-1,13.927738927738792,12.665739278642292,16.45173822593179,1,-0.19881361111397933,-0.16508737862991252,-0.03372623248406681
2020-11-04,sh.600748,5.21,5.22,5.08,5.1,8426163,43112974.04,3,0.456800,1,-1.7341,11.822856,0.8718959999999999,1.0798940000000001,3.755879,0,5.14399999999997,5.241000000000033,5.44849999999999,-1,-1,-1,-1,-1,18.4731934731933,14.163972228488129,27.091635962603643,1,-0.20157933232483316,-0.17238576936889666,-0.029193562955936503
2020-11-05,sh.600748,5.13,5.3,5.11,5.28,12464705,65022416.03,3,0.675800,1,3.5294,12.240133,0.902668,1.118008,3.888440,0,5.14399999999997,5.226000000000034,5.43249999999999,1,1,-1,-1,-1,36.96172248803813,23.12088496298999,64.6433975381344,1,-0.18709003319003337,-0.175326622133124,-0.011763411056909368
2020-11-06,sh.600748,5.26,5.31,5.17,5.22,10794030,56343128.8,3,0.585200,1,-1.1364,12.101041,0.8924110000000001,1.105304,3.844253,0,5.173999999999969,5.208000000000034,5.4064999999999905,1,1,-1,-1,-1,42.26475279106837,32.56655625076652,61.661145871672076,1,-0.17839226283439213,-0.17593975027337763,-0.0024525125610145027
2020-11-09,sh.600748,5.24,5.33,5.23,5.23,14588500,76965757.14,3,0.790900,1,0.1916,12.124222999999999,0.89412,1.107421,3.851618,0,5.20399999999997,5.197000000000034,5.375499999999991,1,1,-1,1,-1,58.14940577249564,45.79196035053396,82.864296616419,1,-0.1687470893325722,-0.17450121808521654,0.005754128752644333
2020-11-10,sh.600748,5.25,5.3,5.15,5.17,14527659,75689853.79,3,0.787600,1,-1.1472,11.985130999999999,0.883863,1.094716,3.807431,0,5.19999999999997,5.188000000000034,5.344499999999991,-1,-1,-1,1,-1,51.075268817204176,50.496475793589305,52.23285486443392,1,-0.164053610499721,-0.17241169656811745,0.008358086068396442
2020-11-11,sh.600748,5.18,5.3,5.14,5.23,11101278,58088863.05,3,0.601800,1,1.1605,12.124222999999999,0.89412,1.107421,3.851618,0,5.22599999999997,5.185000000000035,5.3229999999999915,1,1,-1,1,-1,54.83870967741934,54.6877947557063,55.14053952084542,1,-0.1537205018927894,-0.16867345763305183,0.014952955740262425
2020-11-12,sh.600748,5.23,5.26,5.17,5.2,5796851,30185442.99,3,0.314300,1,-0.5736,12.054677,0.888992,1.101069,3.829524,0,5.20999999999997,5.177000000000035,5.298499999999992,-1,1,-1,1,-1,52.79940674823872,52.90446174762065,52.589296749474855,-1,-0.14626612333302536,-0.16419199077304653,0.01792586744002117
2020-11-13,sh.600748,5.18,5.2,5.07,5.13,8043321,41240431.72,3,0.436100,1,-1.3462,11.892402,0.877024,1.086247,3.777973,0,5.19199999999997,5.183000000000035,5.272999999999991,-1,-1,-1,1,-1,46.51321981689045,51.38377874751608,36.77210195563917,-1,-0.14434299342628076,-0.16022219130369336,0.0158791978774126
2020-11-16,sh.600748,5.14,5.21,5.14,5.2,7448450,38577814.19,3,0.403800,1,1.3645,12.054677,0.888992,1.101069,3.829524,0,5.18599999999997,5.195000000000036,5.251999999999991,1,1,-1,-1,-1,42.74977895667532,47.35413517393474,33.54106652215647,-1,-0.13560728773380237,-0.15529921058971516,0.019691922855912786
2020-11-17,sh.600748,5.2,5.35,5.17,5.31,14513188,76644864.6,3,0.786800,1,2.1154,12.30968,0.907797,1.1243610000000002,3.910533,0,5.213999999999969,5.207000000000036,5.240499999999991,1,1,1,1,-1,52.930402930402714,47.397800567989414,63.99560765522931,1,-0.11844276290084821,-0.14792792105194177,0.029485158151093566
2020-11-18,sh.600748,5.31,5.38,5.26,5.32,9016835,48008879.48,3,0.488800,1,0.1883,12.332861999999999,0.909507,1.126478,3.917898,0,5.231999999999969,5.2290000000000365,5.2349999999999905,1,1,1,1,-1,72.11981566820263,55.9333325184268,104.49278196775428,1,-0.10284727748584643,-0.1389117923387227,0.03606451485287626
2020-11-19,sh.600748,5.33,5.38,5.28,5.32,8631637,46062478.17,3,0.468000,1,0.0,12.332861999999999,0.909507,1.126478,3.917898,0,5.25599999999997,5.233000000000036,5.22949999999999,1,1,1,1,1,82.33486943164353,69.12836267674953,108.7478829414315,1,-0.08945654358536537,-0.12902074258805124,0.039564199002685874
2020-11-20,sh.600748,5.28,5.32,5.23,5.32,6980358,36840827.68,3,0.378400,1,0.0,12.332861999999999,0.909507,1.126478,3.917898,0,5.29399999999997,5.243000000000036,5.22549999999999,1,1,1,1,1,80.64516129032252,78.36661546338946,85.20225294418864,1,-0.07794578006122332,-0.11880575008268565,0.04085997002146233
2020-11-23,sh.600748,5.32,5.38,5.27,5.34,9741890,51916970.62,3,0.528100,1,0.3759,12.379226,0.912926,1.1307129999999999,3.932627,0,5.32199999999997,5.254000000000036,5.22549999999999,1,1,1,1,1,82.79569892473108,81.92524321556562,84.53661034306202,1,-0.06644366299745119,-0.10833333266563876,0.041889669668187565
2020-11-24,sh.600748,5.36,5.38,5.29,5.29,7514328,40021182.56,3,0.407400,1,-0.9363,12.263314999999999,0.904378,1.120126,3.895804,0,5.31799999999997,5.2660000000000355,5.22699999999999,-1,1,1,1,1,79.56989247311816,81.00358422939048,76.70250896057351,-1,-0.06066344406717494,-0.098799354945946,0.03813591087877105
2020-11-25,sh.600748,5.3,5.37,5.26,5.26,8314200,44190136.0,3,0.450700,1,-0.5671,12.193769,0.899249,1.113773,3.873711,0,5.305999999999971,5.269000000000036,5.22699999999999,-1,-1,1,1,1,73.1182795698923,78.49462365591376,62.36559139784936,-1,-0.057836623605366455,-0.09060680867783008,0.032770185072463626
2020-11-26,sh.600748,5.26,5.29,5.21,5.28,5512711,28948963.01,3,0.298900,1,0.3802,12.240133,0.902668,1.118008,3.888440,0,5.297999999999971,5.277000000000036,5.22699999999999,-1,1,1,1,1,63.53046594982067,72.07287933094362,46.445639187574784,-1,-0.05336732981215064,-0.0831589129046942,0.029791583092543553
2020-11-27,sh.600748,5.24,5.35,5.24,5.35,7706871,40904140.63,3,0.417800,1,1.3258,12.402408,0.914636,1.13283,3.939991,0,5.303999999999971,5.299000000000036,5.24099999999999,1,1,1,1,1,68.44598054275458,68.36490868748909,68.60812425328558,1,-0.043673526073167324,-0.07526183553838882,0.031588309465221495
2020-11-30,sh.600748,5.35,5.47,5.3,5.34,12362349,66791108.7,3,0.670200,1,-0.1869,12.379226,0.912926,1.1307129999999999,3.932627,0,5.303999999999971,5.313000000000035,5.25399999999999,1,1,1,-1,1,64.68253968253957,65.55299539170484,62.941628264209015,-1,-0.03637868239079456,-0.06748520490886997,0.031106522518075413
2020-12-01,sh.600748,5.32,5.4,5.26,5.39,9931952,52894195.02,3,0.538400,1,0.9363,12.495136,0.921474,1.1413,3.969449,0,5.323999999999971,5.321000000000035,5.2639999999999905,1,1,1,1,1,68.31501831501812,67.147846180104,70.64936258484639,1,-0.026260173153713318,-0.059240198557838644,0.03298002540412533
2020-12-02,sh.600748,5.38,5.47,5.33,5.42,11063130,59933407.24,3,0.599800,1,0.5566,12.564682000000001,0.9266030000000001,1.1476520000000001,3.991542,0,5.3559999999999715,5.331000000000035,5.2799999999999905,1,1,1,1,1,66.66666666666653,66.55474155474131,66.89051689051698,1,-0.01564014257590074,-0.050520187361451065,0.034880044785550325
2020-12-03,sh.600748,5.39,5.45,5.38,5.4,6842000,36998819.8,3,0.370900,1,-0.369,12.518317999999999,0.923184,1.143417,3.976814,0,5.3799999999999715,5.339000000000035,5.285999999999991,1,1,1,1,1,74.3589743589743,69.78021978021955,83.51648351648376,1,-0.008736812150822892,-0.04216351231932543,0.033426700168502535
2020-12-04,sh.600748,5.37,5.4,5.28,5.35,6912478,36841885.55,3,0.374700,1,-0.9259,12.402408,0.914636,1.13283,3.939991,0,5.3799999999999715,5.342000000000035,5.292499999999991,-1,1,1,1,1,69.23076923076916,70.08547008546991,67.52136752136764,-1,-0.0072172591152117604,-0.0351742616785027,0.027957002563290936
2020-12-07,sh.600748,5.36,5.37,5.25,5.25,7362710,38940073.3,3,0.399200,1,-1.8692,12.170587,0.89754,1.111656,3.866346,0,5.361999999999972,5.333000000000036,5.29349999999999,-1,-1,-1,1,1,47.435897435897346,63.67521367521351,14.95726495726501,-1,-0.013921686120186294,-0.030923746566839418,0.017002060446653124
2020-12-08,sh.600748,5.27,5.28,5.22,5.25,3620607,19025002.75,3,0.196300,1,0.0,12.170587,0.89754,1.111656,3.866346,0,5.333999999999971,5.329000000000035,5.2974999999999905,-1,-1,-1,1,1,28.20512820512805,48.2905982905981,-11.965811965812037,-1,-0.01901579062698744,-0.028542155378869023,0.009526364751881584
2020-12-09,sh.600748,5.25,5.27,5.15,5.16,6339510,33039455.6,3,0.343700,1,-1.7143,11.961948,0.8821530000000001,1.0925989999999999,3.800066,0,5.281999999999972,5.3190000000000355,5.29399999999999,-1,-1,-1,-1,-1,11.298076923076776,28.97970085470064,-24.06517094017095,-1,-0.029969681159358608,-0.02882766053496694,-0.0011420206243916674
2020-12-10,sh.600748,5.18,5.19,5.13,5.16,3748600,19358000.65,3,0.203200,1,0.0,11.961948,0.8821530000000001,1.0925989999999999,3.800066,0,5.233999999999972,5.307000000000035,5.291999999999989,-1,-1,-1,-1,-1,9.1110482654599,16.20475113122149,-5.076357466063278,-1,-0.03821025429828939,-0.03070417928763143,-0.0075060750106579616
2020-12-11,sh.600748,5.17,5.18,5.07,5.11,7166987,36599331.0,3,0.388500,1,-0.969,11.846038,0.873605,1.082012,3.763244,0,5.1859999999999715,5.283000000000035,5.29099999999999,-1,-1,-1,-1,-1,7.316176470588103,9.241767219708175,3.4649949723479594,-1,-0.04821970328977887,-0.03420728408806092,-0.014012419201717953
2020-12-14,sh.600748,5.09,5.15,5.08,5.15,4264194,21840038.46,3,0.231200,1,0.7828,11.938766000000001,0.880444,1.090482,3.792702,0,5.165999999999971,5.264000000000035,5.28849999999999,-1,-1,-1,-1,-1,12.941176470588138,9.78946706887863,19.244595274007153,1,-0.052321468701460816,-0.037830121010740896,-0.01449134769071992
2020-12-15,sh.600748,5.15,5.15,5.09,5.1,3978800,20333847.61,3,0.215700,1,-0.9709,11.822856,0.8718959999999999,1.0798940000000001,3.755879,0,5.135999999999972,5.235000000000035,5.27799999999999,-1,-1,-1,-1,-1,12.631578947368242,10.962977296181409,15.96878224974191,1,-0.058927450506038426,-0.0420495869098004,-0.016877863596238024
2020-12-16,sh.600748,5.11,5.11,5.06,5.07,4600282,23380604.05,3,0.249400,1,-0.5882,11.75331,0.866767,1.073542,3.733786,0,5.117999999999972,5.200000000000035,5.265499999999989,-1,-1,-1,-1,-1,10.278637770897712,11.95046439628461,6.9349845201239155,-1,-0.06582470177166488,-0.0468046098821733,-0.019020091889491587
2020-12-17,sh.600748,5.08,5.13,5.01,5.11,5069914,25694237.84,3,0.274900,1,0.789,11.846038,0.873605,1.082012,3.763244,0,5.107999999999971,5.171000000000035,5.254999999999989,1,-1,-1,-1,-1,12.871230363490332,11.927149027252009,14.759393035966976,1,-0.06728750886841794,-0.050901189679422226,-0.01638631918899572
2020-12-18,sh.600748,5.12,5.17,5.05,5.05,6174400,31497352.79,3,0.334700,1,-1.1742,11.706946,0.863348,1.069307,3.719057,0,5.095999999999972,5.141000000000035,5.241499999999989,-1,-1,-1,-1,-1,15.177923021060233,12.775930385149339,19.98190829288202,1,-0.07245309837307179,-0.05521157141815214,-0.01724152695491965
2020-12-21,sh.600748,5.05,5.12,5.05,5.1,3772853,19198217.3,3,0.204500,1,0.9901,11.822856,0.8718959999999999,1.0798940000000001,3.755879,0,5.085999999999972,5.126000000000035,5.229499999999988,1,-1,-1,-1,-1,25.73599240265895,17.928381929069754,41.351213349837344,1,-0.07168593233400511,-0.05850644360132273,-0.013179488732682376
2020-12-22,sh.600748,5.12,5.13,5.01,5.01,7098370,35905105.89,3,0.384800,1,-1.7647,11.614217,0.856509,1.060837,3.689599,0,5.067999999999971,5.102000000000034,5.215499999999988,-1,-1,-1,-1,-1,16.476733143399652,19.130216189039526,11.169767052119902,-1,-0.07744742979816621,-0.06229464084069143,-0.01515278895747478
2020-12-23,sh.600748,5.01,5.04,5.01,5.02,3979547,19986361.5,3,0.215700,1,0.1996,11.6374,0.8582190000000001,1.0629549999999999,3.696964,0,5.0579999999999705,5.088000000000034,5.203499999999988,-1,-1,-1,-1,-1,13.499245852186833,18.57065713274839,3.35642329106372,-1,-0.0802811109476016,-0.06589193486207347,-0.01438917608552813
2020-12-24,sh.600748,5.02,5.04,4.84,4.86,8418920,41424966.66,3,0.456400,1,-3.1873,11.266486,0.830865,1.029076,3.579132,0,5.007999999999971,5.058000000000034,5.182499999999988,-1,-1,-1,-1,-1,3.9809863339273694,11.318988443171198,-10.695017884560288,-1,-0.09434987981456544,-0.07158352385257186,-0.022766355961993584
2020-12-25,sh.600748,4.86,4.99,4.85,4.97,5244735,25925141.86,3,0.284300,1,2.2634,11.521489,0.849671,1.052368,3.660141,0,4.991999999999971,5.044000000000034,5.1634999999999875,-1,-1,-1,-1,-1,17.112299465240486,11.53084388378481,28.275210628151843,1,-0.09552227844464145,-0.07637127477098578,-0.019151003673655673
2020-12-28,sh.600748,4.96,4.99,4.88,4.9,3865207,18970219.3,3,0.209500,1,-1.4085,11.359214999999999,0.8377040000000001,1.0375459999999999,3.608590,0,4.95199999999997,5.019000000000034,5.141499999999988,-1,-1,-1,-1,-1,21.212121212121144,14.101802337096245,35.43275896217094,1,-0.1009362969902039,-0.0812842792148294,-0.019652017775374495
2020-12-29,sh.600748,4.89,4.96,4.86,4.88,4005938,19692932.86,3,0.217200,1,-0.4082,11.312851,0.834284,1.033311,3.593861,0,4.92599999999997,4.997000000000034,5.115999999999987,-1,-1,-1,-1,-1,23.23232323232312,20.518914636561494,28.659140423846374,1,-0.10562321981661071,-0.08615206733518567,-0.019471152481425044
2020-12-30,sh.600748,4.9,4.92,4.86,4.86,4521127,22060097.92,3,0.245100,1,-0.4098,11.266486,0.830865,1.029076,3.579132,0,4.89399999999997,4.976000000000034,5.087999999999988,-1,-1,-1,-1,-1,12.12121212121207,18.85521885521869,-1.346801346801172,-1,-0.10968706852884846,-0.09085906757391823,-0.01882800095493023
2020-12-31,sh.600748,4.87,4.92,4.86,4.91,4550437,22268885.13,3,0.246700,1,1.0288,11.382397000000001,0.839413,1.039663,3.615955,0,4.90399999999997,4.956000000000034,5.063499999999987,1,-1,-1,-1,-1,14.106583072100245,16.48670614187839,9.346336932543956,-1,-0.1076323965110415,-0.0942137333613429,-0.013418663149698612
2021-01-04,sh.600748,4.9,4.9,4.81,4.82,10120806,48934525.02,3,0.548700,1,-1.833,11.173758,0.8240270000000001,1.020606,3.549674,0,4.87399999999997,4.9330000000000345,5.0369999999999875,-1,-1,-1,-1,-1,11.107845698362938,12.445213630558328,8.43310983397216,-1,-0.11197551790437199,-0.09776609026994872,-0.014209427634423275
2021-01-05,sh.600748,4.83,4.85,4.65,4.7,18848933,89108579.37,3,1.021900,1,-2.4896,10.895572999999999,0.803512,0.9951969999999999,3.461301,0,4.833999999999969,4.893000000000034,5.009499999999988,-1,-1,-1,-1,-1,13.361147951665137,12.858525574042686,14.366392706910037,1,-0.12367482363527937,-0.10294783694301485,-0.020726986692264526
2021-01-06,sh.600748,4.67,4.71,4.62,4.68,8036504,37469585.57,3,0.435700,1,-0.4255,10.849209,0.800092,0.9909620000000001,3.446572,0,4.79399999999997,4.860000000000035,4.980999999999987,-1,-1,-1,-1,-1,10.077075702075584,11.515356450701132,7.20051420482449,-1,-0.1330269882548185,-0.10896366720537558,-0.024063321049442934
2021-01-07,sh.600748,4.68,4.72,4.56,4.57,11069110,51329547.3,3,0.600100,1,-2.3504,10.594206,0.781287,0.96767,3.365563,0,4.7359999999999705,4.815000000000035,4.951499999999987,-1,-1,-1,-1,-1,9.81060283385851,11.082942162532989,7.265924176509554,-1,-0.14761313445810664,-0.11669356065592179,-0.030919573802184852
2021-01-08,sh.600748,4.58,4.7,4.45,4.66,12151492,55962402.2,3,0.658800,1,1.9694,10.802845,0.796673,0.986727,3.431843,0,4.68599999999997,4.7950000000000355,4.9264999999999874,-1,-1,-1,-1,-1,18.50006152331721,12.795913353083682,29.908357863784264,1,-0.15017933864064759,-0.12339071625286695,-0.02678862238778064
2021-01-11,sh.600748,4.66,4.7,4.58,4.6,5238273,24199226.13,3,0.284000,1,-1.2876,10.663753,0.786416,0.9740219999999999,3.387656,0,4.64199999999997,4.758000000000036,4.900999999999987,-1,-1,-1,-1,-1,23.5420783300399,17.28424756240512,36.05773986530946,1,-0.15526477680485318,-0.1297655283632642,-0.02549924844158899
2021-01-12,sh.600748,4.59,4.67,4.54,4.58,7289928,33429480.56,3,0.395200,1,-0.4348,10.617388,0.782996,0.9697870000000001,3.372927,0,4.617999999999971,4.726000000000036,4.872499999999986,-1,-1,-1,-1,-1,31.9867426876186,24.676294180325147,46.60763970220551,1,-0.15907513688444563,-0.1356274500675005,-0.023447686816945146
2021-01-13,sh.600748,4.6,4.65,4.51,4.62,7234968,33206388.5,3,0.392200,1,0.8734,10.710117,0.7898350000000001,0.9782569999999999,3.402385,0,4.6059999999999715,4.700000000000036,4.848499999999987,1,-1,-1,-1,-1,31.080517313308125,28.86977944365545,35.50199305261348,1,-0.1570567564694887,-0.13991331134789814,-0.01714344512159055
2021-01-14,sh.600748,4.6,4.71,4.59,4.71,7400788,34637152.46,3,0.401200,1,1.9481,10.918755,0.805221,0.9973139999999999,3.468665,0,4.633999999999971,4.685000000000036,4.830499999999987,1,1,-1,-1,-1,40.53585500393994,34.5343716682888,52.53882167524223,1,-0.14650609652649393,-0.1412318683836173,-0.005274228142876647
2021-01-15,sh.600748,4.68,4.77,4.67,4.71,5744299,27180603.76,3,0.311400,1,0.0,10.918755,0.805221,0.9973139999999999,3.468665,0,4.643999999999972,4.665000000000036,4.810499999999987,1,1,-1,-1,-1,52.982663514578256,41.53301194394202,75.88196665585072,1,-0.13657032481586828,-0.1402995596700675,0.0037292348541992093
2021-01-18,sh.600748,4.71,4.77,4.69,4.74,5248484,24863036.8,3,0.284500,1,0.6369,10.988302000000001,0.81035,1.003666,3.490759,0,4.671999999999971,4.6570000000000356,4.794999999999987,1,1,-1,1,-1,71.13425925925917,54.88425925925903,103.63425925925942,1,-0.12483636891932903,-0.1372069215199198,0.012370552600590778
2021-01-19,sh.600748,4.74,5.0,4.71,4.95,18259282,89417045.1,3,0.989900,1,4.4304,11.475125,0.846252,1.048133,3.645412,0,4.745999999999972,4.682000000000036,4.787499999999987,1,1,1,1,-1,82.17803030303024,68.7649843589558,109.0041221911791,1,-0.0974683251950399,-0.12925920225494383,0.03179087705990394
2021-01-20,sh.600748,4.96,4.96,4.81,4.85,8686625,42223882.12,3,0.470900,1,-2.0202,11.243304,0.829156,1.026958,3.571768,0,4.791999999999971,4.699000000000035,4.779499999999986,1,1,1,1,1,84.75378787878778,79.35535914702564,95.55064534231207,1,-0.08289258352848794,-0.11998587850965266,0.03709329498116472
2021-01-21,sh.600748,4.86,4.88,4.81,4.82,5382088,26063862.1,3,0.291800,1,-0.6186,11.173758,0.8240270000000001,1.020606,3.549674,0,4.813999999999972,4.724000000000036,4.7694999999999865,1,1,1,1,1,75.63388991960407,80.85523603380727,65.19119769119766,-1,-0.07292136047317221,-0.11057297490235657,0.037651614429184355
2021-01-22,sh.600748,4.82,4.83,4.7,4.71,6951081,32905240.83,3,0.376800,1,-2.2822,10.918755,0.805221,0.9973139999999999,3.468665,0,4.813999999999972,4.729000000000036,4.761999999999986,-1,-1,-1,1,1,58.93630179344451,73.10799319727869,30.59291898577615,-1,-0.07305306479766038,-0.10306899288141733,0.030015928083756943
2021-01-25,sh.600748,4.73,4.74,4.57,4.59,7332837,33931620.48,3,0.397500,1,-2.5478,10.64057,0.784706,0.9719049999999999,3.380291,0,4.783999999999971,4.728000000000035,4.742999999999986,-1,-1,-1,1,1,40.13605442176859,58.2354153782723,3.9373325087611732,-1,-0.08189638796017817,-0.0988344718971695,0.016938083936991324
2021-01-26,sh.600748,4.66,4.68,4.51,4.52,5621081,25734075.07,3,0.304700,1,-1.5251,10.478296,0.7727390000000001,0.957083,3.328740,0,4.697999999999971,4.722000000000035,4.723999999999986,-1,-1,-1,-1,-1,19.72789115646243,39.600082457225085,-20.016491445062883,-1,-0.09347567091702036,-0.09776271170113968,0.004287040784119317
2021-01-27,sh.600748,4.54,4.58,4.51,4.53,4175628,18977753.84,3,0.226400,1,0.2212,10.501478,0.7744479999999999,0.9592,3.336105,0,4.633999999999972,4.713000000000036,4.706499999999986,-1,-1,-1,-1,-1,7.482993197278784,22.44897959183651,-22.448979591836665,-1,-0.10068478809497883,-0.09834712697990751,-0.0023376611150713184
2021-01-28,sh.600748,4.55,4.56,4.51,4.54,3793800,17222553.0,3,0.205700,1,0.2208,10.52466,0.776158,0.961318,3.343469,0,4.577999999999972,4.696000000000035,4.690499999999987,-1,-1,-1,-1,-1,4.08163265306111,10.43083900226735,-8.61678004535137,-1,-0.10438783103389238,-0.09955526779070448,-0.004832563243187898
2021-01-29,sh.600748,4.52,4.62,4.46,4.53,6455108,29249262.13,3,0.350000,1,-0.2203,10.501478,0.7744479999999999,0.9592,3.336105,0,4.541999999999971,4.6780000000000355,4.671499999999987,-1,-1,-1,-1,-1,7.722348198538593,6.42899134962607,10.309061896363637,1,-0.10689719138735665,-0.10102365251003491,-0.005873538877321741
2021-02-01,sh.600748,4.51,4.52,4.46,4.48,4643801,20818780.9,3,0.251800,1,-1.1038,10.385568,0.7659,0.9486129999999999,3.299282,0,4.519999999999972,4.652000000000035,4.654499999999986,-1,-1,-1,-1,-1,7.695137314184851,6.499706055261426,10.085999832031701,1,-0.1116336168336618,-0.10314564537476029,-0.008487971458901511
2021-02-02,sh.600748,4.46,4.55,4.46,4.5,4787173,21537466.71,3,0.259500,1,0.4464,10.431932000000002,0.76932,0.9528479999999999,3.314011,0,4.515999999999972,4.607000000000035,4.6444999999999865,-1,-1,-1,-1,-1,8.828924162257401,8.082136558326857,10.32249937011849,1,-0.11247687190602473,-0.10501189068101317,-0.0074649812250115605
2021-02-03,sh.600748,4.49,4.53,4.43,4.49,4566507,20437207.8,3,0.247600,1,-0.2222,10.40875,0.76761,0.95073,3.306647,0,4.507999999999972,4.571000000000035,4.634999999999986,-1,-1,-1,-1,-1,9.507936507936433,8.677332661459468,11.169144200890361,1,-0.11265347491820599,-0.10654020752845174,-0.006113267389754248
2021-02-04,sh.600748,4.51,4.51,4.32,4.33,7963773,34936830.34,3,0.431700,1,-3.5635,10.037837,0.7402569999999999,0.916851,3.188815,0,4.465999999999971,4.522000000000035,4.622999999999985,-1,-1,-1,-1,-1,8.968253968253846,9.101704879482467,8.701352145796601,-1,-0.12427157158110358,-0.1100864803389821,-0.014185091242121473
2021-02-05,sh.600748,4.34,4.45,4.3,4.4,4761385,20858120.0,3,0.258100,1,1.6166,10.200111,0.752224,0.931674,3.240367,0,4.439999999999971,4.491000000000034,4.609999999999986,-1,-1,-1,-1,-1,14.565580618212119,11.013923698134038,21.668894458368282,1,-0.1263738231365803,-0.11334394889850175,-0.013029874238078554
2021-02-08,sh.600748,4.42,4.44,4.36,4.37,3951717,17400059.69,3,0.214200,1,-0.6818,10.130564999999999,0.747095,0.925321,3.218273,0,4.417999999999971,4.469000000000035,4.598499999999986,-1,-1,-1,-1,-1,16.85724728487877,13.463693957114819,23.644353940406678,1,-0.12897389118561176,-0.11646993735592374,-0.012503953829688011
2021-02-09,sh.600748,4.41,4.41,4.34,4.4,3716703,16283746.17,3,0.201500,1,0.6865,10.200111,0.752224,0.931674,3.240367,0,4.39799999999997,4.4570000000000345,4.589499999999987,1,-1,-1,-1,-1,26.480263157894708,19.301030353661773,40.838728766360575,1,-0.1271480312105151,-0.11860555612684201,-0.00854247508367309
2021-02-10,sh.600748,4.4,4.45,4.39,4.4,4147936,18326631.44,3,0.224900,1,0.0,10.200111,0.752224,0.931674,3.240367,0,4.37999999999997,4.444000000000034,4.578499999999987,1,-1,-1,-1,-1,28.124999999999968,23.82083681425772,36.73332637148446,1,-0.12426853372335334,-0.11973815164614428,-0.004530382077209058
2021-02-18,sh.600748,4.43,4.54,4.43,4.52,5640889,25335978.06,3,0.305800,1,2.7273,10.478296,0.7727390000000001,0.957083,3.328740,0,4.41799999999997,4.442000000000034,4.568999999999987,1,1,-1,-1,-1,50.16666666666657,34.92397660818699,80.65204678362574,1,-0.11102370197445666,-0.11799526171180676,0.0069715597373501
2021-02-19,sh.600748,4.52,4.66,4.52,4.64,5633413,25881595.42,3,0.305400,1,2.6549,10.756480999999999,0.793254,0.982492,3.417114,0,4.46599999999997,4.453000000000034,4.565499999999988,1,1,1,1,-1,71.2314814814813,49.84104938271585,114.01234567901218,1,-0.08980882009740743,-0.11235797338892689,0.022549153291519464
2021-02-22,sh.600748,4.62,4.79,4.61,4.67,9681317,45561289.37,3,0.524900,1,0.6466,10.826027,0.798383,0.9888440000000001,3.439207,0,4.52599999999997,4.472000000000034,4.561999999999988,1,1,1,1,-1,85.98488284202546,69.12767699672435,119.69929453262768,1,-0.06977084916698484,-0.10384054854453847,0.034069699377553636
2021-02-23,sh.600748,4.65,4.71,4.57,4.58,5495704,25374927.95,3,0.297900,1,-1.9272,10.617388,0.782996,0.9697870000000001,3.372927,0,4.561999999999969,4.480000000000034,4.543499999999987,1,1,1,1,1,75.69916855631122,77.63851095993924,71.82048374905517,-1,-0.060455961980277806,-0.09516363123168634,0.03470766925140853
2021-02-24,sh.600748,4.59,4.68,4.59,4.62,5898664,27349911.7,3,0.319800,1,0.8734,10.710117,0.7898350000000001,0.9782569999999999,3.402385,0,4.60599999999997,4.493000000000033,4.531999999999988,1,1,1,1,1,65.98639455782298,75.89014865205313,46.17888636936269,-1,-0.04927813342111609,-0.08598653166957229,0.0367083982484562
2021-02-25,sh.600748,4.67,4.94,4.63,4.83,20963512,101275314.61,3,1.136500,1,4.5455,11.19694,0.825736,1.022723,3.557039,0,4.667999999999969,4.543000000000033,4.532499999999988,1,1,1,1,1,68.0385487528343,69.9080372889894,64.29957168052411,-1,-0.023206864510991743,-0.07343059823785618,0.050223733726864436
2021-02-26,sh.600748,4.74,4.82,4.68,4.69,11038023,52142720.0,3,0.598400,1,-2.8986,10.872391,0.801802,0.993079,3.453936,0,4.67799999999997,4.572000000000033,4.531499999999989,1,1,1,1,1,68.43537414965971,67.48677248677222,70.33257747543468,1,-0.013684282151082527,-0.061481335020501446,0.04779705286941892
2021-03-01,sh.600748,4.71,4.75,4.67,4.71,5504060,25917584.9,3,0.298400,1,0.4264,10.918755,0.805221,0.9973139999999999,3.468665,0,4.68599999999997,4.606000000000034,4.537499999999988,1,1,1,1,1,66.06060606060588,67.51150965436653,63.15879887308455,-1,-0.0044721816451573915,-0.05007950434543264,0.045607322700275246
2021-03-02,sh.600748,4.72,4.78,4.63,4.66,7257373,34052033.37,3,0.393400,1,-1.0616,10.802845,0.796673,0.986727,3.431843,0,4.701999999999971,4.632000000000033,4.544499999999988,-1,1,1,1,1,53.87106357694577,62.78901459573703,36.03516153936326,-1,-0.0011923629394319235,-0.040302076064232494,0.03910971312480057
2021-03-03,sh.600748,4.66,4.71,4.63,4.69,4387500,20523812.1,3,0.237900,1,0.6438,10.872391,0.801802,0.993079,3.453936,0,4.715999999999971,4.661000000000033,4.552499999999988,-1,1,1,1,1,47.918682624564845,55.9501174207054,31.855813032283734,-1,0.0037840461655038737,-0.03148485161828522,0.0352688977837891
2021-03-04,sh.600748,4.66,4.73,4.65,4.67,4940130,23132166.56,3,0.267800,1,-0.4264,10.826027,0.798383,0.9888440000000001,3.439207,0,4.683999999999971,4.676000000000033,4.558999999999988,-1,-1,1,1,1,37.53375223963443,46.44116614704826,19.718924424806787,-1,0.0060443775592231574,-0.023979005782783547,0.030023383342006705
2021-03-05,sh.600748,4.65,4.73,4.63,4.71,6294220,29470198.12,3,0.341200,1,0.8565,10.918755,0.805221,0.9973139999999999,3.468665,0,4.68799999999997,4.683000000000034,4.567999999999987,1,1,1,1,1,35.113685113684916,40.18870665929464,24.96364202246548,-1,0.010937293864168751,-0.01699574585339309,0.02793303971756184
2021-03-08,sh.600748,4.7,4.77,4.7,4.74,6276701,29690766.52,3,0.340300,1,0.6369,10.988302000000001,0.81035,1.003666,3.490759,0,4.69399999999997,4.690000000000033,4.580999999999987,1,1,1,1,1,35.907335907335685,36.18492442021826,35.35215888157053,-1,0.01703929616731159,-0.010188737449252153,0.027228033616563743
2021-03-09,sh.600748,4.72,4.77,4.62,4.7,6397353,29981873.79,3,0.346800,1,-0.8439,10.895572999999999,0.803512,0.9951969999999999,3.461301,0,4.70199999999997,4.702000000000034,4.590999999999987,-1,-1,1,-1,1,35.231660231660044,35.41756041756013,34.85985985985987,-1,0.018435003998351185,-0.004463989159731485,0.02289899315808267
2021-03-10,sh.600748,4.71,4.76,4.63,4.63,5561991,25993070.1,3,0.301500,1,-1.4894,10.733299,0.7915439999999999,0.980375,3.409749,0,4.689999999999969,4.703000000000034,4.5979999999999865,-1,-1,1,-1,1,24.285714285714093,31.808236808236526,9.240669240669227,-1,0.013734376185082553,-0.0008243160907686767,0.014558692275851229
2021-03-11,sh.600748,4.66,4.69,4.61,4.66,5091679,23625466.36,3,0.276000,1,0.6479,10.802845,0.796673,0.986727,3.431843,0,4.687999999999969,4.686000000000034,4.614499999999987,-1,-1,1,1,1,19.803921568627214,26.440432028667033,6.530900648547572,-1,0.012288193411894355,0.0017981858097639294,0.010490007602130424
2021-03-12,sh.600748,4.67,4.79,4.61,4.75,9368707,44089444.59,3,0.507900,1,1.9313,11.011484,0.81206,1.005784,3.498123,0,4.695999999999969,4.692000000000034,4.631999999999986,1,1,1,1,1,37.39651416121979,27.162050005186945,57.86544247328549,1,0.018194595017949844,0.005077467651401112,0.013117127366548732
2021-03-15,sh.600748,4.73,4.81,4.72,4.75,5515356,26236843.01,3,0.299000,1,0.0,11.011484,0.81206,1.005784,3.498123,0,4.697999999999969,4.696000000000034,4.6509999999999865,1,1,1,1,1,59.06318082788653,38.75453885257776,99.68046477850406,1,0.02261477183160654,0.008584928487442198,0.014029843344164341
2021-03-16,sh.600748,4.78,4.84,4.74,4.81,5795490,27785570.96,3,0.314200,1,1.2632,11.150576,0.822317,1.018489,3.542310,0,4.719999999999969,4.711000000000034,4.671499999999986,1,1,1,1,1,78.24476650563588,58.23482049824731,118.26465852041302,1,0.030606479912600904,0.01298923877247394,0.017617241140126964
2021-03-17,sh.600748,4.82,4.85,4.77,4.78,4407021,21163278.38,3,0.238900,1,-0.6237,11.08103,0.817188,1.0121360000000001,3.520216,0,4.74999999999997,4.720000000000034,4.690499999999986,1,1,1,1,1,75.92995169082114,71.0792996747811,85.63125572290122,1,0.03412583547562953,0.017216558113105056,0.016909277362524473
2021-03-18,sh.600748,4.78,4.81,4.74,4.8,4760817,22709495.72,3,0.258100,1,0.4184,11.127394,0.820608,1.016371,3.534945,0,4.777999999999969,4.733000000000034,4.704499999999986,1,1,1,1,1,78.98550724637667,77.72007514761114,81.51637144390773,1,0.03808970851816618,0.02139118819411728,0.016698520324048897
2021-03-19,sh.600748,4.78,4.88,4.74,4.74,7683163,36858480.66,3,0.416500,1,-1.25,10.988302000000001,0.81035,1.003666,3.490759,0,4.77599999999997,4.736000000000034,4.709499999999986,-1,1,1,1,1,66.0493827160493,73.65494721774894,50.83825371264999,-1,0.03597491151709775,0.024307932858713376,0.011666978658384376
2021-03-22,sh.600748,4.75,4.79,4.69,4.78,5559298,26394661.35,3,0.301400,1,0.8439,11.08103,0.817188,1.0121360000000001,3.520216,0,4.78199999999997,4.740000000000034,4.714999999999986,-1,1,1,1,1,63.42592592592581,69.48693862945049,51.303900518876446,-1,0.03709893196905689,0.026866132680782077,0.010232799288274814
2021-03-23,sh.600748,4.75,4.79,4.71,4.76,4498347,21384932.57,3,0.243900,1,-0.4184,11.034666,0.813769,1.007901,3.505487,0,4.77199999999997,4.746000000000033,4.723999999999986,-1,1,1,1,1,55.555555555555394,61.67695473251007,43.312757201646036,-1,0.03596135332635786,0.028685176809897232,0.0072761765164606265
2021-03-24,sh.600748,4.76,4.82,4.74,4.78,4763842,22768283.72,3,0.258300,1,0.4202,11.08103,0.817188,1.0121360000000001,3.520216,0,4.77199999999997,4.761000000000033,4.731999999999986,1,1,1,1,1,60.49382716049367,59.82510288065819,61.831275720164626,1,0.036255713611122786,0.030199284170142345,0.006056429440980442
2021-03-25,sh.600748,4.76,4.8,4.68,4.72,4341820,20562773.16,3,0.235400,1,-1.2552,10.941937,0.8069310000000001,0.999432,3.476030,0,4.75599999999997,4.767000000000033,4.7264999999999855,-1,-1,-1,-1,1,46.17283950617266,54.07407407407381,30.37037037037034,-1,0.03128684245404578,0.030416795826923033,0.0008700466271227489
2021-03-26,sh.600748,4.72,4.75,4.7,4.72,3629477,17140209.2,3,0.196800,1,0.0,10.941937,0.8069310000000001,0.999432,3.476030,0,4.75199999999997,4.764000000000033,4.7279999999999855,-1,-1,-1,-1,1,34.32098765432084,46.99588477366229,8.971193415637927,-1,0.027037307018112244,0.029740898065160875,-0.0027035910470486306
2021-03-29,sh.600748,4.76,4.77,4.7,4.76,5399200,25565416.88,3,0.292700,1,0.8475,10.734401,0.7875439999999999,1.090866,195.134071,0,4.747999999999969,4.7650000000000325,4.730499999999987,1,-1,1,-1,1,26.666666666666497,35.720164609053235,8.559670781893018,-1,0.02659066464502402,0.029110851381133503,-0.002520186736109483
2021-03-30,sh.600748,4.76,4.76,4.68,4.69,4953730,23296810.4,3,0.268600,1,-1.4706,10.576542,0.775963,1.074824,192.264453,0,4.73399999999997,4.753000000000032,4.731999999999987,-1,-1,-1,-1,1,21.666666666666604,27.551440329217883,9.89711934156405,-1,0.020353658060467517,0.027359412717000306,-0.007005754656532789
2021-03-31,sh.600748,4.66,4.82,4.66,4.81,7817089,37242663.64,3,0.423800,1,2.5586,10.847157000000001,0.795817,1.102325,197.183799,0,4.739999999999969,4.756000000000032,4.737999999999987,1,1,1,-1,1,37.72727272727261,28.686868686868475,55.808080808080895,1,0.02480781349353034,0.026849092872306312,-0.0020412793787759724
2021-04-01,sh.600748,4.78,4.85,4.76,4.82,3897959,18734779.02,3,0.211300,1,0.2079,10.869708000000001,0.797471,1.104616,197.593745,0,4.75999999999997,4.758000000000033,4.745499999999987,1,1,1,1,1,52.46411483253587,37.2860180754916,82.82030834662442,1,0.028812547083609807,0.027241783714567012,0.0015707633690427956
2021-04-02,sh.600748,4.81,4.87,4.79,4.86,6851101,33120854.0,3,0.371400,1,0.8299,10.959913,0.804089,1.113783,199.233527,0,4.78799999999997,4.770000000000032,4.752999999999988,1,1,1,1,1,82.54347991190087,57.578289157236355,132.4738614212299,1,0.034812693946679296,0.028755965760989467,0.006056728185689829
2021-04-06,sh.600748,4.87,4.89,4.78,4.8,6333569,30499708.58,3,0.343400,1,-1.2346,10.824606,0.794162,1.100033,196.773853,0,4.79599999999997,4.772000000000032,4.755999999999988,1,1,1,1,1,80.10606225709196,71.70455233384281,96.90908210359026,1,0.03433061306792595,0.029870895222376764,0.004459717845549188
2021-04-07,sh.600748,4.8,4.81,4.71,4.79,7019870,33463747.62,3,0.380600,1,-0.2083,10.802054,0.792508,1.097741,196.363908,0,4.81599999999997,4.775000000000032,4.760499999999988,-1,1,1,1,1,70.87646652864032,77.84200289921095,56.94539378749906,-1,0.03276396151827132,0.030449508481555677,0.0023144530367156455
2021-04-08,sh.600748,4.79,4.79,4.72,4.72,5168186,24503779.39,3,0.280200,1,-1.4614,10.644196,0.780926,1.081699,193.494289,0,4.79799999999997,4.769000000000032,4.764999999999988,-1,-1,-1,1,1,47.82608695652154,66.26953858075119,10.939183708062245,-1,0.025579103905085,0.029475427566261543,-0.0038963236611765442
2021-04-09,sh.600748,4.73,4.74,4.68,4.71,3212166,15096999.04,3,0.174100,1,-0.2119,10.621644,0.7792720000000001,1.079407,193.084344,0,4.77599999999997,4.768000000000032,4.767499999999988,-1,-1,-1,1,1,34.78260869565197,51.16172072693786,2.024384633080203,-1,0.018860721400109526,0.02735248633303114,-0.008491764932921614
2021-04-12,sh.600748,4.7,4.75,4.68,4.73,4436080,20924957.8,3,0.240500,1,0.4246,10.666747,0.7825810000000001,1.083991,193.904235,0,4.74999999999997,4.769000000000032,4.766499999999988,-1,-1,-1,-1,-1,26.08695652173897,36.23188405797074,5.797101449275431,-1,0.014977536002763081,0.02487749626697753,-0.009899960264214448
2021-04-13,sh.600748,4.71,4.73,4.67,4.68,3678084,17247166.94,3,0.199400,1,-1.0571,10.553989999999999,0.774308,1.072532,191.854507,0,4.72599999999997,4.761000000000033,4.762999999999988,-1,-1,-1,-1,-1,20.28985507246359,27.05314009661809,6.763285024154591,-1,0.007775866121619401,0.021457170237905904,-0.013681304116286503
2021-04-14,sh.600748,4.66,4.7,4.66,4.68,3020156,14118821.32,3,0.163700,1,0.0,10.553989999999999,0.774308,1.072532,191.854507,0,4.70399999999997,4.760000000000033,4.756499999999988,-1,-1,-1,-1,-1,15.942028985507022,20.772946859903104,6.280193236714858,-1,0.002044918310220467,0.017574719852368817,-0.01552980154214835
2021-04-15,sh.600748,4.67,4.71,4.66,4.69,2666806,12488330.46,3,0.144600,1,0.2137,10.576542,0.775963,1.074824,192.264453,0,4.69799999999997,4.748000000000032,4.751999999999988,-1,-1,-1,-1,-1,10.144927536231643,15.45893719806733,-0.48309178743972936,-1,-0.0016707236310207207,0.01372563115569091,-0.01539635478671163
2021-04-16,sh.600748,4.69,4.81,4.67,4.8,7038776,33553093.75,3,0.381600,1,2.3454,10.824606,0.794162,1.100033,196.773853,0,4.715999999999971,4.746000000000032,4.751999999999988,1,1,1,-1,-1,27.53623188405778,17.874396135265393,46.85990338164255,1,0.004212129248418073,0.011822930774236342,-0.0076108015258182695
2021-04-19,sh.600748,4.78,4.85,4.77,4.82,6524207,31491390.63,3,0.353700,1,0.4167,10.869708000000001,0.797471,1.104616,197.593745,0,4.733999999999971,4.742000000000032,4.755999999999989,1,1,1,-1,-1,52.70785659801675,30.12967200610197,97.8642257818463,1,0.010368642139733986,0.011532073047335872,-0.001163430907601886
2021-04-20,sh.600748,4.82,4.85,4.79,4.81,3552480,17110161.3,3,0.192600,1,-0.2075,10.847157000000001,0.795817,1.102325,197.183799,0,4.7599999999999705,4.743000000000032,4.757499999999989,1,1,1,1,1,74.67581998474436,51.63996948893955,120.74752097635401,1,0.014276238939030073,0.012080906225674712,0.0021953327133553604
2021-04-21,sh.600748,4.8,4.85,4.76,4.84,4104803,19772380.99,3,0.222500,1,0.6237,10.914811,0.80078,1.1092,198.413636,0,4.7919999999999705,4.748000000000033,4.761499999999989,1,1,1,1,1,85.9649122807017,71.11619628782086,115.66234426646338,1,0.019568216614387346,0.01357836830341724,0.005989848310970106
2021-04-22,sh.600748,4.84,4.88,4.79,4.79,4871244,23548568.21,3,0.264100,1,-1.0331,10.802054,0.792508,1.097741,196.363908,0,4.81199999999997,4.755000000000033,4.761999999999989,-1,1,1,1,1,77.59170653907482,79.41081293484022,73.953493747544,-1,0.019502749361582694,0.01476324451505033,0.004739504846532364
2021-04-23,sh.600748,4.8,4.8,4.74,4.77,4541580,21680161.1,3,0.246200,1,-0.4175,10.756952,0.789199,1.093158,195.544017,0,4.80599999999997,4.761000000000033,4.764499999999989,-1,1,1,1,1,67.94258373205723,77.16640085061118,49.49494949494931,-1,0.017633762204979142,0.015337348053036094,0.0022964141519430485
2021-04-26,sh.600748,4.77,4.84,4.76,4.82,4951418,23840214.53,3,0.268400,1,1.0482,10.869708000000001,0.797471,1.104616,197.593745,0,4.80599999999997,4.770000000000032,4.769499999999989,1,1,1,1,1,60.60606060606043,68.71345029239743,44.39128123338645,-1,0.019957105461714697,0.016261299534771814,0.0036958059269428835
2021-04-27,sh.600748,4.82,4.84,4.77,4.78,4104146,19692465.91,3,0.222500,1,-0.8299,10.779503,0.790853,1.095449,195.953962,0,4.7999999999999705,4.780000000000032,4.7704999999999895,-1,-1,1,1,1,59.09090909090895,62.54651780967547,52.17969165337591,-1,0.018359074047912927,0.016680854437400035,0.0016782196105128919
2021-04-28,sh.600748,4.77,4.88,4.75,4.85,6503823,31455084.98,3,0.352600,1,1.4644,10.937362,0.802435,1.111491,198.823581,0,4.801999999999969,4.797000000000033,4.778499999999989,1,1,1,1,1,70.99567099567089,63.56421356421336,85.85858585858597,1,0.022481880500941465,0.01784105965010832,0.004640820850833144
2021-04-29,sh.600748,4.83,4.93,4.81,4.89,11619832,56603671.85,3,0.630000,1,0.8247,11.027567,0.809053,1.120658,200.463363,0,4.82199999999997,4.817000000000033,4.782499999999989,1,1,1,1,1,73.06903622693078,67.71853877117015,83.77003113845203,1,0.0286466789413371,0.020002183508354077,0.008644495432983023
2021-04-30,sh.600748,4.88,4.89,4.68,4.7,13411584,63695290.08,3,0.727100,1,-3.8855,10.500185,0.766572,1.077148,-6.913417,0,4.80799999999997,4.807000000000033,4.77649999999999,-1,-1,-1,1,1,57.55388471177929,67.20619731146026,38.24925951241735,-1,0.017993496193027703,0.0196004460452888,-0.0016069498522610984
2021-05-06,sh.600748,4.69,4.76,4.67,4.73,5489726,25944125.12,3,0.297600,1,0.6383,10.567207000000002,0.771465,1.0840239999999999,-6.957546,0,4.78999999999997,4.798000000000033,4.76999999999999,-1,-1,-1,-1,1,36.67476383265852,55.76589492378948,-1.5074983496034093,-1,0.011835093798278074,0.018047375595886657,-0.006212281797608583
2021-05-07,sh.600748,4.74,4.77,4.7,4.74,3987768,18875007.27,3,0.216200,1,0.2114,10.589547999999999,0.773096,1.086315,-6.972255,0,4.78199999999997,4.791000000000033,4.76699999999999,-1,-1,-1,-1,1,19.33333333333335,37.853993959257004,-17.707987918513957,-1,0.007672982591016009,0.015972496994912527,-0.008299514403896518
2021-05-10,sh.600748,4.74,4.77,4.71,4.74,5013201,23761810.74,3,0.271800,1,0.0,10.589547999999999,0.773096,1.086315,-6.972255,0,4.75999999999997,4.7810000000000334,4.764499999999989,-1,-1,-1,-1,-1,25.64102564102564,27.216374269005787,22.490328385065347,-1,0.004324627854943586,0.013642923166918739,-0.009318295311975153
2021-05-11,sh.600748,4.72,4.9,4.7,4.86,10246295,49368864.39,3,0.555500,1,2.5316,10.857638,0.792668,1.113817,-7.148768,0,4.753999999999969,4.788000000000034,4.771499999999989,1,1,1,-1,-1,42.30769230769231,29.09401709401705,68.73504273504281,1,0.011224639069075337,0.013159266347350058,-0.0019346272782747205
2021-05-12,sh.600748,4.85,4.91,4.81,4.89,10729281,52300567.57,3,0.581700,1,0.6173,10.924660000000001,0.797561,1.120693,-7.192896,0,4.79199999999997,4.8000000000000345,4.780499999999989,1,1,1,-1,1,61.53846153846149,43.1623931623931,98.29059829059827,1,0.018895877039474485,0.014306588485774943,0.0045892885536995415
2021-05-13,sh.600748,4.89,4.92,4.86,4.9,8521253,41700732.6,3,0.462000,1,0.2045,10.947001,0.799192,1.122984,-7.207605,0,4.825999999999969,4.808000000000034,4.788999999999989,1,1,1,1,1,82.05128205128204,61.9658119658119,122.22222222222233,1,0.02548848938620285,0.016542968665860525,0.008945520720342326
2021-05-14,sh.600748,4.92,4.96,4.89,4.93,8079290,39750846.72,3,0.438000,1,0.6122,11.014024000000001,0.804085,1.12986,-7.251734,0,4.863999999999969,4.823000000000034,4.80149999999999,1,1,1,1,1,87.57736516357197,77.0557029177718,108.6206896551723,1,0.03275633678735801,0.01978564229016002,0.012970694497197989
2021-05-17,sh.600748,4.93,4.95,4.87,4.92,6879000,33758339.52,3,0.372900,1,-0.2028,10.991683,0.802454,1.1275680000000001,-7.237024,0,4.899999999999968,4.830000000000034,4.81349999999999,1,1,1,1,1,88.10786914235182,85.91217211906859,92.49926318891826,1,0.03727950683911985,0.023284415199951985,0.013995091639167862
2021-05-18,sh.600748,4.92,4.94,4.87,4.9,5828857,28582456.26,3,0.316000,1,-0.4065,10.947001,0.799192,1.122984,-7.207605,0,4.907999999999968,4.831000000000033,4.82399999999999,-1,1,1,1,1,85.05747126436769,86.91423519009713,81.34394341290883,-1,0.03880302175900052,0.02638813651176169,0.01241488524723883
2021-05-19,sh.600748,4.91,4.95,4.87,4.9,6210662,30486751.26,3,0.336700,1,0.0,10.947001,0.799192,1.122984,-7.207605,0,4.909999999999968,4.851000000000033,4.828999999999991,-1,1,1,1,1,80.81343943412905,84.65959328028282,73.1211317418215,-1,0.03955445912632527,0.029021401034674408,0.010533058091650862
2021-05-20,sh.600748,4.91,4.92,4.83,4.89,5301353,25807448.96,3,0.287400,1,-0.2041,10.924660000000001,0.797561,1.120693,-7.192896,0,4.907999999999968,4.867000000000033,4.832499999999991,-1,1,1,1,1,76.43678160919532,80.76923076923065,67.77188328912467,-1,0.03889470824173635,0.030996062476086796,0.007898645765649557
2021-05-21,sh.600748,4.87,4.9,4.83,4.85,3618211,17565763.5,3,0.196200,1,-0.818,10.835297,0.791037,1.111525,-7.134058,0,4.891999999999969,4.878000000000033,4.8344999999999905,-1,-1,1,1,1,69.23076923076904,75.49366342469777,56.70498084291157,-1,0.03474368167128361,0.03174558631512616,0.00299809535615745
2021-05-24,sh.600748,4.85,4.98,4.85,4.98,8245472,40759782.53,3,0.447000,1,2.6804,11.125728,0.81224,1.141319,-7.325281,0,4.903999999999969,4.902000000000032,4.841499999999991,1,1,1,1,1,76.92307692307669,74.19687592101364,82.3754789272028,1,0.041465883854874264,0.03368964582307578,0.007776238031798485
2021-05-25,sh.600748,4.97,4.98,4.89,4.94,6902842,34003477.91,3,0.374200,1,-0.8032,11.036364,0.805716,1.132152,-7.266443,0,4.911999999999969,4.910000000000032,4.84899999999999,1,1,1,1,1,77.00854700854684,74.38746438746415,82.25071225071224,1,0.0430691376015071,0.035565544178762044,0.007503593422745057
2021-05-26,sh.600748,4.98,4.98,4.91,4.93,6454736,31842278.06,3,0.349900,1,-0.2024,11.014024000000001,0.804085,1.12986,-7.251734,0,4.917999999999968,4.914000000000032,4.85699999999999,1,1,1,1,1,79.99999999999976,77.97720797720773,84.04558404558381,1,0.04303671090611605,0.03705977752423285,0.005976933381883202
2021-05-27,sh.600748,4.92,4.94,4.9,4.92,4742262,23353298.39,3,0.257100,1,-0.2028,10.991683,0.802454,1.1275680000000001,-7.237024,0,4.923999999999968,4.916000000000032,4.861999999999991,-1,1,1,1,1,66.66666666666634,74.55840455840428,50.88319088319048,-1,0.04172313772988456,0.03799244956536319,0.0037306881645213716
2021-05-28,sh.600748,4.93,4.94,4.87,4.89,3975200,19462297.0,3,0.215500,1,-0.6098,10.924660000000001,0.797561,1.120693,-7.192896,0,4.931999999999968,4.912000000000033,4.867499999999991,-1,-1,1,1,1,55.55555555555511,67.40740740740704,31.85185185185125,-1,0.03782534521027525,0.0379590286943456,-0.0001336834840703488
2021-05-31,sh.600748,4.89,4.9,4.83,4.84,5303066,25755803.22,3,0.287500,1,-1.0225,10.812956,0.789406,1.109233,-7.119349,0,4.903999999999968,4.904000000000032,4.866999999999992,-1,-1,-1,-1,1,35.55555555555519,52.59259259259218,1.4814814814811967,-1,0.030351857108469105,0.0364375943771703,-0.006085737268701194
2021-06-01,sh.600748,4.84,4.88,4.83,4.85,4712006,22834182.57,3,0.255500,1,0.2066,10.835297,0.791037,1.111525,-7.134058,0,4.885999999999967,4.899000000000032,4.864999999999991,-1,-1,-1,-1,1,19.999999999999606,37.037037037036605,-14.074074074074389,-1,0.02494839085083278,0.03413975367190279,-0.009191362821070012
2021-06-02,sh.600748,4.85,4.89,4.82,4.86,4969683,24105577.86,3,0.269400,1,0.2062,10.857638,0.792668,1.113817,-7.148768,0,4.871999999999967,4.895000000000032,4.872999999999991,-1,-1,-1,-1,-1,14.999999999999723,23.51851851851814,-2.037037037037109,-1,0.02122831454241858,0.03155746584600595,-0.010329151303587372
2021-06-03,sh.600748,4.84,5.28,4.84,5.16,37818497,192802710.28,3,2.050300,1,6.1728,11.527861999999999,0.841598,1.1825709999999998,-7.590050,0,4.919999999999967,4.922000000000033,4.894499999999991,1,1,1,-1,1,37.41545893719783,24.13848631239902,63.969404186795465,1,0.0420034306592747,0.033646658808659705,0.008356771850614994
2021-06-04,sh.600748,5.0,5.05,4.87,4.9,26668042,131886404.57,3,1.445800,1,-5.0388,10.947001,0.799192,1.122984,-7.207605,0,4.921999999999967,4.9270000000000325,4.902499999999991,-1,-1,-1,-1,1,38.768115942028864,30.394524959742103,55.51529790660239,1,0.03706081872052369,0.0343294907910325,0.002731327929491191
2021-06-07,sh.600748,4.91,4.93,4.8,4.82,12083818,58361928.25,3,0.655100,1,-1.6327,10.768275,0.786144,1.10465,-7.089930,0,4.917999999999967,4.911000000000032,4.906499999999991,-1,-1,-1,1,1,31.823671497584453,36.002415458937016,23.466183574879324,-1,0.026384290065142757,0.032740450645854555,-0.006356160580711798
2021-06-08,sh.600748,4.85,4.97,4.82,4.91,12824971,62812654.43,3,0.695300,1,1.8672,10.969342,0.800823,1.125276,-7.222315,0,4.929999999999968,4.908000000000032,4.908999999999991,-1,1,1,1,1,14.824879227053074,28.4722222222221,-12.469806763284979,-1,0.02489829992129522,0.03117202050094269,-0.006273720579647469
2021-06-09,sh.600748,4.88,4.89,4.82,4.85,10358457,50172275.51,3,0.561600,1,-1.222,10.835297,0.791037,1.111525,-7.134058,0,4.927999999999967,4.900000000000032,4.906999999999991,-1,-1,-1,1,1,12.499999999999915,19.716183574879118,-1.932367149758491,-1,0.01866399653313877,0.028670415707381904,-0.010006419174243133
2021-06-10,sh.600748,4.85,4.85,4.8,4.83,8719419,42026340.22,3,0.472700,1,-0.4124,10.790614999999999,0.787775,1.106942,-7.104640,0,4.861999999999968,4.891000000000032,4.90349999999999,-1,-1,-1,-1,-1,13.194444444444345,13.506441223832416,12.570450885668205,-1,0.011971434089048216,0.025330619383715166,-0.01335918529466695
2021-06-11,sh.600748,4.83,4.83,4.71,4.73,13917217,66191361.04,3,0.754500,1,-2.0704,10.567207000000002,0.771465,1.0840239999999999,-6.957546,0,4.827999999999968,4.875000000000033,4.893499999999991,-1,-1,-1,-1,-1,6.725146198830321,10.806530214424832,-1.4376218323587011,-1,-0.001385661091809709,0.019987363288610192,-0.0213730243804199
2021-06-15,sh.600748,4.75,4.75,4.61,4.62,8004289,37320312.74,3,0.433900,1,-2.3256,10.321458,0.753524,1.058814,-6.795742,0,4.787999999999968,4.853000000000032,4.878499999999991,-1,-1,-1,-1,-1,3.7504364144190485,7.8900090192312105,-4.528708795205276,-1,-0.02060975946892807,0.01186793873710254,-0.03247769820603061
2021-06-16,sh.600748,4.63,4.66,4.58,4.61,4508670,20806806.28,3,0.244400,1,-0.2165,10.299116999999999,0.751893,1.056522,-6.781033,0,4.727999999999968,4.829000000000032,4.863999999999991,-1,-1,-1,-1,-1,3.095674509657139,4.523752374302141,0.2395187803671348,-1,-0.036234226750500476,0.0022475056395819364,-0.038481732390082415
2021-06-17,sh.600748,4.61,4.63,4.58,4.6,3673960,16901965.2,3,0.199200,1,-0.2169,10.276777000000001,0.750262,1.05423,-6.766323,0,4.677999999999969,4.803000000000032,4.84899999999999,-1,-1,-1,-1,-1,3.3445235826942863,3.3968781689234633,3.2398144102359323,-1,-0.0488604136320685,-0.007974078214748152,-0.04088633541732035
2021-06-18,sh.600748,4.6,4.62,4.54,4.61,4837234,22120860.93,3,0.262200,1,0.2174,10.299116999999999,0.751893,1.056522,-6.781033,0,4.633999999999969,4.748000000000031,4.83499999999999,-1,-1,-1,-1,-1,8.273367734030664,4.904521942127335,15.011059317837322,1,-0.05739819066313068,-0.017858900704424658,-0.03953928995870602
2021-06-21,sh.600748,4.61,4.62,4.58,4.6,3340531,15351654.71,3,0.181100,1,-0.2169,10.276777000000001,0.750262,1.05423,-6.766323,0,4.607999999999969,4.718000000000032,4.82249999999999,-1,-1,-1,-1,-1,11.495959096156872,7.704616804293913,19.078643679882788,1,-0.0642309425744978,-0.027133309078439284,-0.03709763349605851
2021-06-22,sh.600748,4.59,4.63,4.59,4.63,3118549,14397226.48,3,0.169100,1,0.6522,10.343799,0.755155,1.0611059999999999,-6.810452,0,4.609999999999968,4.699000000000032,4.80499999999999,1,-1,-1,-1,-1,18.64894795127341,12.80609159382029,30.334660666179648,1,-0.06645909928483373,-0.03499846711971817,-0.03146063216511556
2021-06-23,sh.600748,4.63,4.66,4.6,4.63,3474734,16078359.48,3,0.188400,1,0.0,10.343799,0.755155,1.0611059999999999,-6.810452,0,4.613999999999968,4.671000000000033,4.78949999999999,1,-1,-1,-1,-1,22.9000107169648,17.681639254798334,33.33675364129773,1,-0.06744743745635162,-0.041488261187044864,-0.025959176269306758
2021-06-24,sh.600748,4.63,4.66,4.6,4.64,3579750,16582950.1,3,0.194100,1,0.216,10.36614,0.756786,1.063397,-6.825161,0,4.621999999999969,4.650000000000032,4.77499999999999,1,-1,-1,-1,-1,29.74310079983033,23.764019822689487,41.701262754112015,1,-0.06665542391601598,-0.046521693732839084,-0.020133730183176893
2021-06-25,sh.600748,4.64,4.67,4.62,4.65,3306120,15355964.67,3,0.179200,1,0.2155,10.388481,0.758417,1.0656889999999999,-6.839870,0,4.629999999999969,4.6320000000000325,4.761499999999989,1,1,-1,-1,-1,38.63198968871928,30.42503373517144,55.04590159581497,1,-0.06447757371870466,-0.0501128697300122,-0.01436470398869246
2021-06-28,sh.600748,4.66,4.67,4.61,4.62,3719660,17233112.6,3,0.201700,1,-0.6452,10.321458,0.753524,1.058814,-6.795742,0,4.633999999999968,4.621000000000032,4.74799999999999,-1,-1,-1,1,-1,49.46739084670113,39.28082711175022,69.84051831660294,1,-0.06442965605735029,-0.05297622699547982,-0.011453429061870475
2021-06-29,sh.600748,4.62,4.62,4.56,4.58,3074590,14097412.3,3,0.166700,1,-0.8658,10.232095,0.747,1.049647,-6.736905,0,4.623999999999969,4.617000000000033,4.73499999999999,-1,-1,-1,1,-1,48.22954822954822,45.44297625498951,53.80269217866565,1,-0.06684875582629068,-0.05575073276164199,-0.011098023064648695
2021-06-30,sh.600748,4.58,4.6,4.53,4.6,4127279,18831367.96,3,0.223800,1,0.4367,10.276777000000001,0.750262,1.05423,-6.766323,0,4.617999999999968,4.616000000000033,4.7224999999999895,-1,-1,-1,1,-1,47.43589743589727,48.37761217071551,45.55246796626079,-1,-0.06638681113442058,-0.05787794843619771,-0.008508862698222867
2021-07-01,sh.600748,4.61,4.68,4.56,4.63,4869955,22546152.21,3,0.264000,1,0.6522,10.343799,0.755155,1.0611059999999999,-6.810452,0,4.615999999999968,4.6190000000000335,4.71099999999999,1,1,-1,-1,-1,49.14529914529894,48.27024827024811,50.89540089540061,1,-0.06287518140563986,-0.05887739503008614,-0.003997786375553716
2021-07-02,sh.600748,4.62,4.64,4.54,4.57,4003361,18289778.87,3,0.217000,1,-1.2959,10.209754,0.745369,1.047355,-6.722195,0,4.599999999999968,4.615000000000033,4.68149999999999,-1,-1,-1,-1,-1,47.7777777777776,48.119658119657906,47.09401709401699,-1,-0.06419370305510608,-0.05994065663509013,-0.004253046420015949
2021-07-05,sh.600748,4.55,4.55,4.5,4.55,3581459,16207189.12,3,0.194200,1,-0.4376,10.165072,0.742107,1.042771,-6.692776,0,4.585999999999967,4.610000000000033,4.663999999999989,-1,-1,-1,-1,-1,40.370370370370274,45.764482431148906,29.582146248813018,-1,-0.06609062226132512,-0.06117064976033713,-0.004919972500987989
2021-07-06,sh.600748,4.55,4.57,4.52,4.56,3258529,14809760.03,3,0.176700,1,0.2198,10.187413000000001,0.743738,1.0450629999999999,-6.707486,0,4.581999999999967,4.603000000000033,4.650999999999989,-1,-1,-1,-1,-1,29.25925925925911,39.13580246913563,9.506172839506064,-1,-0.06602592224042692,-0.06214170425635508,-0.0038842179840718333
2021-07-07,sh.600748,4.54,4.55,4.52,4.53,2246121,10180681.83,3,0.121800,1,-0.6579,10.120391,0.738845,1.0381879999999999,-6.663358,0,4.567999999999968,4.593000000000033,4.631999999999989,-1,-1,-1,-1,-1,25.925925925925792,31.851851851851695,14.074074074073984,-1,-0.06761596157174132,-0.06323655571943233,-0.00437940585230899
2021-07-08,sh.600748,4.55,4.55,4.49,4.5,3337341,15032017.39,3,0.180900,1,-0.6623,10.053367999999999,0.733952,1.031312,-6.619229,0,4.541999999999968,4.579000000000033,4.61449999999999,-1,-1,-1,-1,-1,18.4210526315788,24.53541260558787,6.192332683560657,-1,-0.0704843290071393,-0.06468611037697372,-0.00579821863016558
2021-07-09,sh.600748,4.5,4.55,4.48,4.52,2756696,12449811.3,3,0.149400,1,0.4444,10.09805,0.737214,1.035896,-6.648648,0,4.531999999999968,4.566000000000033,4.5989999999999895,-1,-1,-1,-1,-1,13.976608187134289,19.441195581546264,3.047433398310339,-1,-0.07033294361883602,-0.06581547702534618,-0.004517466593489838
2021-07-12,sh.600748,4.55,4.59,4.54,4.57,4446113,20284867.8,3,0.241000,1,1.1062,10.209754,0.745369,1.047355,-6.722195,0,4.535999999999968,4.561000000000033,4.5909999999999895,1,1,-1,-1,-1,23.421052631578707,18.606237816763898,33.05068226120833,1,-0.0654242178175295,-0.06573722518378285,0.0003130073662533511
2021-07-13,sh.600748,4.55,4.6,4.54,4.56,4342180,19876791.8,3,0.235400,1,-0.2188,10.187413000000001,0.743738,1.0450629999999999,-6.707486,0,4.535999999999968,4.559000000000033,4.587999999999989,1,1,-1,-1,-1,34.9999999999997,24.132553606237533,56.73489278752404,1,-0.06163049569038037,-0.06491587928510235,0.003285383594721983
2021-07-14,sh.600748,4.55,4.56,4.51,4.52,2809926,12727445.52,3,0.152300,1,-0.8772,10.09805,0.737214,1.035896,-6.648648,0,4.533999999999968,4.551000000000033,4.583499999999989,-1,-1,-1,-1,-1,36.66666666666635,31.695906432748217,46.60818713450263,1,-0.06114674763417671,-0.06416205295491723,0.0030153053207405134
2021-07-15,sh.600748,4.52,4.57,4.45,4.52,4403109,19848548.49,3,0.238700,1,0.0,10.09805,0.737214,1.035896,-6.648648,0,4.537999999999967,4.540000000000033,4.57949999999999,-1,-1,-1,-1,-1,37.222222222221795,36.296296296295914,39.07407407407355,1,-0.060070913713969,-0.06334382510672758,0.003272911392758579
2021-07-16,sh.600748,4.56,4.64,4.53,4.53,6194351,28397029.73,3,0.335800,1,0.2212,10.120391,0.738845,1.0381879999999999,-6.663358,0,4.539999999999968,4.536000000000033,4.575499999999989,-1,-1,-1,1,-1,37.92397660818685,37.27095516569163,39.23001949317728,1,-0.05774573427547036,-0.06222420694047613,0.00447847266500577
2021-07-19,sh.600748,4.5,4.53,4.46,4.47,4196080,18786026.1,3,0.227500,1,-1.3245,9.986346000000001,0.729059,1.024437,-6.575101,0,4.519999999999968,4.528000000000033,4.56899999999999,-1,-1,-1,-1,-1,33.099415204678145,36.081871345028894,27.134502923976655,-1,-0.06005226623362159,-0.06178981879910522,0.0017375525654836355
2021-07-20,sh.600748,4.45,4.5,4.44,4.48,2953960,13192752.13,3,0.160100,1,0.2237,10.008687,0.73069,1.026729,-6.589811,0,4.503999999999968,4.520000000000033,4.56149999999999,-1,-1,-1,-1,-1,24.210526315789366,31.74463937621808,9.142300194931941,-1,-0.060377301058570865,-0.061507315250998354,0.0011300141924274892
2021-07-21,sh.600748,4.48,4.5,4.43,4.45,3450000,15380481.89,3,0.187000,1,-0.6696,9.941664,0.725797,1.0198530000000001,-6.545682,0,4.489999999999968,4.512000000000033,4.55249999999999,-1,-1,-1,-1,-1,13.35004177109432,23.553327763853904,-7.056530214424846,-1,-0.06233705995494354,-0.06167326419178739,-0.0006637957631561511
2021-07-22,sh.600748,4.45,4.5,4.44,4.48,3084605,13775069.53,3,0.167200,1,0.6742,10.008687,0.73069,1.026729,-6.589811,0,4.481999999999968,4.5100000000000335,4.54449999999999,-1,-1,-1,-1,-1,17.777777777777874,18.446115288220483,16.44110275689266,-1,-0.06076892735289974,-0.06149239682400986,0.0007234694711101206
2021-07-23,sh.600748,4.49,4.5,4.4,4.4,7435115,32933782.81,3,0.403100,1,-1.7857,9.82996,0.717642,1.008394,-6.472135,0,4.4559999999999675,4.498000000000034,4.531999999999991,-1,-1,-1,-1,-1,11.11111111111118,14.079643553327754,5.174046226678033,-1,-0.06522957642704874,-0.06223983274461763,-0.0029897436824311077
2021-07-26,sh.600748,4.4,4.4,4.24,4.26,9330273,40187717.66,3,0.505800,1,-3.1818,9.517189,0.694808,0.976309,-6.266204,0,4.413999999999968,4.467000000000033,4.5139999999999905,-1,-1,-1,-1,-1,9.603174603174566,12.830687830687836,3.1481481481480245,-1,-0.07914912112699923,-0.06562169042109395,-0.013527430705905286
2021-07-27,sh.600748,4.26,4.31,4.21,4.23,4152146,17679516.04,3,0.225100,1,-0.7042,9.450166000000001,0.689915,0.969433,-6.222076,0,4.363999999999967,4.434000000000033,4.496499999999991,-1,-1,-1,-1,-1,3.217054263565776,7.977113325950469,-6.303063861203611,-1,-0.09154592542323403,-0.07080653742152196,-0.020739388001712072
2021-07-28,sh.600748,4.21,4.27,4.17,4.23,3010771,12704769.32,3,0.163200,1,0.0,9.450166000000001,0.689915,0.969433,-6.222076,0,4.319999999999967,4.405000000000034,4.477999999999992,-1,-1,-1,-1,-1,7.472373412501983,6.764200759747403,8.888718718011141,1,-0.10021526297244154,-0.07668828253170587,-0.023526980440735673
2021-07-29,sh.600748,4.23,4.24,4.18,4.24,3488348,14715039.84,3,0.189100,1,0.2364,9.472507,0.691546,0.971725,-6.236785,0,4.271999999999967,4.377000000000034,4.458499999999992,-1,-1,-1,-1,-1,12.287188227316852,7.658871967794833,21.543820746360886,1,-0.10506770392441389,-0.08236416681024747,-0.022703537114166422
2021-07-30,sh.600748,4.1,4.12,4.03,4.06,6086866,24722487.4,3,0.330000,1,-0.4902,9.070372,0.662187,0.930473,-5.972016,0,4.203999999999967,4.330000000000035,4.432999999999991,-1,-1,-1,-1,-1,12.864460204885631,10.874673948234786,16.84403271818732,1,-0.12203109550872959,-0.0902975525499439,-0.03173354295878569
2021-08-02,sh.600748,4.03,4.09,4.0,4.06,6806178,27480938.0,3,0.369000,1,0.0,9.070372,0.662187,0.930473,-5.972016,0,4.163999999999967,4.289000000000035,4.408499999999991,-1,-1,-1,-1,-1,12.609141055949399,12.586929829383925,12.653563509080346,1,-0.1339308342655725,-0.09902420889306962,-0.034906625372502886
2021-08-03,sh.600748,4.06,4.09,4.04,4.06,4787392,19475883.3,3,0.259500,1,0.0,9.070372,0.662187,0.930473,-5.972016,0,4.129999999999966,4.247000000000035,4.383499999999992,-1,-1,-1,-1,-1,10.12765957446787,11.86708694510093,6.648804833201751,-1,-0.14172771409767915,-0.10756490993399152,-0.034162804163687624
2021-08-04,sh.600748,4.07,4.08,4.01,4.04,4501315,18215552.28,3,0.244000,1,-0.4926,9.025691,0.658925,0.925889,-5.942597,0,4.091999999999966,4.206000000000035,4.358999999999992,-1,-1,-1,-1,-1,10.666666666666499,11.134489099027887,9.731021801943722,-1,-0.14781669158325883,-0.11561526626384498,-0.03220142531941385
2021-08-05,sh.600748,4.03,4.17,4.03,4.07,6937658,28494235.83,3,0.376100,1,0.7426,9.092713,0.663818,0.932765,-5.986725,0,4.057999999999966,4.165000000000036,4.3374999999999915,1,-1,-1,-1,-1,12.499999999999877,11.098108747044712,15.303782505910206,1,-0.14850957489437455,-0.1221941279899509,-0.026315446904423653
2021-08-06,sh.600748,4.05,4.11,4.03,4.1,3706939,15134968.23,3,0.201000,1,0.7371,9.159736,0.6687109999999999,0.9396399999999999,-6.030853,0,4.065999999999965,4.135000000000035,4.316499999999992,1,-1,-1,-1,-1,19.25268817204289,14.139784946236384,29.4784946236559,1,-0.14496685298833256,-0.12674867298962722,-0.01821817999870534
2021-08-09,sh.600748,4.1,4.19,4.09,4.15,9831118,40651626.4,3,0.533000,1,1.2195,9.27144,0.676867,0.951099,-6.104400,0,4.083999999999966,4.124000000000036,4.295499999999992,1,1,-1,-1,-1,35.104540023894806,22.285742731979155,60.742134607726115,1,-0.13655056827005652,-0.1287090520457131,-0.007841516224343426
2021-08-10,sh.600748,4.13,4.18,4.08,4.15,11864585,49029745.3,3,0.643200,1,0.0,9.27144,0.676867,0.951099,-6.104400,0,4.101999999999967,4.116000000000036,4.2749999999999915,1,1,-1,-1,-1,50.10454002389482,34.8205894066108,80.67244125846285,1,-0.1284004811743129,-0.12864733787143307,0.0002468566971201569
2021-08-11,sh.600748,4.15,4.25,4.13,4.17,10863414,45595000.47,3,0.588900,1,0.4819,9.316121,0.680129,0.955683,-6.133819,0,4.127999999999967,4.110000000000037,4.257499999999991,1,1,-1,1,-1,62.01851851851848,49.07586618876933,87.9038231780168,1,-0.11895639035942107,-0.12670914836903066,0.007752758009609589
2021-08-12,sh.600748,4.18,4.19,4.1,4.12,9590425,39620921.53,3,0.519900,1,-1.199,9.204417,0.671974,0.944224,-6.060272,0,4.137999999999968,4.098000000000036,4.237499999999992,-1,1,-1,1,-1,59.49999999999991,57.207686180804366,64.08462763839098,1,-0.1141901495174471,-0.12420534859871395,0.010015199081266843
2021-08-13,sh.600748,4.1,4.17,4.08,4.1,9910795,40842273.11,3,0.537300,1,-0.4854,9.159736,0.6687109999999999,0.9396399999999999,-6.030853,0,4.137999999999968,4.102000000000036,4.215999999999992,-1,-1,-1,1,-1,51.16666666666651,57.5617283950616,38.37654320987632,-1,-0.11075004458977578,-0.12151428779692632,0.01076424320715054
2021-08-16,sh.600748,4.1,4.13,4.09,4.11,5594050,23009524.2,3,0.303300,1,0.2439,9.182076,0.670342,0.941932,-6.045563,0,4.129999999999969,4.107000000000036,4.1979999999999915,-1,1,-1,1,-1,42.3888888888888,51.01851851851837,25.12962962962966,-1,-0.10599497611835496,-0.11841042546121204,0.012415449342857085
2021-08-17,sh.600748,4.13,4.16,4.04,4.06,11473080,47003680.75,3,0.622000,1,-1.2165,9.070372,0.662187,0.930473,-5.972016,0,4.111999999999968,4.107000000000036,4.176999999999992,-1,-1,-1,1,-1,30.934343434343237,41.49663299663281,9.809764309764091,-1,-0.10505017915506709,-0.11573837619998305,0.010688197044915956
2021-08-18,sh.600748,4.06,4.12,4.05,4.11,6690530,27360372.9,3,0.362700,1,1.2315,9.182076,0.670342,0.941932,-6.045563,0,4.099999999999969,4.114000000000035,4.159999999999991,1,-1,-1,-1,-1,30.555555555555415,34.62626262626245,22.41414141414134,-1,-0.09912419658662142,-0.11241554027731072,0.013291343690689308
2021-08-19,sh.600748,4.12,4.12,4.07,4.09,4807315,19663206.85,3,0.260600,1,-0.4866,9.137395,0.66708,0.937348,-6.016144,0,4.093999999999968,4.116000000000035,4.140499999999991,-1,-1,-1,-1,-1,24.60317460317437,28.697691197690972,16.41414141414117,-1,-0.09494715387246444,-0.10892186299634146,0.013974709123877022
2021-08-20,sh.600748,4.09,4.09,4.04,4.08,5498089,22314309.82,3,0.298100,1,-0.2445,9.115053999999999,0.665449,0.935056,-6.001435,0,4.089999999999968,4.1140000000000345,4.124499999999991,-1,-1,-1,-1,-1,26.406926406926274,27.188552188551984,24.843674843674854,-1,-0.0913902440095491,-0.10541553919898299,0.014025295189433892
2021-08-23,sh.600748,4.08,4.1,4.05,4.06,5815176,23676865.28,3,0.315300,1,-0.4902,9.070372,0.662187,0.930473,-5.972016,0,4.079999999999968,4.105000000000035,4.114499999999991,-1,-1,-1,-1,-1,17.46031746031724,22.823472823472596,6.73400673400652,-1,-0.08915744860117414,-0.10216392107942121,0.013006472478247072
2021-08-24,sh.600748,4.07,4.09,4.06,4.08,4461185,18197999.65,3,0.241900,1,0.4926,9.115053999999999,0.665449,0.935056,-6.001435,0,4.083999999999968,4.098000000000035,4.10699999999999,-1,-1,-1,-1,-1,18.4126984126982,20.75998075998054,13.718133718133522,-1,-0.0847966265735165,-0.09869046217824026,0.013893835604723764
2021-08-25,sh.600748,4.08,4.1,4.06,4.09,7658008,31250903.0,3,0.415200,1,0.2451,9.137395,0.66708,0.937348,-6.016144,0,4.079999999999968,4.0900000000000345,4.099999999999991,1,-1,-1,-1,-1,24.88400488400463,20.25234025233999,34.14733414733391,1,-0.07961596399830295,-0.0948755625422528,0.015259598543949843
2021-08-26,sh.600748,4.09,4.15,4.07,4.11,11183418,46081244.96,3,0.606300,1,0.489,9.182076,0.670342,0.941932,-6.045563,0,4.083999999999968,4.089000000000035,4.093499999999991,1,1,1,-1,-1,41.153846153846025,28.150183150182915,67.16117216117226,1,-0.07305429429979249,-0.09051130889376073,0.017457014593968243
2021-08-27,sh.600748,4.1,4.12,4.07,4.07,5321030,21765040.1,3,0.288500,1,-0.9732,9.092713,0.663818,0.932765,-5.986725,0,4.081999999999968,4.086000000000035,4.093999999999991,-1,-1,-1,-1,-1,40.598290598290546,35.54538054538036,50.70411070411092,1,-0.07027174061235808,-0.0864633952374802,0.01619165462512212
2021-08-30,sh.600748,4.07,4.1,4.05,4.06,6677000,27135460.0,3,0.362000,1,-0.2457,10.219936,0.67004,0.987793,-2.454567,0,4.081999999999968,4.081000000000035,4.093999999999991,-1,-1,-1,1,-1,33.83838383838368,38.53017353017338,24.454804454804275,-1,-0.06808858042291721,-0.0827884322745676,0.014699851851650389
2021-08-31,sh.600748,4.05,4.11,4.05,4.1,6959318,28326739.96,3,0.377300,1,0.9852,10.320625,0.676642,0.997525,-2.478750,0,4.085999999999968,4.085000000000035,4.095999999999991,1,1,1,1,-1,32.57575757575719,35.67081067081043,26.38565138565069,-1,-0.06241130585372101,-0.07871300699039828,0.01630170113667727
2021-09-01,sh.600748,4.1,4.17,4.09,4.15,16954679,70131535.49,3,0.919200,1,1.2195,10.446487,0.684893,1.00969,-2.508978,0,4.097999999999969,4.089000000000035,4.101499999999991,1,1,1,1,-1,52.447552447552106,39.62056462056429,78.10152810152773,1,-0.053263454771260044,-0.07362309654657063,0.02035964177531059
2021-09-02,sh.600748,4.15,4.18,4.13,4.16,12695817,52814756.24,3,0.688300,1,0.241,10.471658999999999,0.6865439999999999,1.0121229999999999,-2.515024,0,4.1079999999999695,4.096000000000035,4.10599999999999,1,1,1,1,1,74.5920745920745,53.20512820512789,117.36596736596772,1,-0.04469162324202358,-0.06783680188566123,0.023145178643637646
2021-09-03,sh.600748,4.17,4.2,4.15,4.16,15719700,65551239.58,3,0.852200,1,0.0,10.471658999999999,0.6865439999999999,1.0121229999999999,-2.515024,0,4.125999999999969,4.104000000000035,4.10899999999999,1,1,1,1,1,80.85470085470094,69.29810929810914,103.96788396788455,1,-0.03746649457105988,-0.06176274042274096,0.024296245851681074
2021-09-06,sh.600748,4.16,4.22,4.16,4.17,10076200,42110358.0,3,0.546300,1,0.2404,10.496831,0.688194,1.014556,-2.521070,0,4.1479999999999695,4.115000000000035,4.1099999999999905,1,1,1,1,1,76.17898441427855,77.20858662035128,74.11978000213307,-1,-0.030581091828042695,-0.05552641070380131,0.024945318875758613
2021-09-07,sh.600748,4.18,4.23,4.16,4.2,12378114,51875018.93,3,0.671100,1,0.7194,10.572348,0.693145,1.021855,-2.539207,0,4.167999999999969,4.127000000000035,4.11249999999999,1,1,1,1,1,75.75163398692798,77.59510641863578,72.06468912351241,-1,-0.02244488065527328,-0.0489101046940957,0.02646522403882242
2021-09-08,sh.600748,4.21,4.27,4.2,4.26,11817420,50173079.2,3,0.640700,1,1.4286,10.723382,0.703047,1.036453,-2.575481,0,4.1899999999999675,4.144000000000035,4.11699999999999,1,1,1,1,1,83.12537136066538,78.3519965872906,92.67212090741495,1,-0.011028249330109041,-0.04133373362129837,0.03030548429118933
2021-09-09,sh.600748,4.27,4.29,4.23,4.26,11465670,48877197.09,3,0.621600,1,0.0,10.723382,0.703047,1.036453,-2.575481,0,4.209999999999968,4.1590000000000344,4.12399999999999,1,1,1,1,1,88.7626262626261,82.54654387007311,101.19479104773208,1,-0.001957917102928697,-0.033458570317624434,0.03150065321469574
2021-09-10,sh.600748,4.27,4.33,4.24,4.27,15460864,66378772.07,3,0.838200,1,0.2347,10.748553999999999,0.7046979999999999,1.038886,-2.581527,0,4.231999999999968,4.179000000000035,4.1324999999999905,1,1,1,1,1,87.17532467532449,86.35444076620529,88.81709249356291,1,0.005968501788485625,-0.02557315589640242,0.03154165768488805
2021-09-13,sh.600748,4.27,4.32,4.25,4.31,8295732,35562809.91,3,0.449700,1,0.9368,10.849243,0.711299,1.048618,-2.605710,0,4.259999999999968,4.204000000000034,4.14249999999999,1,1,1,1,1,85.91269841269813,87.28354978354953,83.17099567099532,-1,0.01530152511607863,-0.01739821969390621,0.03269974480998484
2021-09-14,sh.600748,4.33,4.34,4.19,4.2,12537644,53379965.82,3,0.679700,1,-2.5522,10.572348,0.693145,1.021855,-2.539207,0,4.259999999999968,4.214000000000035,4.149499999999991,-1,-1,1,1,1,67.85714285714265,80.31505531505506,42.941317941317806,-1,0.013664417750334223,-0.011185692205058124,0.024850109955392347
2021-09-15,sh.600748,4.2,4.22,4.17,4.21,9804070,41182662.96,3,0.531500,1,0.2381,10.59752,0.6947949999999999,1.0242879999999999,-2.545253,0,4.249999999999967,4.220000000000035,4.15449999999999,-1,-1,1,1,1,52.19298245614016,68.65427457532695,19.27039821776657,-1,0.013023784711641895,-0.006343796821718119,0.019367581533360014
2021-09-16,sh.600748,4.2,4.28,4.13,4.14,12227453,51405292.86,3,0.662900,1,-1.6627,10.421314,0.683243,1.007257,-2.502932,0,4.225999999999968,4.218000000000035,4.15699999999999,-1,-1,-1,1,1,23.224728487886214,47.75828460038965,-25.842383737120656,-1,0.006789399456693879,-0.0037171575660357196,0.0105065570227296
2021-09-17,sh.600748,4.16,4.16,4.07,4.1,8318197,34182730.25,3,0.451000,1,-0.9662,10.320625,0.676642,0.997525,-2.478750,0,4.191999999999967,4.212000000000035,4.15799999999999,-1,-1,-1,-1,1,15.817321080478687,30.41167734150166,-13.371391441567262,-1,-0.001363345679880723,-0.00324639518880472,0.001883049508923997
2021-09-22,sh.600748,4.06,4.14,4.03,4.12,7768693,31730938.65,3,0.421200,1,0.4878,10.37097,0.679942,1.002391,-2.490841,0,4.153999999999968,4.2070000000000345,4.16099999999999,-1,-1,-1,-1,-1,14.968424645843749,18.00349140473619,8.898291128058865,-1,-0.0061398457648911275,-0.003825085304022002,-0.0023147604608691258
2021-09-23,sh.600748,4.14,4.24,4.13,4.21,9316105,39151815.46,3,0.505100,1,2.1845,10.59752,0.6947949999999999,1.0242879999999999,-2.545253,0,4.155999999999969,4.208000000000035,4.16749999999999,1,1,1,-1,-1,32.73596176821961,21.173902498180656,55.86008030829752,1,-0.0026326609794731226,-0.003586600439112226,0.0009539394596391033
2021-09-24,sh.600748,4.22,4.25,4.14,4.14,7751350,32510746.0,3,0.420200,1,-1.6627,10.421314,0.683243,1.007257,-2.502932,0,4.141999999999968,4.196000000000035,4.169999999999989,-1,-1,-1,-1,-1,40.86021505376325,29.521533822608845,63.53757751607205,1,-0.005438910381444728,-0.003957062427578727,-0.0014818479538660015
2021-09-27,sh.600748,4.14,4.19,4.05,4.07,8525162,34827025.83,3,0.462200,1,-1.6908,10.245109,0.671691,0.990226,-2.460612,0,4.127999999999968,4.177000000000035,4.1679999999999895,-1,-1,-1,-1,-1,35.48387096774175,36.36001592990818,33.731581043408895,-1,-0.013159602529639436,-0.0057975704479908685,-0.007362032081648567
2021-09-28,sh.600748,4.08,4.13,4.07,4.11,4725444,19401820.04,3,0.256200,1,0.9828,10.345798,0.678292,0.999958,-2.484795,0,4.129999999999969,4.161000000000035,4.169999999999989,-1,-1,-1,-1,-1,24.73118279569876,33.69175627240123,6.8100358422938285,-1,-0.015867727688144484,-0.007811601896021592,-0.008056125792122892
2021-09-29,sh.600748,4.09,4.13,4.07,4.08,5314160,21725682.8,3,0.288100,1,-0.7299,10.270280999999999,0.673341,0.9926590000000001,-2.466658,0,4.121999999999969,4.138000000000035,4.17099999999999,-1,-1,-1,-1,-1,19.569892473118138,26.594982078852855,5.519713261648704,-1,-0.020201811756053623,-0.010289643868027998,-0.009912167888025625
2021-09-30,sh.600748,4.09,4.15,4.08,4.11,4716683,19383850.04,3,0.255700,1,0.7353,10.345798,0.678292,0.999958,-2.484795,0,4.101999999999968,4.129000000000035,4.171499999999989,1,-1,-1,-1,-1,25.9354838709676,23.41218637992814,30.982078853046524,1,-0.020974079196654394,-0.012426530933753278,-0.008547548262901116
2021-10-08,sh.600748,4.12,4.16,4.12,4.15,4481100,18592922.1,3,0.242900,1,0.9732,10.446487,0.684893,1.00969,-2.508978,0,4.103999999999968,4.123000000000035,4.171499999999989,1,1,-1,-1,-1,35.515151515151395,27.006842619745687,52.53176930596282,1,-0.018149227998303097,-0.01357107034666324,-0.004578157651639856
2021-10-11,sh.600748,4.16,4.22,4.15,4.18,6495220,27198204.0,3,0.352100,1,0.7229,10.522003,0.689844,1.016989,-2.527115,0,4.1259999999999675,4.127000000000034,4.17249999999999,1,1,1,-1,-1,51.57575757575742,37.67546432062545,79.37634408602136,1,-0.01333603429021224,-0.01352406313537304,0.00018802884516080053
2021-10-12,sh.600748,4.17,4.2,4.1,4.14,5064500,21011777.04,3,0.274600,1,-0.9569,10.421314,0.683243,1.007257,-2.502932,0,4.131999999999968,4.131000000000034,4.171499999999989,1,1,-1,1,-1,55.90909090909071,47.66666666666649,72.39393939393915,1,-0.01260391917087933,-0.013340034342474298,0.0007361151715949681
2021-10-13,sh.600748,4.13,4.19,4.13,4.15,5030821,20951744.72,3,0.272700,1,0.2415,10.446487,0.684893,1.00969,-2.508978,0,4.145999999999968,4.134000000000034,4.17049999999999,1,1,-1,1,-1,54.393939393939235,53.95959595959577,55.26262626262617,1,-0.011088969499938983,-0.012889821373967235,0.0018008518740282517
2021-10-14,sh.600748,4.15,4.18,4.11,4.12,4529137,18669141.07,3,0.245500,1,-0.7229,10.37097,0.679942,1.002391,-2.490841,0,4.147999999999969,4.125000000000034,4.16649999999999,-1,-1,-1,1,-1,45.392156862745054,51.89839572192498,32.37967914438521,-1,-0.012168835489943852,-0.012745624197162558,0.0005767887072187054
2021-10-15,sh.600748,4.12,4.13,4.08,4.1,4070326,16669302.44,3,0.220700,1,-0.4854,10.320625,0.676642,0.997525,-2.478750,0,4.137999999999968,4.121000000000034,4.158499999999989,-1,-1,-1,1,-1,37.05882352941164,45.61497326203196,19.946524064171,-1,-0.014471649750033677,-0.013090829307736782,-0.001380820442296895
2021-10-18,sh.600748,4.11,4.11,4.07,4.11,3252200,13289379.0,3,0.176300,1,0.2439,10.345798,0.678292,0.999958,-2.484795,0,4.123999999999969,4.125000000000034,4.150999999999989,-1,-1,-1,-1,-1,29.281045751633826,37.24400871459682,13.355119825707831,-1,-0.015313209073465117,-0.013535305260882449,-0.0017779038125826686
2021-10-19,sh.600748,4.11,4.11,4.08,4.09,2479900,10149164.0,3,0.134400,1,-0.4866,10.295453,0.674991,0.995092,-2.472704,0,4.113999999999968,4.123000000000035,4.14199999999999,-1,-1,-1,-1,-1,19.999999999999698,28.77995642701504,2.4400871459690094,-1,-0.017393482514063585,-0.014306940711518676,-0.003086541802544909
2021-10-20,sh.600748,4.09,4.1,4.07,4.08,3208001,13097253.37,3,0.173900,1,-0.2445,10.270280999999999,0.673341,0.9926590000000001,-2.466658,0,4.099999999999968,4.123000000000035,4.130499999999989,-1,-1,-1,-1,-1,15.555555555555332,21.612200435729605,3.4422657952067865,-1,-0.019622830850554607,-0.015370118739325863,-0.004252712111228744
2021-10-21,sh.600748,4.09,4.14,4.07,4.09,5258247,21592906.55,3,0.285100,1,0.2451,10.295453,0.674991,0.995092,-2.472704,0,4.093999999999967,4.121000000000035,4.124999999999989,-1,-1,-1,-1,-1,11.111111111110768,15.555555555555252,2.222222222221802,-1,-0.02034812848341172,-0.016365720688143036,-0.0039824077952686845
2021-10-22,sh.600748,4.11,4.17,4.1,4.15,6951827,28774224.4,3,0.376900,1,1.467,10.446487,0.684893,1.00969,-2.508978,0,4.103999999999966,4.121000000000035,4.12199999999999,1,1,1,-1,-1,27.17948717948695,17.94871794871767,45.641025641025514,1,-0.01589816932415733,-0.016272210415345895,0.0003740410911885657
2021-10-25,sh.600748,4.1,4.12,3.92,4.04,8279781,33369711.49,3,0.448900,1,-2.6506,10.169592,0.66674,0.982927,-2.442475,0,4.089999999999966,4.107000000000035,4.11699999999999,-1,-1,-1,-1,-1,39.77207977207957,26.020892687559083,67.27445394112056,1,-0.021005487141560586,-0.017218865760588835,-0.003786621380971751
2021-10-26,sh.600748,4.04,4.05,3.96,3.97,4971752,19891871.87,3,0.269500,1,-1.7327,9.993386,0.655187,0.9658969999999999,-2.400155,0,4.065999999999966,4.0900000000000345,4.11049999999999,-1,-1,-1,-1,-1,41.73789173789166,36.22981956315271,52.754036087369556,1,-0.030351613783211384,-0.019845415365113344,-0.01050619841809804
2021-10-27,sh.600748,3.97,3.98,3.9,3.91,4949586,19432368.2,3,0.268300,1,-1.5113,9.842353,0.645285,0.951299,-2.363881,0,4.031999999999966,4.066000000000035,4.09999999999999,-1,-1,-1,-1,-1,22.459639126305706,34.65653687875896,-1.9341563786008038,-1,-0.04211451512600739,-0.024299235317292153,-0.017815279808715237
2021-10-28,sh.600748,3.91,3.93,3.82,3.83,5142742,19850055.16,3,0.278800,1,-2.046,9.640974,0.6320819999999999,0.9318350000000001,-2.315515,0,3.979999999999966,4.0370000000000354,4.080999999999991,-1,-1,-1,-1,-1,8.59720526387188,24.264912042689733,-22.738208293763826,-1,-0.05723229235895566,-0.030885846725624853,-0.026346445633330808
2021-10-29,sh.600748,3.83,3.89,3.82,3.88,3054119,11793034.03,3,0.165600,1,1.3055,9.766836,0.6403340000000001,0.944,-2.345743,0,3.9259999999999655,4.015000000000035,4.06799999999999,-1,-1,-1,-1,-1,7.901234567901146,12.986026319359565,-2.268348935015691,-1,-0.06443588087640517,-0.03759585355578092,-0.026840027320624252
2021-11-01,sh.600748,3.88,3.91,3.84,3.87,3361333,13000142.3,3,0.182200,1,-0.2577,9.165389,0.635161,0.907927,-1.845739,0,3.891999999999966,3.991000000000035,4.05799999999999,-1,-1,-1,-1,-1,11.428571428571336,9.309003753448108,15.667706778817792,1,-0.07014312679889256,-0.04410530820440325,-0.026037818594489316
2021-11-02,sh.600748,3.86,3.88,3.77,3.79,5108831,19536288.62,3,0.277000,1,-2.0672,8.975923,0.622031,0.889159,-1.807584,0,3.855999999999966,3.961000000000035,4.04199999999999,-1,-1,-1,-1,-1,12.14285714285703,10.490887713109826,15.446796002351437,1,-0.08019703027891678,-0.05132365261930595,-0.02887337765961083
2021-11-03,sh.600748,3.8,3.86,3.78,3.85,3783751,14453619.53,3,0.205100,1,1.5831,9.118022,0.6318779999999999,0.903235,-1.836201,0,3.8439999999999666,3.9380000000000353,4.03049999999999,1,-1,-1,-1,-1,13.095238095237987,12.222222222222106,14.841269841269746,1,-0.08237376912760919,-0.0575336759209666,-0.024840093206642586
2021-11-04,sh.600748,3.86,3.86,3.81,3.84,2390091,9157455.51,3,0.129600,1,-0.2597,9.094339,0.6302369999999999,0.9008889999999999,-1.831431,0,3.845999999999967,3.913000000000035,4.016999999999991,-1,-1,-1,-1,-1,14.99999999999985,13.412698412698276,18.174603174603,1,-0.0839381796885208,-0.06281457667447744,-0.021123603014043354
2021-11-05,sh.600748,3.83,3.84,3.79,3.8,3132759,11933686.14,3,0.169800,1,-1.0417,8.999606,0.623672,0.8915049999999999,-1.812354,0,3.829999999999967,3.8780000000000348,3.9994999999999896,-1,-1,-1,-1,-1,16.90476190476173,14.999999999999844,20.71428571428551,1,-0.08739818021700119,-0.0677312973829822,-0.01966688283401899
2021-11-08,sh.600748,3.81,3.82,3.76,3.77,5085300,19234395.0,3,0.275700,1,-0.7895,8.928557000000001,0.618748,0.884467,-1.798046,0,3.8099999999999667,3.8510000000000355,3.97899999999999,-1,-1,-1,-1,-1,11.753246753246607,14.552669552669384,6.154401154401054,-1,-0.0915061785772977,-0.0724862736218453,-0.019019904955452402
2021-11-09,sh.600748,3.78,3.85,3.77,3.78,4995088,19016699.62,3,0.270800,1,0.2653,8.95224,0.6203890000000001,0.886813,-1.802815,0,3.807999999999967,3.8320000000000354,3.96099999999999,-1,-1,-1,-1,-1,9.008148714030932,12.555385790679743,1.9136745607333125,-1,-0.09288416955955503,-0.07656585280938724,-0.01631831675016779
2021-11-10,sh.600748,3.8,3.85,3.75,3.84,4594380,17449593.9,3,0.249100,1,1.5873,9.094339,0.6302369999999999,0.9008889999999999,-1.831431,0,3.8059999999999676,3.8250000000000357,3.94549999999999,1,1,-1,-1,-1,24.186720142602336,14.982705203293278,42.59475002122045,1,-0.08811895828286742,-0.07887647390408328,-0.009242484378784138
2021-11-11,sh.600748,3.87,3.95,3.84,3.93,9760582,38173726.87,3,0.529200,1,2.3438,9.307488000000001,0.645008,0.922004,-1.874355,0,3.8239999999999674,3.8350000000000355,3.93599999999999,1,1,-1,-1,-1,52.67156862745079,28.622145828028007,100.77041422629634,1,-0.07620183881215326,-0.07834154688569728,0.002139708073544022
2021-11-12,sh.600748,3.91,3.92,3.85,3.89,4892500,18998823.2,3,0.265200,1,-1.0178,9.212755,0.638443,0.9126190000000001,-1.855278,0,3.8419999999999677,3.8360000000000354,3.92549999999999,1,1,-1,1,-1,72.08333333333314,49.64720736779541,116.95558526440861,1,-0.06918755046544378,-0.07651074760164658,0.0073231971362028025
2021-11-15,sh.600748,3.9,3.93,3.83,3.88,7486809,28883390.65,3,0.405900,1,-0.2571,9.189072,0.6368020000000001,0.910273,-1.850509,0,3.8639999999999675,3.837000000000036,3.91399999999999,1,1,-1,1,-1,74.99999999999982,66.58496732026124,91.83006535947695,1,-0.06370128409163511,-0.07394885489964428,0.010247570808009171
2021-11-16,sh.600748,3.88,3.9,3.77,3.8,12409226,47474166.4,3,0.672700,1,-2.0619,8.999606,0.623672,0.8915049999999999,-1.812354,0,3.8679999999999675,3.8380000000000356,3.89949999999999,-1,-1,-1,1,-1,53.333333333333115,66.80555555555534,26.38888888888866,-1,-0.06505875306837616,-0.07217083453339065,0.0071120814650144915
2021-11-17,sh.600748,3.8,3.82,3.78,3.81,5501280,20910655.2,3,0.298200,1,0.2632,9.02329,0.625313,0.8938510000000001,-1.817123,0,3.8619999999999672,3.834000000000036,3.88599999999999,-1,-1,-1,1,-1,39.99999999999978,56.11111111111089,7.7777777777775725,-1,-0.06458316604937409,-0.07065330083658734,0.006070134787213258
2021-11-18,sh.600748,3.81,3.81,3.75,3.75,6360320,23976429.0,3,0.344800,1,-1.5748,8.881191000000001,0.615466,0.879775,-1.788507,0,3.825999999999967,3.8250000000000357,3.86899999999999,-1,-1,-1,1,-1,18.333333333333155,37.222222222222,-19.444444444444542,-1,-0.06826088942708619,-0.07017481855468712,0.0019139291276009246
2021-11-19,sh.600748,3.75,3.81,3.73,3.79,5811385,21904919.38,3,0.315100,1,1.0667,8.975923,0.622031,0.889159,-1.807584,0,3.8059999999999667,3.824000000000036,3.8509999999999898,-1,-1,-1,-1,-1,19.090909090908948,25.808080808080614,5.656565656565611,-1,-0.06717351156715035,-0.06957455715717976,0.0024010455900294186
2021-11-22,sh.600748,3.79,3.82,3.76,3.78,5807470,21978405.73,3,0.314800,1,-0.2639,8.95224,0.6203890000000001,0.886813,-1.802815,0,3.785999999999967,3.8250000000000357,3.8379999999999894,-1,-1,-1,-1,-1,16.66666666666649,18.03030303030285,13.939393939393774,-1,-0.06635378804079428,-0.06893040333390267,0.002576615293108389
2021-11-23,sh.600748,3.78,3.82,3.77,3.79,5146101,19496733.59,3,0.279000,1,0.2646,8.975923,0.622031,0.889159,-1.807584,0,3.783999999999967,3.826000000000035,3.82899999999999,1,-1,-1,-1,-1,25.75757575757558,20.505050505050324,36.26262626262609,1,-0.06415766518634669,-0.06797585570439148,0.0038181905180447867
2021-11-24,sh.600748,3.8,3.87,3.79,3.84,8285951,31703234.03,3,0.449200,1,1.3193,9.094339,0.6302369999999999,0.9008889999999999,-1.831431,0,3.7899999999999663,3.826000000000036,3.82549999999999,1,1,1,-1,-1,34.99999999999978,25.808080808080604,53.38383838383814,1,-0.057717310640140074,-0.0659241466915412,0.008206836051401128
2021-11-25,sh.600748,3.87,3.87,3.82,3.84,6722994,25862701.16,3,0.364500,1,0.0,9.094339,0.6302369999999999,0.9008889999999999,-1.831431,0,3.8079999999999665,3.8170000000000357,3.8259999999999907,1,1,1,-1,-1,45.75757575757553,35.505050505050285,66.26262626262603,1,-0.05201370168638686,-0.06314205769051033,0.011128356004123471
2021-11-26,sh.600748,3.83,3.88,3.81,3.85,6073350,23392224.1,3,0.329300,1,0.2604,9.118022,0.6318779999999999,0.903235,-1.836201,0,3.819999999999967,3.8130000000000357,3.8244999999999907,1,1,1,1,-1,60.19607843137235,46.98455139631587,86.61913250148531,1,-0.04615459265781796,-0.05974456468397186,0.013589972026153897
2021-11-29,sh.600748,3.81,3.82,3.78,3.79,4028693,15294001.23,3,0.218400,1,-1.5584,8.975923,0.622031,0.889159,-1.807584,0,3.821999999999967,3.8040000000000354,3.8204999999999907,-1,-1,-1,1,1,55.196078431372406,53.71657754010675,58.15508021390373,1,-0.04582446914360805,-0.056960545575899094,0.011136076432291045
2021-11-30,sh.600748,3.79,3.84,3.79,3.81,3240350,12360364.0,3,0.175700,1,0.5277,9.02329,0.625313,0.8938510000000001,-1.817123,0,3.825999999999967,3.805000000000036,3.8214999999999906,-1,1,-1,1,1,54.64052287581692,56.67755991285387,50.56644880174302,-1,-0.04344816759665049,-0.054258069980049374,0.010809902383398885
2021-12-01,sh.600748,3.81,3.88,3.8,3.87,4779974,18420045.9,3,0.259100,1,1.5748,9.165389,0.635161,0.907927,-1.845739,0,3.8319999999999674,3.8110000000000355,3.822499999999991,1,1,1,1,1,62.22222222222217,57.35294117647049,71.96078431372554,1,-0.036304932280981195,-0.05066744244023574,0.014362510159254542
2021-12-02,sh.600748,3.87,3.88,3.84,3.86,3203658,12371338.75,3,0.173700,1,-0.2584,9.141705,0.6335189999999999,0.905581,-1.840970,0,3.8359999999999674,3.8220000000000356,3.823499999999991,1,1,1,1,1,76.6666666666666,64.50980392156855,100.9803921568627,1,-0.031092369771200445,-0.04675242790642868,0.015660058135228236
2021-12-03,sh.600748,3.89,3.9,3.83,3.88,3353073,12958269.01,3,0.181800,1,0.5181,9.189072,0.6368020000000001,0.910273,-1.850509,0,3.8419999999999677,3.831000000000036,3.827499999999991,1,1,1,1,1,87.09401709401699,75.32763532763524,110.62678062678052,1,-0.025058682679250044,-0.042413678860992954,0.01735499618174291
2021-12-06,sh.600748,3.9,3.92,3.83,3.85,5254849,20351220.3,3,0.284900,1,-0.7732,9.118022,0.6318779999999999,0.903235,-1.836201,0,3.853999999999968,3.8380000000000356,3.8314999999999904,-1,1,1,1,1,72.64957264957256,78.80341880341871,60.341880341880255,-1,-0.022439028317417176,-0.0384187487522778,0.015979720434860623
2021-12-07,sh.600748,3.86,3.97,3.84,3.89,7971066,31015789.62,3,0.432100,1,1.039,9.212755,0.638443,0.9126190000000001,-1.855278,0,3.8699999999999677,3.848000000000036,3.8369999999999904,1,1,1,1,1,64.17004048582989,74.63787674313981,43.23436797121005,-1,-0.0169399939505408,-0.0341229977919304,0.0171830038413896
2021-12-08,sh.600748,3.88,3.91,3.86,3.88,5459267,21214037.21,3,0.296000,1,-0.2571,9.189072,0.6368020000000001,0.910273,-1.850509,0,3.871999999999967,3.852000000000036,3.83899999999999,1,1,1,1,1,53.50877192982447,63.442795021742306,33.6407257459888,-1,-0.013236306125203878,-0.029945659458585093,0.016709353333381215
2021-12-09,sh.600748,3.89,3.93,3.88,3.92,7808089,30555998.3,3,0.423300,1,1.0309,9.283805000000001,0.643367,0.919658,-1.869586,0,3.8839999999999675,3.8600000000000363,3.83849999999999,1,1,1,1,1,61.40350877192966,59.694107062528,64.82231219073297,1,-0.006992832118171588,-0.02535509399050239,0.018362261872330803
2021-12-10,sh.600748,3.9,3.91,3.85,3.85,9689158,37585387.43,3,0.525300,1,-1.7857,9.118022,0.6318779999999999,0.903235,-1.836201,0,3.877999999999968,3.8600000000000363,3.8364999999999894,-1,-1,1,1,1,53.216374269005655,56.04288499025326,47.56335282651044,-1,-0.007605576618437304,-0.021805190516089375,0.01419961389765207
2021-12-13,sh.600748,3.88,3.88,3.84,3.86,6578615,25412517.45,3,0.356600,1,0.2597,9.141705,0.6335189999999999,0.905581,-1.840970,0,3.8799999999999684,3.8670000000000364,3.83549999999999,-1,-1,1,1,1,47.437220502235796,54.01903451439037,34.273592477926655,-1,-0.0072012530603160485,-0.018884403024934708,0.01168314996461866
2021-12-14,sh.600748,3.87,3.89,3.84,3.87,5102800,19749553.0,3,0.276600,1,0.2591,9.165389,0.635161,0.907927,-1.845739,0,3.8759999999999684,3.8730000000000357,3.83899999999999,-1,-1,1,1,1,32.39962651727342,44.35107376283829,8.496732026143675,-1,-0.0060046889841771645,-0.0163084602167832,0.010303771232606035
2021-12-15,sh.600748,3.87,3.95,3.85,3.93,11562114,45312063.53,3,0.626800,1,1.5504,9.307488000000001,0.645008,0.922004,-1.874355,0,3.8859999999999686,3.879000000000036,3.8449999999999904,1,1,1,1,1,45.09803921568612,41.64496207839844,52.00419349026147,1,-0.0002124557167277885,-0.013089259316772118,0.01287680360004433
2021-12-16,sh.600748,3.93,3.95,3.87,3.95,7881663,30924201.19,3,0.427300,1,0.5089,9.354854,0.6482899999999999,0.926696,-1.883894,0,3.891999999999969,3.8880000000000363,3.8549999999999907,1,1,1,1,1,61.904761904761756,46.46747587924043,92.7793339558044,1,0.0059234815237725336,-0.009286711148663187,0.01521019267243572
2021-12-17,sh.600748,3.95,4.01,3.92,3.97,10722642,42685797.32,3,0.581300,1,0.5063,9.40222,0.651573,0.9313879999999999,-1.893433,0,3.9159999999999693,3.897000000000036,3.86399999999999,1,1,1,1,1,77.87114845938369,61.62464985994385,110.36414565826338,1,0.01225877729312419,-0.004977613460305712,0.017236390753429903
2021-12-20,sh.600748,3.96,4.1,3.95,4.05,18995410,76815275.66,3,1.029800,1,2.0151,9.591686,0.6647029999999999,0.9501569999999999,-1.931588,0,3.9539999999999695,3.917000000000036,3.8774999999999897,1,1,1,1,1,80.98470157293683,73.58687064569409,95.78036342742229,1,0.023464393325600685,0.0007107878968755687,0.022753605428725118
2021-12-21,sh.600748,4.05,4.45,4.02,4.41,49390030,211851829.96,3,2.677600,1,8.8889,10.444280000000001,0.723788,1.034615,-2.103284,0,4.061999999999969,3.9690000000000354,3.9084999999999894,1,1,1,1,1,83.5608139851148,80.80555467247844,89.07133261038754,1,0.06069427035018382,0.012707484387537219,0.047986785962646605
2021-12-22,sh.600748,4.35,4.4,4.16,4.19,35532611,150678211.77,3,1.926300,1,-4.9887,9.92325,0.6876800000000001,0.983001,-1.998358,0,4.11399999999997,4.000000000000035,3.925999999999989,1,1,1,1,1,77.19630096679266,80.58060550828144,70.42769188381513,-1,0.0716214472742851,0.024490276964886797,0.0471311703093983
2021-12-23,sh.600748,4.14,4.2,4.05,4.07,19255439,78983247.4,3,1.043900,1,-2.864,9.639052000000001,0.667985,0.954849,-1.941126,0,4.13799999999997,4.015000000000034,3.9374999999999885,-1,1,1,1,1,62.8415300546447,74.53288166885072,39.45882682623267,-1,0.06979377737408754,0.033550977046726944,0.036242800327360596
2021-12-24,sh.600748,4.06,4.08,3.98,4.01,13564784,54488651.43,3,0.735400,1,-1.4742,9.496953,0.658138,0.9407719999999999,-1.912510,0,4.14599999999997,4.031000000000034,3.9454999999999893,-1,-1,1,1,1,40.98360655737694,60.34047919293809,2.2698612862546383,-1,0.06278014679844501,0.039396810997070555,0.023383335801374458
2021-12-27,sh.600748,4.01,4.09,3.99,4.04,8289233,33540417.37,3,0.449400,1,0.7481,9.568003,0.663062,0.94781,-1.926818,0,4.143999999999969,4.049000000000034,3.957999999999989,-1,-1,1,1,1,32.41347905282318,45.41287188828159,6.414693381906346,-1,0.0589628562129878,0.043310020040254006,0.015652836172733796
2021-12-28,sh.600748,4.05,4.05,3.97,4.02,6814858,27268657.94,3,0.369500,1,-0.495,9.520636,0.659779,0.943118,-1.917280,0,4.065999999999969,4.064000000000034,3.968499999999989,-1,-1,1,1,1,28.46586269706658,33.954316102422226,17.488955886355285,-1,0.05370471850400538,0.04538895973300428,0.008315758771001096
2021-12-29,sh.600748,4.04,4.04,3.99,4.01,6030583,24236069.82,3,0.326900,1,-0.2488,9.496953,0.658138,0.9407719999999999,-1.912510,0,4.029999999999968,4.072000000000034,3.9754999999999887,-1,-1,1,-1,1,24.836622569218346,28.57198810636936,17.365891494916312,-1,0.04817535456102506,0.045946238698608435,0.002229115862416628
2021-12-30,sh.600748,4.01,4.02,3.98,4.01,10263500,41051474.0,3,0.556400,1,0.0,9.496953,0.658138,0.9407719999999999,-1.912510,0,4.017999999999968,4.078000000000033,3.982999999999989,-1,-1,1,-1,1,18.281067013662767,23.861184093315888,7.120832854356529,-1,0.04329422492409174,0.045415835943705095,-0.002121611019613355
